{
  "iter": 549,
  "loss": 0.0005178393392005111,
  "cost": 0.0004697664383238724,
  "parameters": [
    5.5067380916354525,
    2.2164885716004434,
    1.2021721580902538,
    -0.8501020982646182,
    5.869529304399931,
    1.2779733104831923,
    3.7118580087566455,
    1.1050778231162544,
    2.4884873275034134,
    6.425325270336617,
    2.7613851640296048,
    5.551245069600172,
    1.3840411990054675,
    2.813660581010545,
    5.253070002988492,
    3.005453438079864,
    1.66252475413292,
    5.208171579871125,
    2.423299453126334,
    3.5377252814048927,
    6.117082840349553,
    1.548261334292773,
    2.1376231918205586,
    0.17123896208664416,
    1.867409731151968,
    1.674681573590637,
    3.359919798904984,
    0.5233823577313618,
    3.4725087752588624,
    1.8558543311711697,
    2.600373789396013,
    2.506808306788002,
    3.781334551545814,
    1.9429406349311813,
    2.44451563090586,
    5.366045873823648,
    3.4589257935085294,
    0.7304861634089906,
    4.956866968736454,
    2.522788756379143,
    -0.377714775264408,
    2.772678456210167,
    1.9927123641918485,
    1.0785963648265071,
    5.378403746391116,
    1.480916294071696,
    4.2357541643587835,
    5.211099858450163,
    3.7533731802950383,
    4.284105562839928,
    4.281049462610494,
    6.068723451514652,
    1.914802559422424,
    1.2891978596486522,
    2.7007442712978684,
    3.1896238104504877,
    1.927575983835955,
    4.305623660987427,
    0.09254644775614854,
    5.321018799809658,
    1.8862147443475314,
    0.23350569895937281,
    0.7113643568017715,
    2.0795388198643328,
    1.6798158788117266,
    0.4444370291726817,
    1.4044692859189407,
    1.0423527523974627,
    1.9017051446625415,
    2.2468835602800015,
    2.527714032051161,
    1.8987771838951673,
    0.36329060532153273,
    0.8074033174765246,
    1.323474245769974,
    4.846628487781257,
    6.160482425774981,
    5.293048302826196,
    3.2146757182178236,
    3.1815423854765505,
    1.801916453053358,
    4.707813296777004,
    5.307927049641446,
    5.072497475087475,
    5.2962081075577405,
    3.1761920521477474,
    5.30501282303095,
    5.425382387946422,
    2.5165012083245997,
    5.684422032821964,
    0.4110240864538195,
    5.4624408840639935,
    5.09073491421887,
    1.3056385870091525,
    3.9728417690295132,
    0.6328989512610496,
    5.0935656791181625,
    5.071636776391218,
    4.2778887531918635,
    5.618899971382455,
    0.7896865997973448,
    1.7494794570622911,
    2.65479882636308,
    0.10149149757074521,
    3.0674691627057915,
    1.6589015896198371,
    3.102886546233502,
    2.7093338120030213,
    5.9215129697486315,
    1.5302405120019065,
    5.794011018758726,
    2.8725125794719006,
    1.739221291940191,
    2.977423991473557,
    2.3272539212750942,
    1.9322860618660473,
    3.573509466165384,
    0.9836795699175658,
    1.7580344859532784,
    3.2609643319981827,
    2.698437990794029,
    5.429045388169718,
    2.1819405338369533,
    5.927212800892127,
    4.511614647102387,
    6.220632225698865,
    5.212467684049333,
    1.3707306576351008,
    3.5607160050911397,
    1.2449367950714394,
    5.2502556265365685,
    3.6144413316710304,
    1.7456994756729882,
    5.634014246620944,
    1.0520989485891818,
    3.1334036338182902,
    4.36143966663703,
    0.2264484864152819,
    4.028722593328843,
    4.780655883403133,
    0.49797466793315504,
    3.63160307954748,
    1.8563701672947888,
    3.954753520165682,
    1.0222195127044955,
    5.875062943806951,
    5.732860498900251,
    1.7816136580798871,
    2.0893567269857685,
    3.7685746293043954,
    4.507490841481107,
    2.6584606028577387,
    1.0159005675062625,
    0.675554666911877,
    5.989165592547461,
    3.2119919792775966,
    5.408600232016388,
    3.3214241046642,
    5.810135835909609,
    0.6502905255358102,
    0.9672997820547748,
    5.722979710247212,
    6.530885813864097,
    1.8485193246058986,
    2.0135146965308484,
    2.9143398240835,
    2.7405972360864572,
    1.1125495510919672,
    5.123900214694373,
    1.63082594377688,
    4.680292221805216,
    0.702638679016519,
    0.2147225664694381,
    4.140394191624681,
    2.075268197533707,
    4.1719231291129555,
    0.28011990930624353,
    5.5619271625612035,
    4.6323820792579,
    5.921128989030378,
    1.1738958727864237,
    2.124274628251215,
    2.375927488907673,
    3.1091349673125217,
    1.9640324723600107,
    -0.0769613841729474,
    2.3679488439440965,
    1.6024055877997476,
    2.83837874193572,
    0.8291138307064096,
    1.7248902927840417,
    4.046498806420008,
    2.4199302234291857,
    2.3632750167151872,
    3.3780838429539566,
    4.922348357789932,
    2.0037144461506813,
    3.779812738648755,
    6.213608778807914,
    3.3811571668712537,
    5.6093134924590515,
    4.920124871423762,
    0.9147030707675851,
    2.426075891812312,
    4.2074959673741645,
    6.115628165463198,
    3.071638126774318,
    0.9318450775478322,
    4.006633339694067,
    0.7912082787072522,
    4.47927096482199,
    2.9389358104040335,
    5.1862434028341164,
    5.389577949985413,
    3.6958477872334856,
    3.973042294005318,
    4.620427481242738,
    4.975254579622648,
    5.179242759520211,
    0.1279241263903747,
    2.929839682639024,
    1.230872305713692,
    5.357239920469989,
    4.200035834869074,
    3.06028848163654,
    1.1833166013835488,
    2.4769624060220097,
    4.8111119505295585,
    2.093177877643396,
    0.3628465522161709,
    5.5789212989915615,
    4.741370512428958,
    1.1041252229715148,
    1.9601301317365598,
    6.151825947145171,
    4.696484509820448,
    3.793511048043646,
    2.3013907147330466,
    1.3508483688903963,
    0.303272688420999,
    4.851812575305107,
    0.230530422102022,
    0.0024682476247003212,
    4.660456816944088,
    5.980092332785144,
    5.007564649204571,
    2.6195425933871688,
    3.0478334228238952,
    2.777524068751234,
    1.959805418055681,
    3.81794136914845,
    2.637020736833108,
    3.5038322344329482,
    5.065843745182488,
    5.8446482364739865,
    0.5894853015350962,
    2.5283972869324898,
    1.4799576255492302,
    2.3694598718205735,
    1.4612334494335,
    0.9500782700601963,
    5.246078194583949,
    3.2326593838980275,
    6.242024085494974,
    0.4801737430241351,
    0.38332381682707695,
    2.0989537583601376,
    0.7193022833023678,
    1.5219439960093637,
    5.904566066916335,
    1.108142776699601,
    1.130800720458001,
    3.6655522937447125,
    3.3590995068572407,
    3.6057173459476277,
    1.6499391150899276,
    5.1479509364537135,
    1.0682344219204096,
    2.7674643047587804,
    4.3138617219372355,
    5.856880315503588,
    2.2835375075252657,
    3.205925596021659,
    0.283906170770049,
    0.9535164976820126,
    0.13349942743790896,
    4.607903117987295,
    1.8411131204617628,
    4.022723020568182,
    0.3990473469173956,
    5.973748341069604,
    5.167943652972921,
    0.7463918097534625,
    -0.8451660580225995,
    0.5233291078147726,
    5.488858813384169,
    1.624608085531457,
    2.9607518704463303,
    2.59211478381678,
    4.616194915214711,
    3.364216409342247,
    3.0192100656135525,
    6.097308431486248,
    0.8657692420222746,
    5.0795306426720455,
    0.4902440714282828,
    3.00167908697978,
    5.381250262255883,
    4.288850703147487,
    4.283447521780017,
    1.4275531224817797,
    2.645845247458369,
    2.208932619995863,
    2.395694643847058,
    3.3045210297234515,
    2.3033847336530013,
    2.20552972626683,
    1.54422919093864,
    2.325064339842684,
    1.6346116282507477,
    5.486900372150163,
    3.9842791775712096,
    0.36152000126314987,
    4.508757255685523,
    5.177815796872287
  ],
  "number for cost": 237518802726888407247700615904217648517851868393525316256087517650033252772153525540926159780784617336517865589594565797296019771610841803807032152521795575761040069609493040014963345780873699015979430526515505777343138285898672
}