{
    "Calculated Minimum Energy [norm, row]": [
        0.0005095012956256583,
        -4.011176818333254
    ],
    "Corresponding loss function": -0.0011936131833770946,
    "Solution for Minimum Energy": [
        1.0,
        1.0,
        1.0,
        1.0,
        1.0,
        1.0,
        1.0,
        1.0,
        1.0,
        1.0,
        1.0,
        1.0,
        -1.0,
        1.0,
        1.0,
        1.0,
        1.0,
        1.0,
        1.0,
        1.0,
        1.0,
        1.0,
        1.0,
        1.0,
        1.0,
        1.0,
        1.0,
        1.0,
        1.0,
        1.0,
        1.0,
        -1.0,
        1.0,
        1.0,
        1.0,
        1.0,
        1.0,
        1.0,
        1.0,
        1.0,
        1.0,
        -1.0,
        -1.0,
        1.0,
        1.0,
        1.0,
        1.0,
        1.0,
        1.0,
        1.0,
        -1.0,
        1.0,
        1.0,
        1.0,
        -1.0,
        1.0,
        -1.0,
        1.0,
        1.0,
        -1.0
    ],
    "Corresponding exp value": [
        0.1424646876470238,
        0.05636144089313416,
        0.11650295250158996,
        -0.017077058513895446,
        0.12017014605965173,
        0.3157938400767367,
        0.17379206713645884,
        0.010215578174191412,
        0.1389118054416406,
        0.07083757939041688,
        0.24222739230111956,
        0.03120214648209882,
        -0.15520163327075576,
        0.0013924043399971189,
        0.13430847816333302,
        0.07864254231715775,
        0.1091906612429791,
        0.1097823840027804,
        -0.0070548725716313865,
        0.12806779155113074,
        0.1570579385649617,
        0.14561725977613757,
        0.11803377334121318,
        0.22565124414600024,
        0.1855365392208156,
        0.05884638451349794,
        0.1886451171097448,
        0.06856960429818554,
        0.22465170679387197,
        0.19270145624847887,
        -0.011985261932640014,
        -0.047801646147812814,
        0.07194728915067017,
        0.10652218086854301,
        0.04645929627063798,
        0.13630045945262828,
        0.06557817755360543,
        0.10986721847908101,
        0.15820924946389636,
        0.29115770132223284,
        0.1822050121310876,
        -0.3051022258953063,
        -0.1879375486909279,
        0.11964292854601696,
        0.09419782514872546,
        0.19780336047336208,
        0.20861291590710354,
        0.08901468034791342,
        0.09449784291579436,
        0.08702996383507736,
        -0.06255031696481157,
        0.06770421797235965,
        0.09517755032332353,
        0.12792675135813167,
        -0.2894634243027218,
        -0.03088802085081773,
        -0.32392126400446375,
        0.23195256904849787,
        0.29506722592277246,
        -0.1936473700611877
    ],
    "Number for Minimum Energy": 667665243974930432,
    "Elapsed Time [seconds]": 0.3586709499359131,
    "Elapsed Time [hours, minutes, seconds]": [
        0,
        0,
        0.36
    ],
    "Current function value": -4.11116730294372,
    "Iterations": 162,
    "Function Evaluations, Estimation": [
        163,
        22331
    ],
    "Gradient Evaluations": 163,
    "Number of Parameters": 136,
    "Minimum Parameters": [
        4.330750590345675,
        3.147314960978031,
        3.6396697842386105,
        4.798942563928803,
        3.853849483824024,
        3.436530243923169,
        3.7489488440304473,
        1.9838226108647559,
        -0.06723077994235394,
        2.8300264912320072,
        1.327845462132951,
        2.559910067148803,
        5.212723772601482,
        1.386982322094005,
        0.09847312600921897,
        1.951905059684484,
        1.7245701627704095,
        4.141074896541658,
        3.480465226118895,
        4.873668449532393,
        4.361338490743743,
        2.495084095834729,
        5.021024061071932,
        1.2962064330213463,
        0.13358657241468938,
        0.5710974212907698,
        4.527820152849462,
        3.097967966687569,
        0.7582473459341915,
        3.054353782563626,
        0.9605781303069795,
        4.554632222392264,
        2.823266052883731,
        2.2501851270962816,
        1.9959583874953137,
        4.305278968672651,
        1.926097169898773,
        0.893668126862463,
        0.6662798155284266,
        5.816270087054184,
        5.609360903149885,
        4.331960627611007,
        1.8840768829053596,
        6.042002858960977,
        4.83621807777276,
        4.749575462111071,
        2.6180030865704067,
        1.6803582843741536,
        0.5232717424523228,
        5.57269842612824,
        2.7495889226031074,
        1.2063372902385516,
        1.780445305863036,
        3.3925729466012573,
        1.1049256215155259,
        5.374025581501766,
        4.44277717318711,
        4.5077019344223,
        2.937732141613938,
        3.8118516467568844,
        3.7653271401790973,
        4.169453824768682,
        0.5386999547197074,
        2.242542900192624,
        0.2360404538759369,
        2.984932175836101,
        2.311420108422607,
        1.2537848249896597,
        0.6160525193933248,
        3.819152345694674,
        0.8909842690451834,
        5.774544625247188,
        3.7925315752153916,
        2.2499396755624654,
        3.5490250695910595,
        0.10301461252326255,
        5.963124476677255,
        3.148910047710075,
        5.087590584426677,
        0.8509100002725971,
        2.9147966153097573,
        3.0058943692940816,
        5.810363302825234,
        3.469831001438087,
        2.9448093982556567,
        1.9257994414197683,
        2.04842535931791,
        3.065019045506858,
        2.6984786661930626,
        0.6322698041466244,
        4.852835221666715,
        5.350972899097165,
        0.7396538118422579,
        3.4572064024898155,
        0.7091578118527422,
        4.17680201037343,
        1.5401590325285206,
        4.220904507606102,
        4.643208700606017,
        4.836955330351812,
        0.6928518917816417,
        5.525849940027208,
        1.4579313339858484,
        0.2527158854453059,
        3.3570227775187718,
        2.110671441736632,
        5.3036752350837535,
        5.207864692750006,
        1.8393232445877492,
        6.199887736997017,
        1.8896313050135833,
        3.578489928426376,
        1.1110221150404591,
        5.764231447327636,
        1.1969853449713042,
        0.12044095383468638,
        3.0751625793437656,
        6.6977604605882535,
        5.445436850386669,
        4.633808337741836,
        5.762088360265144,
        5.349574808060923,
        3.064591471765949,
        1.7700775752791613,
        5.002025093587701,
        4.1820339112566005,
        2.172912859348932,
        0.7337143983933884,
        4.415138861916807,
        1.7239360219145428,
        5.652180501152839,
        1.83114331095141,
        0.642809827585889,
        5.720858479430337,
        0.8649188466001639,
        0.7544165658511607
    ],
    "Cmin, Cmax, frob_norm, shift": [
        0.1009309530119395,
        2838.785503052556,
        147.54153169989314,
        593.3624161163616
    ]
}