{
    "Calculated Minimum Energy [norm, row]": [
        6.554530668296456e-05,
        -4.019718487936267
    ],
    "Corresponding loss function": 7.356741750484883e-05,
    "Solution for Minimum Energy": [
        1.0,
        1.0,
        1.0,
        1.0,
        1.0,
        1.0,
        1.0,
        -1.0,
        1.0,
        1.0,
        1.0,
        1.0,
        -1.0,
        1.0,
        1.0,
        1.0,
        1.0,
        1.0,
        -1.0,
        1.0,
        1.0,
        -1.0,
        1.0,
        1.0,
        1.0,
        1.0,
        1.0,
        1.0,
        1.0,
        1.0,
        1.0,
        -1.0,
        1.0,
        1.0,
        1.0,
        1.0,
        1.0,
        -1.0,
        1.0,
        1.0,
        1.0,
        1.0,
        1.0,
        1.0,
        -1.0,
        1.0,
        1.0,
        -1.0,
        -1.0,
        1.0,
        1.0,
        1.0,
        1.0,
        -1.0,
        1.0,
        1.0,
        1.0,
        1.0,
        1.0,
        1.0
    ],
    "Corresponding exp value": [
        0.09549979929310852,
        0.029779300601443133,
        0.18331301416053664,
        0.05660779469920043,
        0.05947505259726486,
        0.13936665782729563,
        0.17604802120409652,
        -0.05384474148355505,
        0.07746726318954751,
        0.14677895111362332,
        0.27220868986494096,
        0.07522167996927566,
        -0.10239144340310012,
        0.24218112809523332,
        0.06266901522000055,
        0.20084599295441402,
        0.22808474073261606,
        0.09260895099678278,
        -0.04218251128811203,
        0.06522054114152577,
        0.16774478499678414,
        -0.14531637309416806,
        0.0935445018816013,
        0.08119501499688171,
        0.14167520772233586,
        0.17334437857854532,
        0.0753713182359801,
        0.12727060558621206,
        0.07624087434650642,
        0.0960646880523953,
        0.22488177503177167,
        -0.20669336531767551,
        0.09532262101757102,
        0.06784399298257514,
        0.1655248013002619,
        0.1152747103179923,
        0.2403136759603822,
        -0.16695212701416426,
        0.14717058618119497,
        0.14860695379930378,
        0.12804011750321415,
        0.17375442458090656,
        0.12825603163502047,
        0.07327346318790695,
        -0.10156919370382189,
        0.20379429088997275,
        0.05690109225313776,
        -0.08190653857310493,
        -0.06462760901790249,
        0.12566546380876314,
        0.037220803948455575,
        0.03977205560223006,
        0.22293547926799445,
        -0.00800011272731501,
        0.02706865381112034,
        0.2150433711088047,
        0.35955751976622674,
        0.1718917942989442,
        0.13238609917619712,
        0.16553941176261563
    ],
    "Number for Minimum Energy": 9447143494652032,
    "Elapsed Time [seconds]": 0.1539921760559082,
    "Elapsed Time [hours, minutes, seconds]": [
        0,
        0,
        0.15
    ],
    "Current function value": -4.019717362270929,
    "Iterations": 71,
    "Function Evaluations, Estimation": [
        78,
        10686
    ],
    "Gradient Evaluations": 78,
    "Number of Parameters": 136,
    "Minimum Parameters": [
        4.519973843273761,
        1.2171366255041633,
        4.351695899854761,
        5.335306342103564,
        0.8576641055937058,
        4.052086791616941,
        0.8121237489390195,
        4.462139174263671,
        0.743085660132184,
        5.915430000671512,
        0.940878451324513,
        5.8299691054853575,
        5.139764707735454,
        3.709539473425654,
        4.83500385584963,
        4.857050695116789,
        5.700155138718747,
        1.4942202008350518,
        3.8358281402711722,
        0.730962857173639,
        3.8289273891507225,
        1.1965366571163207,
        3.7251912155137257,
        3.6699264422430007,
        2.92652357910061,
        3.3219599825818977,
        4.642450676369106,
        4.667507228591844,
        2.9261921057467783,
        3.681263391794669,
        6.122326157979089,
        0.9418804966125954,
        0.7413097576357855,
        0.3296706214454231,
        4.184310681377116,
        2.5716726421679077,
        4.82203496580517,
        4.173032625813771,
        2.0939611532982947,
        5.657199312422047,
        4.398839318420348,
        1.7776529813936308,
        2.2431394226146866,
        1.9765138802272832,
        1.2483448810535702,
        0.8495841417982766,
        5.732060319352138,
        3.0069697313727897,
        2.5955838873059394,
        4.3985231407072565,
        3.4423880360432326,
        5.685485399522886,
        4.713106121976121,
        2.935316945075888,
        2.297612923913273,
        6.434786423080631,
        4.612307906794214,
        5.826419068100727,
        0.8041466626336986,
        5.233554169223046,
        3.9433645296607,
        0.33841236043118467,
        3.520757539304192,
        4.40760733836137,
        0.23108010002152485,
        2.8310514863927754,
        5.0563046497244235,
        1.9775115297173402,
        3.0568131367968885,
        2.5892391819185825,
        1.7594015080466605,
        5.560668824668368,
        5.091252232524323,
        0.464830885979623,
        6.3220958104167755,
        5.078041161430395,
        1.8131925241744233,
        5.307755270752403,
        0.34600593766188303,
        6.577967832033114,
        4.322208925193311,
        4.015344635943131,
        0.4652037132914391,
        5.664579519716469,
        0.04066521932140666,
        1.5256693918445943,
        0.5990256681725045,
        4.916496240738333,
        0.9242169522787455,
        5.624333998681231,
        3.9985084622637,
        -0.23119462705519897,
        0.032548644552701005,
        0.33167443741566155,
        3.938226700092808,
        5.052981765561313,
        1.6046183583301006,
        5.477220775960677,
        0.0961836234982377,
        5.080367510809354,
        5.756048968388846,
        4.87335990301463,
        4.375423829449381,
        5.040664485964572,
        0.3396485630642746,
        1.0264033017892404,
        0.6912404316492861,
        3.5172387618323184,
        4.650504301436427,
        3.5657927840734938,
        5.7221191064171695,
        0.9180812167049239,
        4.368256578519367,
        1.206677656768398,
        1.772749837397008,
        4.194467251463808,
        6.325574892243205,
        3.75498158145177,
        0.13439211009819887,
        3.8140914818071807,
        0.10210937823756475,
        5.423415343623428,
        4.466223911248515,
        1.0524413765385554,
        0.7720407583217151,
        1.1365733002339211,
        6.314560881766206,
        2.673874447805673,
        4.779338399823988,
        4.083050148783665,
        3.595726235639801,
        0.6359842594703214,
        6.11018784602407,
        1.8035601407592545,
        3.8997458899433877,
        0.2708542608274407
    ],
    "Cmin, Cmax, frob_norm, shift": [
        0.1009309530119395,
        2838.785503052556,
        147.54153169989314,
        593.3624161163616
    ]
}