{
    "Calculated Minimum Energy [norm, row]": [
        0.0005016527150178315,
        -4.011327824252928
    ],
    "Corresponding loss function": 0.01572495396144657,
    "Solution for Minimum Energy": [
        1.0,
        1.0,
        1.0,
        1.0,
        1.0,
        1.0,
        1.0,
        -1.0,
        1.0,
        1.0,
        1.0,
        1.0,
        1.0,
        1.0,
        -1.0,
        1.0,
        1.0,
        1.0,
        -1.0,
        1.0,
        1.0,
        1.0,
        1.0,
        1.0,
        -1.0,
        1.0,
        1.0,
        1.0,
        1.0,
        1.0,
        1.0,
        1.0,
        1.0,
        1.0,
        1.0,
        1.0,
        1.0,
        1.0,
        1.0,
        1.0,
        1.0,
        -1.0,
        -1.0,
        1.0,
        1.0,
        1.0,
        1.0,
        1.0,
        1.0,
        1.0,
        1.0,
        1.0,
        1.0,
        1.0,
        -1.0,
        -1.0,
        1.0,
        1.0,
        1.0,
        -1.0
    ],
    "Corresponding exp value": [
        -0.00468003033674647,
        0.12373914139214866,
        -0.04473303720177112,
        0.3290503012684691,
        -0.07587569246047236,
        0.2588750188238871,
        0.22992117896948866,
        -0.11115403736568495,
        0.26747178985287245,
        -0.09112565111603034,
        0.3623945666213133,
        0.10040822104176562,
        0.07878545054223422,
        -0.04764427334764864,
        -0.10752148898698118,
        0.08480165510073569,
        0.1975568486585516,
        -0.03654248231827873,
        -0.307861801259917,
        0.06314791029602025,
        -0.046446532819997596,
        -0.061441939967799834,
        0.1677551484461044,
        0.016414155546624575,
        -0.16009948936742557,
        0.08124350886154319,
        0.14925987597729062,
        0.039073127187282945,
        0.2228144100000052,
        0.20348579141762868,
        0.08715696761305292,
        0.022436096907768464,
        -0.05846442604806767,
        -0.052276565824580054,
        0.07844207087872543,
        -0.05278640924652736,
        0.09877393662031067,
        0.13040788423248012,
        0.15893301786232625,
        0.22341631349801777,
        -0.07068051939626264,
        -0.10494769176622329,
        -0.18712649669659154,
        0.05301451252727491,
        -0.006385366555968114,
        -0.09910052606212001,
        0.050860738843511846,
        0.257256212937187,
        -0.055775464003680116,
        0.03877058484384653,
        0.04275583857244124,
        -0.04628845010846662,
        0.05980806106235197,
        -0.02984559781496956,
        -0.16997062215441366,
        -0.10745089433438013,
        0.2717303957595874,
        0.04360684962868931,
        0.13391204740291357,
        -0.17925663580215
    ],
    "Number for Minimum Energy": 630510544918691968,
    "Elapsed Time [seconds]": 4.116856575012207,
    "Elapsed Time [hours, minutes, seconds]": [
        0,
        0,
        4.12
    ],
    "Current function value": -3.9648618822288455,
    "Iterations": 1433,
    "Function Evaluations, Estimation": [
        1442,
        197554
    ],
    "Gradient Evaluations": 1442,
    "Number of Parameters": 136,
    "Minimum Parameters": [
        1.1625905961990406,
        3.8327579525953244,
        5.506953773416073,
        1.1868795381020072,
        1.9356049431083744,
        4.742387253403217,
        6.081815614545383,
        3.154366924448349,
        0.8316744692331455,
        0.047500101372084776,
        1.434007683111913,
        0.8719313989876519,
        4.303062616226712,
        0.651277097419759,
        3.24436415901932,
        4.373625801541139,
        3.7226558035339044,
        1.161556199099229,
        4.998972895717912,
        4.448362319706131,
        4.746928972764096,
        0.674832576234645,
        0.6948265656911117,
        5.642321671452544,
        2.465461522483214,
        1.9486267789344065,
        3.060800060652358,
        4.2251162949632235,
        5.9023670754577005,
        1.803251566456562,
        5.78496956513742,
        0.08214920304985218,
        3.339909405723235,
        3.9146348203237706,
        0.6668062960478621,
        0.7668456789922489,
        2.600745545955763,
        5.993328248035367,
        3.780132228187817,
        5.78864666229748,
        5.090093694126513,
        2.9630349272496126,
        4.993799562279406,
        0.05053535970800238,
        0.7272542807657928,
        5.2473138975145535,
        5.034836410160106,
        1.5487907571349544,
        3.4749514562406087,
        3.7940403231665174,
        5.275986720276922,
        3.7686558407088815,
        2.5586457810321837,
        2.2943069308701696,
        2.6413094686856455,
        4.206004275297365,
        5.475095561491255,
        2.862483081187908,
        1.4775077329426267,
        1.463721679556359,
        4.709499310933757,
        5.08830162320222,
        0.5808165640732792,
        0.4171977817785039,
        3.8037997188208874,
        0.906627864191426,
        5.165888264987854,
        1.9511698703825735,
        0.7865359479917278,
        5.772726037016452,
        0.9392409362893149,
        1.7392268012499814,
        0.96680447838702,
        0.7912294765528629,
        0.016716323192699264,
        0.5085748153093007,
        1.0428556975220198,
        0.3643222662970818,
        3.723871447498286,
        4.461195666526287,
        2.5274191095947836,
        2.078118461621167,
        3.1315544463087273,
        5.511552769449843,
        5.442693218989917,
        0.12472894538554358,
        1.1182696472000926,
        1.420647308798923,
        1.5259489748804345,
        3.5488073985639206,
        2.594150400927182,
        0.2887570943320227,
        2.3267034127435893,
        3.293322177884872,
        0.6515654232722121,
        5.312395333265193,
        0.3566779797728472,
        5.788137202596466,
        0.5741084718060689,
        5.3517693955147125,
        5.637212066939223,
        5.992705164843081,
        5.051172626524788,
        4.915664099747569,
        4.092427631996632,
        4.916751826091259,
        0.8284978907285435,
        3.307182211316858,
        3.351266619113839,
        5.426180285472521,
        2.884734682358964,
        2.3136737090716135,
        3.9291203537015544,
        1.6144279449382626,
        0.7523162988852856,
        3.020003585920259,
        2.549801117339728,
        1.481032845129864,
        2.308965752037714,
        2.2942783180803956,
        2.0594572502194195,
        2.340175391148537,
        4.345492022804214,
        1.8960166356393466,
        5.925727311537527,
        5.745394581561902,
        3.0323329933263534,
        2.082273092671199,
        3.2340833293299336,
        5.300249001117532,
        4.135026490011791,
        5.018912783021403,
        3.3574914434121856,
        4.005984919250538,
        1.7669321006523404,
        0.6182360222918739
    ],
    "Cmin, Cmax, frob_norm, shift": [
        0.1009309530119395,
        2838.785503052556,
        147.54153169989314,
        593.3624161163616
    ]
}