{
    "Calculated Minimum Energy [norm, row]": [
        0.00015107245811594102,
        -4.018072953946811
    ],
    "Corresponding loss function": 0.005018387686953806,
    "Solution for Minimum Energy": [
        1.0,
        1.0,
        -1.0,
        1.0,
        1.0,
        1.0,
        1.0,
        1.0,
        1.0,
        1.0,
        1.0,
        1.0,
        1.0,
        1.0,
        1.0,
        1.0,
        1.0,
        1.0,
        -1.0,
        1.0,
        1.0,
        1.0,
        1.0,
        -1.0,
        1.0,
        1.0,
        1.0,
        1.0,
        1.0,
        1.0,
        -1.0,
        -1.0,
        1.0,
        1.0,
        1.0,
        1.0,
        -1.0,
        1.0,
        1.0,
        1.0,
        1.0,
        1.0,
        1.0,
        1.0,
        1.0,
        1.0,
        -1.0,
        1.0,
        1.0,
        1.0,
        -1.0,
        1.0,
        1.0,
        1.0,
        -1.0,
        1.0,
        1.0,
        1.0,
        -1.0,
        1.0
    ],
    "Corresponding exp value": [
        0.08023006785965495,
        0.2019286850712755,
        -0.010221747674045415,
        0.2677823271136633,
        0.098538147242719,
        0.16424195115036805,
        0.1021811604578986,
        0.1069909772330245,
        0.18764390175260584,
        0.13274637879620557,
        0.3842313004926824,
        0.18394196069639843,
        0.14709066760626083,
        0.2102270133608823,
        0.18102388280818518,
        0.2165217849518825,
        0.23322704095521526,
        0.013581690257397505,
        -0.010911385516500607,
        0.21098668604429532,
        0.13399131597237093,
        0.15504336543611388,
        0.07769652141784968,
        -0.017939621511398347,
        0.01224887437568745,
        0.11798333165327299,
        0.178156059080489,
        0.1066213865337712,
        0.10723076230989374,
        0.10219225008664007,
        -0.07923132679818398,
        -0.03232189309010528,
        0.13609247395830318,
        0.1549273754572332,
        0.11034594856768018,
        0.0726970242218774,
        -0.1026796068413078,
        0.006806861278709074,
        0.32497033782094437,
        0.24486093515452914,
        0.130977751916583,
        0.07895160096084486,
        0.15175183689498487,
        0.03413859763123977,
        0.12653125602605889,
        0.04473854089291556,
        -0.18935282348738597,
        0.1548934755930278,
        0.18875649571954406,
        0.23962596983452825,
        -0.09908598930912976,
        0.13517789443650857,
        0.11951107825736605,
        0.08320234713441196,
        -0.21515937659575451,
        0.07951514242070454,
        0.27456121167831593,
        0.054319117186167144,
        -0.17108579140266864,
        0.08296568954229125
    ],
    "Number for Minimum Energy": 307441115261566980,
    "Elapsed Time [seconds]": 1.0685553550720215,
    "Elapsed Time [hours, minutes, seconds]": [
        0,
        0,
        1.07
    ],
    "Current function value": -3.9498492942042254,
    "Iterations": 390,
    "Function Evaluations, Estimation": [
        578,
        79186
    ],
    "Gradient Evaluations": 578,
    "Number of Parameters": 136,
    "Minimum Parameters": [
        2.7604654962372557,
        4.805090842724223,
        5.241508516002046,
        4.452996316636596,
        5.74331463026533,
        4.818141268938559,
        5.307069749461998,
        0.7279922854202514,
        4.530921291519244,
        2.6822678745503317,
        3.565087399281406,
        4.133355498599208,
        6.143765237554803,
        6.286598598343114,
        1.8024473278236968,
        4.7819335338328885,
        4.656218134407661,
        2.0419154218638234,
        0.8737392856706344,
        0.3319717943021397,
        5.082440755642912,
        3.0245545490294576,
        6.053566117286381,
        3.0117677101267737,
        5.883433080652033,
        2.6184730363854967,
        4.9892870760516885,
        0.7150645284403544,
        3.3492993151894894,
        5.149574629983392,
        5.91798019022379,
        4.786922563543771,
        0.384131640194603,
        2.3708994435496717,
        0.18844749112709805,
        0.6020071430485727,
        4.1588667272506665,
        4.731405343547134,
        5.040475675742136,
        5.330509945887182,
        4.571378234980648,
        5.355392241321836,
        0.4014016096682214,
        1.4605257860792322,
        4.008271514254756,
        5.223847471128173,
        -0.1057158220573873,
        3.3220927337086175,
        4.19489663001127,
        0.3168898824727676,
        2.562527682313613,
        5.855834538963685,
        4.181217350418803,
        1.5612680137790969,
        5.040302388462366,
        1.8921648286022055,
        5.112439653357344,
        1.8915121971750481,
        3.8374792596156753,
        2.341898740673111,
        1.8998907314924505,
        5.38479180993538,
        1.0609363504461256,
        0.6801425422290986,
        2.1574955657840005,
        4.256159391594936,
        5.168569896924457,
        6.099851202307982,
        1.5098050605141689,
        2.6555274948653835,
        0.9527219727164581,
        3.3588299337206684,
        6.212802533503747,
        4.60009395851379,
        3.9026453357357838,
        2.412574835950617,
        5.87407304301915,
        3.279015761895014,
        0.8329878822157398,
        2.3961671649217386,
        0.3786142635906206,
        1.3805010114914829,
        0.0834676363859081,
        2.515120156840374,
        4.160068190440886,
        2.3326613181403473,
        2.4936965578936316,
        5.878871720091166,
        4.621465343177908,
        3.1638423776859046,
        1.6596462596569113,
        5.4679954300371945,
        1.3301188671323554,
        1.8805554343684072,
        5.654358260176036,
        3.521686785400162,
        4.6396623372686365,
        3.6190996777455697,
        4.158170239045802,
        1.957792964175079,
        1.7228079124221192,
        1.834586685480655,
        0.8295292979473391,
        5.401479979773096,
        1.6441004711454184,
        3.553682885379077,
        5.185004250874976,
        4.976764838167113,
        2.706651612252198,
        2.9951036647031124,
        5.791131138933624,
        4.462283689570624,
        5.107805372670319,
        5.650026662026333,
        4.7413899426502075,
        1.3263268759593532,
        3.755643942261167,
        0.8344305835754516,
        4.079401830675625,
        6.006393653216129,
        3.3516896642599745,
        2.737506518087435,
        0.26857566491655016,
        6.001959941364624,
        0.6551317765721807,
        0.1701473845318888,
        1.379166210025894,
        0.09833207797935568,
        2.922711554044543,
        3.4444291442753148,
        1.8074432103988862,
        0.5297795866675467,
        0.736309644435347,
        2.227653988820209,
        0.30062382436822255,
        0.2398982178975862
    ],
    "Cmin, Cmax, frob_norm, shift": [
        0.1009309530119395,
        2838.785503052556,
        147.54153169989314,
        593.3624161163616
    ]
}