Iteration,Energy,Loss Function,Bias
0,0.18363694525869495,0.18901195013882063,0.0
1,0.09049407782248817,0.09228365189312161,0.12355261574837931
2,0.04531414983982259,0.045353761244301946,0.19856955341369115
3,0.0039749617057473555,0.010595864467891633,0.26462689806914996
4,0.0018514566551195576,0.008522708489676031,0.6735812470887391
5,0.0014777869117265615,0.006883192148235245,0.7196834656800856
