Iteration,Energy,Loss Function,Bias
0,0.12722205378867435,0.12437878332645234,0.0
1,0.014816822466798852,0.035999709944151324,0.40323583270041347
2,0.0010590822091249667,0.005933678195332208,0.8082909390264117
