Iteration,Energy,Loss Function,Bias
0,0.12722205378867435,0.11388994523884731,0.0
1,0.10377666542142214,0.10928157974862766,0.1619530632786468
2,0.10377666542142214,0.10066510987101443,0.16725760171931164
3,0.025515331944358108,0.03485232118475327,0.22082006089758777
4,0.019150981632665792,0.021855915669768192,0.318301364724922
5,0.007758766857092603,0.010312054997439753,0.3717383739456354
6,0.0033915401298672556,0.003981535753132203,0.48760639851209725
7,0.0015574542020756058,0.0008280054323618089,0.7069354593860502
