Iteration,Energy,Loss Function,Bias
0,0.16709597331618908,0.18151015640967752,0.0
1,0.12334127836838016,0.13692546565882296,0.03004854273554945
2,0.09710192046712952,0.1078904662850897,0.03814302570106277
3,0.05788039143307583,0.06831235993400112,0.04928461644905151
4,0.03492693718397554,0.05331524808785675,0.07458786983372301
5,0.031152912622748476,0.04392242800056639,0.08582931483660436
6,0.025385735150106937,0.038516479033009574,0.09811381147721243
7,0.0213944551925849,0.033848774081458075,0.11110244043775966
8,0.015607979805757505,0.03088526446134131,0.12682290212141545
9,0.015566599232286505,0.02911846831793499,0.1387530172983121
10,0.013180583085871911,0.02716096437354943,0.14773035483675911
11,0.003811812164556755,0.017039994398652423,0.1923384181422393
12,0.0036738487925693066,0.016578006824287426,0.20081971973238785
13,0.002844349084321808,0.015739652722200813,0.20615143597112695
14,0.001903234586445976,0.014783548853018873,0.21590774523422096
15,0.0008417756251349502,0.013603281992281592,0.23497219110290038
16,0.0008204433942451845,0.01352964057601227,0.2924376657511562
17,0.000739663468358339,0.013434387561984226,0.2975800407439251
18,0.0004941656755109354,0.01316602433266633,0.3371841159852441
19,0.0004941656755109354,0.013016481700266433,0.369545168897123
20,0.00039740348082527803,0.012658974499669264,0.47384161963851773
21,0.00047059994915268693,0.01263828561001835,0.5278570775004421
22,0.00047059994915268693,0.012555767677938605,0.5446593516169954
23,0.00043368572216618276,0.012485888349267386,0.5589645930484229
24,0.00038656642583491125,0.012276052158445091,0.6225068640204747
25,0.00036584635967600645,0.012188804074682006,0.6629514723110344
26,0.00036584635967600645,0.012152923111578003,0.6817076199187011
27,0.00041004674749929885,0.012118651334894264,0.8180888665805662
