Iteration,Energy,Loss Function,Bias
0,0.18363694525869495,0.18356310459196218,0.0
1,0.10474051355198802,0.08750834059045746,0.12341284625677529
2,0.04394954575274883,0.0401299163037583,0.19870729423834832
3,0.004537788671837629,0.005076573455880246,0.2662445732860687
4,0.0007124328566229836,0.001351162843271382,0.6601766027519258
5,0.000597357512895969,0.0009432313632544907,0.9045991143059378
6,0.000597357512895969,0.0008099567827505249,0.9354332509730516
