Iteration,Energy,Loss Function,Bias
0,0.15557962555624077,0.1525756512565541,0.0
1,0.03535723652044111,0.050513799370339216,0.16202852634951667
2,0.0069362010300396465,0.01828421902185943,0.48123051866807465
3,0.00177480089162546,0.013933371673492135,0.7914869687082005
4,0.0002921522331720383,0.011634357049969804,0.8531380136585797
5,0.0005221155187699971,0.011108476668544446,1.0170761150643077
6,0.0003608424716338405,0.01106730205736201,1.2241663307320079
