Iteration,Energy,Loss Function,Bias
0,0.15557962555624077,0.14528683040841692,0.0
1,0.05634335879420104,0.005855646501317153,0.9390826746469463
