Iteration,Energy,Loss Function,Bias
0,0.16709597331618908,0.14777635375082065,0.0
1,0.04715958384797097,0.01112257955914893,0.9269639919937415
