Iteration,Energy,Loss Function,Bias
0,0.18363694525869495,0.18901195013882063,0.0
1,0.09049407782248817,0.09228884752133959,0.12355261574837932
2,0.04531414983982259,0.04536118422838487,0.19856552398150606
3,0.0039749617057473555,0.010517196117534886,0.26461901731886006
4,0.0018514566551195576,0.008501109804932138,0.6744948531165336
5,0.0018781642627486248,0.006890337791801426,0.7193389281626082
