Iteration,Energy,Loss Function,Bias
0,0.18363694525869495,0.20024864475737117,0.0
1,0.13840692469205826,0.143639927677284,0.0676192993607799
2,0.06217231595346367,0.07479024280617096,0.09363176709030921
3,0.03406477952775034,0.049421878446976,0.14429894281338648
4,0.013573544613855916,0.02335760619391428,0.18152403893810787
5,0.0029053136062702776,0.013754477802150795,0.2598065461391228
6,0.0009479543654197714,0.0129879842887965,0.2871961253564088
7,0.0004968778487074077,0.01254860479122008,0.3230648188739945
8,0.0007380767852698827,0.01222405564763814,0.4725865246225782
