Iteration,Energy,Loss Function,Bias
0,0.15557962555624077,0.1478609995085804,0.0
1,0.05634335879420104,0.017196634161862265,0.9394483730378844
