Iteration,Energy,Loss Function,Bias
0,0.1600765537441322,0.1556828907611619,0.0
1,0.16459766157998243,0.1547306911180609,0.1511568065514324
2,0.09939222069765156,0.11742615902647749,0.16871770266204902
3,0.05505485707581062,0.07369469865377894,0.20745681470981037
4,0.04137283537810378,0.053953091316209144,0.26020687573598794
5,0.009239770350419542,0.027814895147256935,0.34296464267439875
6,0.004830379425638583,0.01901483127322519,0.49535554728828113
7,0.0015303332778622346,0.012852680783202869,0.5842122618644446
8,0.0005804879702774274,0.011611773778853092,0.635665560190647
