Iteration,Energy,Loss Function,Bias
0,0.12722205378867435,0.12012852873392404,0.0
1,0.015269233999873013,0.03138195320566252,0.4031896445482538
2,0.0010590822091249667,0.0012366600931316611,0.811280515467721
