Iteration,Energy,Loss Function,Bias
0,0.1600765537441322,0.15068655367193504,0.0
1,0.15909413075214213,0.14880226803885643,0.15140704044388137
2,0.09669069946718271,0.0956308621890056,0.18630848581368148
3,0.04222532618407443,0.04834550245878739,0.25489745594902513
4,0.012509331326813231,0.022369684558541464,0.45575483303297115
5,0.0074995448439275515,0.011905218543122886,0.6542109448728038
6,0.0008128541541881735,0.007157954033533913,0.7925911298513412
7,0.0009830794528825591,0.0064284851156870566,0.8302244688226083
