Iteration,Energy,Loss Function,Bias
0,0.15557962555624077,0.15705303494503925,0.0
1,0.11709382191484662,0.12516528618379752,0.06279560047973116
2,0.06596060352035919,0.08084930918074136,0.07328734331069064
3,0.0579279298046688,0.07193022532444458,0.09141550133426123
4,0.05007656579859073,0.061387800079854386,0.1000019028747988
5,0.03710151168430887,0.05189823336542962,0.11268401760966246
6,0.03273377089739536,0.04516750999846494,0.1284956885667933
7,0.023842380477370136,0.038384683203024385,0.14287427617773232
8,0.021470222681601762,0.036687032132324916,0.17263867460009452
9,0.020988256869532644,0.03421176049877769,0.18174137043546404
10,0.003510360020553172,0.015813099025223678,0.2585468468554041
11,0.0004006210986610693,0.012829724508030075,0.4147633685404132
12,0.00034533805980496387,0.012739594041837264,0.44918954865558586
13,0.0003582252074740779,0.012592401907009132,0.47965681821316875
14,0.00044389099133186903,0.012343917353896554,0.5651041226804974
