Iteration,Energy,Loss Function,Bias
0,0.18363694525869495,0.17811425904510372,0.0
1,0.09890131919904774,0.08272118210365417,0.1232624027260567
2,0.030111791046496923,0.034671305847212924,0.19895603486665314
3,0.0031616637026595064,-0.0005410060773269321,0.2685627642030029
4,0.001033539792739669,-0.004091030111583835,0.6525437294703229
5,0.001143781950713195,-0.004312088236824611,0.6988296045454474
6,0.0004682244403941774,-0.004631878787770935,1.0424974413305708
7,0.0004480073326285229,-0.004899076263472558,1.1746892545657155
8,0.00061945243648799,-0.005078100694955681,1.3273384709807003
