Iteration,Energy,Loss Function,Bias
0,0.1600765537441322,0.15802511394549446,0.0
1,0.07191283986869203,0.08564683065231532,0.3269045511591909
2,0.015894043337412293,0.028602878989635365,0.6051751629523725
3,0.0003175194513611781,0.009765620098678963,1.1362850193202503
4,0.0015617663242387585,0.00968467300342394,1.2313711228395559
5,0.000755907358585001,0.009628060208335364,1.6290002853727152
6,0.0007656668142408451,0.009358469043757221,1.8125752681025649
7,0.0007470817680778199,0.008967234401864215,2.0806831136602737
8,0.000698493296697434,0.008637025922522122,2.5625486663899153
