Iteration,Energy,Loss Function,Bias
0,0.18363694525869495,0.20251604067408072,0.0
1,0.11237277206776196,0.134259995652191,0.024805855579475056
2,0.04382383297380305,0.07130906761081597,0.029952240302390788
3,0.02750696066682547,0.04487829067196027,0.035802986035409406
4,0.022997653533492354,0.03588910539868004,0.04637473082274179
5,0.023643148823787728,0.03423716428653517,0.055342429035450336
6,0.016208390110638054,0.03119948566587275,0.05771708171614125
7,0.01499318248885013,0.029045763360926884,0.06624256705704933
8,0.01155909816368381,0.025716209660899957,0.07411823751590718
9,0.011231025684551822,0.024387472661165206,0.0864551403532506
10,0.010713745204934283,0.023135170157486017,0.09539571585953405
11,0.007564148994024498,0.021207404099845804,0.10407679608092289
12,0.007564148994024498,0.020825613473865263,0.10866462082717936
13,0.007449154928569767,0.020499655960437936,0.11466555868670018
14,0.006886861945642751,0.019773660788781858,0.1222854638155593
15,0.0012234903297038508,0.014675794584911186,0.22839350004113856
16,0.0009473793492661615,0.014166773156430612,0.23938356167188182
17,0.0009584795907442789,0.013781563986946094,0.2543059511140243
18,0.0005679762738190452,0.013303849412774104,0.2682880959258205
19,0.0005934432727433467,0.013278009057143221,0.293626260889433
20,0.0005001444665659426,0.01323753665798692,0.295686623409156
21,0.0004175123349355818,0.013036309972844346,0.31790961072508106
22,0.00037464932937086496,0.012981834535072049,0.32831180990390907
23,0.00037464932937086496,0.012940382782336815,0.3409972914673548
24,0.00037464932937086496,0.012917541247828776,0.3508798375265908
25,0.0003372373617207366,0.012908474078173318,0.37387550102756717
