Iteration,Energy,Loss Function,Bias
0,0.18363694525869495,0.1944146521829542,0.0
1,0.13923697535322097,0.13925393035903666,0.0675098057572667
2,0.06290110311236842,0.0700633667286245,0.09392408649213221
3,0.035059757759681634,0.043896345597775686,0.14846013359022672
4,0.007606834671900418,0.016464815421678877,0.19119737705392154
5,0.0003841266880883374,0.0066338057025818525,0.26479054755913906
6,0.0005039037551528399,0.006273683965433188,0.28680705509512955
