Iteration,Energy,Loss Function,Bias
0,0.18363694525869495,0.17811425904510372,0.0
1,0.09890131919904774,0.08272118210365434,0.1232624027260567
2,0.030111791046496923,0.03467130584721301,0.19895603486665303
3,0.0031616637026595064,-0.0005410060773269321,0.2685627642030031
4,0.001033539792739669,-0.004091030111583835,0.6525437294703178
5,0.001143781950713195,-0.004312088236824628,0.6988296045454417
6,0.0004682244403941774,-0.004631878787770986,1.0424974413306047
7,0.0004480073326285229,-0.004899076263472473,1.1746892545657655
8,0.00061945243648799,-0.005078100694955681,1.3273384709806724
