Iteration,Energy,Loss Function,Bias
0,0.16709597331618908,0.1697905100414241,0.0
1,0.05699276415567411,0.0704255852704016,0.11835113766647745
2,0.015558242416771645,0.02149514878316134,0.2261580411137821
3,0.0006883155582400259,0.007436516020849292,0.3310953022928301
4,0.0004350459318506,0.006510493258163575,0.435026427398462
5,0.0004261050741909532,0.0061896499447061,0.5285338876698014
6,0.0006346134349005169,0.006008798694811479,0.834433737348477
