Iteration,Energy,Loss Function,Bias
0,0.18363694525869495,0.1755964235567022,0.0
1,0.011256853350109624,0.030612183733759086,0.316348286352236
2,0.02515442974710632,0.02278990922206383,0.987677475422371
3,0.010000874905983679,0.012584581190280598,1.050385711219166
4,0.0010689420309360363,0.0101341576009967,1.2527505708871844
5,0.0026646602688874597,0.009323649318482202,1.7194894237927156
6,0.00277505837683003,0.008896167059149303,2.079427370768334
7,0.0006615811863800271,0.00860044146940363,2.6200253525293618
