Iteration,Energy,Loss Function,Bias
0,0.1600765537441322,0.14216000884188873,0.0
1,0.061305782072498254,0.0674447699908471,0.0573254156525183
2,0.0427868196229248,0.04141241288688961,0.08362309144145097
3,0.023724241255350078,0.02246825941725033,0.10947870259934589
4,0.021759599518089937,0.016887840864766294,0.13696861741087166
5,0.01531564539997305,0.011817973756371329,0.1500540747563006
6,0.01341745983237882,0.008390155231921726,0.16746154678213843
7,0.011070116899361649,0.005453876695854179,0.18551384801288323
8,0.009272675784238916,0.004376083805491603,0.207412911289793
9,0.008899583904171938,0.0030984991003221688,0.21750500872182274
10,0.007207970595222936,0.0011228863662086357,0.23465453857449264
11,0.002301243836700511,-0.0036774210393903666,0.26216110284408983
12,0.002048649423899279,-0.004080749370410449,0.2847505527845929
13,0.0018425697170342914,-0.004398545312098423,0.29610533148178086
14,0.0018425697170342914,-0.004660918687478263,0.32658461120433474
15,0.0010431488501248232,-0.005103297198107612,0.5206944381577621
16,0.0006100085383744088,-0.00513932026096613,0.5857252398374027
