Iteration,Energy,Loss Function,Bias
0,0.15557962555624077,0.1474974266559945,0.0
1,0.03414524568443016,0.045210379185160826,0.16216432848060267
2,0.006207884193733245,0.0125592030428678,0.4745268030595773
3,0.0011862371567583718,0.006709563303906764,0.5738923673941458
4,0.0007300847668003808,0.006573083896473529,0.8059363572512235
5,0.0007300847668003808,0.006472534101439403,0.817469456629131
6,0.0005926569775175647,0.006142837441979455,1.0460530020274252
