Iteration,Energy,Loss Function,Bias
0,0.1600765537441322,0.154301228956509,0.0
1,0.058122633344260155,0.010460661448872602,0.9324432267063645
