Iteration,Energy,Loss Function,Bias
0,0.1600765537441322,0.15281529252540343,0.0
1,0.058122633344260155,0.008841320108187566,0.9324425437143322
