Iteration,Energy,Loss Function,Bias
0,0.18363694525869495,0.16260799072157608,0.0
1,0.016560528568259403,0.017494144670696585,0.31668809987629415
2,0.02515442974710632,0.010099552647878476,1.0081944170975923
3,0.012567935120803394,0.0002653237868971274,1.0692666832147115
4,0.0007437262457675189,-0.0030143961294591716,1.2494779467613766
5,0.0007838869515074479,-0.003418227972502437,1.416002549712548
