Iteration,Energy,Loss Function,Bias
0,0.1600765537441322,0.15910299185036403,0.0
1,0.061305782072498254,0.08551509481007469,0.05710625512379025
2,0.04397499382839868,0.0594285088698909,0.08113443444057897
3,0.04347969479989174,0.053755483781376776,0.10146602537578632
4,0.03045253304245223,0.044272199215717754,0.10798388655917014
5,0.031296810504615746,0.04118743557386695,0.12499382956073894
6,0.016445171938086728,0.033044564705476544,0.16048794786275353
7,0.013874799767772344,0.026794520160656813,0.18750800921079297
8,0.009453591550473326,0.022794960255085064,0.22070241990542377
9,0.008258417578619056,0.019177291416595035,0.25258160123217005
10,0.00351055493826091,0.016092685283835596,0.2820678586665786
11,0.0012046904565831116,0.013908195689648852,0.33614578084641916
12,0.0007844871754523423,0.013540841350954362,0.42517390413102485
13,0.0007246553302464738,0.013210032170531428,0.4442589516512064
14,0.0006133472982773866,0.012860765709835143,0.46537911822948785
15,0.000550266629378176,0.012569717788932934,0.4948888822395314
16,0.0006235964626837145,0.012424996341470554,0.5232163918782321
17,0.0006235964626837145,0.012373968453879192,0.5436303016282065
18,0.0006235964626837145,0.012291543220739427,0.6859583746846813
