Iteration,Energy,Loss Function,Bias
0,0.16709597331618908,0.15830340185863656,0.0
1,0.034968441891678054,0.03898321072928045,0.3056666187780028
2,0.0035767975384998424,0.006411687039891039,0.8968844198374626
3,0.0022679955775045933,0.006347234756168647,1.6688601539117376
4,0.001041655290692361,0.006128851610975391,2.4186445263745906
