Iteration,Energy,Loss Function,Bias
0,0.1600765537441322,0.15068655367193504,0.0
1,0.15909413075214213,0.14880226803885663,0.15140704044388142
2,0.09669069946718271,0.09563086218900822,0.18630848581367823
3,0.04222532618407443,0.04834550245878712,0.2548974559490198
4,0.012509331326813231,0.022369684558542248,0.45575483303298836
5,0.0074995448439275515,0.011905218543127268,0.6542109448728278
6,0.0008128541541881735,0.007157954033531628,0.7925911298514141
7,0.0009830794528825591,0.006428485115686647,0.8302244688227384
