Iteration,Energy,Loss Function,Bias
0,0.15557962555624077,0.14241920205543496,0.0
1,0.03414524568443016,0.039921246590315256,0.16228014720699943
2,0.005544326875088343,0.007292566636223057,0.46529273712959207
3,0.0008594229215229111,0.000754801762876308,0.5582720071934651
4,0.00034994067735078427,0.0004730232100541456,0.666271264113692
