Iteration,Energy,Loss Function,Bias
0,0.18363694525869495,0.14495013056941974,0.0
1,0.062081551613286545,0.00976997621624733,0.9319497403543141
