Iteration,Energy,Loss Function,Bias
0,0.12722205378867435,0.12437878332645234,0.0
1,0.014816822466798852,0.035937430214154895,0.40323583270041347
2,0.0010590822091249667,0.005547356947673225,0.8085763767628601
3,0.0021252803689175907,0.005546354048363763,0.9442576950821053
