Iteration,Energy,Loss Function,Bias
0,0.1600765537441322,0.15158556501108653,0.0
1,0.0664870486638287,0.0818535649409064,0.09009560755372245
2,0.05240239966460066,0.057541161712280485,0.13207742530694339
3,0.03663239486464286,0.04403162045050446,0.17119397657256488
4,0.029228249712194045,0.03544264099838107,0.21540017285199448
5,0.01820222566367476,0.025147590944187396,0.25470921158890125
6,0.012551804760384878,0.020142437349803442,0.2999100431207944
7,0.010770789315374209,0.017787105643527333,0.3670724603979204
8,0.007162776061216387,0.014233435274369276,0.40642160970765984
9,0.006042145141848675,0.013085396275321147,0.4299403139925029
10,0.005322716948318362,0.012220104761471926,0.45906990971900147
11,0.004780430615604133,0.011457498430293435,0.4923653451301412
12,0.004019346067250939,0.010621197079391303,0.548817039854926
13,0.003349870966713129,0.009553672444710599,0.6377028392848829
14,0.001764965297295658,0.00886836142134277,0.7529763523863188
15,0.001693854426911427,0.008504771178658672,0.8347743348266712
16,0.0008599373987330648,0.008472110010209748,1.7772233695852857
