Iteration,Energy,Loss Function,Bias
0,0.12722205378867435,0.1410980272890293,0.0
1,0.06049156720024008,0.01257024283263171,0.9453425359815031
