Iteration,Energy,Loss Function,Bias
0,0.16709597331618908,0.18112658015018288,0.0
1,0.10478109288217444,0.11892447237595022,0.041136653164170145
2,0.050527621071061145,0.06410211636887919,0.052048319378112926
3,0.03418223619468648,0.04975843520468267,0.06387422448507735
4,0.0230691669883776,0.04101619422809198,0.09997246131829186
5,0.020654915957424254,0.040986335174986295,0.1282686371847994
6,0.020832458449310125,0.039911445180062614,0.13065459792293285
7,0.020654915957424254,0.037951746979725545,0.13526801210119901
8,0.020937135300193414,0.033238066261917,0.17921033154668095
9,0.016649084483717477,0.026984716226520388,0.20993950385549032
10,0.012423890148370012,0.026101897188568295,0.2518912786251492
11,0.010207524300000543,0.024626769713428052,0.2591943817382527
12,0.008929589305178506,0.022714632921668598,0.273199489531331
13,0.004866366739321494,0.01858538216911095,0.3010011416618114
14,0.004205881015007574,0.017430906194376934,0.32424559467079556
15,0.003346604349037431,0.016208964190970974,0.3525221576930167
16,0.003055253407795458,0.01589257343595315,0.3958212751162858
17,0.002902273391787318,0.015530471197712998,0.41668091887009623
18,0.0025585553939188052,0.015171637900765382,0.44608358672844856
19,0.002369253129762858,0.014715108984284377,0.4869282655421429
20,0.0020501104873504768,0.014312285258405074,0.5395901161615507
21,0.001709437649895674,0.014293558800394412,0.5900401422507963
22,0.0016671192623171497,0.014086812252711576,0.6426485524828034
23,0.0014614990491333634,0.013903881682523,0.6744666077699674
24,0.0003404772717915694,0.012540135282102691,0.8973863984010437
