Iteration,Energy,Loss Function,Bias
0,0.18363694525869495,0.1669374683332848,0.0
1,0.011103164932804888,0.021858982441421728,0.3165945271117459
2,0.02515442974710632,0.014369706240137042,1.0016512877754595
3,0.013400042700566396,0.004505081853775568,1.0630061399410002
4,0.0007025746559189912,0.0014773157397889069,1.2519789709211409
5,0.0012392736496842265,0.0010312276260153763,1.39143029958299
