Iteration,Energy,Loss Function,Bias
0,0.15557962555624077,0.13817336576017483,0.0
1,0.009494384183283175,0.01356585939309107,0.37672161881504
2,0.007889057535749798,0.005988778138405059,0.7005966994118377
3,0.004657183840637327,0.0025169155048467683,0.9221226854373535
4,0.0007790187374704088,0.0011087723580541272,1.0913060258259804
5,0.000298654075638434,0.0010661395783498168,1.2441987921002056
6,0.000629115531999797,0.0007331045112765255,1.471616328616718
