Iteration,Energy,Loss Function,Bias
0,0.1600765537441322,0.15068655367193504,0.0
1,0.15909413075214213,0.14878098055124075,0.15140704044388137
2,0.09281798457431896,0.09536186556517398,0.18670278064512097
3,0.04222532618407443,0.04841022820389502,0.2554984480082085
4,0.011614217731175401,0.02250341062964134,0.45407638812358864
5,0.00839057021457994,0.011622150341357584,0.6499536821436376
6,0.0006859837516026338,0.007547282906783027,0.7823186898371626
7,0.0015686639557450982,0.007214877982211947,0.8781735946315239
8,0.0011246844047131963,0.006710330640883464,0.9926122240627986
