Iteration,Energy,Loss Function,Bias
0,0.18363694525869495,0.17811425904510372,0.0
1,0.09890131919904774,0.08272493635243865,0.1232624027260567
2,0.030111791046496923,0.03468141479832334,0.1989530559007201
3,0.0031616637026595064,-0.0006042375025025204,0.26855029110535644
4,0.001033539792739669,-0.004128136488703058,0.6531839657530297
5,0.001143781950713195,-0.004401316477206256,0.7010904393377788
6,0.0004480073326285229,-0.0047254201008036095,1.1265310949535945
7,0.00044440213914962606,-0.00497896475599299,1.2665466261285914
8,0.00061945243648799,-0.005031532282711418,1.412750497383369
