Iteration,Energy,Loss Function,Bias
0,0.18363694525869495,0.16260799072157608,0.0
1,0.016560528568259403,0.017420889346147796,0.31668809987629415
2,0.02515442974710632,0.009396954844623948,1.008543498326394
3,0.01168399446562772,-0.0008008844288369047,1.0748211174835196
4,0.0007437262457675189,-0.003536744908000056,1.2763307448360355
5,0.0007239708814642886,-0.004146464291683793,1.411650707693503
6,0.0005377523628464698,-0.004225893515616011,2.1985238582324502
