Iteration,Energy,Loss Function,Bias
0,0.16709597331618908,0.17515408255702247,0.0
1,0.05699276415567411,0.07537123200613292,0.11832361782196207
2,0.015558242416771645,0.026957435150826343,0.2277933764206681
3,0.001107161783139033,0.013291165090356893,0.32402850233447633
4,0.0005510136488792899,0.012227182256050096,0.4305504861518391
5,0.00036517521432995214,0.011646722774921325,0.519808305624639
6,0.0011408403136236684,0.01156512720011534,1.7741157814403719
