Iteration,Energy,Loss Function,Bias
0,0.12722205378867435,0.12862903791898064,0.0
1,0.014816822466798852,0.04050241062583553,0.40325673386227795
2,0.0010590822091249667,0.009847843038958798,0.8058444236326923
3,0.0021252803689175907,0.009708851548976678,0.9439180429816464
