Iteration,Energy,Loss Function,Bias
0,0.16709597331618908,0.16924843001530285,0.0
1,0.13004838975819202,0.13422163659810638,0.02375601242825901
2,0.11930326197717073,0.11836425386724839,0.02744584083092524
3,0.09760308279108515,0.09848207696163495,0.03218227824424149
4,0.0897202428971705,0.0928610731679141,0.03394502926718985
5,0.08541390004860072,0.0886751077889357,0.03664149255527333
6,0.0836021374474773,0.0861939123686822,0.03941590519892011
7,0.0836021374474773,0.0842024352196018,0.04235101007780069
8,0.08068941535406002,0.08147247891887742,0.04761847130246354
9,0.06627391856485387,0.06302069838883863,0.08460356070885788
10,0.06051696432450737,0.05945518219645196,0.13772282628729676
11,0.057055954829524136,0.05716227050709468,0.14902615428822663
12,0.050333465390452074,0.051872767969545076,0.1568094540055592
13,0.044643106528259535,0.044020479349630846,0.17453334751558353
14,0.03788836185413226,0.04025567033668232,0.18220081419597597
15,0.03483172199152918,0.036128819394127876,0.18917715686625855
16,0.03388133686628752,0.034553389211068805,0.19380961185442433
17,0.03034112836254845,0.03199946190136802,0.1992973679485002
18,0.027771258314365034,0.028922987352376455,0.20719976986008445
19,0.026806792623358156,0.02653263639464752,0.21658785605795192
20,0.021550376947176965,0.02195458661624967,0.22294647737736326
21,0.00837192225483469,0.007825265427555695,0.29482642508111734
22,0.002827403093459378,0.0029352022648011433,0.3443188127159011
23,0.0016689351409113077,0.0020601559445624735,0.3686989367180146
24,0.0010765750882242955,0.001250783605106301,0.37674753361773033
25,0.0008090030104722993,0.0008772784686230749,0.3955285209071386
26,0.0005412371765928089,0.0005781422589853165,0.4268574602182263
27,0.0003352805315369191,0.0003271593918420774,0.46945045441627076
28,0.0002950852051052309,0.00030631343602717927,0.5496726697786942
29,0.0002950852051052309,0.0002998900579215143,0.5759125623238215
30,0.0002950852051052309,0.0002985474122345689,0.5957322497918437
