Iteration,Energy,Loss Function,Bias
0,0.18363694525869495,0.1944146521829542,0.0
1,0.13923697535322097,0.13925393035903688,0.06750980575726669
2,0.06290110311236842,0.07006336672862482,0.09392408649213217
3,0.035059757759681634,0.043896345597776026,0.14846013359022614
4,0.007606834671900418,0.016464815421681912,0.19119737705391654
5,0.0003841266880883374,0.006633805702582142,0.2647905475591137
6,0.0005039037551528399,0.006273683965433273,0.2868070550951089
