Iteration,Energy,Loss Function,Bias
0,0.15557962555624077,0.14620820737520898,0.0
1,0.012013871134262931,0.022565403849574193,0.3766033079330912
2,0.008267404327503839,0.016365795337315962,0.6969707110033561
3,0.0050993169293728855,0.013175303046696884,0.8782997110342424
4,0.0002838912744415468,0.010681418881261461,1.599681941705306
