Iteration,Energy,Loss Function,Bias
0,0.18363694525869495,0.18858065960853718,0.0
1,0.142327893059363,0.1347359153987806,0.06739491856583145
2,0.0643699317403548,0.06527644429200931,0.09421895091099204
3,0.03915793232614368,0.03936530919659687,0.15361895936131476
4,0.014684784081432575,0.01815413598077372,0.19186489260154474
5,0.008385667638034286,0.005822286119579448,0.23407732297945907
6,0.0002603139635936433,0.0004817374266231591,0.2947873777012915
7,0.00026911569637929716,0.0002864870732826616,0.5191088564034163
