Iteration,Energy,Loss Function,Bias
0,0.18363694525869495,0.14411684072990216,0.0
1,0.062081551613286545,0.00599668529833147,0.9318551533395063
