Iteration,Energy,Loss Function,Bias
0,0.15557962555624077,0.13817336576017483,0.0
1,0.009494384183283175,0.01356585939309107,0.37672161881504
2,0.007889057535749798,0.005988778138405008,0.7005966994118376
3,0.004657183840637327,0.0025169155048467852,0.9221226854373556
4,0.0007790187374704088,0.0011087723580541782,1.091306025825978
5,0.000298654075638434,0.001066139578349885,1.2441987921001985
6,0.000629115531999797,0.0007331045112765425,1.4716163286167103
