Iteration,Energy,Loss Function,Bias
0,0.16709597331618908,0.14990774664277542,0.0
1,0.034968441891678054,0.030766937221088145,0.3059259383969454
2,0.005358847463433034,-0.0023314529354846528,0.9061869240167602
3,0.0005124129143889093,-0.0038140761727973034,1.6952807764075999
