Iteration,Energy,Loss Function,Bias
0,0.12722205378867435,0.1215226038984679,0.0
1,0.10673358050676453,0.10380541284318447,0.05246762527251542
2,0.08964255299625166,0.08134198865214746,0.056038076576806
3,0.04307478638417111,0.05137993204025201,0.06344180524853704
4,0.02312920362371855,0.034176344225141916,0.09771074474382299
5,0.018322316413743104,0.024350871327308586,0.12461998005599474
6,0.008543078557676213,0.014282145824467747,0.16717086410728646
7,0.005557856197893626,0.011223275028517131,0.19676022888126665
8,0.002899740096566303,0.009826085995879214,0.21300391945618974
9,0.002518310360446034,0.009485084846776393,0.250389198544565
10,0.0024141389789359155,0.009090295765825438,0.2630179379503681
11,0.002087626823390043,0.008769055317190815,0.2947511125217282
12,0.002087626823390043,0.008485994772603107,0.3253524928396991
13,0.0012010386053713357,0.008153826596885452,0.3526765740270382
14,0.0013647593033714587,0.007897402132176174,0.43220294645623236
15,0.0007658006407868993,0.007224701289581561,0.5072391646798668
16,0.0007658006407868993,0.007220120641552414,0.5103607193149999
17,0.0005974644757575625,0.007060182191547965,0.5572131477678499
18,0.000600499171226333,0.007051962095773179,0.577094518426963
19,0.000600499171226333,0.007033104929574062,0.6065762608856053
