Iteration,Energy,Loss Function,Bias
0,0.18363694525869495,0.1669374683332848,0.0
1,0.011103164932804888,0.02185898244142171,0.3165945271117459
2,0.02515442974710632,0.014369706240137075,1.0016512877754598
3,0.013400042700566396,0.004505081853775619,1.0630061399409998
4,0.0007025746559189912,0.001477315739788856,1.2519789709211397
5,0.0012392736496842265,0.0010312276260153591,1.391430299582997
