Iteration,Energy,Loss Function,Bias
0,0.18363694525869495,0.18398431416728175,0.0
1,0.11583360786369264,0.11339628277581956,0.04399279431541763
2,0.06358681073957313,0.0607594722299775,0.061388830747742304
3,0.026124499014909524,0.024903854444122433,0.09058454583848341
4,0.01641752860530005,0.01073082646629588,0.14157548792247338
5,0.00359901444687898,-0.0011508986193028436,0.20615493515263966
6,0.00030327231368876295,-0.005142962039915938,0.2700777717047381
7,0.0007898570706134019,-0.005257680544312226,0.3017845198448316
8,0.0007898570706134019,-0.005384053978161051,0.3097101457650204
9,0.0003234300833852522,-0.005833454372850981,0.3686000680568993
10,0.0002692219887141394,-0.005887781772172941,0.43846267010030665
11,0.0002692219887141394,-0.00593035677935088,0.48941505101944505
12,0.00027196170056899695,-0.005993058453839028,0.5349747335218876
13,0.00027196170056899695,-0.006025984250630289,0.5491110499676377
14,0.00027196170056899695,-0.006044409457450348,0.557348049852168
15,0.00027196170056899695,-0.006094951346009002,0.5810805940936768
16,0.00027196170056899695,-0.006130987966307253,0.5955342164531279
17,0.00027196170056899695,-0.00615430453455595,0.6116828662300987
18,0.00027196170056899695,-0.006170301495798826,0.6246464116192796
19,0.00027196170056899695,-0.006180588095305474,0.6360686934861539
20,0.00027196170056899695,-0.006187160343420411,0.6447775832161208
21,0.00027196170056899695,-0.006204633447545857,0.6765107624224704
22,0.00027196170056899695,-0.006213248124775474,0.7018721872351704
23,0.00027196170056899695,-0.006217052422727079,0.7188071992633013
24,0.00027196170056899695,-0.006222850900854293,0.7630979686582112
25,0.00027196170056899695,-0.00622436852431658,0.7817923847651944
26,0.00027196170056899695,-0.006226135897387003,0.8086274146874886
27,0.00027196170056899695,-0.006227551725829354,0.8445068795856251
28,0.00027196170056899695,-0.006228002019880738,0.878540105500107
