Iteration,Energy,Loss Function,Bias
0,0.15557962555624077,0.14981109665925668,0.0
1,0.0910856017109803,0.08218897460774906,0.0933687327704825
2,0.03237529608667955,0.04498732518137151,0.13026857035616318
3,0.020256770452831283,0.03131182127013513,0.183524987263895
4,0.013616881371717888,0.020447074323713586,0.2249571358094195
5,0.006191678974834233,0.01100908480194375,0.2736807664670521
6,0.0003196631846410959,0.006443813909152708,0.3279443760830981
7,0.00041945974064394164,0.0062261711409922925,0.34232847497041935
