Iteration,Energy,Loss Function,Bias
0,0.16709597331618908,0.15410557425070598,0.0
1,0.034968441891678054,0.03488198057596269,0.30580412530581164
2,0.0035767975384998424,0.0020146433722220995,0.9015280495071838
3,0.0009378563089221636,0.0012541567688568516,1.6807012425724057
