Iteration,Energy,Loss Function,Bias
0,0.1600765537441322,0.15413227567804486,0.0
1,0.07191283986869203,0.08146301205530719,0.3272773265904087
2,0.022154673960984018,0.024535070911320556,0.60667521155929
3,0.000339294839758324,0.005986465864385315,1.1360321646131473
