Iteration,Energy,Loss Function,Bias
0,0.18363694525869495,0.1712669459449935,0.0
1,0.011103164932804888,0.0262314961397856,0.3164812347409006
2,0.02515442974710632,0.018600757129045003,0.994807043771405
3,0.013400042700566396,0.008613844296847504,1.0566948617452603
4,0.0007007829274670071,0.005845002962697636,1.2528317982777013
5,0.0013642249903515209,0.005357724948767859,1.3679905003592499
6,0.0014541817345871634,0.005124022619139801,1.930385886094158
