Iteration,Energy,Loss Function,Bias
0,0.12722205378867435,0.1245048064471634,0.0
1,0.10257249255897963,0.1183098356623354,0.16200637765527606
2,0.10257249255897963,0.10706056311128125,0.16935443273030776
3,0.02109013763374931,0.038530257617263884,0.23984682370950636
4,0.01122931301176157,0.027595722415099878,0.2871585988311343
5,0.003150733333299943,0.016957974954103557,0.34194664924746926
6,0.002793265982620927,0.014063498480705771,0.512747445679627
7,0.00048470876086878723,0.012318641449856062,0.5856234557849003
8,0.0006230114881737092,0.01212046654379026,0.6856807701378287
