Iteration,Energy,Loss Function,Bias
0,0.12722205378867435,0.1245048064471634,0.0
1,0.10257249255897963,0.11827510402921461,0.16200637765527606
2,0.10257249255897963,0.10695398396271454,0.1693956290429106
3,0.02109013763374931,0.038165104930055906,0.2403362902531708
4,0.01122931301176157,0.027253216016027895,0.2877369839854322
5,0.0034690193267164966,0.016632301598545583,0.34255506609209774
6,0.002793265982620927,0.013855595787518486,0.5131462921535986
7,0.000471624635113951,0.011929200182759715,0.5831359365838735
8,0.0006230114881737092,0.01146483998637091,0.691410852908685
