Iteration,Energy,Loss Function,Bias
0,0.12722205378867435,0.11587827414139577,0.0
1,0.014887637553158844,0.026770967162626325,0.40311819546769834
2,0.0010590822091249667,-0.003482531068352333,0.8142562147255538
3,0.001093693605014551,-0.003515741875570097,0.9496785322750924
4,0.0006758355383148011,-0.003764299642855787,1.3470434811570375
