Iteration,Energy,Loss Function,Bias
0,0.15557962555624077,0.15129498810899758,0.0
1,0.11864854282092985,0.11942073968029455,0.06293711025158108
2,0.08219435722645956,0.0828320149119088,0.07319603904388171
3,0.05763532986980214,0.0625573569603481,0.09241644593334797
4,0.050861908424906066,0.059005832220478824,0.10871476609930066
5,0.04529944060799604,0.053494578426394775,0.1126658871887529
6,0.03756419550175774,0.04453451224246311,0.12069211259787065
7,0.030528659351008937,0.038145679427541275,0.13596983325549605
8,0.012836325566087525,0.018077450916946194,0.22626079659957946
9,0.0025997013419363987,0.008313535229332807,0.2994159030472466
10,0.00023639378207426144,0.006649093932930783,0.43011325107441645
11,0.00043580746854687895,0.006626755281396661,0.4878639625652577
12,0.00027054624128332273,0.006371170818174609,0.5415042557699046
