Iteration,Energy,Loss Function,Bias
0,0.18363694525869495,0.14661671024845496,0.0
1,0.062081551613286545,0.01731769526009114,0.9321204085227364
