Iteration,Energy,Loss Function,Bias
0,0.16709597331618908,0.14990774664277542,0.0
1,0.034968441891678054,0.03076693722108811,0.30592593839694543
2,0.005358847463433034,-0.0023314529354845335,0.906186924016761
3,0.0005124129143889093,-0.0038140761727973034,1.695280776407603
