Iteration,Energy,Loss Function,Bias
0,0.16709597331618908,0.15830340185863656,0.0
1,0.034968441891678054,0.03905929687522036,0.3056666187780028
2,0.0035767975384998424,0.006702146104103379,0.896507421749646
3,0.002120063959563461,0.006510760386448093,1.4654871299061794
