Iteration,Energy,Loss Function,Bias
0,0.1600765537441322,0.15023943741059526,0.0
1,0.07191283986869203,0.07743039675595366,0.3276384533909424
2,0.022154673960984018,0.02022907035477855,0.6076697281700101
3,0.00035197092255338856,0.0012274765880755077,1.13962038709591
