Iteration,Energy,Loss Function,Bias
0,0.12722205378867435,0.10858251463468925,0.0
1,0.10377666542142214,0.1049082320848242,0.16189601836995354
2,0.10377666542142214,0.09789949934978161,0.16605551973583632
3,0.038384879089298794,0.03692709154122575,0.20892707004854752
4,0.009776707773635571,0.017018026900047712,0.29101302096553316
5,0.007331484690318172,0.005152098548174457,0.34658168105124343
6,0.002884550091147472,-0.0014722131235773294,0.4338382869149435
7,0.0003977145008208417,-0.004815721187936275,0.6221797482534859
8,0.0005650604751137735,-0.00493300689810462,0.6695591210971441
