Iteration,Energy,Loss Function,Bias
0,0.18363694525869495,0.1712669459449935,0.0
1,0.011103164932804888,0.026231496139785582,0.3164812347409006
2,0.02515442974710632,0.01860075712904509,0.9948070437714049
3,0.013400042700566396,0.008613844296847589,1.056694861745259
4,0.0007007829274670071,0.005845002962697636,1.2528317982776949
5,0.0013642249903515209,0.005357724948767825,1.367990500359248
6,0.0014541817345871634,0.005124022619139886,1.9303858860941954
