Iteration,Energy,Loss Function,Bias
0,0.18363694525869495,0.19632736024304676,0.0
1,0.13293182247085977,0.13013396241441935,0.024770378671770482
2,0.06573890042865917,0.06818386269644387,0.029927459086428083
3,0.02763634449979338,0.0382631917536177,0.0358111074180326
4,0.022416336044554626,0.02951621667083453,0.0481814254945328
5,0.014849322103022916,0.022922731638141267,0.05896128583414283
6,0.014249858407655268,0.020974057856156657,0.07274440082121993
7,0.014121979691225448,0.020725462929676714,0.08226945327501939
8,0.011089041934816331,0.017931323941885013,0.09396968158868774
9,0.011089041934816331,0.017623536272606603,0.09789971953766288
10,0.010717565629977612,0.017559556665855784,0.10332627458384533
11,0.010717565629977612,0.017458320646988965,0.10463649005673842
12,0.010717565629977612,0.017290873475943026,0.10700613622796594
13,0.010486227714029385,0.017139571746227416,0.11099797791094507
14,0.009481260008503278,0.016452258772744678,0.12272812995826907
15,0.009481260008503278,0.016438056941879622,0.12346577541557478
16,0.009481260008503278,0.016414103605389568,0.12415561486997832
17,0.009481260008503278,0.016219689620711783,0.1299013529692244
18,0.008659906504849208,0.015227540090859444,0.1510301337810155
19,0.006106929776833704,0.01388093969786923,0.1777217070822089
20,0.006106929776833704,0.013858148748497966,0.17985245997614405
21,0.005155440749503085,0.01327816466628636,0.19462248673465268
22,0.005944064837042924,0.0132437396231887,0.19977877804594377
23,0.005992074248396048,0.01306738109960834,0.20823664454328664
24,0.0027752962460515606,0.01024047285838526,0.2569858841666261
25,0.0029138661271402295,0.010112599349723157,0.26652502772467856
26,0.0029138661271402295,0.00990562902490833,0.27164023381621644
27,0.0020591505821169667,0.008796103333403972,0.318930114460115
28,0.0004813640283035089,0.00725276506808283,0.37908630067382887
29,0.0004427041822177817,0.006992322286079065,0.45104870161592603
30,0.00034485892678413183,0.006701964908471107,0.4648408741479288
31,0.00033569401202913684,0.006501128439584704,0.4863878976215737
32,0.0003394663763599281,0.006428878022652057,0.5134455990489057
