Iteration,Energy,Loss Function,Bias
0,0.1600765537441322,0.15520819065950084,0.0
1,0.08218685987476396,0.08764524719310314,0.03971869040914413
2,0.049963277885371124,0.058735644717842685,0.0491667375909793
3,0.04629689398482505,0.05198670293311661,0.06321632282709067
4,0.035727017485574206,0.043496998686903376,0.0682103779168147
5,0.030063873747481148,0.03625714668295258,0.07711766533500111
6,0.020271889161271008,0.02859612294054913,0.09779231383653467
7,0.018954617360231452,0.028385293302133897,0.1261403010736306
8,0.01834746968339415,0.026826665806614854,0.1312008379978382
9,0.014941811276914218,0.024195781757560007,0.13877107378778125
10,0.014032854436291571,0.022155669786210246,0.15215746644508987
11,0.012088494204688544,0.019291696369387795,0.1645508083717143
12,0.01164114667005154,0.01834721869249721,0.1866771051528998
13,0.009540030597676169,0.016388852123014244,0.19892807002694313
14,0.007546898433723443,0.014489169434838635,0.24286389569445932
15,0.007546898433723443,0.014087629326711185,0.25899393315377406
16,0.0069424962043293514,0.013639225246824966,0.2692116155750894
17,0.004812392597414414,0.012013881049830444,0.3019475126647999
18,0.002965751038782168,0.01035047661286848,0.3291337121051889
19,0.002965751038782168,0.01029671767825692,0.3390274395457151
20,0.0028229529221343854,0.009920435734279085,0.34851571806592196
21,0.002313841893520157,0.009344782186658138,0.36663897746521157
22,0.002313841893520157,0.009021545113372682,0.39973799748855376
23,0.0022515657612935404,0.008787606806012515,0.42573998807394087
24,0.0013892793123313613,0.007357675078271516,0.5684312942487385
25,0.0005828474122242233,0.007110155122477928,0.6096582059128622
26,0.0005718599844890406,0.006915216460527406,0.6482344368297722
