Iteration,Energy,Loss Function,Bias
0,0.15557962555624077,0.1461448867751381,0.0
1,0.05634335879420104,0.009635765438215229,0.9392112166844403
