Iteration,Energy,Loss Function,Bias
0,0.15557962555624077,0.14700294314185924,0.0
1,0.05634335879420104,0.010616481286844597,0.9393331187430759
