Iteration,Energy,Loss Function,Bias
0,0.12722205378867435,0.1245048064471634,0.0
1,0.10257249255897963,0.11827510402921447,0.16200637765527606
2,0.10257249255897963,0.10695398396271433,0.1693956290429108
3,0.02109013763374931,0.03816510493005662,0.2403362902531711
4,0.01122931301176157,0.027253216016027947,0.287736983985433
5,0.0034690193267164966,0.016632301598545465,0.34255506609210074
6,0.002793265982620927,0.013855595787517957,0.5131462921536153
7,0.000471624635113951,0.011929200182759834,0.5831359365839046
8,0.0006230114881737092,0.01146483998637108,0.6914108529086669
