Iteration,Energy,Loss Function,Bias
0,0.1600765537441322,0.15413227567804486,0.0
1,0.07191283986869203,0.0815389340787072,0.3272773265904087
2,0.022154673960984018,0.024413120875596554,0.6063833075038056
3,0.000339294839758324,0.0055290234840756555,1.1374136650186446
