Iteration,Energy,Loss Function,Bias
0,0.15557962555624077,0.1474974266559945,0.0
1,0.03414524568443016,0.04524243789423227,0.1621643284806027
2,0.006207884193733245,0.0126266582064012,0.4744289027100713
3,0.0011862371567583718,0.006825408673986908,0.5735248512263316
4,0.0007300847668003808,0.006677160070062404,0.8054076343338314
5,0.0007300847668003808,0.006566678956946963,0.8182014100951632
6,0.0006520378564257611,0.006469909993713096,1.0698338462020875
