Iteration,Energy,Loss Function,Bias
0,0.16709597331618908,0.14542802500465,0.0
1,0.04715958384797097,0.00821344847386097,0.9263410767133932
