Iteration,Energy,Loss Function,Bias
0,0.18363694525869495,0.18858065960853718,0.0
1,0.142327893059363,0.13473591539878058,0.06739491856583145
2,0.0643699317403548,0.06527644429200936,0.09421895091099193
3,0.03915793232614368,0.03936530919659761,0.1536189593613135
4,0.014684784081432575,0.0181541359807734,0.1918648926015406
5,0.008385667638034286,0.0058222861195795506,0.23407732297945605
6,0.0002603139635936433,0.000481737426623483,0.29478737770128505
7,0.00026911569637929716,0.0002864870732827298,0.5191088564035873
