Iteration,Energy,Loss Function,Bias
0,0.16709597331618908,0.14621080125337355,0.0
1,0.04715958384797097,0.009189059422025166,0.9265543676440077
