Iteration,Energy,Loss Function,Bias
0,0.16709597331618908,0.15906336501022725,0.0
1,0.05699276415567411,0.060536959393216704,0.11838884341406469
2,0.01615405891349314,0.010589582071377042,0.22368697631937856
3,0.0007945687494744127,-0.004321392593992986,0.3526473362726561
4,0.0004587208754208998,-0.0053034705187233805,0.7076208072999086
5,0.0005099991650750566,-0.005321317926663453,1.201397901655489
