Iteration,Energy,Loss Function,Bias
0,0.1600765537441322,0.14634659914314566,0.0
1,0.06476379105294637,0.0733205157755285,0.3279878100760745
2,0.019028955504152466,0.016047526724905992,0.6090585272478923
3,0.00035496780516255314,-0.0031430421548397838,1.1427533318910599
