Iteration,Energy,Loss Function,Bias
0,0.12722205378867435,0.11388994523884731,0.0
1,0.10377666542142214,0.10928157974862779,0.1619530632786468
2,0.10377666542142214,0.10066510987101468,0.1672576017193115
3,0.025515331944358108,0.03485232118475443,0.22082006089758674
4,0.019150981632665792,0.021855915669766624,0.3183013647249171
5,0.007758766857092603,0.010312054997438048,0.37173837394564146
6,0.0033915401298672556,0.003981535753131095,0.48760639851213683
7,0.0015574542020756058,0.0008280054323627295,0.706935459386133
