Iteration,Energy,Loss Function,Bias
0,0.15557962555624077,0.13879236206951925,0.0
1,0.0883209072741987,0.07289377628253582,0.09356692962059528
2,0.03316003481542368,0.03280218268931933,0.1316651376695095
3,0.01841227789166063,0.017695113381604108,0.19311352759263078
4,0.012059303508705765,0.006471791845688395,0.23639161058924552
5,0.0028059920521148014,-0.0024240140051266313,0.2908710688927238
6,0.0003537492846380891,-0.004816558973092875,0.4029553599315966
7,0.0002913090986119352,-0.005805249461608343,0.46280634367099543
8,0.0003332792817656021,-0.005995290196693403,0.5459166171066658
9,0.0003332792817656021,-0.0061035405810000035,0.6109391229216948
10,0.00024416469299860046,-0.006156103761560246,0.6764473171575044
11,0.00024416469299860046,-0.006180066764124239,0.7257856368836327
12,0.00024416469299860046,-0.006222818867890983,0.8382859654802393
13,0.00024416469299860046,-0.006228097190866384,0.9060701093718906
14,0.00024416469299860046,-0.006230938825354131,0.9869970175031645
