Iteration,Energy,Loss Function,Bias
0,0.12722205378867435,0.1171557144413776,0.0
1,0.06425079156261766,0.07015977256540364,0.02475512018828877
2,0.05162187024113536,0.04989891118988193,0.02880990213093555
3,0.03242684592346422,0.0326154610451444,0.036430092733658284
4,0.031492430013940115,0.03150245321100511,0.061373482988344205
5,0.025489043575959512,0.029540253918660143,0.06340975135709563
6,0.023842464744029738,0.02691329934332444,0.06713142870783616
7,0.023842464744029738,0.02570288967879657,0.07341899065278878
8,0.02179938432884024,0.023490587259517585,0.07753579768942294
9,0.021718244208244298,0.022142334357940937,0.08538024163540366
10,0.018475331863433465,0.01943388355777148,0.09143235626822717
11,0.016140675078148987,0.016472764340924078,0.10720589821033685
12,0.009888803145107431,0.009577274691112511,0.12590236181064002
13,0.005215097640897421,0.005345680985792781,0.17201321172149384
14,0.0033121350418274906,0.004305350143358979,0.2110023859269663
15,0.0026029031726792166,0.0038371909960675413,0.22215860693970177
16,0.0026029031726792166,0.0031568340938538148,0.22746885180821722
17,0.001999402691594312,0.0029058074763881757,0.23831700188889365
18,0.001879133359413264,0.0025118569466399624,0.2440931631886535
19,0.0013673337062109878,0.0018280835257868911,0.2562294044081997
20,0.0012838526335811507,0.0016991055105922556,0.27750225830066894
21,0.0012838526335811507,0.0015111070096638906,0.28345192585385476
22,0.0003302348097590365,0.0006816036680605012,0.3435305211733312
23,0.00035966126932107857,0.0005624543697696191,0.359599733551989
24,0.00045049771185267973,0.0004822744693666976,0.37042275805157543
