Iteration,Energy,Loss Function,Bias
0,0.16709597331618908,0.16250122946656712,0.0
1,0.034968441891678054,0.04307109353884319,0.3055134825390004
2,0.0035767975384998424,0.010860273956446365,0.8922949990640157
3,0.0030459090595874564,0.010776499906414742,1.3519957449129292
