Iteration,Energy,Loss Function,Bias
0,0.18363694525869495,0.1755964235567022,0.0
1,0.011256853350109624,0.030758483572669405,0.31634828635223605
2,0.02515442974710632,0.024232713364245605,0.9870000545362336
3,0.0136799026225892,0.015123102973937479,1.0393015325057648
4,0.002650116921627262,0.010861415308759484,1.194766078548146
