Iteration,Energy,Loss Function,Bias
0,0.16709597331618908,0.15830340185863656,0.0
1,0.034968441891678054,0.038983210729280536,0.3056666187780028
2,0.0035767975384998424,0.0064116870398910905,0.8968844198374635
3,0.0022679955775045933,0.0063472347561685785,1.6688601539117394
4,0.001041655290692361,0.006128851610977318,2.4186445263759353
