Iteration,Energy,Loss Function,Bias
0,0.15557962555624077,0.14981109665925668,0.0
1,0.0910856017109803,0.08220495365949422,0.0933687327704825
2,0.03237529608667955,0.04498277429973898,0.13025985095493348
3,0.020256770452831283,0.031262734520424086,0.18355364457427759
4,0.013616881371717888,0.020392615935673864,0.22511322884272528
5,0.006191678974834233,0.010859956066528294,0.2740264091580519
6,0.0009240797550163641,0.006468224214989532,0.3289399193037151
7,0.0011640618369688552,0.006353301026295523,0.3718968444014421
8,0.0002403530108772687,0.006248348267382023,0.6039436703477008
