Iteration,Energy,Loss Function,Bias
0,0.15557962555624077,0.1525756512565541,0.0
1,0.03535723652044111,0.050577863454155624,0.16202852634951662
2,0.0069362010300396465,0.018376184728928744,0.4810301560172684
3,0.00177480089162546,0.014059008162822172,0.7909479655533718
4,0.0002658118536399991,0.011966831820543944,0.8517725609990181
5,0.00041998295242989694,0.011943462241175722,1.0065209061670741
6,0.0003190335125001994,0.0119409421490831,1.2863002841669002
