Iteration,Energy,Loss Function,Bias
0,0.12722205378867435,0.10858251463468925,0.0
1,0.10377666542142214,0.10489710729028903,0.16189601836995351
2,0.10377666542142214,0.09786172911106993,0.16606811364973276
3,0.038384879089298794,0.03673361070007419,0.2091049872370918
4,0.009776707773635571,0.016910861997656772,0.29143303265082715
5,0.007331484690318172,0.0051450763005059805,0.34686545000434427
6,0.002884550091147472,-0.0015787925439935504,0.4319585881887668
7,0.0004290673570651853,-0.005004054747151296,0.6280492308001902
8,0.0005579732715024418,-0.005077032834742645,0.6811324341585285
