Iteration,Energy,Loss Function,Bias
0,0.1600765537441322,0.15355826074095622,0.0
1,0.058122633344260155,0.009652072824839406,0.9324445368719431
