Iteration,Energy,Loss Function,Bias
0,0.15557962555624077,0.13734097745487536,0.0
1,0.033159269049593,0.03465758843055472,0.16237585301621843
2,0.007422946586090965,0.0021743714358939677,0.45416868927861387
3,0.0005606316226893446,-0.005010492606613005,0.5507422188697695
4,0.0003079543260129991,-0.0053660667183269865,0.8818976337227112
5,0.0003079543260129991,-0.00548374494668777,0.9350182288900315
6,0.0003113542625496975,-0.005595182118347737,1.0399822310156097
