Iteration,Energy,Loss Function,Bias
0,0.15557962555624077,0.13734097745487536,0.0
1,0.033159269049593,0.03462393036213455,0.16237585301621843
2,0.007422946586090965,0.0021036442557219757,0.4542643345756844
3,0.0005606316226893446,-0.005116873704718408,0.5509253872823079
4,0.0003079543260129991,-0.0055269452306630764,0.8820634885119589
5,0.0003113542625496975,-0.00562113096932555,0.9432052942339273
6,0.0003113542625496975,-0.005676664508095628,1.0272708639875527
