Iteration,Energy,Loss Function,Bias
0,0.18363694525869495,0.19446079568567912,0.0
1,0.09049407782248817,0.09705302930679664,0.12368159975827996
2,0.04023319786035571,0.050346950898671354,0.19854240495734263
3,0.0038656916002634636,0.015939591440285533,0.2637598956519753
4,0.0022402002434334513,0.013387702811179845,0.39908707514805974
5,0.0005812823730193366,0.011927192047468308,0.4725302944146181
6,0.0007447707704324193,0.011683961952187056,0.5735090465003443
