Iteration,Energy,Loss Function,Bias
0,0.18363694525869495,0.1712669459449935,0.0
1,0.011103164932804888,0.02630476879208998,0.3164812347409006
2,0.02515442974710632,0.019315645545062304,0.9944643500974033
3,0.013400042700566396,0.009813113953512777,1.0511420942078318
4,0.0007788502589192554,0.006247541634270754,1.2245163849521656
5,0.001490154249132634,0.006047446967484622,1.3788252008738462
