Iteration,Energy,Loss Function,Bias
0,0.18363694525869495,0.18901195013882063,0.0
1,0.09049407782248817,0.09228884752133922,0.12355261574837931
2,0.04531414983982259,0.04536118422838463,0.19856552398150634
3,0.0039749617057473555,0.010517196117534818,0.2646190173188602
4,0.0018514566551195576,0.008501109804932445,0.6744948531165345
5,0.0018781642627486248,0.006890337791801751,0.7193389281625979
