Iteration,Energy,Loss Function,Bias
0,0.16709597331618908,0.14990774664277542,0.0
1,0.034968441891678054,0.03069581378072896,0.3059259383969454
2,0.005358847463433034,-0.0026517350941230606,0.9065452615722789
3,0.0005124129143889093,-0.004118091210989193,1.6954076997865626
