{
    "Calculated Minimum Energy [norm, row]": [
        0.0004992532168907895,
        -2.230162718544135
    ],
    "Corresponding loss function": 0.006895803029887419,
    "Solution for Minimum Energy": [
        -1.0,
        1.0,
        -1.0,
        1.0,
        -1.0,
        1.0,
        1.0,
        -1.0,
        -1.0,
        -1.0,
        1.0,
        1.0,
        1.0,
        -1.0,
        1.0,
        1.0,
        1.0,
        1.0,
        1.0,
        1.0,
        1.0,
        1.0,
        -1.0,
        1.0,
        1.0,
        -1.0,
        1.0,
        1.0,
        1.0,
        -1.0,
        1.0,
        -1.0,
        1.0,
        -1.0,
        1.0,
        -1.0,
        1.0,
        -1.0,
        -1.0,
        1.0,
        1.0,
        1.0,
        1.0,
        1.0,
        1.0,
        -1.0,
        1.0,
        1.0,
        1.0,
        -1.0,
        1.0,
        1.0,
        1.0,
        -1.0,
        1.0,
        -1.0,
        1.0,
        -1.0,
        -1.0,
        -1.0,
        1.0,
        1.0,
        1.0,
        -1.0,
        1.0,
        1.0,
        1.0,
        -1.0,
        -1.0,
        -1.0,
        1.0,
        1.0,
        1.0,
        1.0,
        1.0,
        -1.0,
        1.0,
        1.0,
        1.0,
        1.0,
        1.0,
        1.0,
        1.0,
        1.0,
        -1.0,
        1.0,
        1.0,
        1.0,
        1.0,
        1.0,
        1.0,
        1.0,
        1.0,
        1.0,
        -1.0,
        1.0,
        -1.0,
        1.0,
        -1.0,
        1.0,
        -1.0,
        1.0,
        1.0,
        1.0,
        1.0,
        1.0,
        1.0,
        -1.0,
        1.0,
        1.0,
        1.0,
        1.0,
        1.0,
        1.0,
        1.0,
        -1.0,
        -1.0,
        1.0,
        -1.0,
        -1.0,
        -1.0,
        1.0,
        1.0,
        -1.0,
        1.0,
        1.0,
        1.0,
        -1.0,
        -1.0,
        1.0,
        1.0,
        -1.0,
        1.0,
        1.0,
        1.0,
        1.0,
        1.0,
        1.0,
        1.0,
        1.0,
        1.0,
        -1.0,
        1.0,
        1.0,
        1.0,
        1.0,
        1.0,
        1.0,
        1.0,
        -1.0,
        1.0,
        1.0,
        -1.0,
        -1.0,
        1.0,
        1.0,
        1.0,
        1.0,
        1.0,
        -1.0,
        1.0,
        1.0,
        1.0,
        1.0,
        1.0,
        1.0,
        1.0,
        1.0,
        1.0,
        -1.0,
        1.0,
        1.0,
        1.0,
        1.0,
        -1.0,
        1.0,
        1.0,
        1.0,
        1.0,
        1.0,
        1.0,
        -1.0,
        1.0,
        1.0,
        -1.0,
        1.0,
        1.0,
        1.0,
        -1.0,
        1.0,
        1.0,
        1.0,
        1.0,
        1.0,
        -1.0,
        1.0,
        1.0,
        1.0,
        1.0,
        1.0,
        -1.0,
        1.0,
        1.0,
        -1.0,
        -1.0,
        1.0,
        1.0,
        -1.0,
        1.0,
        1.0
    ],
    "Corresponding exp value": [
        -0.06294644615664796,
        0.016098640262901545,
        -0.037621961521071993,
        0.07598995416959446,
        -0.06492370913795703,
        0.025642119037142697,
        0.10714112934569216,
        -0.07721302061903419,
        -0.08139639189803712,
        -0.08392055878215528,
        0.05613650105228591,
        0.0336525202566942,
        0.014313462196970784,
        -0.01408565382495475,
        0.013305607092839898,
        0.1046544483341642,
        0.011926238437642659,
        0.04120424989603766,
        0.05600949274105185,
        0.05159439589707958,
        0.009316769530735989,
        0.04817817337449894,
        -0.07105310556739716,
        0.07522089377153966,
        0.024809907422506654,
        -0.01295303681500053,
        0.07074828668823714,
        0.026436427614257955,
        0.0015035989038907805,
        -0.04304020128214568,
        0.14673895242907928,
        -0.026664202390948823,
        0.14339603959175587,
        -0.05864312229500809,
        0.14616909132478303,
        -0.014226750420728063,
        0.05483289428500929,
        -0.07643889920025819,
        -0.06022648359960642,
        0.02891408053672007,
        0.05943347039482029,
        0.015825118334317864,
        0.040711063310739454,
        0.04047000956441777,
        0.001991489304893844,
        -0.028519021046596094,
        0.13953111315545222,
        0.09390280482899795,
        0.018845433969859923,
        -0.16747059547900425,
        0.0769820342402562,
        0.01154358681300355,
        0.03560553494873842,
        -0.013120085196272533,
        0.09071636306135518,
        -0.0490320263563253,
        0.051246898649503436,
        -0.08629729523083855,
        -0.02593711798517962,
        -0.02046228345409256,
        0.057549729553696596,
        0.07524417053799863,
        0.028039712096087237,
        -0.09073120837326863,
        0.03145761821978188,
        0.09271682457562737,
        0.08726208363515574,
        -0.05138527196148803,
        -0.04000703321004636,
        -0.14392295907798516,
        0.07544038489223075,
        0.1394598561729193,
        0.005502040814988517,
        0.09422304012599926,
        0.08337621894791297,
        -0.06407953481900934,
        0.06803025551755783,
        0.01278289767154328,
        0.08752044015000543,
        0.08318915689873443,
        0.06022850534311592,
        0.047943060349018775,
        0.00039587661509250674,
        0.033408704253089186,
        -0.033008750363611936,
        0.08460448080931988,
        0.06898447430417769,
        0.0033424484898666672,
        0.06446307011502261,
        0.027560084983904894,
        0.12472035500370658,
        0.06549825582637117,
        0.005123600331636383,
        0.1224518229391277,
        -0.12555365856226233,
        0.10540131517725126,
        -0.006718375678442594,
        0.19389172310623753,
        -0.03875383519029034,
        0.15361508775451743,
        -0.013966548682144987,
        0.10742597273867428,
        0.13718369928855886,
        0.08478316354050357,
        0.07086961610540167,
        0.04903463128337686,
        0.0917260120782628,
        -0.022219072674684606,
        0.04841935281315011,
        0.04549610204248958,
        0.021475575958652973,
        0.0005335976761782223,
        0.0018310792217872754,
        0.10916436645539754,
        0.0733067280482222,
        -0.02873146787615298,
        -0.11035451979069082,
        0.10872978989295656,
        -0.013552531485750094,
        -0.08959594539117663,
        -0.009679968443483991,
        0.018985560003436028,
        0.03640785079277039,
        -0.06295725803071307,
        0.028873309205673395,
        0.12265746404914869,
        0.011750052992695152,
        -0.01351997572955096,
        -0.045879050382315045,
        0.10350532317846514,
        0.06838451542880927,
        -0.08371842951298807,
        0.05140457551709246,
        0.002314561033173602,
        0.016409738914665455,
        0.1550501952618214,
        0.08318725854993066,
        0.07141670598012015,
        0.09659679939602814,
        0.0934236951448604,
        0.045787556185446235,
        -0.01545509478299615,
        0.10201128895247677,
        0.011976532797697356,
        0.08358196615905457,
        0.01232885665905359,
        0.06728377172522086,
        0.1324569706874816,
        6.496952178704056e-05,
        -0.0008725862699408525,
        0.0080638989606585,
        0.09992487623790083,
        -0.18560246096454108,
        -0.05799592312246302,
        0.005668304960977517,
        0.08995575626046777,
        0.026224121225051557,
        0.006205519206785523,
        0.0019360186380091326,
        -0.08542558182386277,
        0.07281382111391793,
        0.056295207909258675,
        0.06910457651420238,
        0.05780720120626161,
        0.02017791180114409,
        0.04943025569399563,
        0.07350768702859425,
