{
    "Calculated Minimum Energy [norm, row]": [
        0.00018971572938745386,
        -2.2349089775092144
    ],
    "Corresponding loss function": 0.00018995826023244394,
    "Solution for Minimum Energy": [
        1.0,
        1.0,
        -1.0,
        1.0,
        1.0,
        1.0,
        -1.0,
        1.0,
        -1.0,
        -1.0,
        -1.0,
        1.0,
        1.0,
        -1.0,
        -1.0,
        1.0,
        1.0,
        -1.0,
        1.0,
        -1.0,
        1.0,
        -1.0,
        1.0,
        -1.0,
        1.0,
        1.0,
        1.0,
        1.0,
        -1.0,
        1.0,
        1.0,
        1.0,
        -1.0,
        1.0,
        -1.0,
        1.0,
        -1.0,
        1.0,
        1.0,
        -1.0,
        1.0,
        1.0,
        -1.0,
        -1.0,
        1.0,
        1.0,
        1.0,
        -1.0,
        1.0,
        1.0,
        1.0,
        1.0,
        1.0,
        1.0,
        1.0,
        1.0,
        1.0,
        -1.0,
        1.0,
        1.0,
        1.0,
        -1.0,
        1.0,
        -1.0,
        -1.0,
        1.0,
        -1.0,
        1.0,
        -1.0,
        1.0,
        -1.0,
        1.0,
        1.0,
        1.0,
        1.0,
        -1.0,
        1.0,
        1.0,
        1.0,
        1.0,
        -1.0,
        1.0,
        1.0,
        1.0,
        -1.0,
        -1.0,
        1.0,
        1.0,
        1.0,
        1.0,
        1.0,
        1.0,
        1.0,
        1.0,
        -1.0,
        1.0,
        1.0,
        1.0,
        1.0,
        1.0,
        -1.0,
        1.0,
        -1.0,
        1.0,
        1.0,
        1.0,
        -1.0,
        1.0,
        1.0,
        -1.0,
        1.0,
        -1.0,
        -1.0,
        1.0,
        1.0,
        -1.0,
        1.0,
        1.0,
        1.0,
        1.0,
        1.0,
        1.0,
        1.0,
        1.0,
        -1.0,
        1.0,
        1.0,
        1.0,
        1.0,
        1.0,
        1.0,
        1.0,
        1.0,
        1.0,
        1.0,
        1.0,
        1.0,
        1.0,
        -1.0,
        1.0,
        1.0,
        1.0,
        1.0,
        1.0,
        1.0,
        1.0,
        1.0,
        1.0,
        -1.0,
        -1.0,
        1.0,
        1.0,
        1.0,
        -1.0,
        1.0,
        1.0,
        1.0,
        1.0,
        -1.0,
        1.0,
        1.0,
        -1.0,
        1.0,
        1.0,
        -1.0,
        1.0,
        1.0,
        1.0,
        1.0,
        1.0,
        -1.0,
        1.0,
        -1.0,
        1.0,
        -1.0,
        1.0,
        1.0,
        1.0,
        -1.0,
        1.0,
        1.0,
        -1.0,
        1.0,
        1.0,
        -1.0,
        1.0,
        1.0,
        -1.0,
        -1.0,
        -1.0,
        -1.0,
        1.0,
        -1.0,
        -1.0,
        -1.0,
        1.0,
        1.0,
        1.0,
        1.0,
        1.0,
        1.0,
        -1.0,
        -1.0,
        -1.0,
        -1.0,
        1.0,
        -1.0,
        -1.0,
        -1.0,
        1.0
    ],
    "Corresponding exp value": [
        0.03009228676281683,
        0.07583810188786085,
        -0.04703949535774876,
        0.09531013948687626,
        0.02061467949718077,
        0.03054305286244755,
        -0.05431084940935599,
        0.07019708017521957,
        -0.09539612751905624,
        -0.09890739768623223,
        -0.004630805884858434,
        0.07361503438790538,
        0.03152021044298374,
        -0.13026640525760577,
        -0.04097752014839214,
        0.041555595112056226,
        0.059356481867990474,
        -0.052202845418190626,
        0.1077447978686137,
        -0.09818055961075432,
        0.11710848418116339,
        -0.06977902885745044,
        0.08120848191967538,
        -0.027723886501139588,
        0.10917756437753008,
        0.12739575009079568,
        0.08960386308777629,
        0.017960089702558104,
        -0.15419577005800275,
        0.1628763659179964,
        0.035100091959677844,
        0.08649979831428962,
        -0.07964281978515557,
        0.03826853619725036,
        -0.08494433590327449,
        0.05448161874245036,
        -0.04595421808704612,
        0.031187827182681666,
        0.0445086036687482,
        -0.04507076577926647,
        0.021219590080380723,
        0.0665072528282831,
        -0.083639931842461,
        -0.07079835960046735,
        0.03962329275387126,
        0.03759479989800131,
        0.07089021550400197,
        -0.09033722771127253,
        0.01570026304371093,
        0.09709590595438732,
        0.04054214719124635,
        0.01908993298994344,
        0.02372430951759696,
        0.027011475993402218,
        0.08026780481340752,
        0.016867217662978617,
        0.031323152012587924,
        -0.03602940015855729,
        0.028887387783226946,
        0.03185777741941535,
        0.051825311091539594,
        -0.1397428776392224,
        0.07695560813836326,
        -0.03823130711563602,
        -0.1235187024141574,
        0.018557750589992195,
        -0.0605760476360354,
        0.03806907736437743,
        -0.0185177309544562,
        0.028881000118961195,
        -0.019424111509821703,
        0.034162044462527484,
        0.011305952944333212,
        0.13916491119862187,
        0.041821201636441284,
        -0.09833499135377624,
        0.05039576185719974,
        0.030183925734621045,
        0.06183979759503773,
        0.04988813858817094,
        -0.040920369170638966,
        0.038673900122313816,
        0.0823495404484984,
        0.07080533270113579,
        -0.030534371285500204,
        -0.06114491675893937,
        0.03955124577385786,
        0.1406924537165682,
        0.04542991091444944,
        0.03687555674575989,
        0.10126764624242608,
        0.04287622425053628,
        0.031685721048000805,
        0.08124737301601241,
        -0.04080792840921379,
        0.15279171255357676,
        0.0410430649369152,
        0.03748783662162265,
        0.08054328722554431,
        0.055013284897701,
        -0.03327458575497832,
        0.029646089611915737,
        -0.041150881932513324,
        0.030483208249096398,
        0.10169738912320635,
        0.12103318228042942,
        -0.06707254920290712,
        0.09257050895875447,
        0.03543366575301369,
        -0.06392493781691398,
        0.02775225897160257,
        -0.046102648131197105,
        -0.04002917887163652,
        0.13756315775137773,
        0.09135975016643127,
        -0.062369518287558816,
        0.032656255293220735,
        0.02934408426649223,
        0.09724553230553375,
        0.0318315592266802,
        0.09301850848575073,
        0.16933551951916975,
        0.0401522240551226,
        0.15018636389162573,
        -0.035604460836250296,
        0.044279271592565624,
        0.07113486624780743,
        0.017050149695290562,
        0.13162878826344152,
        0.04184018169015278,
        0.17916628994489656,
        0.07579256094589695,
        0.04205667155898187,
        0.07812824263589939,
        0.06228534016984964,
        0.04652300842752179,
        0.05233082624851034,
        0.12343119742108945,
        -0.02817355023960589,
        0.024899600675016894,
        0.03731091482844964,
        0.10088504844956526,
        0.053696746719595526,
        0.03377143381430224,
        0.07133453910333437,
        0.07076166624085298,
        0.07315002431488037,
        0.030505507260924186,
        -0.0324074911223287,
        -0.049079716624677236,
        0.039361598278099465,
        0.023379845142809785,
        0.020892672697746403,
        -0.025401799197342194,
        0.05280128036559308,
        0.1198260761065666,
        0.036626283841602304,
        0.06773939165360748,
        -0.1687840383580212,
        0.06269647334245257,
        0.143697129628886,
        -0.0779944024562434,
        0.09605612495642074,
        0.04923225863049781,
        -0.03832755134097789,
        0.038222853341231225,
        0.03944522722751194,
        0.036026791121935214,
