{
    "Calculated Minimum Energy [norm, row]": [
        0.00022585138650695887,
        -2.234354895391582
    ],
    "Corresponding loss function": 0.012553899278401462,
    "Solution for Minimum Energy": [
        -1.0,
        1.0,
        1.0,
        1.0,
        1.0,
        -1.0,
        -1.0,
        1.0,
        -1.0,
        -1.0,
        1.0,
        1.0,
        1.0,
        -1.0,
        1.0,
        1.0,
        1.0,
        1.0,
        1.0,
        -1.0,
        1.0,
        1.0,
        1.0,
        1.0,
        -1.0,
        1.0,
        1.0,
        1.0,
        -1.0,
        -1.0,
        1.0,
        1.0,
        1.0,
        1.0,
        1.0,
        1.0,
        1.0,
        1.0,
        1.0,
        1.0,
        1.0,
        1.0,
        -1.0,
        1.0,
        1.0,
        -1.0,
        1.0,
        1.0,
        -1.0,
        1.0,
        1.0,
        1.0,
        1.0,
        1.0,
        1.0,
        1.0,
        -1.0,
        1.0,
        1.0,
        1.0,
        1.0,
        -1.0,
        1.0,
        1.0,
        -1.0,
        1.0,
        1.0,
        1.0,
        1.0,
        1.0,
        1.0,
        1.0,
        1.0,
        -1.0,
        -1.0,
        1.0,
        1.0,
        1.0,
        -1.0,
        1.0,
        1.0,
        1.0,
        1.0,
        -1.0,
        1.0,
        1.0,
        1.0,
        1.0,
        1.0,
        1.0,
        1.0,
        1.0,
        -1.0,
        1.0,
        1.0,
        1.0,
        1.0,
        -1.0,
        1.0,
        1.0,
        1.0,
        1.0,
        1.0,
        -1.0,
        -1.0,
        1.0,
        -1.0,
        1.0,
        -1.0,
        1.0,
        1.0,
        1.0,
        1.0,
        -1.0,
        1.0,
        -1.0,
        1.0,
        1.0,
        1.0,
        1.0,
        -1.0,
        1.0,
        1.0,
        1.0,
        1.0,
        1.0,
        -1.0,
        1.0,
        1.0,
        -1.0,
        1.0,
        -1.0,
        -1.0,
        1.0,
        1.0,
        -1.0,
        -1.0,
        1.0,
        -1.0,
        1.0,
        1.0,
        -1.0,
        1.0,
        1.0,
        1.0,
        1.0,
        1.0,
        1.0,
        1.0,
        1.0,
        1.0,
        1.0,
        1.0,
        1.0,
        1.0,
        1.0,
        1.0,
        1.0,
        1.0,
        1.0,
        1.0,
        1.0,
        1.0,
        1.0,
        1.0,
        -1.0,
        1.0,
        1.0,
        1.0,
        1.0,
        1.0,
        1.0,
        1.0,
        1.0,
        1.0,
        1.0,
        1.0,
        -1.0,
        1.0,
        1.0,
        1.0,
        1.0,
        1.0,
        1.0,
        1.0,
        -1.0,
        1.0,
        1.0,
        1.0,
        1.0,
        1.0,
        1.0,
        1.0,
        1.0,
        1.0,
        1.0,
        -1.0,
        1.0,
        1.0,
        1.0,
        1.0,
        1.0,
        1.0,
        1.0,
        1.0,
        1.0,
        -1.0,
        1.0,
        1.0,
        1.0
    ],
    "Corresponding exp value": [
        -0.07848705760766295,
        0.04721898347143702,
        0.015790120142355438,
        0.08531485166216562,
        0.06935462711638185,
        -0.06902523531551674,
        -0.021582242560412395,
        0.0639966714830528,
        -0.08073140068474871,
        -0.09115275451722357,
        0.03474561965260815,
        0.09454468085283116,
        0.014301154836461272,
        -0.04736233435369076,
        0.0025593770035651385,
        0.13419658125833658,
        0.0009725833554548086,
        0.10539049092019454,
        0.16105690936100028,
        -0.004437099617378591,
        0.11287529413917538,
        0.016558570673447782,
        0.09944654914382262,
        0.09765951586222613,
        -0.017707605575221125,
        0.04391290188940697,
        0.03640202228726086,
        0.08570362106067728,
        -0.07508833695513714,
        -0.062362116462853584,
        0.16237791113977537,
        0.04335777363505888,
        0.10826247021859389,
        0.021204744729073504,
        0.09018427465278289,
        0.07677702340745768,
        0.012145085571154672,
        0.03855816166781413,
        0.0442281302748348,
        0.013284087404266724,
        0.035537139156615216,
        0.04481656181891912,
        -0.02528002449778546,
        -0.0004914351024903229,
        0.05466978927578439,
        -0.09635538174383276,
        0.04497400170063308,
        0.043338774044692,
        -0.08321271390053586,
        0.01732983569792453,
        0.08200322005083982,
        0.027016384364231393,
        0.12280186398491702,
        0.07145299536537494,
        0.13702862696060084,
        0.04796648130190967,
        -0.09464408542364947,
        0.03829590509353185,
        0.03181341535647495,
        0.04412791359063145,
        0.03511575423364518,
        -0.10363331928469535,
        0.11259245999387615,
        0.08171913965033176,
        -0.015170123141337971,
        0.06554467254618451,
        0.013584817623293574,
        0.05300171232686211,
        0.020937799608918756,
        0.021188021084870556,
        0.07750283716478906,
        0.03180466644008295,
        0.006802619170642113,
        -0.017817868032242886,
        -0.0044493717427338654,
        0.07791159866753691,
        0.04181188068232228,
        0.00979721197846665,
        -0.01964967475610689,
        0.059126833554841315,
        0.11507225317963352,
        0.042523207605541034,
        0.04684510640174299,
        -0.06421003899044786,
        0.11234685898291856,
        0.08510716560299944,
        0.019198854402088926,
        0.08996915981152143,
        0.01099598149200583,
        0.011558174264498997,
        0.054866686198241275,
        0.03907351694911712,
        -0.04857693260745821,
        0.07807917709174789,
        0.00637527724640671,
        0.015904983379023883,
        0.024367845620583712,
        -0.10357694861390597,
        0.07581883379077624,
        0.05015850688938689,
        0.0026847499789286857,
        0.034717360683654795,
        0.15339194193146183,
        -0.016262331495682073,
        -0.05165231553878533,
        0.10651082014825132,
        -0.057682996926858354,
        0.02435836469734261,
        -0.044622743814368725,
        0.043299658892981985,
        0.051494151288289144,
        0.000953958474243432,
        0.04294920146999224,
        -0.04362069284481877,
        -0.0011449295807419713,
        -0.11045530343956399,
        0.02023581072713792,
        0.0686009182769677,
        0.07117324716091125,
        0.05861443796261984,
        -0.06631082911878097,
        0.03626774545892825,
        0.017529041226071206,
        0.10391636117092704,
        0.15063402236376827,
        0.01836484061834691,
        -0.06373832065481327,
        0.05196661655962191,
        0.026009343252006753,
        -0.05587904223376288,
        0.019620300468895582,
        -0.06960012328105913,
        -0.010393019035458407,
        0.011971026650174126,
        0.11541590757957267,
        -0.05742440167952399,
        -0.06758676678266175,
        0.021083115945334983,
        -0.04127302964147105,
        0.043298198036124065,
        0.029367679308997818,
        -0.060953693933619046,
        0.006110593628278758,
        0.05005114354900487,
        0.056425495086012065,
        0.026702400635427267,
        0.08551130971108568,
        0.015333315446197968,
        0.06407116166616478,
        0.0832278262196202,
        0.090539301057844,
        0.05830909120969935,
        0.12280375592422126,
        0.01701445708758473,
        0.029909073993532636,
        0.01604729139853687,
        0.009008515443050494,
        0.07892098555888652,
        0.03865036184510021,
        0.03004898735006095,
        0.08229958711481261,
        0.0223711672195803,
        0.07250232792185826,
        0.15305156111528812,
        0.030424864752608454,
        -0.010008220081814442,
        0.05974191483050741,
        0.1252456338302756,
