{
    "Calculated Minimum Energy [norm, row]": [
        0.0003479505425511589,
        -2.2324827014331774
    ],
    "Corresponding loss function": 0.005978307512196233,
    "Solution for Minimum Energy": [
        -1.0,
        1.0,
        1.0,
        -1.0,
        1.0,
        1.0,
        1.0,
        1.0,
        -1.0,
        1.0,
        1.0,
        1.0,
        -1.0,
        1.0,
        1.0,
        -1.0,
        1.0,
        -1.0,
        1.0,
        1.0,
        1.0,
        1.0,
        1.0,
        -1.0,
        1.0,
        1.0,
        -1.0,
        1.0,
        1.0,
        -1.0,
        -1.0,
        1.0,
        1.0,
        -1.0,
        1.0,
        1.0,
        1.0,
        -1.0,
        1.0,
        -1.0,
        1.0,
        1.0,
        1.0,
        -1.0,
        -1.0,
        1.0,
        -1.0,
        -1.0,
        1.0,
        1.0,
        1.0,
        1.0,
        1.0,
        1.0,
        1.0,
        -1.0,
        1.0,
        1.0,
        1.0,
        1.0,
        1.0,
        -1.0,
        1.0,
        1.0,
        1.0,
        1.0,
        -1.0,
        1.0,
        1.0,
        -1.0,
        1.0,
        1.0,
        1.0,
        1.0,
        1.0,
        1.0,
        1.0,
        1.0,
        1.0,
        1.0,
        1.0,
        1.0,
        1.0,
        1.0,
        1.0,
        1.0,
        1.0,
        1.0,
        1.0,
        1.0,
        1.0,
        -1.0,
        -1.0,
        1.0,
        1.0,
        1.0,
        1.0,
        1.0,
        1.0,
        -1.0,
        1.0,
        1.0,
        1.0,
        1.0,
        1.0,
        1.0,
        1.0,
        1.0,
        1.0,
        1.0,
        1.0,
        1.0,
        1.0,
        1.0,
        1.0,
        1.0,
        1.0,
        1.0,
        1.0,
        1.0,
        1.0,
        1.0,
        1.0,
        1.0,
        1.0,
        1.0,
        1.0,
        1.0,
        1.0,
        1.0,
        1.0,
        1.0,
        1.0,
        1.0,
        1.0,
        -1.0,
        1.0,
        1.0,
        1.0,
        1.0,
        1.0,
        1.0,
        1.0,
        1.0,
        1.0,
        1.0,
        -1.0,
        1.0,
        -1.0,
        1.0,
        1.0,
        1.0,
        1.0,
        -1.0,
        -1.0,
        -1.0,
        1.0,
        -1.0,
        1.0,
        1.0,
        -1.0,
        -1.0,
        1.0,
        -1.0,
        1.0,
        -1.0,
        1.0,
        1.0,
        1.0,
        1.0,
        -1.0,
        1.0,
        -1.0,
        1.0,
        -1.0,
        1.0,
        1.0,
        1.0,
        1.0,
        -1.0,
        1.0,
        1.0,
        1.0,
        1.0,
        1.0,
        1.0,
        -1.0,
        1.0,
        1.0,
        -1.0,
        1.0,
        1.0,
        -1.0,
        -1.0,
        -1.0,
        1.0,
        1.0,
        1.0,
        1.0,
        -1.0,
        1.0,
        -1.0,
        -1.0,
        1.0,
        -1.0,
        1.0,
        1.0,
        -1.0,
        1.0,
        1.0
    ],
    "Corresponding exp value": [
        -0.07315705863576677,
        0.09420160190515772,
        0.011320518648849311,
        -0.09036902429310151,
        0.15406535964808507,
        0.035462463129597034,
        -0.028403688115545916,
        0.017657078084671752,
        -0.048015662584293205,
        0.011117412993001766,
        -0.002081605644307298,
        -0.025674039609289705,
        -0.05478948384626021,
        0.11207903489640864,
        0.015587361593213516,
        -0.04795309591156214,
        0.07724057621278885,
        -0.03580281985266196,
        0.08811910555254424,
        -0.005299887971097293,
        0.1308139899015066,
        -0.02763492208449526,
        0.010721425614247543,
        -0.07594463993572835,
        0.025325985187799327,
        0.1165102359388324,
        -0.15953005935252704,
        0.0613409323050676,
        0.06542625469302078,
        -0.04700419625652647,
        -0.11819279085308163,
        0.12807075110832258,
        -0.019362833230916428,
        -0.03631630387695755,
        -0.027191324059772776,
        0.07911859737192069,
        0.12470765794160789,
        -0.05324446248345887,
        0.04334265845713938,
        -0.09368000563308171,
        0.05876314844962204,
        0.06006977020303752,
        -0.023022953674959934,
        -0.031702011801134355,
        -0.044297194793366405,
        0.06519297305166549,
        -0.0605276664159,
        -0.0977939418891284,
        -0.018896098330052777,
        -0.009494121296563839,
        0.0003702670929747636,
        -0.020731899841853932,
        0.06641869569072582,
        -0.02007259112792925,
        0.0522923734765399,
        -0.03209648517966444,
        0.03890750617110745,
        -0.020806039011301892,
        0.05623987147490069,
        0.038893876697766235,
        0.03429549805704215,
        -0.057873206016112795,
        0.10938919073732509,
        -0.02592541298410664,
        0.0048233897431814235,
        0.07712407302452493,
        -0.11578653511706717,
        0.06565529928245002,
        0.04229916817913629,
        -0.08358904411801013,
        0.037602568886519916,
        0.012598858272473054,
        0.0095071066389837,
        0.044549399653193426,
        0.10519557463870033,
        0.09039779740460743,
        0.0980881120094543,
        -0.02646798676966601,
        0.12494707720020376,
        0.041895512086814045,
        0.013213860688025948,
        0.041737294606833855,
        0.09899839281799187,
        0.08084197022638172,
        -0.023554716646442566,
        0.16878289715575256,
        0.03606583850349225,
        0.12681898677755007,
        -0.0030393461451537684,
        -0.01365338142600794,
        0.12477152399435984,
        -0.10969629323611028,
        -0.03486393171565558,
        0.11500157490276458,
        0.012573997175377025,
        -0.026409223940721736,
        0.11798117758394983,
        0.121882764517898,
        0.07688841193710869,
        -0.048149957691479485,
        0.06982398049932287,
        0.08158481200574642,
        0.02938014610435999,
        0.1433575415139715,
        0.020790945133983434,
        0.06497190475979021,
        0.04428964941082583,
        0.04479403683353856,
        0.12024876295774532,
        0.04179694088676024,
        0.07384581784585764,
        -0.009466736980306848,
        0.042188131160572566,
        0.011621530696254163,
        0.177928678863928,
        0.07568367645091277,
        0.08796513475934996,
        0.07550899181529416,
        0.036090398042420424,
        -0.0009215049589286371,
        0.08765699399907104,
        0.12394950066064786,
        0.045976296121347196,
        0.01036121848492811,
        0.029222582355467028,
        0.035568584105395394,
        0.04356346893372987,
        0.050780545822987286,
        0.07280425328495525,
        0.09351285018089109,
        -0.02492665074112274,
        0.02985810616744957,
        0.04705577256319817,
        0.022947479241369716,
        0.024910478985349312,
        -0.058866418262627215,
        0.11863985592717306,
        0.03226542087439689,
        0.05114436058223657,
        0.04721312140989331,
        0.04560950213994951,
        0.19584523458448375,
        -0.010889624239988342,
        0.01028075813999829,
        0.08043593268802099,
        0.06342147172836696,
        -0.038172144607712684,
        0.020452515110091288,
        -0.09044778518158461,
        -0.024552910559409453,
        0.03477964003355114,
        0.013851381649905539,
        -0.006051861674503647,
        -0.07160580159420936,
        -0.0746272273460877,
        -0.0426227211668576,
        0.021126638015863397,
        -0.04015414597238047,
        0.08264394891511041,
        -0.011489318600193997,
        -0.06801331192030868,
        -0.06287967918850136,
        -0.02034635686310574,
        -0.07204287611248669,
        -0.008395058784376266,
        -0.03666971497380081,
        0.08657122051176265,
