{
    "Calculated Minimum Energy [norm, row]": [
        0.0004587208754208998,
        -2.2307842167369025
    ],
    "Corresponding loss function": -0.005284469858641735,
    "Solution for Minimum Energy": [
        1.0,
        -1.0,
        1.0,
        1.0,
        -1.0,
        1.0,
        -1.0,
        -1.0,
        -1.0,
        -1.0,
        1.0,
        1.0,
        1.0,
        1.0,
        1.0,
        -1.0,
        1.0,
        -1.0,
        1.0,
        -1.0,
        -1.0,
        -1.0,
        1.0,
        1.0,
        1.0,
        -1.0,
        1.0,
        -1.0,
        1.0,
        -1.0,
        1.0,
        1.0,
        -1.0,
        1.0,
        1.0,
        1.0,
        1.0,
        -1.0,
        1.0,
        -1.0,
        -1.0,
        1.0,
        -1.0,
        1.0,
        -1.0,
        1.0,
        -1.0,
        -1.0,
        -1.0,
        -1.0,
        1.0,
        1.0,
        1.0,
        1.0,
        1.0,
        -1.0,
        1.0,
        1.0,
        1.0,
        1.0,
        1.0,
        1.0,
        1.0,
        1.0,
        1.0,
        -1.0,
        -1.0,
        -1.0,
        1.0,
        1.0,
        1.0,
        1.0,
        -1.0,
        -1.0,
        -1.0,
        1.0,
        -1.0,
        1.0,
        -1.0,
        1.0,
        1.0,
        1.0,
        1.0,
        1.0,
        -1.0,
        -1.0,
        1.0,
        1.0,
        1.0,
        -1.0,
        1.0,
        -1.0,
        1.0,
        1.0,
        1.0,
        1.0,
        -1.0,
        -1.0,
        1.0,
        -1.0,
        1.0,
        1.0,
        1.0,
        1.0,
        1.0,
        1.0,
        1.0,
        -1.0,
        -1.0,
        -1.0,
        1.0,
        1.0,
        1.0,
        -1.0,
        1.0,
        -1.0,
        1.0,
        1.0,
        1.0,
        -1.0,
        1.0,
        1.0,
        1.0,
        1.0,
        -1.0,
        1.0,
        1.0,
        1.0,
        1.0,
        1.0,
        -1.0,
        1.0,
        1.0,
        -1.0,
        1.0,
        1.0,
        -1.0,
        1.0,
        1.0,
        1.0,
        1.0,
        1.0,
        -1.0,
        1.0,
        1.0,
        1.0,
        1.0,
        -1.0,
        -1.0,
        -1.0,
        1.0,
        1.0,
        1.0,
        -1.0,
        1.0,
        1.0,
        1.0,
        -1.0,
        -1.0,
        1.0,
        -1.0,
        1.0,
        -1.0,
        1.0,
        1.0,
        -1.0,
        1.0,
        1.0,
        1.0,
        1.0,
        1.0,
        -1.0,
        1.0,
        1.0,
        -1.0,
        1.0,
        1.0,
        1.0,
        1.0,
        1.0,
        1.0,
        -1.0,
        -1.0,
        -1.0,
        1.0,
        1.0,
        -1.0,
        1.0,
        1.0,
        1.0,
        1.0,
        1.0,
        1.0,
        -1.0,
        -1.0,
        1.0,
        1.0,
        1.0,
        1.0,
        -1.0,
        1.0,
        1.0,
        1.0,
        -1.0,
        1.0,
        -1.0,
        1.0,
        -1.0,
        1.0,
        1.0
    ],
    "Corresponding exp value": [
        0.07902468150277642,
        -0.011645484495529464,
        0.054493631606893383,
        0.052400952215325744,
        -0.0461668481263605,
        0.044575373693130735,
        -0.020972292190649743,
        -0.022924866444481447,
        -0.018936648329349832,
        -0.0814122678838004,
        0.00732967529876016,
        0.11713164680660869,
        0.03885788756670207,
        0.011891386421282745,
        0.0007874709273774727,
        -0.04802311146064528,
        0.022397306246468848,
        -0.07159460627770511,
        0.0577727938178733,
        -0.03633877320131822,
        -0.08799352056624882,
        -0.11735731070670909,
        0.020510999657510673,
        0.028716662036430564,
        0.031807331168796915,
        -0.0825514268048016,
        0.015821621780791436,
        -0.05409913590644963,
        0.03668012098628712,
        -0.07990757674834877,
        0.0507841853140092,
        0.1176848130960507,
        -0.02526668282135447,
        0.029398725827733507,
        0.10766285808364655,
        0.06441620372453445,
        0.059447674378630466,
        -0.10531397822020938,
        0.10328679449821251,
        -0.11781869460762816,
        -0.04516810236204016,
        0.07013553743173755,
        -0.02450144078353521,
        0.042319239219328356,
        -0.07531051376534097,
        0.051544206997938324,
        -0.042645390665950245,
        -0.04584847865714464,
        -0.029992401571816207,
        -0.06574637754070091,
        0.10244945005607792,
        0.08791783115412319,
        0.0269308877568463,
        -0.007377081146503414,
        0.1336487756684651,
        -0.10309844234842683,
        0.11656867610878181,
        0.049907443777263916,
        0.130651687286159,
        0.06907491852533292,
        0.05344414830076856,
        0.020651524096617215,
        0.10466213169091387,
        0.06541141952974662,
        0.02108212511976681,
        -0.11797907634816983,
        -0.06791552685732913,
        -0.12537809531880237,
        0.02921615262273991,
        0.06733453911579472,
        0.028916007354676383,
        0.11422405176765937,
        -0.045265390674873236,
        -0.024756571151118626,
        -0.12785753737166983,
        0.03648165032677815,
        -0.09587754996087176,
        0.05801954940253807,
        -0.06839265373866917,
        -0.006386097153899001,
        0.028601749472916677,
        0.0455891836753696,
        0.022237935932687674,
        0.08336539002970629,
        -0.04335801445457562,
        -0.14039316814260813,
        0.008060852273405509,
        -0.0014847486941465607,
        0.11317912202219683,
        -0.03460636955703619,
        0.086041083235574,
        -0.025785283668535587,
        0.007311064580502938,
        0.11230977534548862,
        0.046399005396726915,
        0.0360786226251405,
        -0.09009999769327873,
        -0.10907683520367131,
        0.052416790553277956,
        -0.11715020385927383,
        0.02279916552027638,
        0.03248635116443439,
        0.10900575790163045,
        -0.004428718497522497,
        0.08092378083958203,
        0.16029805374687667,
        0.039547326655776975,
        -0.06768811924067675,
        -0.03949837059545137,
        -0.05154363194173025,
        0.00018385473931281497,
        0.020290303484726824,
        0.13967846223475042,
        -0.0653953448701378,
        0.010447884381243137,
        -0.05584958393788621,
        0.03660769925689869,
        0.03981574117686172,
        0.046350866170484895,
        -0.03669358778183606,
        0.06666030303417508,
        0.06942946168063714,
        0.0339757564186127,
        0.038619077491225326,
        -0.13659710948263024,
        0.05253993950976744,
        0.05252135379858437,
        -0.00719169477909117,
        0.11860486255272465,
        0.004167350397462147,
        -0.12485944662199082,
        0.048136817031541594,
        0.08463902058199169,
        -0.05554279024659118,
        0.065996196796298,
        0.04919794389484999,
        -0.02934918473910446,
        0.08747865324694007,
        0.06598212460954098,
        0.04030486978675014,
        0.10908983044174936,
        0.07527781840096745,
        -0.03308682292859853,
        -0.010636776745380928,
        0.10169666529601763,
        0.041301242758318854,
        0.024214387772711118,
        -0.047367121605902764,
        -0.09159852740006609,
        -0.01508521068766623,
        0.024364181249290615,
        0.04104095895573147,
        0.022684207365452336,
        -0.08870979461014507,
        0.07473056080521998,
        0.0364744973793756,
        0.06933961780944915,
        -0.02954368744925541,
        -0.044028203407597645,
        0.059682517025067126,
        -0.024432755978806453,
        0.0740532793204809,
        -0.055340973998558946,
        0.046402585772289597,
        0.03148420888742331,
        -0.046822602029402416,
        0.06460115693309298,
