{
    "Calculated Minimum Energy [norm, row]": [
        0.00037501728227523254,
        -2.2320676765613694
    ],
    "Corresponding loss function": 0.0004639955812573026,
    "Solution for Minimum Energy": [
        1.0,
        1.0,
        1.0,
        1.0,
        -1.0,
        -1.0,
        -1.0,
        1.0,
        1.0,
        -1.0,
        1.0,
        1.0,
        1.0,
        1.0,
        1.0,
        -1.0,
        1.0,
        1.0,
        1.0,
        -1.0,
        -1.0,
        -1.0,
        -1.0,
        1.0,
        1.0,
        -1.0,
        1.0,
        1.0,
        1.0,
        -1.0,
        1.0,
        1.0,
        1.0,
        -1.0,
        1.0,
        1.0,
        1.0,
        1.0,
        1.0,
        -1.0,
        -1.0,
        -1.0,
        -1.0,
        1.0,
        -1.0,
        1.0,
        -1.0,
        1.0,
        1.0,
        1.0,
        1.0,
        1.0,
        1.0,
        1.0,
        1.0,
        -1.0,
        1.0,
        1.0,
        1.0,
        1.0,
        1.0,
        1.0,
        1.0,
        1.0,
        1.0,
        -1.0,
        -1.0,
        -1.0,
        1.0,
        1.0,
        1.0,
        1.0,
        -1.0,
        1.0,
        -1.0,
        1.0,
        -1.0,
        1.0,
        -1.0,
        1.0,
        1.0,
        1.0,
        1.0,
        1.0,
        1.0,
        1.0,
        -1.0,
        -1.0,
        1.0,
        -1.0,
        1.0,
        1.0,
        1.0,
        1.0,
        1.0,
        1.0,
        -1.0,
        -1.0,
        1.0,
        1.0,
        1.0,
        1.0,
        1.0,
        1.0,
        1.0,
        -1.0,
        1.0,
        1.0,
        -1.0,
        -1.0,
        -1.0,
        -1.0,
        1.0,
        1.0,
        1.0,
        -1.0,
        1.0,
        1.0,
        1.0,
        1.0,
        1.0,
        1.0,
        1.0,
        -1.0,
        1.0,
        1.0,
        1.0,
        1.0,
        1.0,
        1.0,
        -1.0,
        1.0,
        1.0,
        -1.0,
        1.0,
        -1.0,
        -1.0,
        1.0,
        1.0,
        1.0,
        1.0,
        1.0,
        1.0,
        1.0,
        1.0,
        1.0,
        1.0,
        -1.0,
        -1.0,
        1.0,
        1.0,
        -1.0,
        1.0,
        1.0,
        1.0,
        1.0,
        1.0,
        -1.0,
        1.0,
        -1.0,
        1.0,
        1.0,
        -1.0,
        1.0,
        1.0,
        -1.0,
        1.0,
        1.0,
        1.0,
        1.0,
        1.0,
        1.0,
        1.0,
        1.0,
        1.0,
        -1.0,
        1.0,
        1.0,
        1.0,
        1.0,
        1.0,
        1.0,
        -1.0,
        -1.0,
        1.0,
        1.0,
        -1.0,
        1.0,
        1.0,
        1.0,
        1.0,
        1.0,
        1.0,
        1.0,
        -1.0,
        1.0,
        1.0,
        1.0,
        1.0,
        -1.0,
        1.0,
        1.0,
        1.0,
        -1.0,
        1.0,
        -1.0,
        1.0,
        1.0,
        -1.0,
        1.0
    ],
    "Corresponding exp value": [
        0.009736284777022448,
        0.07506936057709607,
        0.02500849221783144,
        0.046996890325666126,
        -0.13091453230213346,
        -0.021481596707873966,
        -0.05450729792002549,
        -0.0031245792545243883,
        0.05171022653971324,
        -0.04885971851092515,
        0.0010475745126701614,
        0.03013081302644889,
        0.018149467385200797,
        0.06623143966791709,
        0.03258487418108053,
        -0.10357470259853532,
        0.10415701931589183,
        0.023128421872919955,
        0.025652578446349633,
        -0.05944047118489935,
        -0.049686258086934755,
        -0.12007136974702032,
        -0.14023856224296383,
        0.09564175430822458,
        0.11371591571859535,
        -0.040959529944362257,
        0.019850209771873746,
        0.04147817198819017,
        0.05890725239467959,
        -0.03618064998474998,
        0.10070065442682494,
        0.0689572746036751,
        0.008093055789229295,
        -0.11070410050753202,
        0.03969612741459932,
        0.08577254230446163,
        0.06593226692247099,
        0.004906365972258272,
        0.11959291665811583,
        -0.10799677352786191,
        -0.04721289625366216,
        -0.11804750835698909,
        -0.07751768128999284,
        0.056608043085589706,
        -0.040043553918595244,
        0.08328059823337462,
        -0.0914280656112795,
        0.0414617839083856,
        0.021994757111985293,
        0.020722235860895673,
        0.040126256861907496,
        0.027189429260802332,
        0.03913796604669146,
        0.06918791822266092,
        0.037534793521477594,
        -0.07412110111834966,
        0.06563715791654692,
        0.04904079725965458,
        0.022739375846519957,
        0.032781106421920864,
        0.09366304476334422,
        0.057574528014372045,
        0.128838874630722,
        0.029995271498161724,
        0.12346825938847236,
        -0.02593810744919206,
        -0.10831034347989635,
        -0.12061094220620314,
        0.039283902058783536,
        0.06918016018167976,
        0.06344725159489395,
        0.042746746346340896,
        -0.05186618605809209,
        0.005063861274261402,
        -0.09730436681309972,
        0.02195568760520642,
        -0.1062586375384566,
        0.0990341202601129,
        -0.07180761547049794,
        0.01169378817579225,
        0.15031311453999346,
        0.07279228282860763,
        0.04488461722783545,
        0.07419567036641259,
        0.047738940857721346,
        0.007040119502225066,
        -0.10883718671442087,
        -0.020530422055229123,
        0.027618093634845187,
        -0.09651237450314719,
        0.08342492397274825,
        0.039330965942204955,
        0.04581398017752,
        0.07526673588722821,
        0.018578305955497896,
        0.06938580889843356,
        -0.0682817392611881,
        -0.046935706133771925,
        0.03317711279977569,
        0.004873121867008218,
        0.024283685248959123,
        0.10004952613967223,
        0.09344547159279619,
        0.011780569106553522,
        0.08039547552982323,
        -0.039279906013040156,
        0.03317061348052234,
        0.024105372940165168,
        -0.05357026045746971,
        -0.06480451528244595,
        -0.11490504800248484,
        -0.029438702528140463,
        0.08222474317954297,
        0.045188518310355294,
        0.028509989894755228,
        -0.021673621110250556,
        0.05408675406671482,
        0.05934649624934056,
        0.02257491020807242,
        0.032476677141784115,
        0.015603177963116254,
        0.036955514506343184,
        0.07758235664160387,
        -0.04438820478466429,
        0.0604932337754916,
        0.044479011540785277,
        0.06828724001011856,
        0.018371073136220422,
        0.09927851049333679,
        0.11617076180053129,
        -0.09481970047600145,
        0.05674526942301583,
        0.03638347052369108,
        -0.039660369393107374,
        0.0628799935876634,
        -0.04234254146167924,
        -0.10083615158510738,
        0.040330155626421504,
        0.06289916567561304,
        0.05225008982630326,
        0.045320199379606886,
        0.03518818991778816,
        0.021045562281444385,
        0.07461913764756443,
        0.026490202347069763,
        0.12657292382921345,
        0.03796679531412417,
        -0.023747122685461246,
        -0.22092392025519703,
        0.022666998419733728,
        0.02400508472212231,
        -0.06776234475208313,
        0.06577951738857697,
        0.03638396477359417,
        0.050155487681903824,
        0.011482268615470935,
        0.03097945237998223,
        -0.08809564228388148,
        0.024188214936695936,
        -0.04162562390172679,
        0.06251424307574385,
        0.07779587879171457,
        -0.08245079556013135,
        0.11088004760565155,
        0.018486928753837503,
        -0.060425945944891896,
        0.031470485555211355,
