{
    "Calculated Minimum Energy [norm, row]": [
        0.0004290673570651853,
        -2.2312389056938917
    ],
    "Corresponding loss function": -0.005004054747151296,
    "Solution for Minimum Energy": [
        -1.0,
        1.0,
        -1.0,
        1.0,
        -1.0,
        1.0,
        -1.0,
        -1.0,
        1.0,
        -1.0,
        -1.0,
        1.0,
        1.0,
        -1.0,
        1.0,
        -1.0,
        1.0,
        -1.0,
        1.0,
        1.0,
        1.0,
        1.0,
        1.0,
        1.0,
        1.0,
        1.0,
        1.0,
        -1.0,
        -1.0,
        -1.0,
        -1.0,
        1.0,
        -1.0,
        1.0,
        1.0,
        -1.0,
        1.0,
        1.0,
        1.0,
        1.0,
        1.0,
        1.0,
        1.0,
        1.0,
        1.0,
        -1.0,
        -1.0,
        -1.0,
        1.0,
        -1.0,
        1.0,
        1.0,
        1.0,
        1.0,
        1.0,
        1.0,
        1.0,
        1.0,
        -1.0,
        -1.0,
        -1.0,
        -1.0,
        1.0,
        -1.0,
        1.0,
        1.0,
        1.0,
        1.0,
        -1.0,
        1.0,
        1.0,
        -1.0,
        1.0,
        1.0,
        1.0,
        -1.0,
        1.0,
        -1.0,
        1.0,
        1.0,
        1.0,
        1.0,
        1.0,
        1.0,
        1.0,
        1.0,
        1.0,
        1.0,
        1.0,
        1.0,
        1.0,
        1.0,
        -1.0,
        1.0,
        -1.0,
        1.0,
        1.0,
        -1.0,
        -1.0,
        1.0,
        -1.0,
        1.0,
        1.0,
        -1.0,
        1.0,
        1.0,
        -1.0,
        1.0,
        -1.0,
        -1.0,
        1.0,
        -1.0,
        1.0,
        -1.0,
        1.0,
        -1.0,
        1.0,
        1.0,
        1.0,
        1.0,
        -1.0,
        -1.0,
        1.0,
        1.0,
        1.0,
        1.0,
        -1.0,
        1.0,
        -1.0,
        1.0,
        -1.0,
        1.0,
        -1.0,
        1.0,
        1.0,
        1.0,
        1.0,
        1.0,
        1.0,
        -1.0,
        -1.0,
        1.0,
        -1.0,
        1.0,
        1.0,
        1.0,
        1.0,
        1.0,
        1.0,
        -1.0,
        1.0,
        -1.0,
        1.0,
        1.0,
        1.0,
        1.0,
        1.0,
        1.0,
        1.0,
        1.0,
        1.0,
        1.0,
        1.0,
        1.0,
        1.0,
        1.0,
        1.0,
        1.0,
        1.0,
        -1.0,
        1.0,
        1.0,
        1.0,
        1.0,
        1.0,
        1.0,
        1.0,
        -1.0,
        1.0,
        1.0,
        1.0,
        1.0,
        -1.0,
        1.0,
        1.0,
        1.0,
        -1.0,
        1.0,
        1.0,
        1.0,
        1.0,
        -1.0,
        1.0,
        1.0,
        1.0,
        1.0,
        -1.0,
        1.0,
        1.0,
        1.0,
        -1.0,
        1.0,
        1.0,
        -1.0,
        1.0,
        1.0,
        1.0,
        1.0,
        -1.0,
        1.0
    ],
    "Corresponding exp value": [
        -0.06163428924155173,
        0.020170914611751172,
        -0.027069091952609804,
        0.05961356288116888,
        -0.015446719368682919,
        0.13948209130790487,
        -0.053474255919157734,
        -0.02604498143252511,
        0.004260090916200607,
        -0.095032869648813,
        -0.05108540241684138,
        0.020236207660003506,
        0.0432979577983446,
        -0.10463330269766141,
        0.06520568498097923,
        -0.10046436913753068,
        0.07212583060359803,
        -0.05403911136631706,
        0.028765024012856678,
        0.01226451980104673,
        0.029729394618276065,
        0.04529021302828108,
        0.09196023455839175,
        0.02935821115440507,
        0.04596771766374601,
        0.05847712351439305,
        0.07753554706234408,
        -0.03390311103634191,
        -0.06107411731182413,
        -0.09288293547407339,
        -0.09970668827128712,
        0.03742468027820227,
        -0.03703206843171962,
        0.027977779218389728,
        0.06021662226020489,
        -0.05762691241633115,
        0.05868218382924491,
        0.07427475412935497,
        -0.00479238469222106,
        0.012110623142936629,
        0.03953599450136655,
        0.0698803785927781,
        0.022357635424539352,
        0.03392595935219522,
        0.08049327986843806,
        -0.02934630416180493,
        -0.0633513069922458,
        -0.050564369008938764,
        0.06858425699537204,
        -0.0535780224555813,
        0.07803566253262442,
        0.10426465441480379,
        0.02812817876797263,
        0.019406881420748878,
        0.029792329343713553,
        0.02100240760408119,
        0.16468925984007624,
        0.05849743462804716,
        -0.10240420864883118,
        -0.053877810333939374,
        -0.062288380060567236,
        -0.033698112933896185,
        0.03199423569036536,
        -0.07619444469473376,
        0.06067509408561732,
        0.04360034173379672,
        0.04707241059832544,
        0.03982530367940431,
        -0.08254794800291765,
        0.00018898179652650194,
        0.002365422276716334,
        -0.022246037257989088,
        -0.008992116357819154,
        0.0008217413289535423,
        0.05565481123573149,
        -0.02388770567748118,
        0.03830247756534234,
        -0.05277258616540495,
        0.14232005442700169,
        0.04150806925337221,
        -0.008014060331294474,
        0.043592500805864,
        0.0740891776168276,
        0.05136858851438336,
        0.06327626000409477,
        0.026740591766939464,
        0.05660602312583794,
        0.07635460564507214,
        0.0354963462210022,
        0.040981135155725885,
        0.0583743807982923,
        0.030751687060117845,
        -0.06862793209726079,
        0.06621792704022329,
        -0.019497048085677544,
        0.06604300202611078,
        0.07581549828299829,
        -0.01141108309807394,
        -0.060188938612979005,
        0.03145681854813141,
        -0.13463451037040733,
        0.07302118113995068,
        0.04016689332870674,
        -0.017492285029494358,
        -0.0008413249179161726,
        0.046606868245769324,
        -0.04498835487346956,
        -0.007387271864614492,
        -0.06107239149922609,
        -0.03429028146728475,
        -0.0001368231465995991,
        -0.05880186657125584,
        0.06239047759608085,
        -0.056968225399169826,
        0.02620544925880809,
        -0.03431421441724085,
        0.02328307221005764,
        0.022788062662362593,
        0.05862344969171592,
        0.01763147764630778,
        -0.01047302734425701,
        -0.08890807096675231,
        0.05856098645602856,
        0.04520996751992837,
        0.012190376970335648,
        0.04546098695967944,
        -0.09738733539222875,
        0.032459218659454274,
        -0.05971057786650933,
        0.06766032243682267,
        -0.027669977676816445,
        0.02929089953855785,
        -0.02697997233540547,
        0.07245528891448404,
        0.0432895071099569,
        0.07762044038894554,
        0.08571198901605218,
        -0.0010705927390694332,
        0.03884856881354751,
        -0.12286020038931253,
        -0.022625770039237623,
        0.012793554510343148,
        -0.03253575749976691,
        0.027784280667687292,
        0.0443328896960198,
        0.11822839234827423,
        0.048480844813879986,
        0.07148993193281918,
        0.06947101950208324,
        -0.09282593541681604,
        0.006782518500538897,
        -0.0654270260082771,
        0.08398165809031666,
        -0.005368362838341563,
        0.1811152643459215,
        0.0026776401255625137,
        0.028545350618979396,
        0.014922503339268492,
        0.021732205895874046,
        0.03819369153523101,
        0.02996929858722533,
        0.047275117970338044,
        0.022949246236343007,
        0.04232713919682747,
        -0.006625165073014116,
        0.013066177879090096,
        0.07483626272132857,
