{
    "Calculated Minimum Energy [norm, row]": [
        0.00028418759481414426,
        -2.2334604035679906
    ],
    "Corresponding loss function": -0.006145207539927341,
    "Solution for Minimum Energy": [
        1.0,
        1.0,
        -1.0,
        1.0,
        1.0,
        1.0,
        -1.0,
        1.0,
        1.0,
        1.0,
        -1.0,
        1.0,
        1.0,
        1.0,
        1.0,
        1.0,
        1.0,
        1.0,
        1.0,
        -1.0,
        1.0,
        1.0,
        1.0,
        1.0,
        1.0,
        1.0,
        1.0,
        1.0,
        -1.0,
        1.0,
        1.0,
        1.0,
        1.0,
        1.0,
        1.0,
        1.0,
        -1.0,
        1.0,
        1.0,
        1.0,
        1.0,
        1.0,
        1.0,
        1.0,
        1.0,
        1.0,
        1.0,
        1.0,
        1.0,
        1.0,
        1.0,
        1.0,
        1.0,
        1.0,
        -1.0,
        -1.0,
        1.0,
        1.0,
        1.0,
        1.0,
        1.0,
        1.0,
        1.0,
        1.0,
        1.0,
        1.0,
        1.0,
        -1.0,
        1.0,
        1.0,
        -1.0,
        1.0,
        -1.0,
        1.0,
        -1.0,
        1.0,
        1.0,
        1.0,
        1.0,
        -1.0,
        1.0,
        -1.0,
        1.0,
        1.0,
        1.0,
        1.0,
        1.0,
        1.0,
        1.0,
        1.0,
        1.0,
        1.0,
        1.0,
        1.0,
        1.0,
        1.0,
        1.0,
        -1.0,
        -1.0,
        -1.0,
        -1.0,
        1.0,
        -1.0,
        1.0,
        -1.0,
        1.0,
        1.0,
        1.0,
        1.0,
        1.0,
        1.0,
        -1.0,
        -1.0,
        1.0,
        -1.0,
        -1.0,
        1.0,
        1.0,
        1.0,
        1.0,
        1.0,
        1.0,
        1.0,
        1.0,
        1.0,
        1.0,
        -1.0,
        1.0,
        1.0,
        -1.0,
        1.0,
        1.0,
        1.0,
        -1.0,
        -1.0,
        -1.0,
        1.0,
        1.0,
        1.0,
        1.0,
        -1.0,
        1.0,
        1.0,
        1.0,
        1.0,
        -1.0,
        -1.0,
        1.0,
        1.0,
        1.0,
        1.0,
        1.0,
        1.0,
        1.0,
        1.0,
        1.0,
        1.0,
        -1.0,
        1.0,
        1.0,
        -1.0,
        1.0,
        1.0,
        1.0,
        1.0,
        1.0,
        1.0,
        1.0,
        1.0,
        1.0,
        -1.0,
        1.0,
        -1.0,
        1.0,
        1.0,
        -1.0,
        1.0,
        -1.0,
        1.0,
        1.0,
        1.0,
        1.0,
        1.0,
        1.0,
        1.0,
        1.0,
        1.0,
        1.0,
        1.0,
        1.0,
        1.0,
        -1.0,
        1.0,
        1.0,
        1.0,
        -1.0,
        1.0,
        -1.0,
        1.0,
        1.0,
        1.0,
        1.0,
        -1.0,
        -1.0,
        1.0,
        1.0,
        -1.0,
        1.0,
        1.0,
        -1.0
    ],
    "Corresponding exp value": [
        0.05835112264473412,
        0.0718298633661859,
        -0.07964090569117889,
        0.1466112850637916,
        0.10095767557607044,
        0.12526480506718418,
        -0.0282792461643345,
        0.021335801932678644,
        0.15128396643071526,
        0.023686240519051494,
        -0.026195501767332874,
        0.016584032298443768,
        0.08350831780705584,
        0.09708425268241745,
        0.11736939631980656,
        0.06457443779498488,
        0.058838347437645086,
        0.013450749631632855,
        0.036382746890293756,
        -0.03728391852042595,
        0.04769881891114741,
        0.1633513614237007,
        0.09669960701433578,
        0.09690927492288816,
        0.10258474439817919,
        0.046718057727357,
        0.13954920632375417,
        0.02543964036834627,
        -0.001888564315801755,
        0.03389528805591035,
        0.13524655630435936,
        0.06696542905365985,
        0.1475920042364962,
        0.1381543705639409,
        0.02688081486577938,
        0.09818368599098119,
        -0.013813107222975962,
        0.08732298809019073,
        0.0062073435378495745,
        0.1108482097943245,
        0.15942406712825719,
        0.10273808453308148,
        0.16662215545472828,
        0.07894629473014211,
        0.07860747828158463,
        0.09731941740049947,
        0.051942119928386724,
        0.03544558743124274,
        0.1306370504317686,
        0.05266998159175909,
        0.14989377657065364,
        0.14074253493446673,
        0.00848566841787829,
        0.11491462755080852,
        -0.014070883390747135,
        -0.049353850086092846,
        0.1954763572022656,
        0.05457234284670094,
        0.08195139744753446,
        0.06560596270771804,
        0.1086181520150688,
        0.08400556742201656,
        0.19701668011006923,
        0.061342465000992726,
        0.011183111067560009,
        0.11961098467168807,
        0.019257621029564603,
        -0.04564640823854681,
        0.09875172035312357,
        0.0373213290615009,
        -0.05123248005433746,
        0.03775956049149245,
        -0.039364318929721795,
        0.03969096329761307,
        -0.08158402325597935,
        0.004492452754206306,
        0.045303511366762375,
        0.05403099023821414,
        0.08946439631104547,
        -0.0070265871415917825,
        0.05464064240289046,
        -0.04532188268816174,
        0.10438577512033226,
        0.024225016319619066,
        0.1242086530543281,
        0.02665478401977739,
        0.11105523189409464,
        0.005051922297750044,
        0.07732828338917656,
        0.024143125629613127,
        0.032620709685274814,
        0.048907221594977186,
        0.007480830354444227,
        0.019841055992759378,
        0.05620811202285641,
        0.0009531036264879638,
        0.012170847500235983,
        -0.07564460397874812,
        -0.05470496732361176,
        -0.05468186300730733,
        -0.03559460534287158,
        0.031023573952965167,
        -0.023620357114906426,
        0.03356697936338812,
        -0.022818812922899553,
        0.009438887468448785,
        0.07778905349229431,
        0.03908522238479526,
        0.06919969710708553,
        0.056944091617610874,
        0.08176854225067526,
        -0.04622095394633152,
        -0.03756979006264057,
        0.09895383789904433,
        -0.04609736873880163,
        -0.047645369365685045,
        0.009291479439902727,
        0.03081655987576775,
        0.03583843708372861,
        0.007390253831080288,
        0.0463540328868191,
        0.01071914294995348,
        0.10686997136371439,
        0.009960892187041758,
        0.006493543503716242,
        0.07675475486813764,
        -0.047620319710489904,
        0.030200323061144223,
        0.009778290522453182,
        -0.029637543057870957,
        0.05475184805657006,
        0.015056467989625823,
        0.021193589160724648,
        -0.016197477859716005,
        -0.02815748716871889,
        -0.007905310259984335,
        0.051898375625716926,
        0.07871031611618882,
        0.05018848535958594,
        0.1207811445966378,
        -0.009626118919158239,
        0.05572628264280063,
        0.17238004477187183,
        0.03161036225400567,
        0.08420794170243862,
        -0.06595965102600322,
        -0.09022800584306657,
        0.031737746692660586,
        0.11232301392388146,
        0.03990659676893014,
        0.007331138901787309,
        0.002548885162629241,
        0.08028572005708176,
        0.10888112558412524,
        0.004594899124640771,
        0.07330713410898963,
        0.13765041266996755,
        -0.053185815898730573,
        0.07532132720313295,
        0.008459506838391438,
        -0.023913383991265594,
        0.08912537685578563,
        0.02286893061975497,
        0.0484036218377284,
        0.08168148317195359,
        0.07593075633346394,
        0.05131904331953053,
        0.06184864372760212,
