{
    "Calculated Minimum Energy [norm, row]": [
        0.00044224625149478537,
        -2.231036828567981
    ],
    "Corresponding loss function": 0.006574865463166197,
    "Solution for Minimum Energy": [
        1.0,
        1.0,
        1.0,
        1.0,
        -1.0,
        -1.0,
        1.0,
        1.0,
        1.0,
        -1.0,
        -1.0,
        1.0,
        1.0,
        -1.0,
        1.0,
        1.0,
        1.0,
        -1.0,
        -1.0,
        -1.0,
        -1.0,
        -1.0,
        1.0,
        -1.0,
        1.0,
        -1.0,
        1.0,
        1.0,
        1.0,
        1.0,
        1.0,
        1.0,
        -1.0,
        -1.0,
        1.0,
        1.0,
        1.0,
        1.0,
        1.0,
        -1.0,
        -1.0,
        1.0,
        -1.0,
        1.0,
        -1.0,
        1.0,
        1.0,
        1.0,
        -1.0,
        1.0,
        1.0,
        1.0,
        1.0,
        1.0,
        1.0,
        -1.0,
        1.0,
        1.0,
        -1.0,
        1.0,
        1.0,
        1.0,
        1.0,
        -1.0,
        -1.0,
        -1.0,
        -1.0,
        1.0,
        1.0,
        1.0,
        -1.0,
        1.0,
        1.0,
        -1.0,
        -1.0,
        1.0,
        -1.0,
        1.0,
        1.0,
        1.0,
        1.0,
        -1.0,
        1.0,
        1.0,
        -1.0,
        1.0,
        1.0,
        1.0,
        1.0,
        -1.0,
        1.0,
        1.0,
        -1.0,
        1.0,
        1.0,
        1.0,
        -1.0,
        1.0,
        -1.0,
        1.0,
        1.0,
        1.0,
        1.0,
        1.0,
        1.0,
        1.0,
        1.0,
        -1.0,
        1.0,
        1.0,
        -1.0,
        1.0,
        1.0,
        -1.0,
        1.0,
        1.0,
        1.0,
        1.0,
        1.0,
        -1.0,
        1.0,
        1.0,
        1.0,
        1.0,
        1.0,
        1.0,
        -1.0,
        1.0,
        -1.0,
        -1.0,
        -1.0,
        1.0,
        1.0,
        1.0,
        1.0,
        1.0,
        -1.0,
        1.0,
        1.0,
        -1.0,
        1.0,
        1.0,
        1.0,
        1.0,
        1.0,
        1.0,
        1.0,
        1.0,
        1.0,
        -1.0,
        1.0,
        1.0,
        1.0,
        -1.0,
        1.0,
        -1.0,
        1.0,
        1.0,
        -1.0,
        1.0,
        1.0,
        1.0,
        1.0,
        1.0,
        1.0,
        1.0,
        1.0,
        1.0,
        1.0,
        1.0,
        1.0,
        1.0,
        1.0,
        1.0,
        1.0,
        1.0,
        1.0,
        1.0,
        1.0,
        1.0,
        1.0,
        -1.0,
        -1.0,
        1.0,
        1.0,
        1.0,
        1.0,
        1.0,
        1.0,
        -1.0,
        1.0,
        1.0,
        1.0,
        1.0,
        1.0,
        1.0,
        1.0,
        1.0,
        1.0,
        -1.0,
        1.0,
        1.0,
        1.0,
        1.0,
        1.0,
        1.0,
        1.0,
        1.0,
        1.0,
        1.0
    ],
    "Corresponding exp value": [
        0.06814723035373325,
        0.04869695885684237,
        0.05161134588597495,
        0.0005309049071074339,
        -0.05785420111018506,
        -0.07006476571067931,
        0.029631329518251145,
        0.07438446301911135,
        0.04816731507188013,
        -0.12191383343839642,
        -0.015682956404163458,
        0.025369078330057453,
        0.0329220435827204,
        -0.07129600948582378,
        0.0393405061511964,
        0.047784515205037945,
        0.014545800189485814,
        -0.06620516772654857,
        -0.11626385335067911,
        -0.031629839728018715,
        -0.011313167348473225,
        -0.1700326264985156,
        0.02386378938363928,
        -0.037909137016568596,
        0.11161497967002816,
        -0.07680536681855821,
        0.02289305713961056,
        0.008433011414200841,
        0.06667591524322065,
        0.01736084092487973,
        0.05514880111389119,
        0.023660771795192933,
        -0.018388506956712902,
        -0.04119970745480054,
        0.050540639399820196,
        0.02459687874285861,
        0.024550258617872734,
        0.0002802707373689298,
        0.10985512540385277,
        -0.036792032527780016,
        -0.04603277989931749,
        0.07895138101664466,
        -0.015419028480948789,
        0.03888191989663612,
        -0.010853599321865377,
        0.07389247034866914,
        0.022478663324597102,
        0.014287429147606143,
        -0.026001164595552895,
        0.02884652517858585,
        0.1714592383225965,
        0.044674415772478125,
        0.04948124024520498,
        0.06662892690441076,
        0.044162374435054254,
        -0.03515108835579732,
        0.05352951492274531,
        0.02773041350352665,
        -0.03434765376180525,
        0.05146983500662934,
        0.02411217948982951,
        0.054773990283788376,
        0.05151462443330693,
        -0.06750587206508508,
        -0.03710366619849005,
        -0.07526926661198512,
        -0.025871937488609654,
        0.0001293570988906258,
        0.055852956519451886,
        0.08690264475580832,
        -0.1114750775603441,
        0.02139127706354728,
        0.008317479093291188,
        -0.06419089400878883,
        -0.08814068262964593,
        -4.325957411537278e-05,
        -0.05623873676142543,
        0.061292056424454476,
        0.03228475464944197,
        0.04680645406842726,
        0.06904733059686509,
        -0.07040625750363579,
        0.10851496860029404,
        0.07102534325567915,
        -0.04256834286010818,
        0.00011608957557603973,
        0.09967991230120346,
        0.06781645253218925,
        0.0002956489683402638,
        -0.061538863618596784,
        0.01636382955924611,
        0.0509192077817463,
        -0.09002328846678857,
        0.06843359503929662,
        0.09612773829422341,
        0.03645948365633404,
        -0.1525594689686223,
        0.04353168118683469,
        -0.026365944995333773,
        0.05894361512028162,
        0.08394147498464913,
        0.03269543812699359,
        0.03666309623558704,
        0.10387779798775293,
        0.04276675077344306,
        0.07411414738390024,
        0.1850114160422528,
        -0.05367951158355235,
        0.028589913472744918,
        0.00030386087212740283,
        -0.07753857567755368,
        -0.00017816437166612645,
        0.07283085245702223,
        -0.01756983904113805,
        0.025719805814548403,
        0.025604390207427226,
        0.019288720184355602,
        0.037497546705494156,
        0.10038628401842328,
        -0.09908096735797242,
        0.03113275944783341,
        0.00040403017138662006,
        0.050164520753685465,
        0.04076019172103325,
        0.020368378942686654,
        0.046856401853447235,
        -0.07092775692400959,
        -7.741676624788054e-05,
        -0.021455733394696832,
        -0.04820638525413641,
        -0.016083000291140452,
        0.06780200559115049,
        0.037087238504747676,
        0.09239691742435789,
        0.053594552962451456,
        0.0002002513018823926,
        -0.08802602514502864,
        0.08174856023721201,
        0.054263950910358724,
        -0.10719858635875569,
        0.0009307177151065475,
        0.055821803184845746,
        0.030366181289035534,
        0.045525807002822154,
        0.06245718334027364,
        0.10544149071624172,
        0.06636187179217612,
        0.038490330565483184,
        0.015390493722860806,
        -0.04226679565678937,
        0.13143322852169634,
        0.0498035629582517,
        0.06422317314394493,
        -0.05122942576967976,
        0.03229911054560955,
        -0.026019407505620946,
        0.08886245163206494,
        3.102260700090301e-05,
        -0.029915342633976306,
        0.03586445093330573,
        0.17419263223583153,
        0.026748567522677767,
        0.02358655872802259,
        0.00023760668336328958,
        0.06706208327403834,
        0.11397730136265248,
        0.02452991662086546,
