{
    "Calculated Minimum Energy [norm, row]": [
        0.0007785636999152115,
        -2.225879942022338
    ],
    "Corresponding loss function": 0.013126801020602617,
    "Solution for Minimum Energy": [
        1.0,
        1.0,
        -1.0,
        1.0,
        1.0,
        1.0,
        1.0,
        1.0,
        1.0,
        1.0,
        1.0,
        1.0,
        1.0,
        -1.0,
        1.0,
        1.0,
        -1.0,
        1.0,
        1.0,
        1.0,
        1.0,
        1.0,
        1.0,
        -1.0,
        1.0,
        1.0,
        1.0,
        1.0,
        1.0,
        1.0,
        1.0,
        -1.0,
        1.0,
        1.0,
        1.0,
        1.0,
        1.0,
        -1.0,
        1.0,
        -1.0,
        1.0,
        1.0,
        -1.0,
        -1.0,
        1.0,
        1.0,
        1.0,
        -1.0,
        1.0,
        1.0,
        -1.0,
        -1.0,
        1.0,
        1.0,
        -1.0,
        1.0,
        -1.0,
        -1.0,
        1.0,
        1.0,
        1.0,
        1.0,
        1.0,
        1.0,
        -1.0,
        1.0,
        -1.0,
        1.0,
        1.0,
        1.0,
        -1.0,
        -1.0,
        -1.0,
        1.0,
        1.0,
        1.0,
        1.0,
        1.0,
        1.0,
        1.0,
        1.0,
        -1.0,
        -1.0,
        1.0,
        1.0,
        1.0,
        1.0,
        1.0,
        1.0,
        1.0,
        1.0,
        -1.0,
        -1.0,
        1.0,
        -1.0,
        1.0,
        -1.0,
        1.0,
        1.0,
        -1.0,
        -1.0,
        1.0,
        -1.0,
        -1.0,
        1.0,
        1.0,
        1.0,
        -1.0,
        -1.0,
        -1.0,
        1.0,
        1.0,
        -1.0,
        1.0,
        1.0,
        1.0,
        1.0,
        -1.0,
        1.0,
        1.0,
        1.0,
        1.0,
        1.0,
        1.0,
        -1.0,
        -1.0,
        1.0,
        -1.0,
        1.0,
        1.0,
        1.0,
        1.0,
        1.0,
        1.0,
        1.0,
        1.0,
        1.0,
        -1.0,
        1.0,
        1.0,
        1.0,
        1.0,
        1.0,
        1.0,
        1.0,
        1.0,
        1.0,
        1.0,
        -1.0,
        1.0,
        1.0,
        -1.0,
        1.0,
        1.0,
        1.0,
        1.0,
        1.0,
        1.0,
        1.0,
        -1.0,
        1.0,
        -1.0,
        1.0,
        -1.0,
        1.0,
        -1.0,
        1.0,
        1.0,
        1.0,
        -1.0,
        -1.0,
        1.0,
        -1.0,
        1.0,
        1.0,
        1.0,
        1.0,
        1.0,
        -1.0,
        1.0,
        1.0,
        1.0,
        1.0,
        -1.0,
        1.0,
        1.0,
        1.0,
        1.0,
        1.0,
        1.0,
        -1.0,
        1.0,
        -1.0,
        1.0,
        1.0,
        1.0,
        1.0,
        1.0,
        1.0,
        1.0,
        1.0,
        1.0,
        -1.0,
        1.0,
        -1.0,
        1.0,
        1.0,
        -1.0,
        1.0,
        -1.0
    ],
    "Corresponding exp value": [
        -0.0002723005025489951,
        0.011130849737518968,
        -0.10012342347692088,
        0.0940266592781408,
        0.009607992424245145,
        0.033095755520164104,
        0.011072839384826002,
        0.0014344416541710462,
        0.015433311759293702,
        -0.002331460031064096,
        0.0522073468195479,
        0.03386229356301587,
        0.05773728861560136,
        -0.03125550855359768,
        0.0933925229573426,
        0.03612315450260695,
        -0.05069451912163975,
        0.045816370113349006,
        0.004595884035483716,
        0.06770245354305185,
        0.05029569114764794,
        0.04479053480236227,
        0.0476297553157069,
        -0.0790134024048475,
        0.010277957374973959,
        0.21102316252417122,
        0.03415793611123946,
        0.03751256050666753,
        0.023115013900211017,
        0.08524237234816459,
        0.010935464749627845,
        -0.13795018574304108,
        0.0335402699536531,
        -0.004483953890330331,
        0.15229111227302608,
        0.02671157848821518,
        0.0030480448081003563,
        -0.13658599320794643,
        0.018382641363756794,
        -0.09456390729078959,
        0.030655764077264707,
        0.041011236170117704,
        -0.11020433571767643,
        -0.1821767364904219,
        0.08212568587504043,
        0.0718459130166513,
        -0.006894566006949849,
        -0.10078743798487547,
        0.006683252838958988,
        0.1307358539517797,
        -0.06089066376594501,
        -0.05168381358362299,
        0.023597035575576377,
        0.006794344185117554,
        -0.05951465733687478,
        -0.005133138936306395,
        -0.08606799449279545,
        -0.13746454043567105,
        0.020928390698512957,
        0.06019495127677964,
        0.008605317290995302,
        0.026748939327297144,
        0.012878297635874197,
        0.14581083828715227,
        -0.18011278365990727,
        0.08017995733128686,
        -0.017333511288356734,
        0.1327516229553474,
        0.05521447810042371,
        0.07979978769803943,
        -0.03246894299714741,
        -0.06723687171580602,
        -0.1073516516428445,
        0.06042324562226571,
        0.1009189106240201,
        -0.01311818537630556,
        0.03335675254497704,
        0.14951422428027794,
        0.0028819159636146786,
        0.09121085493823997,
        0.12813443940477068,
        -0.09514209787074697,
        -0.01696648165735479,
        0.06501688694404596,
        0.028102394878708623,
        0.03845372408284394,
        0.04111101365813639,
        0.12351421745091402,
        0.03737028401215784,
        0.11117282951541937,
        0.019759417317029744,
        -0.09109392733389941,
        -0.08973238967466964,
        0.04169136714176364,
        -0.0463230098487825,
        0.03590740000075531,
        -0.0348225784127857,
        0.11736372340420084,
        0.07941012220173557,
        -0.04924409178265676,
        -0.0810378577263213,
        0.01499517563639468,
        -0.04991352411607939,
        -0.06071753163995664,
        0.007319076955610804,
        0.004430109687649363,
        0.00847436147141244,
        -0.09663481107217596,
        -0.05174551903428415,
        -0.045253051914283256,
        -0.001820541399642659,
        0.0898291113077506,
        -0.026227150317310363,
        0.051428216590865786,
        0.040492859206414475,
        0.015633246107242833,
        -0.003139513207355044,
        -0.023039870256010894,
        0.007332149055981855,
        0.04193495719865795,
        0.050460483697761634,
        0.12826955208205093,
        0.09206845792194267,
        0.12683498763999518,
        -0.022495998686077302,
        -0.16036030513403593,
        0.06806858087306354,
        -0.059582844739534416,
        0.023202897559442152,
        0.01065102282049971,
        0.08544133045375066,
        0.016506336028385468,
        0.09459151566008085,
        0.007442730254952824,
        0.0010134277066380026,
        0.0679917683970146,
        0.011436561576433147,
        -0.033758064136611234,
        0.05871893022698385,
        -0.008392588503049142,
        0.031487666566974146,
        0.06624018569232452,
        0.07807175140425691,
        0.05373296351896666,
        0.013412191977350676,
        0.14945418341420613,
        0.0034946776063675584,
        0.06009924848524109,
        -0.0709250386593881,
        -0.00307363768505083,
        0.05425774995107703,
        -0.051165185842393685,
        0.03241495468154488,
        -0.004764996135332244,
        0.01607675626030347,
        0.08411340354604994,
        0.009355117574917669,
        0.0727311835179761,
        0.14169000585763852,
        -0.05461951932693719,
        0.009035915388284417,
        -0.0760693935333601,
        0.06158385753347189,
        -0.07462807353300309,
        0.008864805510393965,
        -0.0674207007599746,
        0.13372045694364784,
