{
    "Calculated Minimum Energy [norm, row]": [
        0.00016420488697483555,
        -2.2353001452009993
    ],
    "Corresponding loss function": 0.00638428105363033,
    "Solution for Minimum Energy": [
        -1.0,
        1.0,
        1.0,
        1.0,
        1.0,
        -1.0,
        1.0,
        1.0,
        -1.0,
        -1.0,
        1.0,
        1.0,
        1.0,
        1.0,
        1.0,
        1.0,
        1.0,
        1.0,
        1.0,
        -1.0,
        1.0,
        1.0,
        1.0,
        1.0,
        1.0,
        1.0,
        1.0,
        1.0,
        1.0,
        -1.0,
        1.0,
        1.0,
        1.0,
        1.0,
        1.0,
        1.0,
        1.0,
        1.0,
        1.0,
        1.0,
        1.0,
        -1.0,
        1.0,
        1.0,
        1.0,
        -1.0,
        1.0,
        1.0,
        1.0,
        1.0,
        1.0,
        1.0,
        1.0,
        1.0,
        1.0,
        -1.0,
        -1.0,
        1.0,
        1.0,
        1.0,
        -1.0,
        -1.0,
        1.0,
        1.0,
        1.0,
        1.0,
        1.0,
        1.0,
        1.0,
        1.0,
        1.0,
        -1.0,
        1.0,
        1.0,
        1.0,
        1.0,
        1.0,
        1.0,
        1.0,
        1.0,
        1.0,
        1.0,
        1.0,
        1.0,
        1.0,
        1.0,
        1.0,
        -1.0,
        1.0,
        -1.0,
        1.0,
        1.0,
        -1.0,
        1.0,
        1.0,
        1.0,
        -1.0,
        1.0,
        1.0,
        1.0,
        1.0,
        1.0,
        1.0,
        1.0,
        -1.0,
        1.0,
        1.0,
        1.0,
        -1.0,
        -1.0,
        -1.0,
        -1.0,
        1.0,
        1.0,
        -1.0,
        1.0,
        1.0,
        1.0,
        1.0,
        1.0,
        -1.0,
        1.0,
        -1.0,
        1.0,
        1.0,
        -1.0,
        -1.0,
        1.0,
        1.0,
        -1.0,
        1.0,
        1.0,
        -1.0,
        -1.0,
        1.0,
        1.0,
        1.0,
        -1.0,
        -1.0,
        1.0,
        1.0,
        -1.0,
        1.0,
        1.0,
        1.0,
        -1.0,
        1.0,
        1.0,
        1.0,
        1.0,
        1.0,
        1.0,
        1.0,
        1.0,
        1.0,
        1.0,
        1.0,
        1.0,
        -1.0,
        -1.0,
        1.0,
        1.0,
        1.0,
        1.0,
        1.0,
        1.0,
        1.0,
        1.0,
        1.0,
        1.0,
        1.0,
        -1.0,
        1.0,
        1.0,
        1.0,
        -1.0,
        1.0,
        -1.0,
        1.0,
        1.0,
        1.0,
        1.0,
        1.0,
        -1.0,
        1.0,
        -1.0,
        1.0,
        1.0,
        1.0,
        1.0,
        1.0,
        1.0,
        1.0,
        1.0,
        1.0,
        1.0,
        -1.0,
        -1.0,
        1.0,
        1.0,
        -1.0,
        1.0,
        -1.0,
        1.0,
        1.0,
        1.0,
        1.0,
        1.0,
        1.0,
        1.0
    ],
    "Corresponding exp value": [
        -0.04401785084981978,
        0.03490052916058246,
        0.13156786128774686,
        0.08878575299217686,
        0.0005967252547800647,
        -0.05498124080276044,
        0.015375130903002996,
        0.1141953895334932,
        -0.01364914125096059,
        -0.09087660048673579,
        0.017169913311118737,
        0.09678842843315766,
        0.0214224986663179,
        0.04947714711982455,
        0.016458251503870328,
        0.09051431939404195,
        0.12892516955760064,
        0.1297429216114202,
        0.09425383674338272,
        -0.06424698915588467,
        0.0966449509630814,
        0.042562433367167266,
        0.037922662500947134,
        0.04329972624271629,
        0.04037999504502917,
        0.10663014231143356,
        0.011390339129750668,
        0.0012080133669420332,
        0.08185331681825767,
        -0.018446832304983663,
        0.08661327814472464,
        0.021476229561314144,
        0.04355483858471318,
        0.07676392724887471,
        0.06428469674683968,
        0.05757663892273146,
        0.09185597339690366,
        0.0007481178137459634,
        0.05290421877470139,
        0.0005041075200835502,
        0.1352983373620872,
        -0.02384602638140756,
        0.04712409986196857,
        0.0011770688355641499,
        0.038606773868471875,
        -0.05405761901154324,
        0.04007430066173165,
        0.07748056614562396,
        0.024317387891844972,
        0.055561277090923886,
        0.049927096761638784,
        0.09485526783873932,
        0.09056825984625155,
        0.12516120717668106,
        0.06879528876074817,
        -0.060836246266151174,
        -0.013130153483308026,
        0.10315898069604587,
        0.023100951009801782,
        0.03925648948955389,
        -0.04137904618875926,
        -0.059010277855233516,
        0.08241765768253098,
        0.04602361591048351,
        0.045822239160337785,
        0.05663082495500511,
        0.13261399955900813,
        0.022918129086742057,
        -8.42168216586025e-05,
        0.038613642503976205,
        0.012255871233121711,
        -0.04130904089470221,
        0.055898288310076615,
        0.02471825861632875,
        0.014715544124278421,
        0.06041223326667786,
        0.04219688510091934,
        0.013716660407471945,
        0.011161707257189528,
        0.04117895474999177,
        0.012081493035201969,
        0.03731735867971227,
        0.03380960233930021,
        0.07560086752211924,
        0.06633932506163517,
        0.026500889355609576,
        0.024859641900850986,
        -0.024238649467706617,
        0.024214615590766143,
        -0.03741879066271524,
        0.0331147457846161,
        0.0008198814588687277,
        -0.10615754054936452,
        0.08075256535337302,
        0.11726659851572889,
        0.02441561899168255,
        -0.028098137467964846,
        0.018215046573378215,
        0.03821720249039226,
        0.017362039684470545,
        0.04640389038824469,
        0.0009874991123493522,
        0.14449434628160762,
        0.01189636239877776,
        -0.1875861465264799,
        0.05456897920455553,
        1.17991772464166e-05,
        0.08016848395483278,
        -0.05404171142919795,
        -0.02129183192833446,
        -0.018191359205209617,
        -0.0720775004909948,
        0.15920241991872291,
        0.0024448190219881374,
        -0.02825937997123406,
        0.10962781917508159,
        0.05377825963998479,
        0.08777032018648902,
        0.03253971091132867,
        0.07197599386767439,
        -0.03137371519018169,
        0.06690037560017029,
        -0.04292401472472789,
        0.009897544004468914,
        0.06743746464516831,
        -0.043597416802706034,
        -0.08972326389740051,
        0.0007684911226932825,
        0.0007411543064376053,
        -0.010145100621115816,
        0.02591826429032259,
        0.05499243770596596,
        -0.029426813890513027,
        -0.06782784723410269,
        0.0861726828060106,
        0.08268230729010434,
        0.02787676374237699,
        -0.029268460517641176,
        -0.1289282451081331,
        0.0008955867752609026,
        0.03725646310618822,
        -0.02847414375230438,
        0.02930450600222749,
        0.01254077778231608,
        0.010411003665137497,
        -0.013245508462806517,
        0.0285875075731261,
        0.014064629054948286,
        0.0004311635522962114,
        0.020822532370598404,
        0.08003768047407402,
        0.07521039229713168,
        0.018006177804083555,
        0.08538297714548208,
        0.01843860653067965,
        0.05890927424501667,
        0.026776942676645172,
        0.050791013410041067,
        -0.09094414638067415,
        -0.1773950419490188,
        0.10833021350598432,
        0.02709945301808338,
        0.04508302233494574,
        0.045321969901250876,
        0.025854381263250063,
        0.05230917188279894,
        0.02496059250988404,
        0.03724318662675723,
