{
    "Calculated Minimum Energy [norm, row]": [
        0.000347246720714983,
        -2.2324934934077674
    ],
    "Corresponding loss function": 0.00035047873696152787,
    "Solution for Minimum Energy": [
        1.0,
        1.0,
        -1.0,
        1.0,
        1.0,
        1.0,
        1.0,
        -1.0,
        1.0,
        1.0,
        1.0,
        1.0,
        1.0,
        -1.0,
        1.0,
        1.0,
        1.0,
        -1.0,
        -1.0,
        -1.0,
        1.0,
        1.0,
        1.0,
        1.0,
        1.0,
        1.0,
        1.0,
        1.0,
        -1.0,
        -1.0,
        1.0,
        1.0,
        1.0,
        1.0,
        -1.0,
        1.0,
        1.0,
        -1.0,
        1.0,
        1.0,
        1.0,
        1.0,
        -1.0,
        1.0,
        -1.0,
        1.0,
        -1.0,
        1.0,
        1.0,
        1.0,
        1.0,
        1.0,
        1.0,
        -1.0,
        1.0,
        1.0,
        1.0,
        -1.0,
        1.0,
        -1.0,
        1.0,
        -1.0,
        1.0,
        -1.0,
        -1.0,
        1.0,
        -1.0,
        1.0,
        1.0,
        1.0,
        1.0,
        1.0,
        -1.0,
        1.0,
        1.0,
        -1.0,
        1.0,
        1.0,
        1.0,
        1.0,
        1.0,
        1.0,
        1.0,
        -1.0,
        -1.0,
        1.0,
        1.0,
        1.0,
        1.0,
        1.0,
        1.0,
        -1.0,
        1.0,
        1.0,
        1.0,
        1.0,
        1.0,
        1.0,
        -1.0,
        -1.0,
        1.0,
        1.0,
        -1.0,
        1.0,
        1.0,
        1.0,
        -1.0,
        1.0,
        1.0,
        -1.0,
        1.0,
        1.0,
        -1.0,
        1.0,
        1.0,
        1.0,
        1.0,
        1.0,
        1.0,
        1.0,
        1.0,
        1.0,
        1.0,
        -1.0,
        1.0,
        1.0,
        1.0,
        1.0,
        1.0,
        1.0,
        1.0,
        -1.0,
        1.0,
        -1.0,
        1.0,
        1.0,
        1.0,
        -1.0,
        1.0,
        1.0,
        1.0,
        1.0,
        1.0,
        1.0,
        1.0,
        1.0,
        1.0,
        1.0,
        1.0,
        1.0,
        -1.0,
        1.0,
        1.0,
        1.0,
        -1.0,
        1.0,
        1.0,
        1.0,
        1.0,
        -1.0,
        1.0,
        1.0,
        -1.0,
        -1.0,
        1.0,
        1.0,
        1.0,
        1.0,
        1.0,
        1.0,
        1.0,
        1.0,
        -1.0,
        1.0,
        1.0,
        1.0,
        1.0,
        -1.0,
        -1.0,
        1.0,
        1.0,
        -1.0,
        1.0,
        1.0,
        -1.0,
        1.0,
        1.0,
        1.0,
        1.0,
        1.0,
        -1.0,
        1.0,
        -1.0,
        -1.0,
        1.0,
        1.0,
        1.0,
        1.0,
        1.0,
        1.0,
        -1.0,
        -1.0,
        1.0,
        -1.0,
        -1.0,
        1.0,
        1.0,
        -1.0,
        -1.0,
        -1.0
    ],
    "Corresponding exp value": [
        0.08710622126577826,
        0.040634760578832245,
        -0.06836568286950616,
        0.10699645998648676,
        0.0190821474200697,
        0.01700240353954678,
        0.0968496634455044,
        -0.06170883844484376,
        0.03906503371163162,
        0.09544951989472765,
        0.046680663265962284,
        0.013810935554864168,
        0.061215887913081045,
        -0.041949116729554266,
        0.0390907577290855,
        0.03814325381841014,
        0.01947620305238099,
        -0.09271299799154277,
        -0.0006279150008005737,
        -0.1428288354190961,
        0.01648810024297988,
        0.05230670957023683,
        0.07451945868991951,
        0.018658477215583082,
        0.017023663217187703,
        0.08973427364183444,
        0.03852728325840179,
        0.0848214927258396,
        -0.11756545862085298,
        -0.023029036991297453,
        0.017423608671686134,
        0.018206263670798545,
        0.12716724935778825,
        0.07125543626599519,
        -0.10419693429963624,
        0.019279743304108015,
        0.04502479489613958,
        -0.09285715056049317,
        0.035679168020990956,
        0.01540509735444023,
        0.0870759220566913,
        0.04166110859023319,
        -0.11576197574767923,
        0.011688817951594512,
        -0.02627362996605814,
        0.06530839219340913,
        -0.04725946880186157,
        0.04088646679890796,
        0.0793227228019426,
        0.07301275787340548,
        0.0016965262262711028,
        0.016509473700091242,
        0.03371150825215527,
        -0.04964417089129353,
        0.06049114029897857,
        0.01964323556538716,
        0.04840254533102765,
        -0.13296400598020125,
        0.05606775832404153,
        -0.06883803118733786,
        0.036803868440979486,
        -0.050519105240518815,
        0.10338521992182927,
        -0.03300558972953623,
        -0.07015223039233263,
        0.14259454520724424,
        -0.06617052278756393,
        0.06558338802573667,
        0.04567534443997867,
        0.02990785448230109,
        0.07922774667540076,
        0.08678553144886865,
        -0.094519301049544,
        0.02362395755146405,
        0.049247237297767435,
        -0.10584274156433938,
        0.06282003627455897,
        0.0683846815295703,
        0.07821861584234593,
        0.05359698801479325,
        0.03825172211675045,
        0.08128649650693244,
        0.03668108416370654,
        -0.030363407323325882,
        -0.04841936140639255,
        0.048308851712378136,
        0.0781928681767834,
        0.07912483737141214,
        0.05409290173722177,
        0.037678345861125534,
        0.09372195559860068,
        -0.03630837821697318,
        0.03435233469478644,
        0.026983607647829266,
        0.04948905718100807,
        0.043263859389502876,
        0.021754666609414726,
        0.1454334142270085,
        -0.0349991969282713,
        -0.08408448116751559,
        0.15560919423049296,
        0.027664254480105434,
        -0.015486760595249406,
        0.031809319912365436,
        0.040497381066779775,
        0.03423872757255643,
        -0.03598849848499525,
        0.04013736565686776,
        0.08333428638107472,
        -0.029290204042044417,
        0.012298158338068693,
        0.07203066404330241,
        -0.05031900184537964,
        0.015012422720119,
        0.07655505194893807,
        0.02139731274626639,
        0.008694758079767379,
        0.10936982689666064,
        0.06214053661687492,
        0.016429277363657457,
        0.040516777905169596,
        0.04824407260362081,
        0.025569281566905716,
        -0.030143616553484007,
        0.05274412597858027,
        0.021067356825374365,
        0.1571888823826607,
        0.011074261694835956,
        0.04329702378042901,
        0.01913570690055541,
        0.032940312072396026,
        -0.06967144322967238,
        0.04149840350392616,
        -0.02571952731834339,
        0.02003244822179084,
        0.01479185135093567,
        0.03384584960494842,
        -0.03222455910164415,
        0.022057517765410914,
        0.05094923008927694,
        0.023792113535462428,
        0.04982201716887288,
        0.04332088099932846,
        0.055670386035236635,
        0.050345212730605104,
        0.05821939489828409,
        0.02858696925747705,
        0.0760638572963535,
        0.07868769470469969,
        0.12072468020511752,
        -0.08087348562330451,
        0.04528526805846324,
        0.02871151772883775,
        0.09856446449616324,
        -0.02924604943672584,
        0.04143270378546796,
        0.014295597561484425,
        0.03878707130894294,
        0.018860168727207464,
        -0.008491774089189049,
        0.05096329768852943,
        0.13581862463664576,
        -0.029609038420682153,
        -0.012596335128160288,
        0.07283825537201408,
        0.03849811547646055,
        0.0639547685396556,
        0.08250323719634982,
