{
    "Calculated Minimum Energy [norm, row]": [
        0.00036018145689813575,
        -2.2322951600554313
    ],
    "Corresponding loss function": 0.006425748374857496,
    "Solution for Minimum Energy": [
        -1.0,
        1.0,
        -1.0,
        1.0,
        1.0,
        1.0,
        1.0,
        -1.0,
        1.0,
        1.0,
        -1.0,
        -1.0,
        1.0,
        -1.0,
        1.0,
        -1.0,
        -1.0,
        1.0,
        -1.0,
        1.0,
        -1.0,
        1.0,
        1.0,
        1.0,
        1.0,
        1.0,
        1.0,
        1.0,
        1.0,
        -1.0,
        1.0,
        -1.0,
        1.0,
        1.0,
        1.0,
        1.0,
        1.0,
        1.0,
        1.0,
        -1.0,
        1.0,
        -1.0,
        1.0,
        -1.0,
        1.0,
        -1.0,
        -1.0,
        -1.0,
        1.0,
        1.0,
        1.0,
        1.0,
        1.0,
        1.0,
        -1.0,
        -1.0,
        1.0,
        1.0,
        1.0,
        1.0,
        1.0,
        1.0,
        1.0,
        -1.0,
        1.0,
        1.0,
        1.0,
        1.0,
        1.0,
        -1.0,
        1.0,
        -1.0,
        1.0,
        -1.0,
        1.0,
        -1.0,
        1.0,
        -1.0,
        1.0,
        1.0,
        1.0,
        1.0,
        1.0,
        1.0,
        1.0,
        -1.0,
        1.0,
        1.0,
        1.0,
        1.0,
        -1.0,
        1.0,
        -1.0,
        1.0,
        1.0,
        1.0,
        -1.0,
        1.0,
        -1.0,
        1.0,
        -1.0,
        1.0,
        1.0,
        1.0,
        1.0,
        1.0,
        -1.0,
        1.0,
        1.0,
        -1.0,
        1.0,
        -1.0,
        1.0,
        1.0,
        1.0,
        -1.0,
        1.0,
        1.0,
        1.0,
        1.0,
        1.0,
        1.0,
        1.0,
        -1.0,
        -1.0,
        1.0,
        1.0,
        -1.0,
        -1.0,
        1.0,
        -1.0,
        1.0,
        -1.0,
        1.0,
        1.0,
        1.0,
        1.0,
        1.0,
        1.0,
        1.0,
        1.0,
        1.0,
        1.0,
        1.0,
        1.0,
        1.0,
        1.0,
        1.0,
        1.0,
        1.0,
        1.0,
        1.0,
        1.0,
        1.0,
        1.0,
        1.0,
        1.0,
        1.0,
        1.0,
        1.0,
        1.0,
        1.0,
        1.0,
        1.0,
        1.0,
        1.0,
        1.0,
        1.0,
        1.0,
        -1.0,
        1.0,
        1.0,
        1.0,
        1.0,
        1.0,
        1.0,
        1.0,
        1.0,
        1.0,
        1.0,
        1.0,
        1.0,
        1.0,
        1.0,
        1.0,
        1.0,
        -1.0,
        1.0,
        1.0,
        1.0,
        1.0,
        1.0,
        1.0,
        1.0,
        1.0,
        1.0,
        1.0,
        1.0,
        1.0,
        1.0,
        1.0,
        1.0,
        1.0,
        1.0,
        1.0,
        1.0,
        -1.0,
        1.0,
        -1.0,
        1.0
    ],
    "Corresponding exp value": [
        -0.08421320799653761,
        0.057767159410231514,
        -0.11648490970380726,
        0.001361386925683215,
        0.007910103927213566,
        0.1923661498661936,
        0.001416066562930651,
        -0.0017826679752914716,
        0.049463721725477014,
        0.026831999284340883,
        -0.0005839465448628303,
        -0.1268473477708422,
        0.09052383096539171,
        -0.0852337928559766,
        0.0579740043039966,
        -0.05963794063251919,
        -0.04933800220110979,
        0.0009267769567657081,
        -0.0450431644157043,
        0.03845444609041214,
        -0.1840578077047938,
        0.12646059658359327,
        0.10815839450016348,
        0.0013238595385044868,
        0.011570157172407437,
        0.0027011710652520625,
        0.045601661260726664,
        0.0005300702886382562,
        0.07493633530980195,
        -0.054741528950253346,
        0.0031161903110149825,
        -0.055141162909978086,
        0.04752864497368009,
        0.06625740439948156,
        0.019519724766197278,
        0.14560919204669656,
        0.06292789169998672,
        0.034155245114764116,
        0.08107841108576719,
        -0.027961460886997778,
        0.08414502354740905,
        -0.0953433824804504,
        0.042993860080175694,
        -0.006594562279731188,
        0.03279023533755333,
        -0.039163720259949464,
        -0.12242383450828992,
        -0.06763616002347231,
        0.09117483903821452,
        0.04421253978332268,
        0.07657626597693032,
        0.07429390534525973,
        0.09978670673298273,
        0.1145830503701403,
        -0.060004433574623844,
        -0.0011136939639617002,
        0.07866020141533239,
        0.15262579043280794,
        0.0629549542153988,
        0.024867881524845297,
        0.031581118767101846,
        0.045364005246411,
        0.03897126901535587,
        -0.05306323982157968,
        0.09256371867486232,
        0.1286210389924854,
        0.07666049420945717,
        0.17399245806568583,
        0.08472154356446196,
        -0.11075275853964381,
        0.019470360292752835,
        -0.04839973807179751,
        -0.0002575634498593082,
        -0.010213639160897731,
        0.015727003220535198,
        -0.05316995111086283,
        0.142157760675532,
        -0.08475767819173066,
        0.08126328527980287,
        0.09553331070342556,
        0.04660874560031461,
        0.09957949361263287,
        0.11658812601285708,
        0.05967530966304496,
        0.10700909450855145,
        -0.07649296289866639,
        0.03652425615818348,
        0.043357100891017984,
        0.006425555025923372,
        0.08061165280848165,
        -0.07000032658321607,
        0.05396481702050935,
        -0.03272066000130744,
        0.04004094511868677,
        0.05132452530437962,
        0.058264533817408135,
        -0.11936872243767468,
        0.07027888190991421,
        -0.0009727774689851872,
        0.0018672783333437103,
        -0.07601571506963872,
        0.08317787960440609,
        0.06833825648085086,
        0.07342644911539101,
        0.019241565770611598,
        0.05571626582770684,
        -0.009273016636932047,
        0.08553136016563312,
        0.000505546658593516,
        -0.09907106585867637,
        0.09483227090253685,
        -0.07599235692163067,
        0.060235668300751256,
        0.023648651117490684,
        0.01281055061783167,
        -0.18756697178795942,
        0.08112489896550396,
        0.036365535322120404,
        0.0013053065577168072,
        0.058350514355699254,
        0.022552627439651623,
        0.05401304715655637,
        0.14646830259869983,
        -0.13670173845442152,
        -0.06584821416571937,
        0.0654229827142607,
        6.575701312818978e-05,
        -0.0007851525321721692,
        -0.0654952467388772,
        0.06628944969442377,
        -0.008484615789903073,
        0.03751856070091063,
        -0.04957996777884214,
        0.08799558812566068,
        0.0014257482460618932,
        0.007827305609144249,
        0.05411676538975859,
        0.07386784261272333,
        0.037675168983953115,
        0.06308139671146601,
        0.017472918853750245,
        0.08887118652828752,
        0.001575743795500511,
        0.0503630417823579,
        0.045198015481849596,
        0.1181113481611711,
        0.061201762207012726,
        0.07702980470235934,
        0.01676958985594128,
        0.07019666996237443,
        0.1470496925505967,
        0.11752128023051271,
        0.20476186389485423,
        0.13969489586471368,
        0.1625606810367972,
        0.045451040238775456,
        0.04617351043067548,
        0.0511411778001163,
        0.023110878046938087,
        0.059670118417056446,
        0.04450390314401282,
        0.000809886954068329,
        0.06346627463856583,
        0.08690510363146013,
        0.08536397665647934,
        0.09219028300060975,
        0.02937530360297364,
        0.0024610561852491204,
