{
    "Calculated Minimum Energy [norm, row]": [
        0.0010590822091249667,
        -2.2215786423641077
    ],
    "Corresponding loss function": 0.010606667928646453,
    "Solution for Minimum Energy": [
        1.0,
        1.0,
        -1.0,
        1.0,
        -1.0,
        1.0,
        1.0,
        -1.0,
        1.0,
        -1.0,
        -1.0,
        1.0,
        1.0,
        -1.0,
        1.0,
        -1.0,
        1.0,
        -1.0,
        -1.0,
        1.0,
        -1.0,
        1.0,
        1.0,
        1.0,
        1.0,
        1.0,
        1.0,
        -1.0,
        -1.0,
        1.0,
        -1.0,
        1.0,
        1.0,
        1.0,
        -1.0,
        1.0,
        1.0,
        1.0,
        -1.0,
        1.0,
        1.0,
        1.0,
        -1.0,
        1.0,
        1.0,
        -1.0,
        -1.0,
        1.0,
        1.0,
        -1.0,
        1.0,
        1.0,
        1.0,
        1.0,
        1.0,
        -1.0,
        1.0,
        1.0,
        -1.0,
        -1.0,
        -1.0,
        1.0,
        -1.0,
        1.0,
        1.0,
        1.0,
        1.0,
        1.0,
        -1.0,
        1.0,
        1.0,
        -1.0,
        1.0,
        1.0,
        1.0,
        -1.0,
        -1.0,
        1.0,
        1.0,
        1.0,
        1.0,
        1.0,
        1.0,
        -1.0,
        1.0,
        1.0,
        1.0,
        1.0,
        1.0,
        1.0,
        1.0,
        1.0,
        1.0,
        1.0,
        1.0,
        1.0,
        1.0,
        -1.0,
        1.0,
        -1.0,
        -1.0,
        1.0,
        1.0,
        -1.0,
        1.0,
        1.0,
        1.0,
        1.0,
        -1.0,
        1.0,
        -1.0,
        1.0,
        1.0,
        1.0,
        1.0,
        -1.0,
        -1.0,
        -1.0,
        -1.0,
        1.0,
        1.0,
        1.0,
        1.0,
        1.0,
        1.0,
        1.0,
        -1.0,
        1.0,
        1.0,
        1.0,
        1.0,
        1.0,
        1.0,
        1.0,
        1.0,
        -1.0,
        1.0,
        1.0,
        -1.0,
        1.0,
        1.0,
        -1.0,
        1.0,
        1.0,
        1.0,
        -1.0,
        1.0,
        -1.0,
        1.0,
        -1.0,
        1.0,
        1.0,
        1.0,
        1.0,
        1.0,
        1.0,
        1.0,
        1.0,
        1.0,
        1.0,
        1.0,
        1.0,
        1.0,
        1.0,
        1.0,
        -1.0,
        1.0,
        1.0,
        -1.0,
        -1.0,
        1.0,
        1.0,
        1.0,
        1.0,
        1.0,
        1.0,
        -1.0,
        1.0,
        1.0,
        1.0,
        1.0,
        1.0,
        -1.0,
        1.0,
        1.0,
        1.0,
        1.0,
        1.0,
        1.0,
        1.0,
        -1.0,
        1.0,
        1.0,
        1.0,
        1.0,
        1.0,
        -1.0,
        1.0,
        1.0,
        1.0,
        1.0,
        1.0,
        1.0,
        -1.0,
        1.0,
        1.0,
        1.0,
        1.0,
        -1.0,
        1.0
    ],
    "Corresponding exp value": [
        -0.022801156669943,
        0.13114562304722138,
        -0.12289016050019355,
        0.0839555121124328,
        -0.05815661295845628,
        0.1036342560538123,
        0.008778504109609897,
        -0.054989813646881124,
        0.0639270473087568,
        -0.06748850853533064,
        -0.11203269953453168,
        0.10803830093634867,
        0.01003343394532538,
        -0.10943128528320109,
        0.021272596398547415,
        -0.05753588357467626,
        0.0756912440388926,
        -0.08608951526695385,
        -0.02627319779850773,
        0.012019226084494078,
        -0.0783821001511745,
        -0.02427767863883662,
        0.035919667135174235,
        0.005176929005177968,
        0.03731814859871224,
        0.02064065942129306,
        0.08638719941243561,
        -0.09512959194674311,
        -0.055523871181965924,
        0.02992649929298303,
        -0.17812545150340017,
        0.004385706501823438,
        -0.01958507620785585,
        0.008382322185839624,
        -0.03813472522536647,
        0.04686360423550174,
        0.04071775200157995,
        0.13773838874805247,
        -0.05137445924797954,
        0.07481330557823557,
        0.010709139682367835,
        0.12209677998309654,
        -0.03954355641032549,
        -0.014733812874253774,
        0.12894399239254511,
        -0.05199212693360571,
        -0.09918368000395222,
        0.01083820693129628,
        0.050305146025950695,
        -0.03743605907931391,
        0.16884451113808066,
        0.0543232147140148,
        0.06206052098621004,
        -0.00934063237453607,
        0.04039719278283385,
        -0.06509546463644775,
        0.13379863533384434,
        0.04051834641582134,
        -0.07947328757492714,
        -0.08543066941312846,
        -0.1070593834412126,
        0.04279850537511593,
        -0.027029632262124424,
        -0.024272749210466342,
        0.04283481708949267,
        0.09142021836697534,
        0.010327062803209315,
        0.1289862308537368,
        -0.12586976454599955,
        0.04250404363880755,
        0.061412507627048085,
        -0.05230332201086421,
        0.013397748675411669,
        0.08535006647764898,
        0.08498395513535091,
        -0.07046436172444055,
        -0.12264715393894973,
        0.0553983612839496,
        0.06668006033275005,
        0.1723553836260613,
        -0.012201180577298246,
        0.13239285296714232,
        0.0520756129307949,
        -0.045754978586129355,
        0.08518038720852657,
        0.010031571191768281,
        0.055443780215482415,
        0.05492794772242288,
        0.08642420211713282,
        -0.015975394224367924,
        0.06570280550413649,
        -0.0010906496982020998,
        -0.02110885463136458,
        0.07209851222475064,
        -0.021026399939483055,
        0.05702150900295239,
        0.01491182955986875,
        -0.046010699341104175,
        0.04898556818677161,
        -0.08325569269105275,
        -0.04758259415740801,
        0.15620909744614367,
        0.10183306686365312,
        -0.04450932049058907,
        0.00530867229284805,
        0.06680610128719734,
        -0.017691642830335922,
        0.06827987662581031,
        -0.04385095123993582,
        -0.007642644604263204,
        -0.04197450139062938,
        0.00014894684796990594,
        0.036216576848376945,
        -0.021247268218291166,
        0.01600722432677198,
        -0.10192625672321659,
        -0.039717798765388924,
        -0.10451780675157817,
        -0.05717140788564306,
        0.020999368311002513,
        -0.005846762727297049,
        0.024319805109842635,
        0.03966173371177025,
        0.044419241610671706,
        0.08383743598228872,
        0.09533210518926084,
        -0.03717265540940695,
        0.047117495116406435,
        -0.01816061037853663,
        0.031007907042233367,
        0.01661073373034871,
        0.040200234164654944,
        0.023253645729960422,
        0.036470782542848953,
        0.01161182741569994,
        -0.04521120575837792,
        0.061705722128812736,
        0.06840368837772091,
        -0.05943144187441258,
        0.07094620637886288,
        0.010311762558869871,
        -0.036399288698581854,
        0.016877476279587942,
        0.042230586762352904,
        0.05704881056469212,
        -0.06647168994367483,
        -0.01784841655952946,
        -0.03317848261886367,
        -0.006570665570289699,
        -0.0647145862416819,
        0.008422135096872195,
        0.005467268168763221,
        -0.010703340797648554,
        -0.02333383141257703,
        0.17067844116190148,
        0.015280737957728475,
        0.061587781694257285,
        -0.019536079811330088,
        0.01942623841585666,
        0.05429488906982387,
        0.021849027980886112,
        0.035339468892028145,
        0.026997809251876084,
        0.008962524967656597,
        0.003262760972228865,
        -0.03588983640385488,
        0.0914594368127097,
