{
    "Calculated Minimum Energy [norm, row]": [
        0.0010423541315988639,
        -2.2218351404980403
    ],
    "Corresponding loss function": 0.013984510050768333,
    "Solution for Minimum Energy": [
        -1.0,
        1.0,
        1.0,
        1.0,
        1.0,
        -1.0,
        1.0,
        1.0,
        -1.0,
        -1.0,
        1.0,
        1.0,
        1.0,
        -1.0,
        1.0,
        1.0,
        -1.0,
        1.0,
        1.0,
        -1.0,
        1.0,
        1.0,
        1.0,
        1.0,
        -1.0,
        1.0,
        1.0,
        1.0,
        -1.0,
        -1.0,
        1.0,
        1.0,
        1.0,
        -1.0,
        1.0,
        1.0,
        -1.0,
        1.0,
        1.0,
        1.0,
        1.0,
        1.0,
        -1.0,
        1.0,
        1.0,
        -1.0,
        1.0,
        1.0,
        -1.0,
        1.0,
        1.0,
        1.0,
        1.0,
        1.0,
        1.0,
        1.0,
        -1.0,
        1.0,
        1.0,
        1.0,
        -1.0,
        -1.0,
        1.0,
        1.0,
        -1.0,
        1.0,
        1.0,
        1.0,
        1.0,
        1.0,
        1.0,
        1.0,
        -1.0,
        -1.0,
        -1.0,
        1.0,
        1.0,
        1.0,
        1.0,
        1.0,
        1.0,
        1.0,
        1.0,
        -1.0,
        1.0,
        1.0,
        1.0,
        -1.0,
        1.0,
        1.0,
        1.0,
        1.0,
        -1.0,
        1.0,
        1.0,
        1.0,
        -1.0,
        -1.0,
        1.0,
        1.0,
        1.0,
        -1.0,
        1.0,
        -1.0,
        -1.0,
        1.0,
        1.0,
        1.0,
        -1.0,
        1.0,
        -1.0,
        -1.0,
        1.0,
        1.0,
        1.0,
        -1.0,
        1.0,
        1.0,
        1.0,
        1.0,
        -1.0,
        -1.0,
        -1.0,
        1.0,
        1.0,
        1.0,
        -1.0,
        1.0,
        1.0,
        1.0,
        -1.0,
        -1.0,
        -1.0,
        -1.0,
        1.0,
        1.0,
        1.0,
        -1.0,
        -1.0,
        1.0,
        1.0,
        -1.0,
        1.0,
        1.0,
        1.0,
        1.0,
        1.0,
        1.0,
        1.0,
        1.0,
        1.0,
        1.0,
        1.0,
        1.0,
        1.0,
        1.0,
        1.0,
        1.0,
        1.0,
        -1.0,
        1.0,
        1.0,
        1.0,
        1.0,
        1.0,
        -1.0,
        1.0,
        1.0,
        1.0,
        1.0,
        1.0,
        1.0,
        1.0,
        1.0,
        1.0,
        1.0,
        1.0,
        -1.0,
        1.0,
        1.0,
        1.0,
        1.0,
        1.0,
        1.0,
        1.0,
        1.0,
        1.0,
        1.0,
        1.0,
        1.0,
        1.0,
        1.0,
        -1.0,
        1.0,
        1.0,
        1.0,
        -1.0,
        -1.0,
        1.0,
        1.0,
        1.0,
        1.0,
        1.0,
        1.0,
        1.0,
        1.0,
        1.0,
        1.0,
        1.0,
        1.0
    ],
    "Corresponding exp value": [
        -0.0647584890999379,
        0.017259267811750682,
        0.027642931869375453,
        0.06207777692535436,
        0.027753862455136395,
        -0.10201634957381694,
        0.026867179175631264,
        0.05361070939351436,
        -0.08507556707045077,
        -0.10977591387879868,
        0.14263936888607934,
        0.11165183546640506,
        0.017263417183912687,
        -0.05713059424380499,
        0.018937634010213266,
        0.0983477036955456,
        -0.10588103088325893,
        0.08378228653600961,
        0.020361104455508785,
        -0.028394271271178283,
        0.10203465351558705,
        0.03418877631344632,
        0.09330480319434942,
        0.13189369890740285,
        -0.03762858684561738,
        0.09637846898344632,
        0.09157661021938529,
        0.09622777029567944,
        -0.03729146032986922,
        -0.04589371737834943,
        0.05675571913204285,
        0.07403849876439977,
        0.05207654688535156,
        -0.039436483946317165,
        0.15348879237729032,
        0.05504932388251874,
        -0.021807007980221685,
        0.035434176830063606,
        0.07090530002860249,
        0.0976707514332294,
        0.035645327308930226,
        0.016872685839577788,
        -0.044423635643919775,
        0.027171106592678542,
        0.04763636932899714,
        -0.02031254474638117,
        0.03623146041884771,
        0.035991442539443884,
        -0.06651810832722464,
        0.09119450246109637,
        0.05963373691013271,
        0.14383373828677118,
        0.09524353390965806,
        0.026302522783303656,
        0.16002916801712722,
        0.0857774087613444,
        -0.16363509513479754,
        0.005659432239072674,
        0.06915819985148627,
        0.05545154055554541,
        -0.08396503456025642,
        -0.12288129695495954,
        0.04771488018266118,
        0.06739515625157975,
        -0.06485266312118948,
        0.006393126127146768,
        0.06802347531882204,
        0.009068510244899507,
        -0.0008470510612550589,
        0.08731844585844892,
        0.03885952142401137,
        0.018946266238560917,
        -0.035794947905245,
        -0.08877710614739216,
        -0.05532803803638598,
        0.05090867450696414,
        0.027263370021077284,
        0.010691032636531081,
        0.021936020978364598,
        0.03919723688568779,
        0.026864671131210213,
        0.13282946436962653,
        0.023451300984884706,
        -0.059880922470968996,
        0.010398854697130904,
        0.06578114105591305,
        0.08532692084974672,
        -0.04951561707003626,
        0.04393744766022782,
        0.09225352775046639,
        0.05758535188922828,
        0.04239619362318618,
        -0.05709530476619537,
        0.07292150857487005,
        0.04702336171288147,
        0.03524933264580718,
        -0.029114712459769695,
        -0.1036541052629614,
        0.04425981751373595,
        0.040915712398932734,
        0.01568189681992119,
        -0.023233218617753324,
        0.16335023399308496,
        -0.05680865530323809,
        -0.10672374525999456,
        0.04677561820364364,
        0.027768323839273815,
        0.03839195174985522,
        -0.08251360237202676,
        0.03598113046876743,
        -0.04417015015695204,
        -0.06561268695561809,
        0.005157393761803864,
        0.05064538988935136,
        0.00895498636332537,
        -0.05500279784391901,
        0.07789281598732248,
        0.10137979105584391,
        0.09241415721470524,
        0.07326864611699893,
        -0.056102681999802645,
        -0.03587411818621309,
        -0.060073017064261845,
        0.06719118512405256,
        0.14458131364813864,
        0.013410727958901327,
        -0.06353417472952795,
        0.116162161815978,
        0.08068211941979403,
        0.041009353743777725,
        -0.06245846927639325,
        -0.1049352861942099,
        -0.1133433104574487,
        -0.06773181051693423,
        0.0771580189001326,
        0.0902405807720243,
        0.10330938666139212,
        -0.09089562792642249,
        -0.10462013590615629,
        0.09431954129036971,
        0.06712258579724262,
        -0.06477026456815775,
        0.046640695906932914,
        0.0909392464849532,
        0.13460697400983912,
        0.010726270967438934,
        0.13424257140353157,
        0.03948212496109276,
        0.06035934937292849,
        0.010986107958649035,
        0.10199360943269269,
        0.1086659954419632,
        0.043277781172001255,
        0.030975280524592093,
        0.058611823817172753,
        0.04807333444566869,
        0.007042296199883504,
        0.014442952752306925,
        0.025418562830002486,
        -0.07652341430788936,
        0.1269964965784243,
        0.04875736142357388,
        0.021916786229425167,
        0.11589488707360988,
        0.045992908238616535,
        -0.05815114013689161,
        0.041684661552275584,
        0.10045207917460325,
