Iteration,Energy,Loss Function
0,0.19350746208804312,0.19755430530383006
1,0.0008711235575124076,-0.006909613313934225
2,0.0012373613681519284,-0.011765550128880416
3,0.0006006390983495115,-0.015980067966200124
4,0.0006006390983495115,-0.01791442956326628
5,0.0006006390983495115,-0.01827034765231696
6,0.0006006390983495115,-0.018314149574405934
7,0.0006006390983495115,-0.01832460053117753
8,0.0006006390983495115,-0.018332749453628797
9,0.0006006390983495115,-0.018336905292487694
10,0.0006006390983495115,-0.018339673689778683
11,0.0006006390983495115,-0.01834161380909832
12,0.0006006390983495115,-0.018343154639982723
13,0.0006006390983495115,-0.01834424427008138
14,0.0006006390983495115,-0.01834454010076583
15,0.0006006390983495115,-0.018345125672669615
16,0.0006006390983495115,-0.018346172875376678
17,0.0006006390983495115,-0.018347764872177656
18,0.0006006390983495115,-0.01834866735147921
19,0.0006006390983495115,-0.018348892072157393
20,0.0006006390983495115,-0.018348976771637854
21,0.0006006390983495115,-0.018349039040838327
22,0.0006006390983495115,-0.01834909822211426
23,0.0006006390983495115,-0.018349198128153325
24,0.0006006390983495115,-0.01834937582484383
25,0.0006006390983495115,-0.018349691722970757
26,0.0006006390983495115,-0.018350219731223253
27,0.0006006390983495115,-0.018350921643596863
28,0.0006006390983495115,-0.018351240563682064
29,0.0006006390983495115,-0.018351415919271294
