Iteration,Energy,Loss Function
0,0.26696593626859605,0.20471089855703567
1,0.3175224883979577,0.19509558084785683
2,0.015725463373792034,0.15294471603859688
3,0.017116911708576345,0.13880389951149455
4,0.015766694383159016,0.11465762770489547
5,0.015766694383159016,0.10511320433584856
6,0.02133453220569155,0.10201329203382288
7,0.018794002971599583,0.10030132505540167
8,0.018794002971599583,0.09944675873099719
9,0.018794002971599583,0.09909373058266199
10,0.018794002971599583,0.09888481336529802
11,0.018794002971599583,0.09877330505804237
12,0.018794002971599583,0.09867554267996065
13,0.018794002971599583,0.09860115651400525
14,0.018794002971599583,0.09855004770085789
15,0.018794002971599583,0.09851186471945172
16,0.018794002971599583,0.09847899451206653
17,0.018794002971599583,0.09845232826924523
18,0.018794002971599583,0.09843284160827451
19,0.018794002971599583,0.09842048590023887
20,0.018794002971599583,0.0984129164062017
21,0.018794002971599583,0.09840758873906426
22,0.018794002971599583,0.0984035133203815
23,0.018794002971599583,0.09840047816394308
24,0.018794002971599583,0.09839803599737844
25,0.018794002971599583,0.09839560059659051
26,0.018794002971599583,0.09839275098712418
27,0.018794002971599583,0.09838951893465109
28,0.018794002971599583,0.09838634353096716
29,0.018794002971599583,0.09838351342719161
30,0.018794002971599583,0.09838074705748572
31,0.018794002971599583,0.0983776338979396
32,0.018794002971599583,0.09837404407692434
33,0.018794002971599583,0.09837011042220559
34,0.018794002971599583,0.09836627230016409
35,0.018794002971599583,0.09836321239040707
36,0.018794002971599583,0.09836132626143368
37,0.018794002971599583,0.09836020700891095
38,0.018794002971599583,0.09835939107572018
39,0.018794002971599583,0.09835881729920073
40,0.018794002971599583,0.09835849424162224
41,0.018794002971599583,0.09835833415738686
42,0.018794002971599583,0.09835825160573299
43,0.018794002971599583,0.09835820481581323
44,0.018794002971599583,0.0983581756381
45,0.018794002971599583,0.09835815489725348
46,0.018794002971599583,0.0983581393185099
47,0.018794002971599583,0.09835812513090328
48,0.018794002971599583,0.09835811494025107
49,0.018794002971599583,0.09835810874602176
50,0.018794002971599583,0.09835810597832582
51,0.018794002971599583,0.0983581047969122
52,0.018794002971599583,0.0983581041161361
53,0.018794002971599583,0.09835810360172899
54,0.018794002971599583,0.09835810324843292
