Iteration,Energy,Loss Function
0,0.26696593626859605,0.2045505352586686
1,0.3175224883979577,0.19399583034693665
2,0.012702920266402885,0.15803375771542824
3,0.017116911708576345,0.14013295670795867
4,0.015766694383159016,0.11356390368038002
5,0.015766694383159016,0.10530341631049957
6,0.02133453220569155,0.10159032591457064
7,0.018794002971599583,0.09961822603078631
8,0.018794002971599583,0.09863264128811966
9,0.018794002971599583,0.09826851471042548
10,0.018794002971599583,0.09803250405230493
11,0.018794002971599583,0.0979029304616201
12,0.018794002971599583,0.0977865938582729
13,0.018794002971599583,0.09770064845206816
14,0.018794002971599583,0.09764028610616834
15,0.018794002971599583,0.09759418292037843
16,0.018794002971599583,0.09755460872730776
17,0.018794002971599583,0.09752357079282394
18,0.018794002971599583,0.0975021377508805
19,0.018794002971599583,0.09748919028078588
20,0.018794002971599583,0.09748121660673881
21,0.018794002971599583,0.09747556229093787
22,0.018794002971599583,0.09747143160159169
23,0.018794002971599583,0.09746847136171527
24,0.018794002971599583,0.09746600724128872
25,0.018794002971599583,0.09746338320866407
26,0.018794002971599583,0.09746030407603458
27,0.018794002971599583,0.09745700646111034
28,0.018794002971599583,0.0974540040289808
29,0.018794002971599583,0.0974513847032773
30,0.018794002971599583,0.09744872686727095
31,0.018794002971599583,0.09744566101409563
32,0.018794002971599583,0.0974421035058575
33,0.018794002971599583,0.09743831984586719
34,0.018794002971599583,0.09743493907140129
35,0.018794002971599583,0.09743263228276328
36,0.018794002971599583,0.09743138751240607
37,0.018794002971599583,0.09743065811105553
38,0.018794002971599583,0.0974301355364929
39,0.018794002971599583,0.09742978534445365
40,0.018794002971599583,0.09742958728147397
41,0.018794002971599583,0.09742948811032566
42,0.018794002971599583,0.09742944224726996
43,0.018794002971599583,0.09742941917426348
44,0.018794002971599583,0.09742940422007199
45,0.018794002971599583,0.09742939232235279
46,0.018794002971599583,0.09742938193652013
47,0.018794002971599583,0.09742937420684347
48,0.018794002971599583,0.09742936936052884
49,0.018794002971599583,0.09742936705888419
50,0.018794002971599583,0.0974293660753814
51,0.018794002971599583,0.09742936554296008
