Iteration,Energy,Loss Function
0,0.19350746208804312,0.20180761257990174
1,0.0008711235575124076,-0.007300941110148855
2,0.0008711235575124076,-0.011218811658985714
3,0.0008711235575124076,-0.015519317575236544
4,0.0008711235575124076,-0.017953409848812035
5,0.0008711235575124076,-0.017976919582741634
6,0.0008711235575124076,-0.018014884673014212
7,0.0008711235575124076,-0.018046325766305195
8,0.0008711235575124076,-0.018050005529725868
9,0.0008711235575124076,-0.018052250891799786
10,0.0008711235575124076,-0.018056441097305614
11,0.0008711235575124076,-0.018063591016792085
12,0.0008711235575124076,-0.018073323586067395
13,0.0008711235575124076,-0.01807681411311749
14,0.0008711235575124076,-0.018078829744102534
15,0.0008711235575124076,-0.018079810091435954
16,0.0008711235575124076,-0.018080298938891962
17,0.0008711235575124076,-0.01808043478790758
18,0.0008711235575124076,-0.018080435819358733
19,0.0008711235575124076,-0.018080437743471456
20,0.0008711235575124076,-0.018080441388116306
21,0.0008711235575124076,-0.01808044818891431
22,0.0008711235575124076,-0.01808046026844055
23,0.0008711235575124076,-0.01808047885640604
24,0.0008711235575124076,-0.01808049046139547
25,0.0008711235575124076,-0.01808049284003367
26,0.0008711235575124076,-0.0180804946261896
27,0.0008711235575124076,-0.018080497145564832
28,0.0008711235575124076,-0.018080500938725933
29,0.0008711235575124076,-0.018080507049806304
30,0.0008711235575124076,-0.018080517439978464
31,0.0008711235575124076,-0.018080535816352824
32,0.0008711235575124076,-0.018080568669598264
33,0.0008711235575124076,-0.018080626285957142
34,0.0008711235575124076,-0.018080721109484072
35,0.0008711235575124076,-0.01808084627700051
