Iteration,Energy,Loss Function
0,0.3246518017687675,0.2815063983424107
1,0.07164097439043578,0.061066751447569984
2,0.054860073784529874,0.016375453778281118
3,0.008098338744769687,-0.005408767918170274
4,0.008098338744769687,-0.010192364562464182
5,0.007644140667338677,-0.010679351251354458
6,0.007644140667338677,-0.011120114117172711
7,0.007644140667338677,-0.011234560011743968
8,0.007644140667338677,-0.011257258208895794
9,0.007644140667338677,-0.011285695173347536
10,0.007644140667338677,-0.011296135094180043
11,0.007644140667338677,-0.011301746681875228
12,0.007644140667338677,-0.011304052545089486
13,0.007644140667338677,-0.011304750235817266
14,0.007644140667338677,-0.01130483988318494
15,0.007644140667338677,-0.011304869078817581
16,0.007644140667338677,-0.011304923193475938
17,0.007644140667338677,-0.011305024085661839
18,0.007644140667338677,-0.011305208487540373
19,0.007644140667338677,-0.011305527643956495
20,0.007644140667338677,-0.011306013025592752
21,0.007644140667338677,-0.011306383299727076
22,0.007644140667338677,-0.011306632428552168
23,0.007644140667338677,-0.011306854564035112
24,0.007644140667338677,-0.011307052124408143
25,0.007644140667338677,-0.01130719333960022
26,0.007644140667338677,-0.01130725095932132
27,0.007644140667338677,-0.01130726833996638
28,0.007644140667338677,-0.011307289404570998
29,0.007644140667338677,-0.011307322801694164
30,0.007644140667338677,-0.011307365985167442
31,0.007644140667338677,-0.011307400867329979
32,0.007644140667338677,-0.011307443578301175
33,0.007644140667338677,-0.011307500046973354
34,0.007644140667338677,-0.01130759242328826
35,0.007644140667338677,-0.01130773822834462
36,0.007644140667338677,-0.011307895911191248
