Iteration,Energy,Loss Function
0,0.3246518017687675,0.2783320476678842
1,0.15450777606473248,0.1396897654175012
2,0.04219132482644853,0.023180406960899163
3,0.010509056012326892,0.0030569790326038246
4,0.018615538947376605,-0.0002854492613566848
5,0.0031742819704527977,-0.013828919160082945
6,0.0031742819704527977,-0.013829320395133236
7,0.0031742819704527977,-0.0147133765240692
8,0.0031742819704527977,-0.015334588487308301
9,0.0031742819704527977,-0.015573772294774586
10,0.0031742819704527977,-0.015719756762592994
11,0.0031742819704527977,-0.0157337312006224
12,0.0031742819704527977,-0.015753953374419722
13,0.0031742819704527977,-0.015763527337389907
14,0.0031742819704527977,-0.015768003382827828
15,0.0031742819704527977,-0.01577027797683357
16,0.0031742819704527977,-0.01577149435005237
17,0.0031742819704527977,-0.015772442414212138
18,0.0031742819704527977,-0.015773936266463277
19,0.0031742819704527977,-0.01577532309907371
20,0.0031742819704527977,-0.015775985967951663
21,0.0031742819704527977,-0.015776326878922234
22,0.0031742819704527977,-0.015776490156423136
23,0.0031742819704527977,-0.01577661334965903
24,0.0031742819704527977,-0.01577672562998739
25,0.0031742819704527977,-0.015776809643469544
26,0.0031742819704527977,-0.015776864013161987
27,0.0031742819704527977,-0.01577689784153918
28,0.0031742819704527977,-0.015776931979586822
29,0.0031742819704527977,-0.015776987303072726
30,0.0031742819704527977,-0.01577707681881686
31,0.0031742819704527977,-0.01577721207123553
32,0.0031742819704527977,-0.015777347690009044
33,0.0031742819704527977,-0.015777492326008155
34,0.0031742819704527977,-0.015777586907084997
35,0.0031742819704527977,-0.01577761596856783
36,0.0031742819704527977,-0.0157776446245229
37,0.0031742819704527977,-0.01577766159914801
38,0.0031742819704527977,-0.015777669066121262
39,0.0031742819704527977,-0.015777673730464525
40,0.0031742819704527977,-0.01577767693112021
41,0.0031742819704527977,-0.01577767957085794
42,0.0031742819704527977,-0.015777680978929044
43,0.0031742819704527977,-0.015777681739409265
44,0.0031742819704527977,-0.015777683092986647
45,0.0031742819704527977,-0.0157776855836181
46,0.0031742819704527977,-0.015777690205997955
47,0.0031742819704527977,-0.01577769873311459
48,0.0031742819704527977,-0.015777714165453434
49,0.0031742819704527977,-0.015777741089215525
50,0.0031742819704527977,-0.01577778489711618
51,0.0031742819704527977,-0.015777839175221894
