Iteration,Energy,Loss Function
0,0.31715481742193236,0.249369845102637
1,0.2745312023638496,0.19479818400929308
2,0.0656253366387351,0.08597518092755345
3,0.0656253366387351,0.07345345123194676
4,0.00944337886799655,-0.006490360213112105
5,0.00944337886799655,-0.009311177746815988
6,0.00944337886799655,-0.009377651469977145
7,0.00944337886799655,-0.009415901851425637
8,0.00944337886799655,-0.009466431647952581
9,0.00944337886799655,-0.009486992864175077
10,0.00944337886799655,-0.009497861550196501
11,0.00944337886799655,-0.009502798189069687
12,0.00944337886799655,-0.009505197683954197
13,0.00944337886799655,-0.009506381499862396
14,0.00944337886799655,-0.009507006731189378
15,0.00944337886799655,-0.00950736334450616
16,0.00944337886799655,-0.009507579372427851
17,0.00944337886799655,-0.009507705236378285
18,0.00944337886799655,-0.009507781188049532
19,0.00944337886799655,-0.00950787544759418
20,0.00944337886799655,-0.009508032314583593
21,0.00944337886799655,-0.009508274291697323
22,0.00944337886799655,-0.009508467160101942
23,0.00944337886799655,-0.009508564600912461
24,0.00944337886799655,-0.009508609681436346
25,0.00944337886799655,-0.009508626755599011
26,0.00944337886799655,-0.009508636425356855
27,0.00944337886799655,-0.009508647530019074
28,0.00944337886799655,-0.009508657783595527
29,0.00944337886799655,-0.009508663229225651
30,0.00944337886799655,-0.009508665838445061
31,0.00944337886799655,-0.009508668855957216
32,0.00944337886799655,-0.009508673992710636
33,0.00944337886799655,-0.009508683014913626
34,0.00944337886799655,-0.009508698702840782
35,0.00944337886799655,-0.009508724217744164
36,0.00944337886799655,-0.009508759208436924
37,0.00944337886799655,-0.009508788176817636
