Iteration,Energy,Loss Function
0,0.26696593626859605,0.20487126185540272
1,0.31752248839795777,0.19616053240939035
2,0.015725463373792034,0.14803162314241397
3,0.017116911708576345,0.1362633596131324
4,0.015766694383159054,0.11568734423170564
5,0.015766694383159054,0.10479336746659368
6,0.021334532205691606,0.1023913747782323
7,0.018794002971599544,0.10092498049788379
8,0.018794002971599544,0.10027303790399385
9,0.018794002971599544,0.09992032467258638
10,0.018794002971599544,0.09974661035600481
11,0.018794002971599544,0.09964764641754804
12,0.018794002971599544,0.0995660069051791
13,0.018794002971599544,0.09950084127979433
14,0.018794002971599544,0.09945803000601396
15,0.018794002971599544,0.09942674017556219
16,0.018794002971599544,0.09940017152686219
17,0.018794002971599544,0.0993781659694555
18,0.018794002971599544,0.09936144750328846
19,0.018794002971599544,0.09935039442858769
20,0.018794002971599544,0.09934356042996913
21,0.018794002971599544,0.09933875275100658
22,0.018794002971599544,0.09933496321729059
23,0.018794002971599544,0.09933200515554529
24,0.018794002971599544,0.09932960134079181
25,0.018794002971599544,0.09932728550068343
26,0.018794002971599544,0.0993246249357523
27,0.018794002971599544,0.0993215667435299
28,0.018794002971599544,0.09931847721173065
29,0.018794002971599544,0.09931566225229861
30,0.018794002971599544,0.09931289142302692
31,0.018794002971599544,0.09930974514073823
32,0.018794002971599544,0.09930609696361135
33,0.018794002971599544,0.09930205528463473
34,0.018794002971599544,0.09929789923924674
35,0.018794002971599544,0.09929413833891589
36,0.018794002971599544,0.0992914818280687
37,0.018794002971599544,0.09928989074563824
38,0.018794002971599544,0.0992887392857012
39,0.018794002971599544,0.09928786543313994
40,0.018794002971599544,0.09928734863901821
41,0.018794002971599544,0.09928711523345825
42,0.018794002971599544,0.09928698341837601
43,0.018794002971599544,0.09928690053111568
44,0.018794002971599544,0.09928683603003224
45,0.018794002971599544,0.09928680881477171
46,0.018794002971599544,0.09928677885793179
47,0.018794002971599544,0.09928675899346832
48,0.018794002971599544,0.09928674052994757
49,0.018794002971599544,0.09928672825840436
50,0.018794002971599544,0.09928672139026833
51,0.018794002971599544,0.09928671870353512
52,0.018794002971599544,0.09928671748405851
53,0.018794002971599544,0.09928671663969608
54,0.018794002971599544,0.09928671598663429
55,0.018794002971599544,0.09928671554541883
