Iteration,Energy,Loss Function
0,0.31715481742193236,0.24930728009828926
1,0.2745312023638496,0.1879176324906917
2,0.0656253366387351,0.07833249967687198
3,0.0656253366387351,0.06801523083663699
4,0.00944337886799655,-0.004899827015280827
5,0.00944337886799655,-0.009384717412463736
6,0.00944337886799655,-0.009494223817066631
7,0.00944337886799655,-0.00949534023046822
8,0.00944337886799655,-0.009497305299202757
9,0.00944337886799655,-0.009500302273322046
10,0.00944337886799655,-0.00950246713668923
11,0.00944337886799655,-0.009503844518277446
12,0.00944337886799655,-0.00950484521797077
13,0.00944337886799655,-0.009505600421076154
14,0.00944337886799655,-0.009506231243977868
15,0.00944337886799655,-0.009506810552784023
16,0.00944337886799655,-0.009507333782618796
17,0.00944337886799655,-0.009507500798440757
18,0.00944337886799655,-0.009507546840615552
19,0.00944337886799655,-0.009507566345304527
20,0.00944337886799655,-0.009507736968615614
21,0.00944337886799655,-0.0095080229890831
22,0.00944337886799655,-0.0095084241564802
23,0.00944337886799655,-0.009508596586842541
24,0.00944337886799655,-0.009508702812606174
25,0.00944337886799655,-0.00950875924168878
