Iteration,Energy,Loss Function
0,0.26696593626859605,0.27156502931946463
1,0.18025748289102236,0.1847055309953411
2,0.19636603183539458,0.18284635583743214
3,0.16227065595551743,0.165771232754521
4,0.008400768627315073,0.01014448339605702
5,0.00528776080745427,0.006741745125750853
6,0.00528776080745427,0.005463648015472548
7,0.00528776080745427,0.005294502065979304
8,0.00528776080745427,0.005291325653867613
9,0.00528776080745427,0.0052862157135020816
10,0.004037253673810882,0.004088884568380944
11,0.004037253673810882,0.004088423139818677
12,0.004037253673810882,0.00407232424489396
13,0.004037253673810882,0.004053065571572092
14,0.004037253673810882,0.004045744866525684
15,0.004037253673810882,0.004041721978274869
16,0.004037253673810882,0.004039810239497752
17,0.004037253673810882,0.0040388620415014705
18,0.004037253673810882,0.004038427438619691
19,0.004037253673810882,0.004038258760728013
20,0.004037253673810882,0.004038211585368958
21,0.004037253673810882,0.0040381948794765265
22,0.004037253673810882,0.004038169404593484
23,0.004037253673810882,0.004038125017407923
24,0.004037253673810882,0.0040380467047166045
25,0.004037253673810882,0.0040379146579947985
26,0.004037253673810882,0.0040377473434732416
27,0.004037253673810882,0.004037687598805207
28,0.004037253673810882,0.004037591891341947
29,0.004037253673810882,0.004037504559575071
30,0.004037253673810882,0.004037469096269124
31,0.004037253673810882,0.004037450140298464
32,0.004037253673810882,0.004037442738722839
33,0.004037253673810882,0.004037440913089396
34,0.004037253673810882,0.004037440553841304
35,0.004037253673810882,0.004037440123381021
36,0.004037253673810882,0.0040374393522796944
37,0.004037253673810882,0.004037437931492514
38,0.004037253673810882,0.004037435300871975
39,0.004037253673810882,0.004037430476448189
40,0.004037253673810882,0.004037421833127579
41,0.004037253673810882,0.004037406969308073
42,0.004037253673810882,0.004037383031559586
43,0.004037253673810882,0.004037352639524941
44,0.004037253673810882,0.004037327624280198
