Iteration,Energy,Loss Function
0,0.3246518017687675,0.29578475232641277
1,0.0680161371865412,0.08957602923728801
2,0.0680161371865412,0.05423786126726063
3,0.0021563983444184225,0.0037373511320246177
4,0.0021563983444184225,0.002382413452632533
5,0.0021563983444184225,0.0023090540344377027
6,0.0021563983444184225,0.002283524068446161
7,0.0021563983444184225,0.002242061620599488
8,0.0021563983444184225,0.0022025967670193545
9,0.0021563983444184225,0.002188857005767477
10,0.0021563983444184225,0.0021821053801944434
11,0.0021563983444184225,0.0021777967534780548
12,0.0021563983444184225,0.0021731425588862583
13,0.0021563983444184225,0.002168507379383863
14,0.0021563983444184225,0.002164803634448726
15,0.0021563983444184225,0.0021620419742199937
16,0.0021563983444184225,0.0021598046972563013
17,0.0021563983444184225,0.0021574587289427518
18,0.0021247339830838177,0.0021432550630031367
19,0.0021247339830838177,0.002143010974560956
20,0.0021247339830838177,0.002133742583402036
21,0.0021247339830838177,0.0021264538796412573
22,0.0021247339830838177,0.002126228848910201
23,0.0021247339830838177,0.002125946116145938
24,0.0021247339830838177,0.0021258897804681065
25,0.0021247339830838177,0.002125810769015891
26,0.0021247339830838177,0.002125715167308525
27,0.0021247339830838177,0.0021256876196321427
28,0.0021247339830838177,0.002125680669895548
29,0.0021247339830838177,0.002125668816434776
30,0.0021247339830838177,0.0021256476629902305
31,0.0021247339830838177,0.0021256094666234444
32,0.0021247339830838177,0.0021255415871002338
33,0.0021247339830838177,0.002125427588782487
34,0.0021247339830838177,0.0021252661487091737
35,0.0021247339830838177,0.0021251939083065546
36,0.0021247339830838177,0.0021251580121569177
37,0.0021247339830838177,0.0021251226241129424
