Iteration,Energy,Loss Function
0,0.31715481742193236,0.2986029693979666
1,0.2745312023638496,0.21447291565862825
2,0.0656253366387351,0.11036094761238953
3,0.062200210591255724,0.10771200858677439
4,0.058413147439379934,0.10246538896317413
5,0.0535003468659133,0.0943872439536986
6,0.0535003468659133,0.0923494369947421
7,0.0535003468659133,0.09030289188021319
8,0.024634572467728735,0.06174890524259335
9,0.024634572467728735,0.06106032770196852
10,0.024634572467728735,0.06064690155070596
11,0.024634572467728735,0.05962114583125292
12,0.025601697212415786,0.05887991552415166
13,0.017544279361323814,0.0552038462930074
14,0.003430936453535004,0.03780034204556152
15,0.003430936453535004,0.037779464311081076
16,0.003430936453535004,0.03774673765819014
17,0.003430936453535004,0.03770153851503853
18,0.003430936453535004,0.03766341546387393
19,0.003430936453535004,0.037642074621777655
20,0.0038995589510871427,0.03594563903504409
21,0.0038995589510871427,0.03594518601427135
22,0.00330718897390744,0.03134034689895257
23,0.00330718897390744,0.031328692027802196
24,0.00330718897390744,0.031306710498610675
25,0.00330718897390744,0.03126656483273523
26,0.00330718897390744,0.031196161786718333
27,0.00330718897390744,0.031083411609495282
28,0.00253668053185138,0.029528517556943364
29,0.00253668053185138,0.029527277668774998
30,0.00253668053185138,0.02947766668797469
31,0.00253668053185138,0.029117897573495304
32,0.0036681561322334357,0.028950392584924815
33,0.0031032199742372585,0.028935174607517898
34,0.004626582479100026,0.028930104604944377
35,0.004626582479100026,0.02892985145853993
36,0.004626582479100026,0.028929837370065548
37,0.004626582479100026,0.0289298264922748
38,0.004626582479100026,0.028929741801118878
39,0.004626582479100026,0.02892960349513298
40,0.004626582479100026,0.028929374182253945
41,0.004626582479100026,0.028929088149706204
42,0.004626582479100026,0.028928829987437114
43,0.0029094306421467864,0.027344365424846973
44,0.0029094306421467864,0.027344365257418672
45,0.0029094306421467864,0.02731844040126731
46,0.0029094306421467864,0.0272700401336955
47,0.0029094306421467864,0.02718131043157166
48,0.0029094306421467864,0.027026211298850425
49,0.0032665662086548974,0.026870190291262894
50,0.0032665662086548974,0.026845935669879688
51,0.0036681561322334357,0.026843783842128488
52,0.0036681561322334357,0.02684331218202136
53,0.004626582479100026,0.026843284289709994
54,0.004626582479100026,0.026843282656803174
55,0.004626582479100026,0.026843282502805522
