Iteration,Energy,Loss Function
0,0.3246518017687675,0.28897215916574354
1,0.0680161371865412,0.09646184913390773
2,0.025543013458342645,0.020179806423234213
3,0.004961279765117922,0.00476751880433843
4,0.0021563983444184225,0.002518919271866085
5,0.0021563983444184225,0.0022487521481424143
6,0.0021563983444184225,0.0022003099819199266
7,0.0021563983444184225,0.0021810926165480985
8,0.0021563983444184225,0.0021693644588978633
9,0.0021563983444184225,0.0021623393798419796
10,0.0021563983444184225,0.002155837886067658
11,0.0021247339830838177,0.0021424665003822005
12,0.0021247339830838177,0.0021392976494190997
13,0.0021247339830838177,0.0021369326949990278
14,0.0021247339830838177,0.0021330605235089723
15,0.0021247339830838177,0.0021293428843012
16,0.0021247339830838177,0.0021280756273996705
17,0.0021247339830838177,0.0021273317041712067
18,0.0021247339830838177,0.0021269129827869927
19,0.0021247339830838177,0.0021266508398425556
20,0.0021247339830838177,0.0021265342916788727
21,0.0021247339830838177,0.0021264977949930785
22,0.0021247339830838177,0.0021264585069323914
23,0.0021247339830838177,0.0021264242295107824
24,0.0021247339830838177,0.0021264173774877093
25,0.0021247339830838177,0.002126413164888424
26,0.0021247339830838177,0.0021264055934720953
27,0.0021247339830838177,0.002126391687019804
28,0.0021247339830838177,0.002126366218704045
29,0.0021247339830838177,0.002126320752444043
30,0.0021247339830838177,0.00212624461170726
31,0.0021247339830838177,0.0021261341818563716
32,0.0021247339830838177,0.0021260315550519163
33,0.0021247339830838177,0.0021258884235468055
34,0.0021247339830838177,0.0021258182114733924
35,0.0021247339830838177,0.0021258117414904806
36,0.0021247339830838177,0.0021258108462878073
37,0.0021247339830838177,0.002125809239565382
38,0.0021247339830838177,0.0021258064049822843
39,0.0021247339830838177,0.002125801549715899
40,0.0021247339830838177,0.0021257934559032322
41,0.0021247339830838177,0.002125780030995372
42,0.0021247339830838177,0.0021257574544987783
43,0.0021247339830838177,0.0021257195535759332
44,0.0021247339830838177,0.002125659851583343
45,0.0021247339830838177,0.0021256012225845736
