Iteration,Energy,Loss Function
0,0.3246518017687675,0.280044463706115
1,0.15450777606473248,0.10794445693387758
2,0.07164097439043578,0.054785011090830366
3,0.0021563983444184225,-0.015855860787101574
4,0.0021563983444184225,-0.016675484923279513
5,0.0021563983444184225,-0.016762513497952
6,0.0021563983444184225,-0.016773647619651815
7,0.0021563983444184225,-0.01677877670284362
8,0.0021563983444184225,-0.016784990326378195
9,0.0021563983444184225,-0.016789302276847516
10,0.0021563983444184225,-0.01679202346840647
11,0.0021563983444184225,-0.016793553250736636
12,0.0021563983444184225,-0.016794376561639898
13,0.0021563983444184225,-0.01679476354330493
14,0.0021563983444184225,-0.016794894660979814
15,0.0021563983444184225,-0.016794919215628906
16,0.0021563983444184225,-0.016794927092642797
17,0.0021563983444184225,-0.016794941000746785
18,0.0021563983444184225,-0.016794966283808454
19,0.0021563983444184225,-0.016795012276658965
20,0.0021563983444184225,-0.016795093992313093
21,0.0021563983444184225,-0.016795230768629377
22,0.0021563983444184225,-0.016795431450823812
23,0.0021563983444184225,-0.016795566229034296
24,0.0021563983444184225,-0.016795670700322916
25,0.0021563983444184225,-0.016795741437240472
26,0.0021563983444184225,-0.01679578588935873
