Iteration,Energy,Loss Function,Bias
0,0.26696593626859605,0.2533621503171621,0.0
1,0.18237333768442116,0.166442708972038,0.027899744546205016
2,0.18237333768442116,0.1580964699550986,0.03867037334059282
3,0.16227065595551748,0.14353325453986118,0.043360518924313585
4,0.14976371778179387,0.13752102348353418,0.04701882036140155
5,0.14785020009975944,0.1306368701357717,0.051736637195948475
6,0.014077176483848526,-0.004493222581348656,0.09168666579834081
7,0.014077176483848526,-0.004839679295894194,0.09457388684785663
8,0.014077176483848526,-0.004867764969603589,0.09443956787912446
9,0.014077176483848526,-0.004868684267426575,0.09440537690760645
10,0.014077176483848526,-0.0048702742001572015,0.09432865783081991
11,0.014077176483848526,-0.004872576419541782,0.09414406723574621
12,0.014077176483848526,-0.004873738322003793,0.09395974354594082
13,0.014077176483848526,-0.004874381628264801,0.09376107518914896
14,0.014077176483848526,-0.004874716422080633,0.09355774357524638
15,0.014077176483848526,-0.004874892212659383,0.09334777969712016
16,0.014077176483848526,-0.004874982783259376,0.09313388953700459
17,0.014077176483848526,-0.004875028537253803,0.09291849630095071
18,0.014077176483848526,-0.004875050466482035,0.09270852424359943
