Iteration,Energy,Loss Function
0,0.3246518017687675,0.2932310215567115
1,0.15450777606473248,0.16156855889711533
2,0.004236896921714829,0.005824750934311169
3,0.004236896921714829,0.004832538242239395
4,0.004236896921714829,0.004294934924289425
5,0.004236896921714829,0.004260278268284416
6,0.004236896921714829,0.004253385706151827
7,0.004236896921714829,0.0042458275321698115
8,0.004236896921714829,0.004240952984707744
9,0.0035630734671062278,0.0035636034462995436
10,0.0035630734671062278,0.003563453989743719
11,0.0030556619751949173,0.003059986600288472
12,0.0030556619751949173,0.0030579957588110235
13,0.0030556619751949173,0.0030576252183592265
14,0.0030556619751949173,0.0030571901806377673
15,0.0030556619751949173,0.0030571345775444155
16,0.0030556619751949173,0.0030570940499688387
17,0.0030556619751949173,0.00305702735323277
18,0.0030556619751949173,0.003056912140408152
19,0.0030556619751949173,0.0030567162207867904
20,0.0030556619751949173,0.003056421164917771
21,0.0030556619751949173,0.003056251504151195
22,0.0030556619751949173,0.003056212468602785
23,0.0030556619751949173,0.0030561904023705716
24,0.0030556619751949173,0.003056150975696567
25,0.0030556619751949173,0.0030560823201615517
26,0.0030556619751949173,0.0030559812368054994
27,0.0030556619751949173,0.003055961379064464
28,0.0030556619751949173,0.00305595583520289
29,0.0030556619751949173,0.0030559458415907155
30,0.0030556619751949173,0.003055935602690337
31,0.0030556619751949173,0.0030559290713777294
32,0.0030556619751949173,0.0030559186847420356
33,0.0030556619751949173,0.003055902802930449
34,0.0030556619751949173,0.00305588807308773
35,0.0030556619751949173,0.003055881700355621
36,0.0030556619751949173,0.003055876586520435
37,0.0030556619751949173,0.0030558680134749874
38,0.0030556619751949173,0.0030558533248411283
39,0.0030556619751949173,0.0030558282736461487
40,0.0030556619751949173,0.0030557879895452664
