Iteration,Energy,Loss Function,Bias
0,0.19350746208804306,0.21918144695425557,0.0
1,0.0008711235575124076,0.00899617491299468,0.044633134345976426
2,0.0008711235575124076,0.005216575813350613,0.0438791478390074
3,0.0006006390983495115,0.0017940115713896492,0.04633386049090979
4,0.0006006390983495115,0.0008440046715233145,0.057641631430720715
5,0.0006006390983495115,0.0007503954348023205,0.05943645355366773
6,0.0006006390983495115,0.0006579548010944964,0.06395018484717717
7,0.0006006390983495115,0.000645884479007308,0.06521597664781935
8,0.0006006390983495115,0.0006274365673028372,0.06803902426366587
9,0.0006006390983495115,0.0006148431797064703,0.07158696686538063
10,0.0006006390983495115,0.000609590326631051,0.07479049903320895
11,0.0006006390983495115,0.0006085539001987493,0.07661749753728485
12,0.0006006390983495115,0.0006082363207505831,0.07689932702454023
13,0.0006006390983495115,0.0006076280173524228,0.077205876572453
14,0.0006006390983495115,0.0006065171474302519,0.07766900702609703
15,0.0006006390983495115,0.0006047499371403027,0.0785311402474493
16,0.0006006390983495115,0.0006035575931475966,0.07955885770631127
17,0.0006006390983495115,0.0006033640421201639,0.07950749625226797
18,0.0006006390983495115,0.0006030885108987988,0.07890491952715321
19,0.0006006390983495115,0.0006029063739097272,0.07804757204285483
20,0.0006006390983495115,0.000602838651383225,0.07743570517484427
21,0.0006006390983495115,0.0006028099178751205,0.07710076453051429
22,0.0006006390983495115,0.0006027832685794771,0.0769052268479368
23,0.0006006390983495115,0.0006027396562807222,0.07682051582209594
24,0.0006006390983495115,0.0006026644688107774,0.07692595968073714
25,0.0006006390983495115,0.0006025313119325264,0.07733413312936491
26,0.0006006390983495115,0.0006022964974796588,0.07828323936661517
27,0.0006006390983495115,0.0006019027553800755,0.08029721600538438
28,0.0006006390983495115,0.0006013354940679736,0.08471969369296076
29,0.0006006390983495115,0.0006010397131519575,0.08884520891971824
30,0.0006006390983495115,0.0006008732664585781,0.09320985357883863
31,0.0006006390983495115,0.000600807989419007,0.09693451740763682
32,0.0006006390983495115,0.0006007963196522132,0.09869071007491798
