Iteration,Energy,Loss Function
0,0.19350746208804312,0.21918144695425557
1,0.0008711235575124076,0.008657955079787932
2,0.0008711235575124076,0.004817457119092513
3,0.0006006390983495115,0.0020437313862653244
4,0.0006006390983495115,0.0008671887050081445
5,0.0006006390983495115,0.0007726828878820278
6,0.0006006390983495115,0.0006685498261290115
7,0.0006006390983495115,0.0006492466775448601
8,0.0006006390983495115,0.0006251497190571529
9,0.0006006390983495115,0.0006145010753875499
10,0.0006006390983495115,0.0006094141414921552
11,0.0006006390983495115,0.0006084964657721553
12,0.0006006390983495115,0.000607356838793203
13,0.0006006390983495115,0.0006054691197439375
14,0.0006006390983495115,0.0006034604421747091
15,0.0006006390983495115,0.0006031261474052222
16,0.0006006390983495115,0.0006028561925234845
17,0.0006006390983495115,0.0006026684846976172
18,0.0006006390983495115,0.0006026109879980078
19,0.0006006390983495115,0.0006025839200449588
20,0.0006006390983495115,0.0006025654551987952
21,0.0006006390983495115,0.0006025417487969714
22,0.0006006390983495115,0.0006025019773747208
23,0.0006006390983495115,0.0006024336109676254
24,0.0006006390983495115,0.0006023169344318639
25,0.0006006390983495115,0.0006021213960297343
26,0.0006006390983495115,0.0006017976357592898
27,0.0006006390983495115,0.0006013128456494408
28,0.0006006390983495115,0.000601001617570916
29,0.0006006390983495115,0.0006008442427455579
30,0.0006006390983495115,0.0006007862902592043
