Iteration,Energy,Loss Function
0,0.26696593626859605,0.20487126185540275
1,0.3175224883979577,0.19616053240939038
2,0.015725463373792034,0.14803162314241367
3,0.017116911708576345,0.1362633596131323
4,0.015766694383159016,0.11568734423170571
5,0.015766694383159016,0.10479336746659364
6,0.02133453220569155,0.10239137477823239
7,0.018794002971599583,0.10092498049788379
8,0.018794002971599583,0.10027303790399388
9,0.018794002971599583,0.09992032467258646
10,0.018794002971599583,0.09974661035600478
11,0.018794002971599583,0.09964764641754813
12,0.018794002971599583,0.0995660069051791
13,0.018794002971599583,0.09950084127979433
14,0.018794002971599583,0.09945803000601403
15,0.018794002971599583,0.09942674017556212
16,0.018794002971599583,0.09940017152686226
17,0.018794002971599583,0.09937816596945548
18,0.018794002971599583,0.09936144750328846
19,0.018794002971599583,0.09935039442858777
20,0.018794002971599583,0.09934356042996913
21,0.018794002971599583,0.09933875275100673
22,0.018794002971599583,0.09933496321729067
23,0.018794002971599583,0.09933200515554537
24,0.018794002971599583,0.09932960134079197
25,0.018794002971599583,0.09932728550068347
26,0.018794002971599583,0.0993246249357523
27,0.018794002971599583,0.09932156674353006
28,0.018794002971599583,0.09931847721173054
29,0.018794002971599583,0.09931566225229861
30,0.018794002971599583,0.09931289142302696
31,0.018794002971599583,0.09930974514073838
32,0.018794002971599583,0.09930609696361135
33,0.018794002971599583,0.09930205528463465
34,0.018794002971599583,0.09929789923924666
35,0.018794002971599583,0.09929413833891586
36,0.018794002971599583,0.09929148182806874
37,0.018794002971599583,0.09928989074563824
38,0.018794002971599583,0.09928873928570116
39,0.018794002971599583,0.09928786543313999
40,0.018794002971599583,0.09928734863901828
41,0.018794002971599583,0.09928711523345822
42,0.018794002971599583,0.09928698341837612
43,0.018794002971599583,0.09928690053111575
44,0.018794002971599583,0.09928683603003231
45,0.018794002971599583,0.09928680881477171
46,0.018794002971599583,0.09928677885793183
47,0.018794002971599583,0.09928675899346832
48,0.018794002971599583,0.09928674052994753
49,0.018794002971599583,0.09928672825840432
50,0.018794002971599583,0.09928672139026837
51,0.018794002971599583,0.09928671870353512
52,0.018794002971599583,0.09928671748405844
53,0.018794002971599583,0.09928671663969604
54,0.018794002971599583,0.09928671598663424
55,0.018794002971599583,0.09928671554541896
