Iteration,Energy,Loss Function
0,0.19350746208804312,0.21523637266041165
1,0.0008711235575124076,0.009239042166747998
2,0.0012373613681519284,0.004380736388117921
3,0.0006006390983495115,0.0011746859461488443
4,0.0006006390983495115,0.0007931990884364308
5,0.0006006390983495115,0.0007216722280827516
6,0.0006006390983495115,0.0006766393348096541
7,0.0006006390983495115,0.000646296590351241
8,0.0006006390983495115,0.0006248763976060771
9,0.0006006390983495115,0.0006132488043190712
10,0.0006006390983495115,0.0006077021198259561
11,0.0006006390983495115,0.0006061892211037265
12,0.0006006390983495115,0.0006060341978874718
13,0.0006006390983495115,0.0006057450941879482
14,0.0006006390983495115,0.0006052082272575239
15,0.0006006390983495115,0.0006042620822858187
16,0.0006006390983495115,0.0006028538110525045
17,0.0006006390983495115,0.0006022574125099296
18,0.0006006390983495115,0.0006021448876931319
19,0.0006006390983495115,0.0006019599980716165
20,0.0006006390983495115,0.0006017753575334698
21,0.0006006390983495115,0.0006017137051252044
22,0.0006006390983495115,0.0006016799429129597
23,0.0006006390983495115,0.0006016646189018818
24,0.0006006390983495115,0.0006016565498619464
25,0.0006006390983495115,0.0006016487622144887
26,0.0006006390983495115,0.0006016358461626442
27,0.0006006390983495115,0.0006016136307394727
28,0.0006006390983495115,0.0006015748740080459
29,0.0006006390983495115,0.0006015069574605007
30,0.0006006390983495115,0.0006013881048702837
31,0.0006006390983495115,0.0006011890884099903
32,0.0006006390983495115,0.0006009143904585735
33,0.0006006390983495115,0.0006007940949735765
