Iteration,Energy,Loss Function
0,0.19350746208804312,0.19053804939354488
1,0.0006006390983495115,-0.0063860140883144805
2,0.011897345792296595,-0.00855001525239576
3,0.0007137373972467284,-0.017143083701506398
4,0.0007137373972467284,-0.018006396866890186
5,0.0007137373972467284,-0.018075284211392057
6,0.0007137373972467284,-0.018167442390357065
7,0.0007137373972467284,-0.01819997270735867
8,0.0007137373972467284,-0.01821919171935827
9,0.0007137373972467284,-0.018228238699029942
10,0.0007137373972467284,-0.018232687302600102
11,0.0007137373972467284,-0.018234583342627834
12,0.0007137373972467284,-0.018235233384786977
13,0.0007137373972467284,-0.01823547734325701
14,0.0007137373972467284,-0.018235762595575633
15,0.0007137373972467284,-0.01823623688975491
16,0.0007137373972467284,-0.018236976807896117
17,0.0007137373972467284,-0.018237629472538718
18,0.0007137373972467284,-0.018237943048472934
19,0.0007137373972467284,-0.018238018377033396
20,0.0007137373972467284,-0.01823803857850981
21,0.0007137373972467284,-0.01823807599845858
22,0.0007137373972467284,-0.0182381380767924
23,0.0007137373972467284,-0.018238191415278587
24,0.0007137373972467284,-0.018238194223235523
25,0.0007137373972467284,-0.018238195460708248
26,0.0007137373972467284,-0.018238196292026932
27,0.0007137373972467284,-0.018238197289043197
28,0.0007137373972467284,-0.018238199087129807
29,0.0007137373972467284,-0.018238202417603183
30,0.0007137373972467284,-0.018238208603300443
31,0.0007137373972467284,-0.01823821994062729
32,0.0007137373972467284,-0.018238240071478607
33,0.0007137373972467284,-0.018238273704060403
34,0.0007137373972467284,-0.018238324157109295
35,0.0007137373972467284,-0.018238366657760578
36,0.0007137373972467284,-0.018238408847492917
