Iteration,Energy,Loss Function,Bias
0,0.19350746208804306,0.19755430530383003,0.0
1,0.0008711235575124076,-0.006554325167177179,0.03815266508872791
2,0.0012373613681519284,-0.01196259030809302,0.037369975371680304
3,0.0006006390983494733,-0.016205594493575306,0.03933703211810466
4,0.0006006390983494733,-0.018301926634175642,0.053800863986057657
5,0.0006006390983494733,-0.01830962999117443,0.05415931970465419
6,0.0006006390983494733,-0.01832188835728386,0.05494182737023226
7,0.0006006390983494733,-0.01833365594775514,0.0562052047394234
8,0.0006006390983494733,-0.018340141206530235,0.05753757617100572
9,0.0006006390983494733,-0.018342899725500395,0.058828017695782414
10,0.0006006390983494733,-0.018343289119558043,0.05936312888933993
11,0.0006006390983494733,-0.018343540681807196,0.05956707623771186
12,0.0006006390983494733,-0.018344009375557673,0.059824831818307764
13,0.0006006390983494733,-0.018344828958096072,0.06023601778983506
14,0.0006006390983494733,-0.01834596598618192,0.06099443713409228
15,0.0006006390983494733,-0.018346440742262306,0.061357021506733576
16,0.0006006390983494733,-0.01834686436305913,0.06152638170109964
17,0.0006006390983494733,-0.01834725389974949,0.06166941407098795
18,0.0006006390983494733,-0.018347454428150067,0.061906058850408875
19,0.0006006390983494733,-0.01834762430875836,0.06228478097406618
20,0.0006006390983494733,-0.01834791534109073,0.06299570642580211
21,0.0006006390983494733,-0.01834842489965164,0.06424968703984953
22,0.0006006390983494733,-0.018349276332390942,0.06658402020447933
23,0.0006006390983494733,-0.01835042865745164,0.07136417907898399
24,0.0006006390983494733,-0.018350956810348245,0.07556168926730687
25,0.0006006390983494733,-0.018351252653825367,0.0801356416548187
26,0.0006006390983494733,-0.01835139495449602,0.08460796451465714
27,0.0006006390983494733,-0.01835145698634901,0.08882207042652852
