Iteration,Energy,Loss Function
0,0.19350746208804312,0.2086533130965249
1,0.0008711235575124076,0.010377988448428606
2,0.0012373613681519284,0.0027461782288579193
3,0.0006006390983495115,0.0008167578980847618
4,0.0006006390983495115,0.0007652310728270142
5,0.0006006390983495115,0.0006876136289553036
6,0.0006006390983495115,0.0006406349836746432
7,0.0006006390983495115,0.0006197863433004638
8,0.0006006390983495115,0.0006097737994958741
9,0.0006006390983495115,0.0006051382621413211
10,0.0006006390983495115,0.0006030151588114583
11,0.0006006390983495115,0.0006022338730669195
12,0.0006006390983495115,0.0006021275922841217
13,0.0006006390983495115,0.0006020333694005282
14,0.0006006390983495115,0.0006018602427643666
15,0.0006006390983495115,0.0006015642085286411
16,0.0006006390983495115,0.0006012214060758735
17,0.0006006390983495115,0.000601168320025251
18,0.0006006390983495115,0.0006010922392470505
19,0.0006006390983495115,0.0006010562240386203
20,0.0006006390983495115,0.0006010414570020508
21,0.0006006390983495115,0.0006010356062623923
22,0.0006006390983495115,0.000601033378762032
23,0.0006006390983495115,0.0006010319853112951
24,0.0006006390983495115,0.0006010299461731274
25,0.0006006390983495115,0.0006010264535168237
26,0.0006006390983495115,0.0006010202881067517
27,0.0006006390983495115,0.000601009440763846
28,0.0006006390983495115,0.0006009914874268588
29,0.0006006390983495115,0.000600966677162878
30,0.0006006390983495115,0.0006009280937451382
31,0.0006006390983495115,0.0006008603618876597
32,0.0006006390983495115,0.0006007597795286086
