Iteration,Energy,Loss Function
0,0.26696593626859605,0.2559320600897533
1,0.18237333768442113,0.16877043440198006
2,0.06429649760300808,0.0852533641883444
3,0.0124393705797136,0.007990162991817887
4,0.03802189807991119,0.004696368888326306
5,0.01137087169000093,-0.0013243343072942852
6,0.011291707738269095,-0.006541059735822809
7,0.011291707738269095,-0.007484081060978837
8,0.011291707738269095,-0.007579409346192633
9,0.011291707738269095,-0.0076050268837835125
10,0.011291707738269095,-0.007626720416354487
11,0.011291707738269095,-0.007638968511045794
12,0.011291707738269095,-0.0076474940858588525
13,0.011291707738269095,-0.007653000079033999
14,0.011291707738269095,-0.007656387193255137
15,0.011291707738269095,-0.00765811216993639
16,0.011291707738269095,-0.0076586442428675195
17,0.011291707738269095,-0.00765868239859946
18,0.011291707738269095,-0.007658736919891585
19,0.011291707738269095,-0.007658837451096066
20,0.011291707738269095,-0.007659021833760177
21,0.011291707738269095,-0.007659337537962676
22,0.011291707738269095,-0.007659782705294518
23,0.011291707738269095,-0.007659987722607624
24,0.011291707738269095,-0.007660123387010955
25,0.011291707738269095,-0.007660211376254947
26,0.011291707738269095,-0.007660254814693414
27,0.011291707738269095,-0.007660264367945768
28,0.011291707738269095,-0.007660265837198023
29,0.011291707738269095,-0.007660267605368309
30,0.011291707738269095,-0.007660269401421296
31,0.011291707738269095,-0.007660270630235469
32,0.011291707738269095,-0.007660272127018658
33,0.011291707738269095,-0.007660274734109126
34,0.011291707738269095,-0.007660279449268995
35,0.011291707738269095,-0.007660288047248417
36,0.011291707738269095,-0.0076603035168632
37,0.011291707738269095,-0.007660330251421963
