Iteration,Energy,Loss Function
0,0.19350746208804312,0.21172167969781958
1,0.0008711235575124076,0.00982594977130449
2,0.0012373613681519284,0.0033904594686270948
3,0.0006006390983495115,0.00153498263657188
4,0.0006006390983495115,0.0006783102221329318
5,0.0006006390983495115,0.0006681583618075339
6,0.0006006390983495115,0.0006505031924404669
7,0.0006006390983495115,0.0006249744987000311
8,0.0006006390983495115,0.0006127064677655039
9,0.0006006390983495115,0.0006066088688839892
10,0.0006006390983495115,0.0006036939606275085
11,0.0006006390983495115,0.0006024120945069324
12,0.0006006390983495115,0.0006021148064890123
13,0.0006006390983495115,0.0006021019131624752
14,0.0006006390983495115,0.0006020777208987819
15,0.0006006390983495115,0.0006020317632213477
16,0.0006006390983495115,0.0006019454144532467
17,0.0006006390983495115,0.0006017890664992832
18,0.0006006390983495115,0.0006015340728975955
19,0.0006006390983495115,0.0006013256125536786
20,0.0006006390983495115,0.0006012748843163136
21,0.0006006390983495115,0.0006011921665598229
22,0.0006006390983495115,0.0006011137190500838
23,0.0006006390983495115,0.0006010877014625838
24,0.0006006390983495115,0.0006010762019680231
25,0.0006006390983495115,0.0006010722676192184
26,0.0006006390983495115,0.000601070506717233
27,0.0006006390983495115,0.0006010686532830262
28,0.0006006390983495115,0.000601065499314289
29,0.0006006390983495115,0.0006010599398611935
30,0.0006006390983495115,0.0006010500798184496
31,0.0006006390983495115,0.0006010329686945508
32,0.0006006390983495115,0.0006010048291605443
33,0.0006006390983495115,0.000600960343712612
34,0.0006006390983495115,0.0006008874021821989
35,0.0006006390983495115,0.0006007828669406907
