Iteration,Energy,Loss Function
0,0.31715481742193236,0.24946756193964423
1,0.2745312023638496,0.182161220796354
2,0.0656253366387351,0.0733664087051845
3,0.0656253366387351,0.06323073533569028
4,0.07287623605171466,0.052767956473573845
5,0.008332094519124675,-0.008596585623351145
6,0.008332094519124675,-0.00987886742881152
7,0.008332094519124675,-0.010289592397780236
8,0.008332094519124675,-0.010572948628264786
9,0.008332094519124675,-0.010580346281102857
10,0.008332094519124675,-0.010592192802359575
11,0.008332094519124675,-0.010603441581349626
12,0.008332094519124675,-0.010609224519060158
13,0.008332094519124675,-0.010613004137128935
14,0.008332094519124675,-0.010615380250716584
15,0.008332094519124675,-0.01061692529644539
16,0.008332094519124675,-0.010617692992488914
17,0.008332094519124675,-0.01061778448814968
18,0.008332094519124675,-0.010617908840981983
19,0.008332094519124675,-0.010618136917703835
20,0.008332094519124675,-0.010618530530023661
21,0.008332094519124675,-0.010619109349801854
22,0.008332094519124675,-0.010619446211719744
23,0.008332094519124675,-0.010619653266867087
24,0.008332094519124675,-0.010619777789417396
25,0.008332094519124675,-0.010619856147966953
26,0.008332094519124675,-0.010619908870224308
27,0.008332094519124675,-0.010619941640344261
28,0.008332094519124675,-0.010619954425073928
29,0.008332094519124675,-0.010619956176422958
30,0.008332094519124675,-0.01061995631241274
31,0.008332094519124675,-0.010619956548592062
32,0.008332094519124675,-0.010619956979331097
33,0.008332094519124675,-0.010619957778231433
34,0.008332094519124675,-0.010619959259812158
35,0.008332094519124675,-0.010619961972562856
36,0.008332094519124675,-0.01061996680280052
37,0.008332094519124675,-0.01061997497331761
