Iteration,Energy,Loss Function
0,0.19350746208804312,0.1937988299402261
1,0.0008711235575124076,-0.006563258315710794
2,0.014544892184635626,-0.008001120468834704
3,0.0007137373972467284,-0.01664869406375402
4,0.0007137373972467284,-0.017424169931551586
5,0.0007137373972467284,-0.01793307190372445
6,0.0007137373972467284,-0.01812436296418028
7,0.0007137373972467284,-0.018162302818259243
8,0.0007137373972467284,-0.018191987000816288
9,0.0007137373972467284,-0.018214934736944455
10,0.0007137373972467284,-0.01822620330218311
11,0.0007137373972467284,-0.01823216403246658
12,0.0007137373972467284,-0.018235141644291537
13,0.0007137373972467284,-0.018236627309856316
14,0.0007137373972467284,-0.018237298891120628
15,0.0007137373972467284,-0.018237506493240147
16,0.0007137373972467284,-0.018237531957381675
17,0.0007137373972467284,-0.018237542003532003
18,0.0007137373972467284,-0.018237560945621973
19,0.0007137373972467284,-0.018237596738619844
20,0.0007137373972467284,-0.018237662992369126
21,0.0007137373972467284,-0.01823777922454485
22,0.0007137373972467284,-0.01823795823865474
23,0.0007137373972467284,-0.018238091638116103
24,0.0007137373972467284,-0.018238154921942813
25,0.0007137373972467284,-0.018238193493403755
26,0.0007137373972467284,-0.01823822219654799
27,0.0007137373972467284,-0.0182382479565216
28,0.0007137373972467284,-0.01823826941941988
29,0.0007137373972467284,-0.018238283880623027
30,0.0007137373972467284,-0.018238290274213708
31,0.0007137373972467284,-0.0182382915230794
32,0.0007137373972467284,-0.01823829179894003
33,0.0007137373972467284,-0.018238292219792108
34,0.0007137373972467284,-0.018238292729170134
35,0.0007137373972467284,-0.018238293386720644
36,0.0007137373972467284,-0.01823829453201879
37,0.0007137373972467284,-0.01823829661998028
38,0.0007137373972467284,-0.018238300488188423
39,0.0007137373972467284,-0.018238307645562106
40,0.0007137373972467284,-0.018238320693698035
41,0.0007137373972467284,-0.018238343738134263
42,0.0007137373972467284,-0.01823838174809184
43,0.0007137373972467284,-0.01823842916377055
