Iteration,Energy,Loss Function
0,0.3246518017687675,0.29473480538659574
1,0.15450777606473248,0.15840685113558645
2,0.04219132482644853,0.041759989451787806
3,0.006688531624238188,0.006723743928557469
4,0.005977430711074719,0.006087278591736707
5,0.005977430711074719,0.005993442047312458
6,0.005977430711074719,0.005987650712112079
7,0.005977430711074719,0.0059835951383979315
8,0.005977430711074719,0.005980860327408999
9,0.005977430711074719,0.005979261939040899
10,0.005977430711074719,0.005978411935720756
11,0.005977430711074719,0.005977967199651101
12,0.005977430711074719,0.005977733663397389
13,0.005977430711074719,0.0059776033556800156
14,0.005977430711074719,0.005977510839725812
15,0.004488579084907835,0.0052744713755693146
16,0.004488579084907835,0.005274471202062091
17,0.004488579084907835,0.005267316945594177
18,0.0029022060217559647,0.003143650041405608
19,0.0030253584291186444,0.0030960611439389404
20,0.0030253584291186444,0.00303071592634734
21,0.0029094306421467864,0.002930705756108243
22,0.0029094306421467864,0.002900539672914778
23,0.00218394616199576,0.002243695814878733
24,0.00218394616199576,0.0021997648168669316
25,0.00218394616199576,0.002196644792954981
26,0.00218394616199576,0.002191776768264133
27,0.00218394616199576,0.002187674039584191
28,0.00218394616199576,0.0021859122032756124
29,0.00218394616199576,0.0021849621262984746
30,0.00218394616199576,0.002184490104569553
31,0.00218394616199576,0.00218424713036799
32,0.00218394616199576,0.0021841243783754525
33,0.00218394616199576,0.002184064147816456
34,0.00218394616199576,0.002184038173258456
35,0.00218394616199576,0.0021840305294132793
36,0.00218394616199576,0.002184029431247681
37,0.00218394616199576,0.0021840290625074845
38,0.00218394616199576,0.002184028388480391
39,0.00218394616199576,0.002184027131753587
40,0.00218394616199576,0.002184024788362624
41,0.00218394616199576,0.002184020471475213
