Iteration,Energy,Loss Function
0,0.3246518017687675,0.31113756310530727
1,0.15450777606473248,0.17715848803149414
2,0.04219132482644853,0.060030980702048604
3,0.009616774539764358,0.02854874713999647
4,0.007644140667338677,0.026572312006640387
5,0.00489120518007576,0.023390552779666837
6,0.00489120518007576,0.023390313000638294
7,0.00489120518007576,0.023354833762501914
8,0.00489120518007576,0.02329690755779275
9,0.00489120518007576,0.023211361092383274
10,0.00489120518007576,0.02314817041217817
11,0.0003381955317516305,0.018909375723721793
12,0.0003381955317516305,0.018905977243332213
13,0.0003381955317516305,0.01841760150402628
14,0.0005097788108021814,0.017727510114322928
15,0.0003381955317516305,0.017674609892885877
16,0.0008379508293136851,0.017614586601604577
17,0.0003381955317516305,0.017586694117394306
18,0.0003381955317516305,0.017565827605962817
19,0.0008379508293136851,0.017553917254515335
20,0.0008379508293136851,0.017548288371374534
21,0.0008379508293136851,0.017543665598139347
22,0.00029920414248899463,0.016458030916428137
23,0.00029920414248899463,0.016458021210823345
24,0.0009283404747609721,0.016357022932730912
25,0.0014862144141777112,0.01624383787452117
26,0.0014862144141777112,0.016222882809211216
27,0.0008379508293136851,0.016221637142319802
28,0.0008379508293136851,0.016220707966989868
29,0.0008379508293136851,0.01622054902956059
30,0.0008379508293136851,0.016220541074007833
31,0.0008379508293136851,0.01622054104513587
