Iteration,Energy,Loss Function
0,0.26696593626859605,0.2045505352586686
1,0.31752248839795777,0.19399583034693665
2,0.012702920266402885,0.1580337577154284
3,0.017116911708576345,0.14013295670795867
4,0.015766694383159054,0.11356390368038007
5,0.015766694383159054,0.10530341631049961
6,0.021334532205691606,0.1015903259145707
7,0.018794002971599544,0.09961822603078635
8,0.018794002971599544,0.09863264128811959
9,0.018794002971599544,0.09826851471042557
10,0.018794002971599544,0.09803250405230485
11,0.018794002971599544,0.09790293046162019
12,0.018794002971599544,0.09778659385827286
13,0.018794002971599544,0.09770064845206816
14,0.018794002971599544,0.09764028610616839
15,0.018794002971599544,0.09759418292037836
16,0.018794002971599544,0.09755460872730772
17,0.018794002971599544,0.09752357079282398
18,0.018794002971599544,0.09750213775088054
19,0.018794002971599544,0.09748919028078588
20,0.018794002971599544,0.09748121660673881
21,0.018794002971599544,0.09747556229093787
22,0.018794002971599544,0.09747143160159158
23,0.018794002971599544,0.09746847136171534
24,0.018794002971599544,0.09746600724128865
25,0.018794002971599544,0.09746338320866405
26,0.018794002971599544,0.0974603040760345
27,0.018794002971599544,0.09745700646111034
28,0.018794002971599544,0.09745400402898091
29,0.018794002971599544,0.09745138470327726
30,0.018794002971599544,0.09744872686727102
31,0.018794002971599544,0.09744566101409567
32,0.018794002971599544,0.09744210350585746
33,0.018794002971599544,0.09743831984586719
34,0.018794002971599544,0.09743493907140129
35,0.018794002971599544,0.09743263228276317
36,0.018794002971599544,0.09743138751240603
37,0.018794002971599544,0.09743065811105549
38,0.018794002971599544,0.0974301355364929
39,0.018794002971599544,0.09742978534445361
40,0.018794002971599544,0.09742958728147394
41,0.018794002971599544,0.09742948811032558
42,0.018794002971599544,0.09742944224727
43,0.018794002971599544,0.09742941917426344
44,0.018794002971599544,0.09742940422007203
45,0.018794002971599544,0.09742939232235268
46,0.018794002971599544,0.09742938193652013
47,0.018794002971599544,0.09742937420684343
48,0.018794002971599544,0.09742936936052889
49,0.018794002971599544,0.09742936705888426
50,0.018794002971599544,0.09742936607538137
51,0.018794002971599544,0.09742936554296013
