Iteration,Energy,Loss Function
0,0.3246518017687675,0.2962724369849334
1,0.15450777606473248,0.11911145640335018
2,0.07164097439043578,0.0736644362554093
3,0.0021563983444184225,0.004050729649098622
4,0.0021563983444184225,0.0022455858654737244
5,0.0021563983444184225,0.002169094297003419
6,0.0021563983444184225,0.002167263209523432
7,0.0021563983444184225,0.0021643010605207564
8,0.0021563983444184225,0.0021615528461758882
9,0.0021563983444184225,0.0021604686823884795
10,0.0021563983444184225,0.0021598767101379235
11,0.0021563983444184225,0.002159559731684516
12,0.0021563983444184225,0.0021593135753438407
13,0.0021247339830838177,0.0021444384858331773
14,0.0021247339830838177,0.002144386591606479
15,0.0021247339830838177,0.00213711429398068
16,0.0021247339830838177,0.0021299088004570936
17,0.0021247339830838177,0.002127579082371355
18,0.0021247339830838177,0.0021263111599969303
19,0.0021247339830838177,0.0021257864830013734
20,0.0021247339830838177,0.002125603594163489
21,0.0021247339830838177,0.0021255644773565587
22,0.0021247339830838177,0.002125552482885909
23,0.0021247339830838177,0.0021255323621103173
24,0.0021247339830838177,0.002125496942753283
25,0.0021247339830838177,0.00212543435882143
26,0.0021247339830838177,0.002125330323730295
27,0.0021247339830838177,0.002125237145094303
28,0.0021247339830838177,0.0021252058974703496
29,0.0021247339830838177,0.0021251591319646126
30,0.0021247339830838177,0.0021251356283861662
31,0.0021247339830838177,0.002125128289771915
32,0.0021247339830838177,0.0021251165901573898
33,0.0021247339830838177,0.002125097464342825
34,0.0021247339830838177,0.0021250647632387867
35,0.0021247339830838177,0.0021250097309651354
36,0.0021247339830838177,0.0021249277086672555
37,0.0021247339830838177,0.002124875539863041
