{
    "Calculated Minimum Energy [norm, row]": [
        0.004037253673810844,
        -0.9724056099301908
    ],
    "Corresponding loss function": 0.014291399731883944,
    "Solution for Minimum Energy": [
        1.0,
        1.0,
        1.0,
        1.0,
        1.0,
        1.0,
        -1.0,
        -1.0,
        -1.0,
        -1.0,
        -1.0,
        -1.0,
        1.0,
        1.0,
        1.0,
        1.0,
        1.0,
        1.0
    ],
    "Corresponding exp value": [
        0.2767845909614908,
        0.6208484257526155,
        0.3292024862507027,
        0.18152010179444927,
        0.3675892254670238,
        0.5126491486399376,
        -0.20209275086236522,
        -0.5267187015948501,
        -0.005766436765311203,
        -0.004989291894154611,
        -0.31608741773108306,
        -0.3940092995054245,
        0.7719121410269595,
        0.8518843012670275,
        0.6657337111221914,
        0.6748505890879049,
        0.8484660318390617,
        0.7780795134353649
    ],
    "Number for Minimum Energy": 4032,
    "Elapsed Time [seconds]": 0.1793217658996582,
    "Elapsed Time [hours, minutes, seconds]": [
        0,
        0,
        0.18
    ],
    "Current function value": -0.9195268660660872,
    "Iterations": 123,
    "Function Evaluations, Estimation": [
        127,
        9017
    ],
    "Gradient Evaluations": 127,
    "Number of Parameters": 70,
    "Minimum Parameters": [
        3.983973472944289,
        0.5811974137328622,
        1.1771412863447215,
        2.6733131002377504,
        6.199936314553482,
        3.7183947254721024,
        5.514517573983806,
        5.165888223359694,
        2.622817450508765,
        4.930694181318626,
        0.14890692197702765,
        0.7183443746306105,
        5.295083802797055,
        5.072198468656232,
        1.5586342027207565,
        3.3991186069693886,
        3.9541747785426624,
        5.435597382126305,
        4.080663751156071,
        2.5375034025093153,
        2.534996146955827,
        2.6389161438505093,
        3.8838433199854667,
        5.120636010152118,
        2.556300256150305,
        1.9439518244706662,
        1.6099044587279105,
        4.6084318265834385,
        4.981592070490702,
        0.7226713327049973,
        0.25053145833985446,
        3.7742240532770968,
        0.7807380486771329,
        5.469737158837876,
        1.6964275668815192,
        0.9047088689444105,
        5.969347305964743,
        0.8035556960028,
        2.1810840318866216,
        1.2351269888985146,
        0.7733735000005051,
        0.4241011214218937,
        0.7872457539409138,
        1.1203972256532724,
        0.22127661726969236,
        3.8064109614617716,
        3.968298411736388,
        2.377372827476347,
        1.507557628823496,
        3.24174479011008,
        5.354506859607474,
        5.055520463205476,
        0.3507735258259836,
        0.9934528999358866,
        1.417231577471241,
        1.8654722984411132,
        3.755990448007314,
        2.639490172095177,
        0.5959984843882138,
        2.5682889884664233,
        3.904434348955818,
        0.7576454607643849,
        5.821191946908264,
        0.5546937073692774,
        5.855398674711635,
        0.3934496022663422,
        5.0045558788292,
        5.6324950257855315,
        5.826177282228358,
        4.6482971164363756
    ],
    "Cmin, Cmax, frob_norm, shift": [
        1.473728550170648,
        2983.2052837360643,
        565.1058963899055,
        563.0238790798359
    ]
}