{
    "Calculated Minimum Energy [norm, row]": [
        0.015725463373792034,
        -0.9107337995514548
    ],
    "Corresponding loss function": 0.15294471603859683,
    "Solution for Minimum Energy": [
        -1.0,
        -1.0,
        -1.0,
        1.0,
        1.0,
        1.0,
        -1.0,
        1.0,
        1.0,
        1.0,
        -1.0,
        -1.0,
        1.0,
        1.0,
        1.0,
        1.0,
        1.0,
        1.0
    ],
    "Corresponding exp value": [
        -0.17771984248519873,
        -0.11803639634953589,
        -0.48130343690058425,
        0.3692167779878077,
        0.06737164149197247,
        0.2260777215900191,
        -0.006226659525447008,
        0.050867025833672155,
        0.28490634017811456,
        0.018373553960952922,
        -0.13043090591508577,
        -0.398086357056738,
        0.2163756208610312,
        0.3681325390400544,
        0.4752465209415065,
        0.16585465247700523,
        0.23017035552257856,
        0.5889902104247505
    ],
    "Number for Minimum Energy": 3143,
    "Elapsed Time [seconds]": 0.05392765998840332,
    "Elapsed Time [hours, minutes, seconds]": [
        0,
        0,
        0.05
    ],
    "Current function value": -0.47472994367852195,
    "Iterations": 54,
    "Function Evaluations, Estimation": [
        58,
        4118
    ],
    "Gradient Evaluations": 58,
    "Number of Parameters": 70,
    "Minimum Parameters": [
        3.7639814263240314,
        4.022395731426169,
        1.0484657583341306,
        6.4307404054261665,
        1.5768902813970371,
        0.6397641005077614,
        3.7865375061363684,
        2.4621219459234416,
        4.561343116774317,
        5.292079958532794,
        2.648998374697184,
        6.199443676284226,
        1.304569348624511,
        2.890753992235916,
        1.5318163385470012,
        6.215430439673267,
        1.1541542112766396,
        -0.28420443291190817,
        2.051964534109649,
        5.811742530087453,
        5.844490141794529,
        4.643901035570568,
        5.321442295044568,
        5.544479538634109,
        3.4546383339467113,
        2.1900709311190587,
        5.218683395627513,
        3.9298925214703138,
        1.9790454359450431,
        0.22691586639701633,
        4.018977447745931,
        1.9932321402786612,
        5.72017024293667,
        1.1347605456830017,
        0.761508264178581,
        5.069596290420397,
        0.928390472979712,
        1.4469126111104067,
        3.4191421968408577,
        5.297401272018931,
        0.3857675104554981,
        1.7672370963611133,
        5.101249862095449,
        6.0405140891139615,
        2.4197229064109744,
        0.5354239349793374,
        0.3035152355596325,
        1.1059289493088849,
        0.9652215384774621,
        4.57839187110106,
        0.5457244126316385,
        3.024399735607483,
        4.646745851432615,
        3.8278748977452874,
        2.186821820323738,
        4.610434222512517,
        5.244407537432963,
        4.547010010610767,
        1.1733012061906194,
        0.37945307796388206,
        5.880149315206593,
        2.0297668237721482,
        2.260237426180372,
        2.6064758071325134,
        4.16851266507244,
        6.610753771345432,
        1.533828582772939,
        5.867841511939269,
        -0.4222814674331363,
        2.939235151637419
    ],
    "Cmin, Cmax, frob_norm, shift": [
        1.473728550170648,
        2983.2052837360643,
        565.1058963899055,
        563.0238790798359
    ]
}