{
    "Calculated Minimum Energy [norm, row]": [
        0.004037253673810882,
        -0.9724056099301905
    ],
    "Corresponding loss function": 0.014291399731883982,
    "Solution for Minimum Energy": [
        1.0,
        1.0,
        1.0,
        1.0,
        1.0,
        1.0,
        -1.0,
        -1.0,
        -1.0,
        -1.0,
        -1.0,
        -1.0,
        1.0,
        1.0,
        1.0,
        1.0,
        1.0,
        1.0
    ],
    "Corresponding exp value": [
        0.2767845909614804,
        0.6208484257526137,
        0.3292024862506968,
        0.18152010179444283,
        0.3675892254670228,
        0.5126491486399308,
        -0.2020927508623563,
        -0.5267187015948512,
        -0.005766436765310301,
        -0.004989291894155704,
        -0.3160874177310844,
        -0.3940092995054204,
        0.7719121410269593,
        0.8518843012670309,
        0.6657337111221943,
        0.6748505890879076,
        0.8484660318390633,
        0.7780795134353652
    ],
    "Number for Minimum Energy": 4032,
    "Elapsed Time [seconds]": 0.09826970100402832,
    "Elapsed Time [hours, minutes, seconds]": [
        0,
        0,
        0.1
    ],
    "Current function value": -0.9195268660660911,
    "Iterations": 123,
    "Function Evaluations, Estimation": [
        127,
        9017
    ],
    "Gradient Evaluations": 127,
    "Number of Parameters": 70,
    "Minimum Parameters": [
        3.9839734729442906,
        0.5811974137328642,
        1.177141286344722,
        2.6733131002377544,
        6.199936314553487,
        3.718394725472103,
        5.514517573983812,
        5.165888223359694,
        2.6228174505087614,
        4.930694181318628,
        0.14890692197702465,
        0.7183443746306133,
        5.295083802797057,
        5.072198468656236,
        1.5586342027207538,
        3.399118606969391,
        3.9541747785426624,
        5.435597382126303,
        4.080663751156063,
        2.537503402509312,
        2.53499614695582,
        2.638916143850507,
        3.883843319985465,
        5.120636010152126,
        2.556300256150305,
        1.943951824470664,
        1.609904458727912,
        4.608431826583444,
        4.981592070490709,
        0.7226713327049985,
        0.25053145833985846,
        3.7742240532770928,
        0.7807380486771338,
        5.469737158837876,
        1.6964275668815176,
        0.9047088689444125,
        5.969347305964738,
        0.8035556960027962,
        2.1810840318866185,
        1.2351269888985152,
        0.7733735000005046,
        0.42410112142189665,
        0.7872457539409198,
        1.1203972256532684,
        0.22127661726969167,
        3.80641096146177,
        3.9682984117363884,
        2.3773728274763504,
        1.5075576288234964,
        3.2417447901100838,
        5.354506859607474,
        5.05552046320548,
        0.3507735258259784,
        0.9934528999358808,
        1.4172315774712385,
        1.865472298441113,
        3.755990448007312,
        2.6394901720951753,
        0.5959984843882183,
        2.5682889884664184,
        3.904434348955825,
        0.7576454607643864,
        5.8211919469082645,
        0.5546937073692769,
        5.855398674711638,
        0.3934496022663341,
        5.004555878829205,
        5.632495025785539,
        5.8261772822283495,
        4.648297116436382
    ],
    "Cmin, Cmax, frob_norm, shift": [
        1.473728550170648,
        2983.2052837360643,
        565.1058963899055,
        563.0238790798359
    ]
}