{
    "Calculated Minimum Energy [norm, row]": [
        0.006688609378023101,
        -0.9584159647720429
    ],
    "Corresponding loss function": -0.011651888619621627,
    "Solution for Minimum Energy": [
        1.0,
        1.0,
        -1.0,
        1.0,
        1.0,
        1.0,
        -1.0,
        -1.0,
        1.0,
        1.0,
        1.0,
        1.0,
        1.0,
        1.0,
        1.0,
        1.0,
        1.0,
        1.0
    ],
    "Corresponding exp value": [
        0.025087328818467862,
        0.173549687785219,
        -0.21684141420665057,
        0.0270458074292459,
        0.4338007935552738,
        0.08311895406992656,
        -0.07402415490922029,
        -0.4650206884806097,
        0.1506721955998086,
        0.3025780585883298,
        0.18075166066773668,
        0.16683026548655397,
        0.3191855849219152,
        0.21690747157980975,
        0.27186097536798853,
        0.38968136796776087,
        0.23088819449858922,
        0.11354602889465344
    ],
    "Number for Minimum Energy": 196,
    "Elapsed Time [seconds]": 0.11793899536132812,
    "Elapsed Time [hours, minutes, seconds]": [
        0,
        0,
        0.12
    ],
    "Current function value": -1.0584154266136088,
    "Iterations": 81,
    "Function Evaluations, Estimation": [
        109,
        7739
    ],
    "Gradient Evaluations": 109,
    "Number of Parameters": 70,
    "Minimum Parameters": [
        4.582522650776992,
        4.705899592924548,
        0.8777600895391297,
        5.9278831466163115,
        1.619188924500077,
        0.08971107566230435,
        3.990831369470629,
        2.2763023563366063,
        5.045552926027414,
        5.589002547899381,
        2.3018950124689943,
        5.98469720092954,
        1.621019029421663,
        3.5001004518114764,
        1.4548313604104808,
        5.75855457482783,
        0.7689382290445632,
        0.27832640413619203,
        2.426573638126995,
        6.458985230450123,
        5.4539079485090385,
        4.781116366239498,
        5.367222777168461,
        5.391413812649141,
        3.5954572958255633,
        2.2937732149843457,
        5.019814012039759,
        3.8247241331628308,
        2.0012800411675156,
        0.8667638358756183,
        5.000785024075223,
        1.5846152951971644,
        6.231611556707225,
        1.681739842854648,
        0.537934800579027,
        5.249832045952399,
        0.6589702707629005,
        0.7871289832863221,
        3.6325965854904947,
        5.324704986278693,
        0.9388322491970962,
        1.7549386642579283,
        4.9320063673732975,
        6.160995919172305,
        3.458235748341937,
        0.9564981627722254,
        0.10196651131479234,
        1.5696234164019678,
        0.4218339947729083,
        4.149499342580215,
        1.2315112870309703,
        2.9943111939485396,
        4.2067337856902896,
        3.836905396473305,
        1.2011341566346212,
        4.880358099523061,
        4.524446236781045,
        4.590422198259734,
        0.5296553320733521,
        0.819218232706783,
        5.772886364744636,
        2.382868669824575,
        2.233952145388449,
        3.1446921198229942,
        4.234085742373899,
        5.965707738537417,
        2.0551781009093877,
        5.841687357652688,
        0.2668444870321875,
        3.4530510714612093
    ],
    "Cmin, Cmax, frob_norm, shift": [
        1.473728550170648,
        2983.2052837360643,
        565.1058963899055,
        563.0238790798359
    ]
}