{
    "Calculated Minimum Energy [norm, row]": [
        0.0008711235575124076,
        -0.9891114169937888
    ],
    "Corresponding loss function": -0.004253103895308992,
    "Solution for Minimum Energy": [
        1.0,
        1.0,
        1.0,
        1.0,
        -1.0,
        -1.0,
        -1.0,
        1.0,
        -1.0,
        -1.0,
        1.0,
        -1.0,
        1.0,
        1.0,
        1.0,
        1.0,
        1.0,
        1.0
    ],
    "Corresponding exp value": [
        0.08889803101586852,
        0.06988394080754769,
        0.30425096027396886,
        0.5366584168546058,
        -0.05543648572604298,
        -0.02028042836315863,
        -0.16789082792606042,
        0.07180255282851536,
        -0.3634991694670667,
        -0.4038567459675078,
        0.04153648356006176,
        -0.017773552222181643,
        0.46480254444902314,
        0.52370621981899,
        0.6543800917103302,
        0.6795066209441557,
        0.6191951264622094,
        0.5362283110385316
    ],
    "Number for Minimum Energy": 2928,
    "Elapsed Time [seconds]": 0.09414529800415039,
    "Elapsed Time [hours, minutes, seconds]": [
        0,
        0,
        0.09
    ],
    "Current function value": -1.088995591081023,
    "Iterations": 105,
    "Function Evaluations, Estimation": [
        108,
        7668
    ],
    "Gradient Evaluations": 108,
    "Number of Parameters": 70,
    "Minimum Parameters": [
        4.030263228374195,
        0.5290134235105036,
        0.8868678369183091,
        2.633791208942507,
        6.291009941247941,
        3.7356301731553656,
        5.841587254800498,
        5.062377884148501,
        2.829032943299323,
        4.836509132087069,
        0.02568224019987314,
        0.6908682840836055,
        5.226371171273074,
        5.00290021169727,
        1.493227395726738,
        3.4452115508383914,
        3.8195999860891994,
        5.441588145150519,
        4.003186844020681,
        2.6753419067824513,
        2.37326812734753,
        2.6729159640297797,
        4.051903483021923,
        5.3559168910556085,
        2.6760964502807205,
        1.5538931362057653,
        1.5630584521041213,
        4.5615671644720654,
        5.182925852766263,
        0.8554811428339519,
        0.2975603936936261,
        3.713804999308103,
        0.8927200143351601,
        5.242791812408294,
        1.8318531454425733,
        0.8294584343197017,
        5.795917905824834,
        1.0103753694503415,
        2.062686922793355,
        0.9525798804843666,
        0.6999953465140809,
        0.32291590227481937,
        0.39255190031722104,
        1.2239633817076783,
        0.21139758229191158,
        3.706960364715784,
        4.141254228252407,
        2.400809045377989,
        1.907534649002319,
        3.2211498292017993,
        5.4043605004670665,
        5.218516396234578,
        0.11361765144943248,
        1.278659189670227,
        1.5264283001317653,
        1.9136843974045197,
        3.8371102726404973,
        2.5634467089149173,
        0.5829085021103855,
        2.297832755437067,
        3.416722913828949,
        0.6745091208208011,
        5.4463207931795825,
        0.46369814974066026,
        5.899567560389915,
        0.41102753160133865,
        5.365317103402434,
        5.626372612344328,
        6.055969507311087,
        4.814917854312564
    ],
    "Cmin, Cmax, frob_norm, shift": [
        1.473728550170648,
        2983.2052837360643,
        565.1058963899055,
        563.0238790798359
    ]
}