{
    "Calculated Minimum Energy [norm, row]": [
        0.011858504947398997,
        -0.931137465547912
    ],
    "Corresponding loss function": 0.012196283902295886,
    "Solution for Minimum Energy": [
        1.0,
        1.0,
        1.0,
        1.0,
        1.0,
        1.0,
        1.0,
        1.0,
        1.0,
        1.0,
        1.0,
        -1.0,
        -1.0,
        -1.0,
        -1.0,
        1.0,
        1.0,
        1.0
    ],
    "Corresponding exp value": [
        0.42790256167453605,
        0.41988093994356973,
        0.39478700403108263,
        0.021827143803964194,
        0.13932872879593663,
        0.44357529921176636,
        0.3812414354981109,
        0.39026414211387306,
        0.1841801271156509,
        0.2730319211769131,
        0.23918792351488483,
        -0.020868333772316103,
        -0.44558334261476357,
        -0.5026240283470873,
        -0.2533114724000628,
        0.40133852137463955,
        0.3409312640772376,
        0.40014759345999473
    ],
    "Number for Minimum Energy": 30720,
    "Elapsed Time [seconds]": 0.10390019416809082,
    "Elapsed Time [hours, minutes, seconds]": [
        0,
        0,
        0.1
    ],
    "Current function value": -0.9308622075375015,
    "Iterations": 132,
    "Function Evaluations, Estimation": [
        135,
        9585
    ],
    "Gradient Evaluations": 135,
    "Number of Parameters": 70,
    "Minimum Parameters": [
        4.2738662102409455,
        4.570220578474404,
        0.9031386058187093,
        6.020154029809553,
        1.6525094548521486,
        0.2983946513581754,
        3.5123701470932187,
        2.4347062854721804,
        4.948352004123651,
        5.444716708446047,
        2.139699493641568,
        6.1043042557451885,
        1.7658659402942054,
        3.1415366681469066,
        1.6909014510383706,
        5.904056834404888,
        1.0192838736720071,
        0.17585498517025464,
        2.3678016616043798,
        6.227297886670162,
        5.7722573458058175,
        4.569118430141468,
        5.606932021311278,
        5.528014619686061,
        3.433302635659432,
        2.0282004310186803,
        5.3615013322884595,
        3.9276669105867623,
        1.9885244131380664,
        0.6658751331079202,
        4.2614442796518635,
        1.7049008222675044,
        5.529230993952762,
        1.4537074709707294,
        0.8919296724656638,
        5.293919594596046,
        1.043929994782174,
        1.2407955100229404,
        3.5071092842094305,
        5.6769699762083095,
        1.22786027032147,
        1.9866126121619039,
        5.13161061626172,
        6.024899845394756,
        3.0507798521220115,
        0.8433437289076942,
        0.07919575106992259,
        1.404926621457421,
        0.9124681415405171,
        4.415174718972514,
        0.9338300969576278,
        3.079633316555663,
        4.43458979397082,
        3.4996466421502483,
        1.1254951921231786,
        4.8789978946428825,
        4.977344727817489,
        4.687378619731522,
        0.9226465368369332,
        0.6169179289215215,
        5.9187296477425075,
        2.3752672959666232,
        2.172295789110083,
        2.8893815540980428,
        4.059084583807526,
        6.051172744659628,
        1.7157062539622276,
        5.625515247706738,
        0.07319375584310492,
        2.962627322423857
    ],
    "Cmin, Cmax, frob_norm, shift": [
        1.473728550170648,
        2983.2052837360643,
        565.1058963899055,
        563.0238790798359
    ]
}