{
    "Calculated Minimum Energy [norm, row]": [
        0.008070224801932974,
        -0.951125992515655
    ],
    "Corresponding loss function": 0.03965273119019628,
    "Solution for Minimum Energy": [
        -1.0,
        -1.0,
        1.0,
        1.0,
        1.0,
        1.0,
        1.0,
        1.0,
        1.0,
        1.0,
        1.0,
        1.0,
        1.0,
        1.0,
        1.0,
        -1.0,
        1.0,
        1.0
    ],
    "Corresponding exp value": [
        -0.6543207159650782,
        -0.1889864419120239,
        0.007394873691485171,
        0.22903270440877313,
        0.16261655017369364,
        0.23011621684668937,
        0.21236404153921892,
        0.11521482531217928,
        0.001391319601062646,
        -0.0006765693716571861,
        0.007903381002347469,
        0.14496996329974396,
        0.36371301650190474,
        0.1431500463360293,
        0.36338614707192785,
        -0.04789911347413714,
        0.06966579496446208,
        0.20486918385995093
    ],
    "Number for Minimum Energy": 32771,
    "Elapsed Time [seconds]": 0.09311294555664062,
    "Elapsed Time [hours, minutes, seconds]": [
        0,
        0,
        0.09
    ],
    "Current function value": -0.8798828849601659,
    "Iterations": 57,
    "Function Evaluations, Estimation": [
        98,
        7056
    ],
    "Gradient Evaluations": 98,
    "Number of Parameters": 71,
    "Minimum Parameters": [
        0.9220648840105913,
        3.1450566463050516,
        0.7573104874403322,
        4.285186727408749,
        2.9259040251474175,
        2.414820961225252,
        1.752920340358686,
        3.682421176577852,
        2.280529706853183,
        0.5575926080445389,
        0.9941264869270953,
        6.086500280307093,
        5.858756321397215,
        4.641312515120484,
        1.790690245785955,
        6.235101450490955,
        4.985885711909754,
        4.618363207981519,
        2.78351958392346,
        1.6771179033036945,
        0.6745883360560055,
        5.415768837023287,
        3.1389245719215877,
        1.4205341537283114,
        1.6537519219449104,
        3.68542813627853,
        0.9667455766950539,
        5.162927937403648,
        4.790690042057563,
        4.625517284029711,
        2.586249485611895,
        3.8746008554548146,
        3.588701329705617,
        4.13027706854272,
        0.6279564555463933,
        2.311333833884343,
        0.4470210257027375,
        3.0389243533890866,
        1.9400950079675563,
        0.842478742730815,
        0.6059468604657186,
        3.843196289721531,
        1.0637889769703328,
        5.960409472337939,
        3.639847346067714,
        2.2939913376262835,
        3.676039502456454,
        0.1888780672811581,
        6.050011847452137,
        2.7093329984791352,
        4.749930701864986,
        0.5477908899132504,
        2.971079871166283,
        3.070596631177085,
        5.849016316918888,
        3.3283237386156017,
        2.9568826124081062,
        1.611093778654311,
        2.5356247204002895,
        3.379526562377418,
        2.782561282452308,
        0.1800339067293338,
        5.196340150253926,
        5.5186731757055,
        0.8773022880890938,
        3.465172964942228,
        0.815087081168148,
        4.18093516354229,
        1.8571534234454048,
        4.228235411388094,
        0.06761089906485446
    ],
    "Cmin, Cmax, frob_norm, shift": [
        1.473728550170648,
        2983.2052837360643,
        565.1058963899055,
        563.0238790798359
    ]
}