{
    "Calculated Minimum Energy [norm, row]": [
        0.0049552157835719675,
        -0.9675620636026343
    ],
    "Corresponding loss function": 0.027642915795780612,
    "Solution for Minimum Energy": [
        -1.0,
        -1.0,
        -1.0,
        -1.0,
        -1.0,
        1.0,
        -1.0,
        1.0,
        -1.0,
        -1.0,
        1.0,
        1.0,
        1.0,
        1.0,
        -1.0,
        1.0,
        1.0,
        1.0
    ],
    "Corresponding exp value": [
        -0.05975474744386709,
        -0.2542938934113775,
        -0.02853727271506061,
        -0.021684754296554073,
        -0.13837761838124546,
        0.11885840988826303,
        -0.012567374071782586,
        0.4609981582961836,
        -0.025330774902662716,
        -0.009908385802280623,
        0.0034680225325836034,
        0.00042984435452150804,
        0.2853740532965462,
        0.4236312076213561,
        -0.05471289565507462,
        0.6252877658941945,
        0.453900375639118,
        0.427872894307583
    ],
    "Number for Minimum Energy": 17247,
    "Elapsed Time [seconds]": 0.3154287338256836,
    "Elapsed Time [hours, minutes, seconds]": [
        0,
        0,
        0.32
    ],
    "Current function value": -0.8540033768388107,
    "Iterations": 220,
    "Function Evaluations, Estimation": [
        238,
        16898
    ],
    "Gradient Evaluations": 238,
    "Number of Parameters": 70,
    "Minimum Parameters": [
        1.0590605775438855,
        3.1862084749323794,
        1.1539844925970695,
        4.4693779120742265,
        2.879618782352811,
        2.5005708922107477,
        1.813725856138055,
        3.9075085007364314,
        2.1943609513305407,
        0.5525254359076954,
        0.7209458511035636,
        5.966509414903399,
        5.736432949248813,
        4.27809608032012,
        1.83231955779075,
        6.178874596842928,
        5.024557915563602,
        4.596004389057902,
        2.2366691313481737,
        1.5514428861060436,
        0.7042321512758597,
        5.593063788120331,
        3.2907749893595,
        1.4120886368708097,
        1.7092338085030863,
        3.6878326899800156,
        1.0698672529152977,
        5.461192003438963,
        4.808643083941853,
        4.468594988634723,
        2.653670445663534,
        3.8713642883933637,
        3.8651312331863235,
        4.273555058580899,
        0.5412010998925362,
        2.4531765098411116,
        0.450012149964108,
        3.104960465678214,
        1.917445100637474,
        0.8365003928078678,
        0.5727445245726107,
        3.728418206004738,
        0.8524171571563057,
        5.938245545788279,
        3.6708695886861236,
        2.287082874596773,
        3.744008047204389,
        0.12465998437946499,
        6.183128237953994,
        2.878543492269214,
        4.921457382947868,
        0.5305656148333416,
        2.793409963649021,
        3.104490803080752,
        5.91517352191339,
        3.528478779766146,
        2.7280134972252736,
        1.4974114549844781,
        2.1328165216251467,
        3.3838699025226964,
        2.819550293483362,
        0.28833435739670255,
        4.926063735003003,
        5.478162600922997,
        0.9789178146158315,
        3.508638850610355,
        0.7603135791308253,
        4.206469491203381,
        1.8152098715609037,
        4.293978423871259
    ],
    "Cmin, Cmax, frob_norm, shift": [
        1.473728550170648,
        2983.2052837360643,
        565.1058963899055,
        563.0238790798359
    ]
}