{
    "Calculated Minimum Energy [norm, row]": [
        0.005914575449401886,
        -0.9625000867118394
    ],
    "Corresponding loss function": -0.010208502076815746,
    "Solution for Minimum Energy": [
        1.0,
        1.0,
        1.0,
        1.0,
        1.0,
        1.0,
        1.0,
        1.0,
        -1.0,
        1.0,
        -1.0,
        -1.0,
        1.0,
        1.0,
        1.0,
        -1.0,
        1.0,
        1.0
    ],
    "Corresponding exp value": [
        0.3830447002321598,
        0.254891290468025,
        0.3190227027138269,
        0.46601277235358324,
        0.29071698187592027,
        0.19006920154780355,
        0.28004368004806485,
        0.27650547173675055,
        -0.3195000895773708,
        0.5741513206753102,
        -0.5240091278232891,
        -0.4159401641619146,
        0.05140714687114804,
        0.2538217449393761,
        0.46020517605285755,
        -0.24801850272400525,
        0.3082392767266604,
        0.33444302803308174
    ],
    "Number for Minimum Energy": 36096,
    "Elapsed Time [seconds]": 0.16715574264526367,
    "Elapsed Time [hours, minutes, seconds]": [
        0,
        0,
        0.17
    ],
    "Current function value": -1.060460747610732,
    "Iterations": 204,
    "Function Evaluations, Estimation": [
        217,
        15407
    ],
    "Gradient Evaluations": 217,
    "Number of Parameters": 70,
    "Minimum Parameters": [
        3.9883830625857413,
        4.386384638972049,
        0.9750358524588262,
        5.910666864278679,
        1.6785508123696222,
        0.042374988975622696,
        3.5991615045162137,
        2.396972609827731,
        4.711017125990008,
        4.895453979518075,
        2.2028459266105114,
        5.923990657551389,
        2.064415601846492,
        3.231875660809445,
        1.4531941359553568,
        5.932551349621666,
        0.9423488605481684,
        0.5175707396766227,
        2.263627922741124,
        6.30515357454805,
        5.981648659373659,
        4.627943610953995,
        5.512085452363549,
        5.747641090675022,
        3.4614264079615396,
        2.1663608930527967,
        5.579622795119367,
        4.079174971031128,
        2.2886016688894966,
        0.6711999576837474,
        4.184497362296891,
        1.6911406659243347,
        5.645107794168767,
        1.3635519441275648,
        1.2838189344363402,
        5.669443321690564,
        1.2464202237860085,
        1.3158664389980081,
        3.6491623209086614,
        5.617333335190493,
        1.9167615571529801,
        1.8741289387616102,
        5.044036791958522,
        6.273738208610516,
        3.4382225551225862,
        0.8555073339820058,
        0.00227727521543572,
        1.4086365263420026,
        0.9951416871109315,
        4.468730626781643,
        0.5925328172317677,
        3.0475714396280673,
        4.281922880338346,
        3.6574941804221313,
        0.7856833342574556,
        4.918293953839863,
        5.331719152166838,
        4.989049208278092,
        0.7455462622626166,
        0.40937888643992043,
        5.709134674437923,
        2.4125804865376077,
        2.6623028486655054,
        2.980194531940835,
        4.445164308097377,
        6.1167751898371225,
        1.5182397607691946,
        5.487427474098012,
        0.10492231448231379,
        3.335118883802029
    ],
    "Cmin, Cmax, frob_norm, shift": [
        1.473728550170648,
        2983.2052837360643,
        565.1058963899055,
        563.0238790798359
    ]
}