{
    "Calculated Minimum Energy [norm, row]": [
        0.004265931215664402,
        -0.9711990129952393
    ],
    "Corresponding loss function": 0.02523429180361426,
    "Solution for Minimum Energy": [
        -1.0,
        1.0,
        -1.0,
        -1.0,
        -1.0,
        1.0,
        1.0,
        1.0,
        1.0,
        -1.0,
        1.0,
        -1.0,
        -1.0,
        1.0,
        -1.0,
        1.0,
        1.0,
        1.0
    ],
    "Corresponding exp value": [
        -0.1088528606647053,
        0.1319102399124804,
        -0.10774373338103628,
        -0.09965794581040162,
        -0.14410545161845895,
        0.14865280538176384,
        -0.09525304570019268,
        0.3137632079233337,
        -0.09602160791063183,
        -0.11705134190617773,
        -0.09240621648209758,
        -0.11100674060874836,
        -0.4042880846061665,
        0.039397885512528874,
        -0.13603100694830372,
        0.2762321088570429,
        0.43584023531124827,
        0.3794094970526
    ],
    "Number for Minimum Energy": 23069,
    "Elapsed Time [seconds]": 0.6384217739105225,
    "Elapsed Time [hours, minutes, seconds]": [
        0,
        0,
        0.64
    ],
    "Current function value": -0.8620397438009282,
    "Iterations": 622,
    "Function Evaluations, Estimation": [
        674,
        48528
    ],
    "Gradient Evaluations": 674,
    "Number of Parameters": 71,
    "Minimum Parameters": [
        3.8835752859646075,
        4.6154557477036455,
        1.4201592561706653,
        6.019106262753757,
        1.739010357827484,
        0.17978801009478135,
        2.7236392612246374,
        2.3361918448212045,
        4.9354351863603885,
        5.530375962673694,
        2.0734859256556284,
        6.254243460990121,
        1.7755812906079609,
        3.0894225285205823,
        2.0400379102894943,
        5.910641542647982,
        1.08121429856952,
        0.4781960621345211,
        2.3292563947447635,
        6.192496177736427,
        5.034499920399344,
        4.314373652518888,
        5.642990026487147,
        5.184117918354523,
        3.2123896331695962,
        2.1986056131111495,
        5.57706453677469,
        3.5869453242422336,
        1.9516486408374998,
        1.053797392086159,
        3.7955677762590754,
        1.6464673842598232,
        5.762569096786324,
        1.3532586632307488,
        0.9817079422458295,
        5.430511362708872,
        1.1016946809387158,
        1.438771208202075,
        3.2311870363417334,
        5.554158637115296,
        1.079675648645753,
        2.2147987586968574,
        5.277016602577498,
        5.851119515388719,
        2.946180244358257,
        0.9593588412123256,
        -0.14074719244697792,
        1.453674419605934,
        1.017450076598254,
        4.21289876878657,
        0.8248622245892898,
        2.9717704702971828,
        4.564709965550957,
        3.6604758825123294,
        0.6436026632772364,
        4.842238338927946,
        5.064970301048513,
        4.837339926005009,
        0.732824282088975,
        0.6874255634232985,
        5.96003059183046,
        2.548198942107326,
        3.1611167724739397,
        3.1769662785512645,
        4.1623860140431646,
        6.016447913193184,
        1.7211781405001718,
        5.601098760169425,
        0.05564516241986193,
        3.141287376435025,
        0.9715583437548077
    ],
    "Cmin, Cmax, frob_norm, shift": [
        1.473728550170648,
        2983.2052837360643,
        565.1058963899055,
        563.0238790798359
    ]
}