{
    "Calculated Minimum Energy [norm, row]": [
        0.00023928928643491515,
        -0.9924452349485386
    ],
    "Corresponding loss function": 0.023378762106775242,
    "Solution for Minimum Energy": [
        1.0,
        1.0,
        -1.0,
        -1.0,
        -1.0,
        -1.0,
        1.0,
        1.0,
        -1.0,
        1.0,
        -1.0,
        1.0,
        1.0,
        1.0,
        1.0,
        1.0,
        1.0,
        1.0
    ],
    "Corresponding exp value": [
        0.00902341106205154,
        0.2664232705198348,
        -0.04322277530861604,
        -0.013880657643168592,
        -0.01401230505103776,
        -0.3630825599711524,
        0.025672703663616795,
        0.36516176871340367,
        -0.04226580910384145,
        0.03186471414461839,
        -0.01977687317943845,
        0.05393292872728833,
        0.5208578372540202,
        0.21938838093021762,
        0.3245878020488723,
        0.59810565055501,
        0.6087285867597012,
        0.4838161935014519
    ],
    "Number for Minimum Energy": 1340,
    "Elapsed Time [seconds]": 0.24424290657043457,
    "Elapsed Time [hours, minutes, seconds]": [
        0,
        0,
        0.24
    ],
    "Current function value": -0.8744522306399769,
    "Iterations": 183,
    "Function Evaluations, Estimation": [
        187,
        13277
    ],
    "Gradient Evaluations": 187,
    "Number of Parameters": 70,
    "Minimum Parameters": [
        4.801947469010467,
        3.6130817436751705,
        4.760339614315643,
        2.4219597926197745,
        5.8600305776632,
        5.565099191836193,
        4.8602680817789805,
        1.2089695661176842,
        2.9432259759323007,
        -0.027330140720900106,
        0.15343054213427498,
        4.4697350699561085,
        5.057664785750919,
        5.955328826432545,
        1.811905761417491,
        2.2440475672422684,
        3.147833373129009,
        1.0183755208518388,
        0.6065631638834039,
        2.91515915740103,
        1.490825019744197,
        4.134848939308353,
        2.839986318481435,
        5.1783046335697405,
        4.269474295199071,
        1.8467413743285896,
        5.160479320370918,
        5.037767673253815,
        2.6230867219741882,
        2.0148508051706946,
        4.338979789590467,
        1.021108175310099,
        1.28774447459597,
        -0.031857852609148724,
        5.110999876270395,
        3.721110678107492,
        4.267370719241077,
        4.860085988732137,
        2.9429274809007384,
        3.540917403386643,
        0.7690332923780793,
        1.0858050746896326,
        4.1134802498019685,
        3.135709519258303,
        3.3386524744153583,
        4.769885530784473,
        4.123448443897803,
        3.4718722374609396,
        3.5126896677528143,
        2.3714471635202745,
        -0.224343796491205,
        2.9040697201275605,
        1.3219868216359925,
        2.5130332873893613,
        5.457900474255267,
        1.9057841559464894,
        0.40793315237569466,
        1.9190406956609942,
        1.7134615868811207,
        4.292852763665892,
        3.499851980236887,
        4.885544774813319,
        3.9162282952138963,
        2.108039652443863,
        5.183823178657177,
        0.7094783223982221,
        0.1525580896252984,
        0.5885051360100078,
        4.081674174138669,
        3.02384806488815
    ],
    "Cmin, Cmax, frob_norm, shift": [
        1.473728550170648,
        2983.2052837360643,
        565.1058963899055,
        563.0238790798359
    ]
}