{
    "Calculated Minimum Energy [norm, row]": [
        0.0002072936700065887,
        -0.9926140570042656
    ],
    "Corresponding loss function": 0.02339906272478366,
    "Solution for Minimum Energy": [
        1.0,
        1.0,
        -1.0,
        1.0,
        -1.0,
        -1.0,
        1.0,
        1.0,
        -1.0,
        -1.0,
        -1.0,
        1.0,
        1.0,
        1.0,
        1.0,
        1.0,
        1.0,
        1.0
    ],
    "Corresponding exp value": [
        0.020851616210268303,
        0.233536525875486,
        -0.06880000486342962,
        0.0004373320789825587,
        -0.013580661989071426,
        -0.36007168922515226,
        0.03215258087449328,
        0.4482010813280062,
        -0.030584980277451233,
        -0.00045081062251753,
        -0.00854538066891937,
        0.09165082118283968,
        0.4832196278071527,
        0.21337707677398227,
        0.386590968747631,
        0.5738337780697295,
        0.6928758379274508,
        0.5238905671741932
    ],
    "Number for Minimum Energy": 1844,
    "Elapsed Time [seconds]": 0.19736504554748535,
    "Elapsed Time [hours, minutes, seconds]": [
        0,
        0,
        0.2
    ],
    "Current function value": -0.8744516374055205,
    "Iterations": 116,
    "Function Evaluations, Estimation": [
        118,
        8378
    ],
    "Gradient Evaluations": 118,
    "Number of Parameters": 70,
    "Minimum Parameters": [
        4.02685457069664,
        0.6015169633087523,
        1.0378884936259265,
        2.548111117412428,
        5.813106417388578,
        3.8024479403754188,
        5.794499481896797,
        5.015589160786371,
        2.694010241885439,
        4.851234073231912,
        -0.09906327204924428,
        0.6774475259053451,
        5.031751712102102,
        5.005650554844775,
        1.5025502945259634,
        3.3184367295649078,
        3.8506098773161037,
        5.526687114253256,
        3.63113929155551,
        2.699218102118581,
        2.2513500671028814,
        2.6131234709026017,
        3.74837058391126,
        5.541354679340886,
        2.7447990739378074,
        1.6268044088476006,
        1.6256153349211897,
        4.5035446648285795,
        5.650747218190549,
        1.0615687984975624,
        0.3195741496952876,
        3.7057653101861456,
        0.903098054583865,
        4.92252116989111,
        1.946311583188151,
        0.805115523912908,
        5.574094702080668,
        0.9599175039365981,
        2.2109734266941503,
        1.2575230597525149,
        0.6229844172595519,
        0.41124619110556654,
        0.3391876305299848,
        1.3742492340315107,
        0.2607889110437458,
        3.7098872161654928,
        4.419710942188702,
        2.562420443653844,
        2.0836715010516165,
        3.195339738481659,
        5.247091876959524,
        5.568178912902543,
        0.09779314657923704,
        1.2512455095665702,
        1.6038722642107086,
        1.8671387182268646,
        3.8853467171276113,
        2.428324121050787,
        0.7702857656008333,
        2.2929775318975842,
        3.5165582118215615,
        0.6310457273228881,
        5.530250014482055,
        0.4138492158716186,
        5.8626804375692405,
        0.35116410689603605,
        5.425418426211552,
        5.817381793559698,
        6.120996459736013,
        5.01787006737646
    ],
    "Cmin, Cmax, frob_norm, shift": [
        1.473728550170648,
        2983.2052837360643,
        565.1058963899055,
        563.0238790798359
    ]
}