{
    "Calculated Minimum Energy [norm, row]": [
        0.015766694383159054,
        -0.9105162477572387
    ],
    "Corresponding loss function": 0.007961013511145296,
    "Solution for Minimum Energy": [
        -1.0,
        -1.0,
        -1.0,
        1.0,
        1.0,
        1.0,
        1.0,
        1.0,
        1.0,
        -1.0,
        -1.0,
        -1.0,
        1.0,
        1.0,
        1.0,
        1.0,
        1.0,
        1.0
    ],
    "Corresponding exp value": [
        -0.5728491818107011,
        -0.6762682231631152,
        -0.4192396452611403,
        0.4196811744651089,
        0.6756638333709409,
        0.5743949065801657,
        0.39400020477337055,
        0.5362721776571845,
        0.04109732618480405,
        -0.04776304610375798,
        -0.5326576299447402,
        -0.39613595316774297,
        0.7249332990254118,
        0.8075161955759023,
        0.6078731170305937,
        0.6114330947729839,
        0.812012089646427,
        0.7254953653044914
    ],
    "Number for Minimum Energy": 3591,
    "Elapsed Time [seconds]": 0.08807706832885742,
    "Elapsed Time [hours, minutes, seconds]": [
        0,
        0,
        0.09
    ],
    "Current function value": -0.9524364777118994,
    "Iterations": 83,
    "Function Evaluations, Estimation": [
        84,
        5964
    ],
    "Gradient Evaluations": 84,
    "Number of Parameters": 70,
    "Minimum Parameters": [
        1.1266124736449519,
        3.3186035266714877,
        0.662124176402153,
        4.5597647520960205,
        2.832434755995398,
        2.497275609241799,
        1.642438176357162,
        3.712438621836876,
        2.1047726643081224,
        0.4825195504842007,
        1.2567668717460676,
        5.790973495491679,
        6.272053468504822,
        4.275269723073196,
        1.7651765712459784,
        6.157592603773982,
        4.544671558512367,
        4.964014371948527,
        1.723341754262922,
        1.6637249420418252,
        0.9714158877257698,
        5.5805147264135035,
        2.969341702687863,
        1.5922902547726099,
        1.2639643841509784,
        3.9431245669323003,
        1.5217657872051975,
        5.63873178966841,
        4.8490809061141515,
        4.165978636452505,
        2.2939447974881992,
        3.6750825355629084,
        3.559717849990856,
        4.028749001918665,
        1.0499651773653276,
        2.5294438002010393,
        0.55662544350256,
        3.1119672991360448,
        1.8222749307518897,
        0.8489781318701556,
        0.4678249289355625,
        3.4946929744082915,
        0.8255985023424756,
        5.477831856380135,
        3.872835950966942,
        2.1092245780718124,
        3.700781699561174,
        -0.20664522408135114,
        5.811781393534964,
        2.811554612792794,
        4.38356973344178,
        0.15579075642027712,
        2.8126443777918535,
        3.052201484302781,
        6.063315255277149,
        3.7327868187881545,
        2.832586242820403,
        2.005178630632184,
        2.277259808337268,
        3.45026279977433,
        3.1764218482890763,
        0.5569017598942222,
        5.061699780742698,
        5.670808117368962,
        0.9323681893765271,
        3.1529028155808705,
        0.7620631064392054,
        4.286702180348833,
        2.031322282911163,
        4.090305410141116
    ],
    "Cmin, Cmax, frob_norm, shift": [
        1.473728550170648,
        2983.2052837360643,
        565.1058963899055,
        563.0238790798359
    ]
}