{
    "Calculated Minimum Energy [norm, row]": [
        0.002500078201290459,
        -0.9805163810998997
    ],
    "Corresponding loss function": 0.0025196661326593608,
    "Solution for Minimum Energy": [
        -1.0,
        1.0,
        1.0,
        -1.0,
        1.0,
        1.0,
        1.0,
        -1.0,
        1.0,
        -1.0,
        1.0,
        -1.0,
        1.0,
        1.0,
        -1.0,
        1.0,
        1.0,
        1.0
    ],
    "Corresponding exp value": [
        -0.26289740053803107,
        0.14196426706960102,
        0.09124562766738158,
        -0.00758512185674462,
        0.18850201735961586,
        0.29294811148712474,
        0.485749757142907,
        -0.23267595078212105,
        0.29721000622777005,
        -0.38590768558794886,
        0.43146935305591017,
        -0.18609442638943804,
        0.22616857662530937,
        0.4679656240890361,
        -0.15672348211479098,
        0.20914250631184247,
        0.14458905008669107,
        0.27642543579155265
    ],
    "Number for Minimum Energy": 19081,
    "Elapsed Time [seconds]": 0.08484959602355957,
    "Elapsed Time [hours, minutes, seconds]": [
        0,
        0,
        0.08
    ],
    "Current function value": -0.9805149860196846,
    "Iterations": 73,
    "Function Evaluations, Estimation": [
        108,
        7668
    ],
    "Gradient Evaluations": 108,
    "Number of Parameters": 70,
    "Minimum Parameters": [
        4.987649099836385,
        4.060528084425854,
        4.70127580644614,
        1.940474915771966,
        5.941339316158493,
        5.63598480680119,
        5.164824500622736,
        1.1155521557265065,
        2.8527377567105026,
        0.3576699864169877,
        0.900822978434586,
        4.021039807670915,
        4.859221419053533,
        5.90469142062192,
        2.013263673436039,
        2.1907301714881586,
        3.2091239729205334,
        1.4564307352438268,
        0.8593776194886382,
        3.0200254224650553,
        1.4369164597140551,
        4.072955777420285,
        2.641183340225462,
        5.221464987367172,
        4.554002745193619,
        1.9879856513228544,
        5.02973650127428,
        5.107896086677116,
        2.449823976763539,
        1.7564793528732188,
        4.480231679394346,
        0.4204437691075719,
        1.529700010923063,
        -0.13837518378120697,
        4.9450188320359505,
        4.042018362742007,
        4.260344262167846,
        4.9016775616044255,
        3.1246572548103444,
        3.1966654755344392,
        1.2920286457845818,
        0.9275569402351447,
        3.740989709210193,
        2.9494966022451696,
        3.6935539395613612,
        5.143127248782912,
        4.4324501422570135,
        3.102506736634519,
        3.371124373808284,
        2.1597490584438264,
        0.27825379636713643,
        3.159906064321124,
        1.3025427157438052,
        2.3566581463025376,
        5.729793976130268,
        1.2540608663077342,
        0.30269973155306784,
        1.6126593623821268,
        2.0172269263675258,
        4.019489596180152,
        3.275093793342734,
        5.338271725906163,
        3.9921694627953896,
        2.4871317127068013,
        5.195934658960491,
        0.6682565570054434,
        0.47860497617321085,
        0.7029781676010496,
        4.730255471574747,
        2.559455282322019
    ],
    "Cmin, Cmax, frob_norm, shift": [
        1.473728550170648,
        2983.2052837360643,
        565.1058963899055,
        563.0238790798359
    ]
}