{
    "Calculated Minimum Energy [norm, row]": [
        0.0019365902930210792,
        -0.983489575483087
    ],
    "Corresponding loss function": 0.020759949059782432,
    "Solution for Minimum Energy": [
        -1.0,
        1.0,
        -1.0,
        1.0,
        -1.0,
        1.0,
        1.0,
        -1.0,
        1.0,
        -1.0,
        1.0,
        -1.0,
        1.0,
        1.0,
        1.0,
        1.0,
        1.0,
        1.0
    ],
    "Corresponding exp value": [
        -0.0007021689653616825,
        0.35192461782723405,
        -0.0008545708000215757,
        0.0002538565837545692,
        -0.00461736753126335,
        0.2872015659882752,
        4.417314569099551e-05,
        -0.33755491235219226,
        0.00022833978775957386,
        -0.00028650304935040616,
        0.005407644027709185,
        -0.0003897276024258933,
        0.2983790451449836,
        0.2753853680798083,
        0.00034179162083392,
        0.38396077393825456,
        0.6563895464187629,
        0.4121219419901589
    ],
    "Number for Minimum Energy": 2709,
    "Elapsed Time [seconds]": 0.5013601779937744,
    "Elapsed Time [hours, minutes, seconds]": [
        0,
        0,
        0.5
    ],
    "Current function value": -0.8841890912570621,
    "Iterations": 338,
    "Function Evaluations, Estimation": [
        428,
        30388
    ],
    "Gradient Evaluations": 428,
    "Number of Parameters": 70,
    "Minimum Parameters": [
        4.913265996294901,
        4.067506150045185,
        4.750810760857032,
        1.2232882245618808,
        4.311214994037832,
        2.976984961110045,
        5.345349421467908,
        3.161226858196551,
        2.2245368695774026,
        3.8873693814532535,
        1.3489193553117518,
        0.8576860722825744,
        3.2616852835892174,
        2.7093433651400254,
        1.4469895068555916,
        2.305752469589851,
        2.153229437188244,
        1.9221136687529226,
        2.0649601906133666,
        4.425906012473593,
        1.9071252405090984,
        6.214968353238353,
        5.621225901537278,
        2.9861192442421154,
        1.9875593985240299,
        3.3098292905719706,
        5.388220705573368,
        4.16643093844655,
        5.423852109562076,
        3.310840514583289,
        4.141128814608055,
        2.1624254235104194,
        4.759578039511161,
        1.3576456710100575,
        4.123749889997379,
        5.174079972038891,
        1.0884484272554233,
        4.2044020948932594,
        0.8180611117846516,
        4.137716799812604,
        0.4386915435805293,
        5.722572776480856,
        1.1542951493522715,
        6.111112639226082,
        4.557760990670672,
        3.7006794122727475,
        4.7243986887455565,
        5.392548428616314,
        6.246836173745118,
        1.3909421032467812,
        3.8817695132463825,
        0.7092189954405563,
        3.8357471301269968,
        1.381735731978,
        3.423005412905482,
        3.736826771507114,
        2.938526372611749,
        3.1820301273607514,
        5.12054884089753,
        4.654256586834035,
        2.5232670627855978,
        3.7612906847040106,
        5.59311136942839,
        0.6412406307076147,
        1.118855860017057,
        0.554665068593224,
        3.8649493205566965,
        2.749329432502296,
        4.714095636725151,
        4.131311926671652
    ],
    "Cmin, Cmax, frob_norm, shift": [
        1.473728550170648,
        2983.2052837360643,
        565.1058963899055,
        563.0238790798359
    ]
}