{
    "Calculated Minimum Energy [norm, row]": [
        0.008532493731975389,
        -0.9486868711677892
    ],
    "Corresponding loss function": 0.10810517920408552,
    "Solution for Minimum Energy": [
        1.0,
        -1.0,
        -1.0,
        -1.0,
        -1.0,
        1.0,
        -1.0,
        1.0,
        1.0,
        1.0,
        1.0,
        -1.0,
        1.0,
        1.0,
        1.0,
        1.0,
        1.0,
        1.0
    ],
    "Corresponding exp value": [
        0.04040819707137232,
        -0.020387473689738395,
        -0.06100178134763937,
        -0.061829475616818536,
        -0.06622002721117265,
        0.12884325152711185,
        -0.005557764043517519,
        0.11477896113870428,
        0.18902465411229924,
        0.06677768852348642,
        0.03225272080613732,
        -0.05809909792220341,
        0.8233699649016517,
        0.8121544364268349,
        0.7745242054742747,
        0.9544052519144157,
        0.8878843795471727,
        0.8808744091069609
    ],
    "Number for Minimum Energy": 2142,
    "Elapsed Time [seconds]": 0.14182567596435547,
    "Elapsed Time [hours, minutes, seconds]": [
        0,
        0,
        0.14
    ],
    "Current function value": -0.4649312395208314,
    "Iterations": 106,
    "Function Evaluations, Estimation": [
        108,
        7668
    ],
    "Gradient Evaluations": 108,
    "Number of Parameters": 70,
    "Minimum Parameters": [
        4.6686073236242285,
        3.653456825644466,
        4.933719443251771,
        2.4193327542081478,
        6.029900013468542,
        5.508772175977822,
        5.173480246352807,
        1.029233959369592,
        3.030081852727537,
        -0.034826380227979604,
        0.44502877007926234,
        4.50974778191514,
        5.085380825361082,
        5.879142802996175,
        1.7766619598974156,
        2.3273290779497997,
        3.364106637076679,
        0.9962730354260916,
        0.9341556907354427,
        3.05844984680647,
        1.4081067161018022,
        4.4048360439199605,
        2.7394424059028775,
        5.176271094085781,
        4.278028868192323,
        2.024855931176755,
        5.109900717682157,
        5.104107842770807,
        2.627825262314424,
        1.7725569411528446,
        4.286821736651658,
        0.7924888293067036,
        1.5296404732929119,
        -0.0371853962648799,
        5.062392183628355,
        3.823753530734067,
        4.169517416021682,
        4.585627154003897,
        2.971721784508124,
        3.4361073991601585,
        0.9579737373507818,
        0.7647129560735164,
        4.084144002402341,
        3.051616728548585,
        3.456116910080497,
        4.923469569939929,
        4.171120118213897,
        3.3898599285685305,
        3.476420722426643,
        2.325220039605867,
        -0.13206401259348605,
        2.7302967541262513,
        1.4248410521097048,
        2.2196875596247767,
        5.545116269628728,
        1.7776005538760635,
        0.544099830666574,
        1.8455359622167908,
        1.820305755870286,
        4.156813395300174,
        3.648798093565188,
        4.865926455682243,
        3.803440904235684,
        2.179619307951867,
        5.293978005677458,
        0.7698943578123881,
        0.06085883435703596,
        0.6687949379532846,
        4.249798237038026,
        2.9823876520561527
    ],
    "Cmin, Cmax, frob_norm, shift": [
        1.473728550170648,
        2983.2052837360643,
        565.1058963899055,
        563.0238790798359
    ]
}