{
    "Calculated Minimum Energy [norm, row]": [
        0.0054379665548565746,
        -0.9650148716210514
    ],
    "Corresponding loss function": -0.007294455118306622,
    "Solution for Minimum Energy": [
        1.0,
        1.0,
        1.0,
        1.0,
        1.0,
        1.0,
        -1.0,
        -1.0,
        1.0,
        1.0,
        -1.0,
        -1.0,
        1.0,
        1.0,
        1.0,
        1.0,
        1.0,
        1.0
    ],
    "Corresponding exp value": [
        0.46584594760513276,
        0.37901008287192073,
        0.3266554790928264,
        0.06712919063053366,
        0.12863233184966644,
        0.6445576257987184,
        -0.3993992807864603,
        -0.14906907175482897,
        0.028586333133456883,
        0.15904759945788688,
        -0.04041185371643699,
        -0.363156369817803,
        0.5032354003074433,
        0.4576934600308166,
        0.43741766125920717,
        0.5910741634396192,
        0.38331719490367683,
        0.5265750217901078
    ],
    "Number for Minimum Energy": 3264,
    "Elapsed Time [seconds]": 0.13700556755065918,
    "Elapsed Time [hours, minutes, seconds]": [
        0,
        0,
        0.14
    ],
    "Current function value": -1.0643183904161782,
    "Iterations": 158,
    "Function Evaluations, Estimation": [
        160,
        11360
    ],
    "Gradient Evaluations": 160,
    "Number of Parameters": 70,
    "Minimum Parameters": [
        4.999281506727851,
        4.035840023919188,
        4.74430266983172,
        0.857701872111296,
        3.837131125604141,
        3.2593881560744826,
        5.239130855167735,
        2.908591890773935,
        2.4011900301387263,
        4.050577215099368,
        1.4597884324959358,
        0.7728718789694616,
        2.999516730898597,
        2.6423087602121273,
        1.51674156050637,
        2.314786955436063,
        2.2013345057047013,
        2.0922329220182982,
        2.12060225876471,
        4.263704004349665,
        1.930141066928043,
        6.15371684250326,
        5.786166335099516,
        3.1819931231478713,
        2.0820404166815716,
        3.4335302853304426,
        5.346054339305098,
        4.349260673656428,
        5.281025248802672,
        3.4341734839455276,
        3.700811692808435,
        1.8347180372003695,
        4.657218467571503,
        1.527827103567788,
        4.136374217138688,
        5.366204228413906,
        0.976583497688076,
        3.910003495856231,
        0.6067746095988107,
        4.431950224788731,
        0.4007874200443501,
        5.590904387262583,
        0.974195737496831,
        6.113751881353288,
        4.923766205349449,
        3.6254809932684426,
        4.862859942320229,
        5.0595496523080215,
        5.963952057787589,
        1.5386128126488907,
        3.653791392999247,
        0.3919331370068919,
        3.759195030837274,
        1.0722228365224589,
        3.5630497617813712,
        3.6583886496108113,
        3.001423190571371,
        3.1901190076256083,
        5.14356112742726,
        4.863911306690607,
        2.654107073226219,
        3.7172336971374493,
        5.87829392866441,
        0.6466005002917938,
        0.8239517039230769,
        0.38882697860661203,
        4.209500604691712,
        2.659914102688844,
        5.041827110620488,
        4.198194162785359
    ],
    "Cmin, Cmax, frob_norm, shift": [
        1.473728550170648,
        2983.2052837360643,
        565.1058963899055,
        563.0238790798359
    ]
}