{
    "Calculated Minimum Energy [norm, row]": [
        0.009216799718612981,
        -0.9450761908213359
    ],
    "Corresponding loss function": -0.006437845194578452,
    "Solution for Minimum Energy": [
        -1.0,
        -1.0,
        -1.0,
        1.0,
        1.0,
        1.0,
        1.0,
        1.0,
        -1.0,
        -1.0,
        -1.0,
        -1.0,
        1.0,
        1.0,
        -1.0,
        1.0,
        1.0,
        1.0
    ],
    "Corresponding exp value": [
        -0.6434699743190055,
        -0.5002864494107747,
        -0.5597455728019569,
        0.3778411288786001,
        0.553956738511972,
        0.4328607956622235,
        0.2066954981765084,
        0.2504935827992079,
        -0.23928297070137255,
        -0.2433508896044298,
        -0.30220754061021327,
        -0.2115917775666001,
        0.3128781430077809,
        0.4123694283616538,
        -0.07587360756346367,
        0.36032019804350157,
        0.25140542525931164,
        0.08826100567753703
    ],
    "Number for Minimum Energy": 20231,
    "Elapsed Time [seconds]": 0.18079781532287598,
    "Elapsed Time [hours, minutes, seconds]": [
        0,
        0,
        0.18
    ],
    "Current function value": -1.0444495960284137,
    "Iterations": 119,
    "Function Evaluations, Estimation": [
        129,
        9159
    ],
    "Gradient Evaluations": 129,
    "Number of Parameters": 70,
    "Minimum Parameters": [
        0.8754514400229308,
        3.1358787005780364,
        0.7529963505254376,
        4.294044012234599,
        2.9321595510020018,
        2.4367836613580502,
        1.9353133020647593,
        3.6577288499654066,
        2.2953232384315334,
        0.5955002368631122,
        0.7771044494024428,
        6.133889760304828,
        5.851210571436089,
        4.559276386409217,
        1.8441211153345665,
        6.25493950636328,
        4.96547338491294,
        4.512057882090548,
        2.3724660430042097,
        1.5710167318689228,
        0.9828802142765622,
        5.488831581740196,
        3.013079235576238,
        1.4853113055398086,
        1.7145274024615047,
        3.6081231584154194,
        0.8980613446205737,
        5.480704489614405,
        4.846376505976424,
        4.476124273684044,
        2.5034554844884065,
        3.9853505465834744,
        3.643830758879097,
        4.242373478040602,
        0.5214810210073472,
        2.4942283501911047,
        0.3649404179221246,
        3.0555215836892136,
        1.94265429174073,
        0.8092533028020461,
        0.6516596096483364,
        3.6205913101668186,
        0.7145110191345041,
        5.829564381030876,
        3.9096112142145523,
        2.1628924648671,
        3.678059409829637,
        0.05596675313899519,
        5.838096336545261,
        2.8707758960967626,
        4.748994105738476,
        0.4673483102975062,
        2.7938263393629534,
        2.9898444947276634,
        5.913379034116869,
        3.5794500389374724,
        2.9157363404260592,
        1.6529526026018604,
        2.3048891453302667,
        3.438820986124505,
        2.758995130486732,
        0.255381052595638,
        5.193429494633906,
        5.730790180339773,
        0.9830124959286867,
        3.4219038116827982,
        0.7326418925381826,
        4.206780078808181,
        1.9443992236949668,
        4.152849777446656
    ],
    "Cmin, Cmax, frob_norm, shift": [
        1.473728550170648,
        2983.2052837360643,
        565.1058963899055,
        563.0238790798359
    ]
}