{
    "Calculated Minimum Energy [norm, row]": [
        0.005103646546587979,
        -0.9667788817376557
    ],
    "Corresponding loss function": 0.0070869450938508246,
    "Solution for Minimum Energy": [
        1.0,
        -1.0,
        -1.0,
        -1.0,
        -1.0,
        1.0,
        -1.0,
        1.0,
        -1.0,
        -1.0,
        1.0,
        -1.0,
        1.0,
        1.0,
        -1.0,
        1.0,
        1.0,
        1.0
    ],
    "Corresponding exp value": [
        0.1362413937820498,
        -0.24629474296248155,
        -0.34138717407037866,
        -0.18315433125700298,
        -0.10182160772178384,
        0.31899245731172304,
        -0.2886595435910917,
        0.35007315605853084,
        -0.26295839142767974,
        -0.24590191391511304,
        0.07908510316865722,
        -0.32222491746958365,
        0.3282979453714205,
        0.26336532038272104,
        -0.16756945113501456,
        0.30097702015633526,
        0.31408138011154585,
        0.2843264358949786
    ],
    "Number for Minimum Energy": 19294,
    "Elapsed Time [seconds]": 0.1537189483642578,
    "Elapsed Time [hours, minutes, seconds]": [
        0,
        0,
        0.15
    ],
    "Current function value": -0.965525351795076,
    "Iterations": 172,
    "Function Evaluations, Estimation": [
        180,
        12780
    ],
    "Gradient Evaluations": 180,
    "Number of Parameters": 70,
    "Minimum Parameters": [
        1.1611519670460444,
        3.3067129994694167,
        1.0828424575533804,
        4.552835897971754,
        2.978747898906739,
        2.4240516941340426,
        1.8066543820533612,
        3.803454243681802,
        2.3409037716156518,
        0.3805995805279554,
        0.8795991849529575,
        5.846459003853555,
        5.853336584824114,
        4.374940768688083,
        1.871689719397224,
        6.19982881019403,
        4.849157626740763,
        4.470890255520041,
        2.095608572129223,
        1.5754179417715866,
        0.9408140546443734,
        5.602027560802981,
        3.307558738550169,
        1.4507011077904244,
        1.5737938887483933,
        3.603414355063234,
        1.069810889773086,
        5.678432983493233,
        4.925491811107629,
        4.418890779032823,
        2.5595817275020565,
        3.9842672023692796,
        3.6858231723774586,
        4.3034116767309625,
        0.4940449889122505,
        2.5472720742697286,
        0.27779518734533987,
        3.129035098034112,
        2.031455958024252,
        0.9249035980236416,
        0.6033225805646052,
        3.606492276805514,
        0.7680131607733346,
        5.92033896869772,
        3.6707638478035807,
        2.16997826017351,
        3.8216854748937275,
        0.015273044570919301,
        5.8624964118844165,
        2.947993431611407,
        4.936550809307706,
        0.5607982716726186,
        2.806417182077142,
        3.244562775796118,
        5.924734936622949,
        3.620558069885947,
        2.6601862766390822,
        1.4834545386399451,
        1.9178641714878866,
        3.436035054705618,
        2.9187180516488778,
        0.2995181830819476,
        5.143634908122937,
        5.671099945224534,
        0.9349796685228304,
        3.586149495365486,
        0.6623125815872597,
        4.395514363912019,
        1.8125260723775831,
        4.31491998745759
    ],
    "Cmin, Cmax, frob_norm, shift": [
        1.473728550170648,
        2983.2052837360643,
        565.1058963899055,
        563.0238790798359
    ]
}