{
    "Calculated Minimum Energy [norm, row]": [
        0.0005279681150428152,
        -0.9909220465017836
    ],
    "Corresponding loss function": 0.011361244270055509,
    "Solution for Minimum Energy": [
        1.0,
        1.0,
        -1.0,
        1.0,
        -1.0,
        -1.0,
        1.0,
        1.0,
        -1.0,
        1.0,
        -1.0,
        1.0,
        1.0,
        1.0,
        1.0,
        1.0,
        1.0,
        1.0
    ],
    "Corresponding exp value": [
        -0.09241475056437393,
        0.22464905750326752,
        -0.1096307935913759,
        -0.08317384839340897,
        -0.09975185591855329,
        -0.4656127804991798,
        -0.09065039797060351,
        0.319111456020882,
        -0.1043906284820324,
        -0.07967933784050928,
        -0.09949242838903191,
        -0.06042509852674491,
        0.3935435939021313,
        0.19493087352475527,
        -0.07897853059403426,
        0.4370608976429616,
        0.3997157698308606,
        0.2659154198103569
    ],
    "Number for Minimum Energy": 1332,
    "Elapsed Time [seconds]": 0.15675044059753418,
    "Elapsed Time [hours, minutes, seconds]": [
        0,
        0,
        0.16
    ],
    "Current function value": -0.9338559545195653,
    "Iterations": 134,
    "Function Evaluations, Estimation": [
        140,
        10080
    ],
    "Gradient Evaluations": 140,
    "Number of Parameters": 71,
    "Minimum Parameters": [
        3.9708337935960882,
        0.555956314905943,
        1.1389445981319581,
        2.5466561648675277,
        5.9099453630722705,
        3.700283481166211,
        5.78865203214569,
        5.034707920531434,
        2.800830404522266,
        4.861233631359512,
        -0.17091030535226362,
        0.6187460944500617,
        5.075474002560805,
        4.84256794283689,
        1.604792396496415,
        3.3405964862025046,
        4.024238976470969,
        5.5185786412132565,
        3.6579043928383577,
        2.6694446610869864,
        2.326958770751971,
        2.4601174623065276,
        3.4972165609585173,
        5.293026044735892,
        2.9787914810708003,
        1.646605843743089,
        1.6105301261023532,
        4.581658518649003,
        5.554322847106907,
        0.8663739667958124,
        0.6768457364383001,
        3.721555854371377,
        1.1646895450720893,
        5.118860341062959,
        2.0090149341073804,
        0.8106353785658853,
        5.576350431739073,
        0.7239878286968858,
        1.9965618577323787,
        1.1356654522428584,
        0.595238188040144,
        0.29937331172679676,
        0.5143469258874002,
        1.224569133797467,
        0.3398593468902201,
        3.752836569718888,
        4.470921719198897,
        2.234550828548803,
        2.6109592475446997,
        3.1786446969305078,
        5.4107638454741585,
        5.496810287227488,
        0.1974798215822234,
        1.31327794307912,
        2.0055683072557993,
        1.8207129591035731,
        3.945656683366171,
        2.5545814080209115,
        0.998698474079231,
        2.1554058729821595,
        3.2453280820383386,
        0.8558046342988336,
        5.183853432600859,
        0.4269572259870932,
        5.784921973115494,
        0.3364730819197506,
        5.266494125803663,
        5.635101869754105,
        6.0588555204639025,
        4.764961490585762,
        0.5951398016988949
    ],
    "Cmin, Cmax, frob_norm, shift": [
        1.473728550170648,
        2983.2052837360643,
        565.1058963899055,
        563.0238790798359
    ]
}