{
    "Calculated Minimum Energy [norm, row]": [
        0.004037253673810844,
        -0.9724056099301908
    ],
    "Corresponding loss function": 0.12326473067040702,
    "Solution for Minimum Energy": [
        1.0,
        1.0,
        1.0,
        1.0,
        1.0,
        1.0,
        -1.0,
        -1.0,
        -1.0,
        -1.0,
        -1.0,
        -1.0,
        1.0,
        1.0,
        1.0,
        1.0,
        1.0,
        1.0
    ],
    "Corresponding exp value": [
        0.5467236872181477,
        0.28006767338768085,
        0.1762094877006941,
        0.05148799095897785,
        0.1163069327526348,
        0.670330905539232,
        -0.542346555342159,
        -0.1412920748960887,
        -0.08352737435451864,
        -0.0007845244310534811,
        -0.109342987339253,
        -0.5353540948704872,
        0.6375784524647915,
        0.45227930842365643,
        0.2965985817884629,
        0.47162327284093264,
        0.5691067800160634,
        0.7109344771600489
    ],
    "Number for Minimum Energy": 4032,
    "Elapsed Time [seconds]": 0.10706090927124023,
    "Elapsed Time [hours, minutes, seconds]": [
        0,
        0,
        0.11
    ],
    "Current function value": -0.4796303503015482,
    "Iterations": 93,
    "Function Evaluations, Estimation": [
        97,
        6887
    ],
    "Gradient Evaluations": 97,
    "Number of Parameters": 70,
    "Minimum Parameters": [
        4.907724163829378,
        4.115808135941107,
        4.838795213430965,
        0.88413765297342,
        3.7349738941454618,
        3.211558882485366,
        5.3393868548325605,
        2.835791356464588,
        2.391245260898639,
        3.957584330564604,
        1.3515282765977066,
        0.8068319716279084,
        2.982178760644472,
        2.693362639688003,
        1.483730496988219,
        2.4367672500333812,
        2.324690039634928,
        2.0636491064938087,
        2.100599885581876,
        4.3366479187481515,
        2.1320821830435506,
        6.284659221397912,
        5.872945651624036,
        3.230429103700374,
        2.0865386100032794,
        3.3518758901237913,
        5.44552412062736,
        4.421221632430609,
        5.328798002679301,
        3.4508491598378006,
        3.643669251991579,
        1.8666127269007518,
        4.629991170622446,
        1.5910455979413194,
        4.160583482447684,
        5.309686230097798,
        0.8124576312032817,
        3.825345702112884,
        0.7768280342444408,
        4.5979697250411915,
        0.35672294086488454,
        5.623203077261952,
        1.0339702761589897,
        6.290508320857797,
        4.801745609161924,
        3.539986681782125,
        4.855617716147113,
        4.970785015276341,
        5.9262420960741515,
        1.463600564443375,
        3.571736339845975,
        0.28961821704089175,
        3.8006475631472627,
        1.0756368730966428,
        3.616911677138382,
        3.5893313808490963,
        3.0919362761390996,
        3.031486401407461,
        5.1827158067827055,
        4.855825523318891,
        2.718413844750546,
        3.7980213337914894,
        5.853142464350558,
        0.5740733994948737,
        0.9285828831399149,
        0.24755302367852738,
        4.1642914023341495,
        2.7447747015437183,
        5.171483867405272,
        4.260594222089748
    ],
    "Cmin, Cmax, frob_norm, shift": [
        1.473728550170648,
        2983.2052837360643,
        565.1058963899055,
        563.0238790798359
    ]
}