{
    "Calculated Minimum Energy [norm, row]": [
        0.005037846460861787,
        -0.9671260701021676
    ],
    "Corresponding loss function": 0.019299181056547123,
    "Solution for Minimum Energy": [
        -1.0,
        -1.0,
        -1.0,
        -1.0,
        -1.0,
        1.0,
        -1.0,
        1.0,
        1.0,
        -1.0,
        1.0,
        -1.0,
        1.0,
        1.0,
        -1.0,
        1.0,
        1.0,
        1.0
    ],
    "Corresponding exp value": [
        -0.02337189345441522,
        -0.3947401193894339,
        -0.060837605652872925,
        -0.03262140044438068,
        -0.2644033869198472,
        0.41717791312122005,
        -0.05513493894302961,
        0.5413327030797107,
        0.016644662284108408,
        -0.03571282098211521,
        0.0614554165640938,
        -0.1449179239012214,
        0.45634159969231314,
        0.4759245450883373,
        -0.003686526321643957,
        0.6482787605586297,
        0.4565553503294144,
        0.4057625116941939
    ],
    "Number for Minimum Energy": 19039,
    "Elapsed Time [seconds]": 0.1293799877166748,
    "Elapsed Time [hours, minutes, seconds]": [
        0,
        0,
        0.13
    ],
    "Current function value": -0.8924777583690167,
    "Iterations": 148,
    "Function Evaluations, Estimation": [
        151,
        10721
    ],
    "Gradient Evaluations": 151,
    "Number of Parameters": 70,
    "Minimum Parameters": [
        0.9891153063965905,
        3.3896919052346353,
        1.2536280394325627,
        4.670269726564781,
        2.7770029263108253,
        2.249404168777379,
        1.8978383049676895,
        3.839544453667869,
        1.8743945433507971,
        0.45733928375514094,
        0.7889398505226051,
        5.759457536614534,
        5.842048583210683,
        4.386983538550083,
        1.6953903350007204,
        6.276788864483475,
        5.165915733004125,
        4.56809629135617,
        2.1706628718076275,
        1.7447990095446624,
        0.8394271498602056,
        5.610276291539246,
        3.5669183131137228,
        1.5530306022858913,
        1.4024634409261292,
        3.6210364858383364,
        1.1791517037708723,
        5.595531426352224,
        4.619882967480126,
        4.572503752803525,
        2.6293361647062046,
        3.767335403019054,
        3.679222278631624,
        4.167084257402798,
        0.36570521149055524,
        2.511328982586164,
        0.38331557824266704,
        3.1789480388161713,
        2.0012880805100615,
        0.6747694769032144,
        0.6732557625693496,
        3.476968035763433,
        0.5173776567928738,
        6.0505846098392695,
        3.6928106260518216,
        2.4259201622395117,
        3.742221013689968,
        0.3188514063416831,
        6.0151029600283215,
        2.8990262584434725,
        4.9068758525637985,
        0.5420284484121459,
        2.7678853201888467,
        3.276268414953216,
        6.396910159583074,
        3.682347025855241,
        2.82100110323037,
        1.5926996191447085,
        1.7022910882364353,
        3.1344724153659067,
        2.642261153890555,
        0.02761458085561558,
        5.211711098982835,
        5.654565705312321,
        1.2479852217047425,
        3.4455766802684167,
        0.6715160695677044,
        4.168987444007613,
        1.9117180118531225,
        4.334425887675675
    ],
    "Cmin, Cmax, frob_norm, shift": [
        1.473728550170648,
        2983.2052837360643,
        565.1058963899055,
        563.0238790798359
    ]
}