{
    "Calculated Minimum Energy [norm, row]": [
        0.001554812602256722,
        -0.9855039918869688
    ],
    "Corresponding loss function": 0.012446546348611375,
    "Solution for Minimum Energy": [
        -1.0,
        1.0,
        1.0,
        1.0,
        1.0,
        1.0,
        1.0,
        1.0,
        1.0,
        1.0,
        1.0,
        1.0,
        1.0,
        -1.0,
        1.0,
        1.0,
        1.0,
        -1.0
    ],
    "Corresponding exp value": [
        -0.13859408141388305,
        0.05162287351595483,
        0.03716778877775294,
        0.27444593508222104,
        0.3117677485832323,
        0.7252831748602261,
        0.38242860257442735,
        0.38029165386380837,
        0.25217479140234855,
        0.3404002298735725,
        0.019385178129533144,
        0.3800987369143176,
        0.33678464615860937,
        -0.16286550017614526,
        0.15791086117684602,
        0.0061286149501024526,
        0.07256726577061454,
        -0.32709178786664017
    ],
    "Number for Minimum Energy": 139265,
    "Elapsed Time [seconds]": 0.17520904541015625,
    "Elapsed Time [hours, minutes, seconds]": [
        0,
        0,
        0.18
    ],
    "Current function value": -1.0653012728502462,
    "Iterations": 155,
    "Function Evaluations, Estimation": [
        167,
        11857
    ],
    "Gradient Evaluations": 167,
    "Number of Parameters": 70,
    "Minimum Parameters": [
        4.060467836663734,
        4.653941915153071,
        0.8301200610602291,
        6.011413029041474,
        1.5699933177186736,
        0.25580688433818466,
        3.7931712432325275,
        2.4621881425196888,
        4.926196045250613,
        5.344418975824307,
        2.246540567395975,
        6.238776242675653,
        1.74135082816277,
        3.28247417082995,
        1.7089463306700352,
        5.8460307682850665,
        1.036840216687002,
        0.20914934795213277,
        2.44521818004275,
        6.298315957400713,
        5.585280720304441,
        4.909760153537458,
        5.047609301963488,
        5.503412739742526,
        3.566486494558945,
        2.308550603447367,
        5.308281233198239,
        3.8712150503792495,
        2.042648889108688,
        0.7764791590060001,
        4.623493308405457,
        1.7644834013944237,
        6.066858162210721,
        1.5512150069562538,
        0.7385529922991552,
        5.39762091034113,
        0.6065153923502977,
        1.044543175869197,
        3.5353191501594186,
        5.566765628503803,
        0.9721762375961244,
        1.9818201166552656,
        5.234633554136096,
        6.1382743611592385,
        2.890484248116006,
        0.7926729039575792,
        0.369542301467521,
        1.4515022412908531,
        0.9178000699859667,
        4.446811041151534,
        1.06141828142207,
        2.871632374678797,
        4.216802151237513,
        3.6012281626658056,
        1.1625164380432957,
        4.975772110877026,
        4.804781954461413,
        4.420357747550321,
        0.6155105622847697,
        0.7366328556104668,
        5.697298106759793,
        2.264628269408805,
        2.464678744869907,
        3.2711464638526295,
        4.116607498381193,
        5.853378190933117,
        1.6582536177379055,
        5.384603213114449,
        0.04692782127930239,
        3.167029162979556
    ],
    "Cmin, Cmax, frob_norm, shift": [
        1.473728550170648,
        2983.2052837360643,
        565.1058963899055,
        563.0238790798359
    ]
}