{
    "Calculated Minimum Energy [norm, row]": [
        0.0016764908960550022,
        -0.9848619670726512
    ],
    "Corresponding loss function": -0.015138350521878162,
    "Solution for Minimum Energy": [
        1.0,
        1.0,
        -1.0,
        1.0,
        -1.0,
        -1.0,
        1.0,
        1.0,
        1.0,
        1.0,
        1.0,
        1.0,
        1.0,
        1.0,
        1.0,
        1.0,
        1.0,
        1.0
    ],
    "Corresponding exp value": [
        0.21743942509138878,
        0.14060530982527308,
        -0.201232754861254,
        0.3005052661869987,
        -0.3792901990992678,
        -0.4323933202056511,
        0.17120289669334163,
        0.38046250773615475,
        0.4018063439797718,
        0.3633260664104441,
        0.4559035702145076,
        0.615148537433863,
        0.4329354167796072,
        0.2413244842917236,
        0.43996164999312226,
        0.2686451671411468,
        0.5373913034753245,
        0.5095315215080445
    ],
    "Number for Minimum Energy": 52,
    "Elapsed Time [seconds]": 0.13949179649353027,
    "Elapsed Time [hours, minutes, seconds]": [
        0,
        0,
        0.14
    ],
    "Current function value": -1.083033383744932,
    "Iterations": 159,
    "Function Evaluations, Estimation": [
        163,
        11573
    ],
    "Gradient Evaluations": 163,
    "Number of Parameters": 70,
    "Minimum Parameters": [
        4.944833884467574,
        3.9031360877428156,
        4.937850370948448,
        2.4461128995874417,
        5.809898586580669,
        5.542163031100694,
        4.70482253278447,
        1.0690091083691338,
        3.1777546307996203,
        0.14060068080099583,
        0.5213096842172704,
        4.426184901234186,
        5.011643007347049,
        5.910989880849969,
        1.8710057947010457,
        2.326261635740185,
        3.1256822262887383,
        1.00039050765425,
        0.7321799981708487,
        2.857024119229153,
        1.3654098280446625,
        4.313242734380722,
        2.9787625165991307,
        5.3057521301941755,
        4.154985024022656,
        1.809334864067408,
        5.092335198412398,
        4.978038076479898,
        2.6481298321345488,
        1.8211902636739115,
        4.4092642149241525,
        0.8143357540979778,
        1.1916574360266892,
        -0.12641126295681335,
        5.203921653409325,
        3.8119278440237507,
        4.465130906942196,
        4.713188338417028,
        3.0421494598653775,
        3.4047355368559145,
        0.8133517201588645,
        1.1566468435000978,
        4.091838832830165,
        3.1669876458645443,
        3.4342953005227965,
        4.933085295157399,
        4.17571863268955,
        3.4487208125014126,
        3.4272133782016616,
        2.286906353828938,
        0.1470439610383602,
        2.72515414641092,
        1.244543296020736,
        2.3753124787413364,
        5.525626477211478,
        1.7853368020440215,
        0.5481783129548219,
        1.809752344077828,
        1.8752926558390441,
        4.190195956242962,
        3.0949610778064125,
        4.896928017039656,
        3.8520429762654342,
        2.349222747075907,
        5.161548755499304,
        0.8402046114333054,
        0.13288775324017246,
        0.7366229468333179,
        4.411326602895239,
        3.0766577387896645
    ],
    "Cmin, Cmax, frob_norm, shift": [
        1.473728550170648,
        2983.2052837360643,
        565.1058963899055,
        563.0238790798359
    ]
}