{
    "Calculated Minimum Energy [norm, row]": [
        0.004037253673810882,
        -0.9724056099301905
    ],
    "Corresponding loss function": 0.1116808905910772,
    "Solution for Minimum Energy": [
        1.0,
        1.0,
        1.0,
        1.0,
        1.0,
        1.0,
        -1.0,
        -1.0,
        -1.0,
        -1.0,
        -1.0,
        -1.0,
        1.0,
        1.0,
        1.0,
        1.0,
        1.0,
        1.0
    ],
    "Corresponding exp value": [
        0.4932865955468262,
        0.2149012635903121,
        0.2270344214031495,
        0.17142436646086198,
        0.13725883805759587,
        0.6174859438436439,
        -0.49862949510943355,
        -0.013885934609503308,
        -0.13788889937707607,
        -0.08692100631570414,
        -0.016290821309182028,
        -0.576643112109204,
        0.8064620530407872,
        0.632279540974928,
        0.5761819629782435,
        0.699659323716452,
        0.6517898082421733,
        0.8415634571164218
    ],
    "Number for Minimum Energy": 4032,
    "Elapsed Time [seconds]": 0.07706713676452637,
    "Elapsed Time [hours, minutes, seconds]": [
        0,
        0,
        0.08
    ],
    "Current function value": -0.46493123956426025,
    "Iterations": 90,
    "Function Evaluations, Estimation": [
        91,
        6461
    ],
    "Gradient Evaluations": 91,
    "Number of Parameters": 70,
    "Minimum Parameters": [
        4.928568726998679,
        4.138911962325611,
        4.860500794819187,
        0.8622184108418617,
        3.665373353183494,
        3.2217271029389525,
        5.360314995120439,
        2.8329018713328455,
        2.4143623523043334,
        3.9537769074678115,
        1.39295373881264,
        0.8325289209622515,
        2.9625167898325264,
        2.6858145893290786,
        1.4961869782704158,
        2.396104393733768,
        2.343127604353161,
        2.0972348518223836,
        2.1706569108034763,
        4.327650430550496,
        2.1320639627150895,
        6.227356341281551,
        5.819373665568548,
        3.193674898463295,
        2.0793699046010095,
        3.3339688381540453,
        5.390850765651856,
        4.391555725555335,
        5.277781198058383,
        3.415679742909429,
        3.709699699647273,
        1.8404276975732765,
        4.6647778715937545,
        1.5480603084388391,
        4.174839140891787,
        5.310244854044596,
        0.8418146687304563,
        3.8352859978542675,
        0.7344213219001654,
        4.646261634381482,
        0.39120946651866106,
        5.646318931949035,
        1.0220927959155226,
        6.277678487459297,
        4.808880309696914,
        3.5747801961776697,
        4.855836703379921,
        5.019786768098683,
        5.864564607682778,
        1.4687101559622455,
        3.575569050219053,
        0.3512779480699312,
        3.7785328605700466,
        1.068500562537748,
        3.6502292858737824,
        3.601424899902803,
        3.0907350347597355,
        3.045820238298927,
        5.141699333622013,
        4.865449331609222,
        2.7108671243132134,
        3.7681183311546143,
        5.846668958028032,
        0.578780789974134,
        0.8934482896781005,
        0.3086195205823955,
        4.196798529062166,
        2.7552433205956426,
        5.220207992338819,
        4.231517476976261
    ],
    "Cmin, Cmax, frob_norm, shift": [
        1.473728550170648,
        2983.2052837360643,
        565.1058963899055,
        563.0238790798359
    ]
}