{
    "Calculated Minimum Energy [norm, row]": [
        6.749750409944188e-05,
        -0.9933516791771048
    ],
    "Corresponding loss function": 0.010361085808984712,
    "Solution for Minimum Energy": [
        1.0,
        1.0,
        1.0,
        1.0,
        -1.0,
        -1.0,
        1.0,
        1.0,
        1.0,
        1.0,
        -1.0,
        1.0,
        1.0,
        1.0,
        -1.0,
        1.0,
        1.0,
        1.0
    ],
    "Corresponding exp value": [
        0.002238197972475049,
        0.2513858666137221,
        0.0027147698714622276,
        0.004726781924068613,
        -0.006706651001521735,
        -0.3152278880410707,
        0.00460225395037811,
        0.30314773575514636,
        0.0009928230438637498,
        0.007594862603845454,
        -0.006143115310019515,
        0.0055355800179020115,
        0.26968807870238576,
        0.25277540182035174,
        -0.0004549224783833225,
        0.5817238044165033,
        0.4956038755832155,
        0.2740946906608134
    ],
    "Number for Minimum Energy": 17456,
    "Elapsed Time [seconds]": 0.18912625312805176,
    "Elapsed Time [hours, minutes, seconds]": [
        0,
        0,
        0.19
    ],
    "Current function value": -0.9392443775478104,
    "Iterations": 132,
    "Function Evaluations, Estimation": [
        156,
        11076
    ],
    "Gradient Evaluations": 156,
    "Number of Parameters": 70,
    "Minimum Parameters": [
        3.9299386814984976,
        0.5101319666101033,
        1.4238935971879283,
        2.540941950656705,
        6.476054497480667,
        3.6812322053254527,
        5.697655614934102,
        5.125206826168178,
        2.7075499570545563,
        4.808740449809425,
        -0.26243844981544173,
        0.5404945455827143,
        5.123368056027313,
        5.001797306235465,
        1.7083757537223179,
        3.3386614238592744,
        4.017662254339245,
        5.619948255009118,
        3.4882065866948073,
        2.7492922417822103,
        2.245516481515426,
        2.8466772837449925,
        3.778083527917046,
        5.68807151708807,
        2.4036266598541136,
        1.4695981350202552,
        1.662544695151529,
        4.500472718744538,
        5.187904277238742,
        1.0151735148073875,
        0.4340810048368407,
        3.65764397283478,
        0.8711865135302805,
        5.127503821653278,
        1.841744759449548,
        0.7769924365108226,
        5.697763324136783,
        1.252798530395234,
        2.0623743069685476,
        0.9854747521232929,
        0.4949301999021544,
        0.34093548149193026,
        0.5057267421641345,
        1.3964856072846303,
        0.5268694176795214,
        3.837011243675706,
        4.246537498683894,
        2.558324420154329,
        2.1037905832259343,
        3.224611502208584,
        5.363727140756527,
        5.275257423403869,
        0.30808032710999184,
        1.4964429086180788,
        1.8451051892683095,
        1.6911177477269086,
        3.8863797616460953,
        2.395892904728615,
        0.7723952429201402,
        2.2459577350547977,
        3.48599277971992,
        0.5926318442197519,
        5.3345454383018795,
        0.7139326280185021,
        5.790863866962413,
        0.1026460484331994,
        5.48070444870021,
        5.795870336439907,
        5.878716919990091,
        5.015706380307999
    ],
    "Cmin, Cmax, frob_norm, shift": [
        1.473728550170648,
        2983.2052837360643,
        565.1058963899055,
        563.0238790798359
    ]
}