{
    "Calculated Minimum Energy [norm, row]": [
        0.00342524704675054,
        -0.9756348090653375
    ],
    "Corresponding loss function": 0.01658442100981093,
    "Solution for Minimum Energy": [
        1.0,
        1.0,
        1.0,
        -1.0,
        1.0,
        1.0,
        1.0,
        1.0,
        -1.0,
        1.0,
        -1.0,
        1.0,
        1.0,
        1.0,
        -1.0,
        -1.0,
        1.0,
        1.0
    ],
    "Corresponding exp value": [
        0.0007595890459351248,
        0.13826176085548442,
        0.2575493788787263,
        -0.0249496714044587,
        0.009281866942401813,
        0.2629000058123704,
        0.15362382618046713,
        0.3150240894884566,
        -0.0006801892930982031,
        0.026010905187808384,
        -0.023728069098562093,
        0.00867026185577352,
        0.18414863923770355,
        0.2724218311985102,
        -0.010487894082673976,
        -0.23712751080692698,
        0.23880680642498714,
        0.3159360031680302
    ],
    "Number for Minimum Energy": 50440,
    "Elapsed Time [seconds]": 0.2711958885192871,
    "Elapsed Time [hours, minutes, seconds]": [
        0,
        0,
        0.27
    ],
    "Current function value": -0.9179251294543174,
    "Iterations": 276,
    "Function Evaluations, Estimation": [
        329,
        23359
    ],
    "Gradient Evaluations": 329,
    "Number of Parameters": 70,
    "Minimum Parameters": [
        4.035586249724099,
        4.439981185646529,
        1.310617320478943,
        6.056601996425525,
        1.7819232704512615,
        0.6380303386183472,
        4.248447182231386,
        2.199688745736382,
        4.887082150843255,
        5.378212221070546,
        2.5505283596828847,
        5.919894597341954,
        1.9322283372575304,
        3.45359876615162,
        1.6614985880882183,
        5.643261192495746,
        0.7426273429385287,
        0.041896207410312726,
        2.2262200408929336,
        6.246144111488109,
        5.740381321466019,
        4.736665943019269,
        5.258856947557875,
        5.65083413379582,
        3.351190179189442,
        2.3156425730786294,
        5.892645529872368,
        3.3994551467744323,
        2.297419112287737,
        0.3955317129151725,
        4.359528829796152,
        1.4783705170363837,
        6.066335988099063,
        1.5656005942562088,
        0.5662069009003673,
        5.258848148165953,
        0.2641571763892837,
        1.1735666001701914,
        3.7718133441836956,
        5.616768959977263,
        1.137619126334667,
        1.540055697050892,
        5.141610658152034,
        6.335148156578248,
        2.844907571110081,
        0.9110735485035492,
        0.17626879641369045,
        1.4802926210681573,
        0.4370622117142451,
        4.415669524695089,
        0.9101272866722371,
        2.919597663498717,
        4.342907891447775,
        3.4845980750326793,
        0.7175594205983298,
        4.892681459363368,
        4.536429486937046,
        4.925228033088664,
        0.4138556194409108,
        0.7360636724823729,
        6.199938705668606,
        2.2937070516806535,
        2.5437744890914042,
        3.382166214739195,
        3.7990884398168077,
        5.512956686552995,
        1.975211254024262,
        5.832511439488431,
        0.13989663348264503,
        3.129774448733836
    ],
    "Cmin, Cmax, frob_norm, shift": [
        1.473728550170648,
        2983.2052837360643,
        565.1058963899055,
        563.0238790798359
    ]
}