{
    "Calculated Minimum Energy [norm, row]": [
        0.0026342908846162965,
        -0.9798082196817738
    ],
    "Corresponding loss function": 0.002745559780535082,
    "Solution for Minimum Energy": [
        1.0,
        1.0,
        1.0,
        1.0,
        1.0,
        1.0,
        -1.0,
        -1.0,
        1.0,
        -1.0,
        1.0,
        -1.0,
        1.0,
        1.0,
        -1.0,
        1.0,
        1.0,
        1.0
    ],
    "Corresponding exp value": [
        0.3637039111019343,
        0.44933934453005814,
        0.5915056475418738,
        0.3633043562567149,
        0.24114689581133875,
        0.37002322294682205,
        -0.17289797746528773,
        -0.41886507052265903,
        0.2977597588895197,
        -0.1279614986515785,
        0.08756791529455657,
        -0.3058079284109896,
        0.17031262675754516,
        0.2313864193591065,
        -0.18815000192098258,
        0.47980529304285485,
        0.3035671460499003,
        0.33194438943180815
    ],
    "Number for Minimum Energy": 19136,
    "Elapsed Time [seconds]": 0.25412893295288086,
    "Elapsed Time [hours, minutes, seconds]": [
        0,
        0,
        0.25
    ],
    "Current function value": -0.9797907206921853,
    "Iterations": 171,
    "Function Evaluations, Estimation": [
        204,
        14688
    ],
    "Gradient Evaluations": 204,
    "Number of Parameters": 71,
    "Minimum Parameters": [
        3.228585089161297,
        4.870717912181279,
        0.665780003022014,
        6.0157655440936795,
        1.6113505860030042,
        0.22260126704055883,
        4.044241307420436,
        2.347365600004893,
        5.194676705451039,
        5.176510874054714,
        2.1996925998779484,
        6.302189730317177,
        1.8906204238828392,
        3.8508263796088884,
        2.0236242089914174,
        5.458012047518673,
        0.3376030929094394,
        -0.3397052511732469,
        2.2887682191594916,
        6.195616466420276,
        5.660801073144405,
        4.420349447224876,
        3.3273082089456434,
        4.859014961031263,
        3.3772355381723744,
        2.6119703670725043,
        6.245530738562476,
        3.5225067026612376,
        1.9473103765915352,
        1.112286456861773,
        3.874834735216407,
        1.3323528756689849,
        6.184844915185334,
        1.4716373696786154,
        0.8427193799330498,
        5.059607834077858,
        0.6310777077624937,
        0.4575733261706139,
        4.125298628468028,
        4.831743743695688,
        0.2838375217370883,
        2.3114544755093953,
        5.468557772787207,
        6.460634548348951,
        2.028931618367585,
        1.3420007029670544,
        0.8966029808966471,
        1.6800587277239236,
        1.0790807154262767,
        3.8549467528507257,
        1.1769292783133691,
        2.864537856960645,
        3.9806764415133484,
        4.2976847670406135,
        0.65034740729835,
        4.904301488493134,
        4.04445854074792,
        4.3568687758422255,
        0.06626120808797702,
        1.1404559030031842,
        5.712908645490357,
        1.8294360983850781,
        2.9067871027568195,
        4.6901075281099756,
        4.577397972398289,
        5.249077811666142,
        1.9232577702713696,
        5.457773807959851,
        0.5187232288952631,
        2.8242666489200987,
        1.119215491492519
    ],
    "Cmin, Cmax, frob_norm, shift": [
        1.473728550170648,
        2983.2052837360643,
        565.1058963899055,
        563.0238790798359
    ]
}