{
    "Calculated Minimum Energy [norm, row]": [
        0.0006006390983494733,
        -0.9905386044505572
    ],
    "Corresponding loss function": 0.01957584504277771,
    "Solution for Minimum Energy": [
        1.0,
        1.0,
        1.0,
        1.0,
        -1.0,
        -1.0,
        -1.0,
        1.0,
        -1.0,
        -1.0,
        1.0,
        1.0,
        1.0,
        1.0,
        1.0,
        1.0,
        1.0,
        1.0
    ],
    "Corresponding exp value": [
        0.04077952884878688,
        0.1026783535752267,
        0.2730955743171474,
        0.491156830907283,
        -0.09925770823574775,
        -0.07553277292159744,
        -0.18803866512197964,
        0.06624651160207631,
        -0.2874573568864038,
        -0.330686281009784,
        0.14712143512979464,
        0.07308544932232307,
        0.350860137875749,
        0.3752578511316327,
        0.5733958433742482,
        0.5694286845469085,
        0.6457873719688336,
        0.47108492765202126
    ],
    "Number for Minimum Energy": 880,
    "Elapsed Time [seconds]": 0.21277999877929688,
    "Elapsed Time [hours, minutes, seconds]": [
        0,
        0,
        0.21
    ],
    "Current function value": -0.9349829624612351,
    "Iterations": 118,
    "Function Evaluations, Estimation": [
        198,
        14256
    ],
    "Gradient Evaluations": 198,
    "Number of Parameters": 71,
    "Minimum Parameters": [
        4.033729844001383,
        0.4935488949763282,
        0.880175670342096,
        2.613362594378651,
        6.306529959171983,
        3.7318318783356075,
        5.839900519407201,
        5.045512307041798,
        2.876431214338192,
        4.799613124961883,
        -0.0007856713216690368,
        0.6788692061069922,
        5.219604997048708,
        4.991167635868496,
        1.4818348535818964,
        3.4740445555279216,
        3.8267653414905345,
        5.462335721698375,
        3.990012560226598,
        2.65903045971703,
        2.40423112693016,
        2.6897536255675667,
        4.09575374602683,
        5.356184224648054,
        2.690556755430804,
        1.5648013210425264,
        1.5612347144898224,
        4.573800000493402,
        5.197865052809249,
        0.8334706113837308,
        0.30956405302784296,
        3.742338123659119,
        0.9400081074472084,
        5.200372060053323,
        1.7670518597250304,
        0.7827587398770549,
        5.794067952999805,
        1.0323404316326399,
        1.9625462472225301,
        0.9830630610400511,
        0.7409851576890523,
        0.36524707593663397,
        0.32523440508090945,
        1.1755133177605563,
        0.21625296975194427,
        3.7547377724204583,
        4.202410134939215,
        2.4387150982962464,
        1.9358706941954236,
        3.2850858270592203,
        5.393185746365374,
        5.293905431944086,
        0.12846174684675332,
        1.2343071497677987,
        1.5213475746316616,
        1.882857978381884,
        3.925976608259285,
        2.6270335476044986,
        0.6693541071179665,
        2.334720653374548,
        3.417472388492592,
        0.6419536463288601,
        5.407180322204828,
        0.5228175092514408,
        5.966614012308706,
        0.49813003338722744,
        5.323241048831043,
        5.693503021079864,
        6.05535134387254,
        4.803219491655853,
        0.03739125876321088
    ],
    "Cmin, Cmax, frob_norm, shift": [
        1.473728550170648,
        2983.2052837360643,
        565.1058963899055,
        563.0238790798359
    ]
}