{
    "Calculated Minimum Energy [norm, row]": [
        0.0019365902930211173,
        -0.9834895754830869
    ],
    "Corresponding loss function": 0.012304162871238407,
    "Solution for Minimum Energy": [
        -1.0,
        1.0,
        -1.0,
        1.0,
        -1.0,
        1.0,
        1.0,
        -1.0,
        1.0,
        -1.0,
        1.0,
        -1.0,
        1.0,
        1.0,
        1.0,
        1.0,
        1.0,
        1.0
    ],
    "Corresponding exp value": [
        -0.001147174106050225,
        0.41294712803376943,
        -0.0023124411560613845,
        0.0007476033052763176,
        -0.009565349663618411,
        0.2587188447932447,
        0.00019290153606055238,
        -0.5328666301132473,
        0.0006019892104345281,
        -0.0001419542250365169,
        0.008384936697655887,
        -0.00014048961511697877,
        0.22788502581846212,
        0.40801872746419626,
        0.0026349237414652546,
        0.4657972350777784,
        0.6742229238653311,
        0.4168185686914698
    ],
    "Number for Minimum Energy": 2709,
    "Elapsed Time [seconds]": 0.20684003829956055,
    "Elapsed Time [hours, minutes, seconds]": [
        0,
        0,
        0.21
    ],
    "Current function value": -0.928799786452407,
    "Iterations": 187,
    "Function Evaluations, Estimation": [
        258,
        18318
    ],
    "Gradient Evaluations": 258,
    "Number of Parameters": 70,
    "Minimum Parameters": [
        4.936507862144324,
        3.7590172090912923,
        4.716306221181041,
        1.050451353603461,
        4.398645019498048,
        3.11729542607092,
        4.9599248134300336,
        3.2504775208147945,
        2.5287980693303664,
        4.279013751853761,
        1.0058665224830405,
        0.822667475600232,
        2.507805648352955,
        2.5430036643074088,
        1.665597694345847,
        2.06670007641342,
        1.697692922494188,
        2.2202939380799442,
        1.89459775863521,
        4.34168905688939,
        1.697155069704242,
        5.725420384773279,
        5.544710832052321,
        2.8779383061373345,
        2.1493808682684135,
        3.2452721512764353,
        4.85323609095756,
        4.218970932651838,
        5.412526402708806,
        3.286819844286882,
        3.624519972375608,
        1.6638211442865602,
        4.7591725949423225,
        1.0786773897428743,
        4.727343292354407,
        5.127469324196991,
        1.157292441493451,
        4.061101025686541,
        0.5481362253859214,
        4.50704379723708,
        0.5694496181272157,
        5.739587652037361,
        0.9047058952644379,
        5.7542985147615555,
        4.532222806902929,
        3.888682320354682,
        4.942345975167467,
        5.498921872444359,
        6.451095011060334,
        1.3314290452326785,
        3.9232035642216347,
        0.43564705842820844,
        3.8013454211933397,
        1.1305358948942983,
        3.4134788703802097,
        3.6280390973113956,
        2.875726555547286,
        3.411983123349347,
        4.544230946262485,
        4.686255644997808,
        2.626586780590139,
        3.421772324122111,
        5.91388099077025,
        0.7700410666269403,
        1.0633433337459286,
        0.28091312628682746,
        3.8577532052865604,
        2.8908455139832157,
        4.966501510313796,
        4.21127253942863
    ],
    "Cmin, Cmax, frob_norm, shift": [
        1.473728550170648,
        2983.2052837360643,
        565.1058963899055,
        563.0238790798359
    ]
}