{
    "Calculated Minimum Energy [norm, row]": [
        0.0002072936700066268,
        -0.9926140570042654
    ],
    "Corresponding loss function": 0.0003980238645955299,
    "Solution for Minimum Energy": [
        1.0,
        1.0,
        -1.0,
        1.0,
        -1.0,
        -1.0,
        1.0,
        1.0,
        -1.0,
        -1.0,
        -1.0,
        1.0,
        1.0,
        1.0,
        1.0,
        1.0,
        1.0,
        1.0
    ],
    "Corresponding exp value": [
        0.1891814707627691,
        0.3182211702835268,
        -0.31566679105147266,
        0.43919239438821966,
        -0.282576227343171,
        -0.4551649439565227,
        0.15565676036705023,
        0.3150474766021302,
        -0.013976228547991007,
        -0.15108315989260784,
        -0.20921856534411065,
        0.19737124153376012,
        0.4176778383040032,
        0.27707359279259175,
        0.37479656451616655,
        0.5123115886603817,
        0.43790775106876334,
        0.4380079471520435
    ],
    "Number for Minimum Energy": 1844,
    "Elapsed Time [seconds]": 0.1997542381286621,
    "Elapsed Time [hours, minutes, seconds]": [
        0,
        0,
        0.2
    ],
    "Current function value": -0.9918066768223912,
    "Iterations": 209,
    "Function Evaluations, Estimation": [
        240,
        17040
    ],
    "Gradient Evaluations": 240,
    "Number of Parameters": 70,
    "Minimum Parameters": [
        4.994680704872328,
        3.8481934420858273,
        4.82809467142152,
        2.544528615027967,
        5.7348841789056815,
        5.412373677010153,
        4.852015089823225,
        1.0386219610266678,
        3.1203574610503644,
        0.16719694171237134,
        0.6077508370411867,
        4.603638262312093,
        4.876027764439701,
        5.692210483040642,
        1.8787099703096097,
        2.3805636616995223,
        3.243069091498153,
        0.8788731715295381,
        0.4663663203074288,
        2.714854486893449,
        1.5596851298331869,
        4.220550920700472,
        2.8127830039516937,
        5.216232710544737,
        4.143043667144417,
        1.7165554684045239,
        5.0581290320419745,
        5.076473051624149,
        2.669622627388738,
        1.707365532814451,
        4.669947007222333,
        0.7212236623685773,
        1.277109154985949,
        -0.19195199660420884,
        4.96555070582226,
        4.090382570670587,
        4.629255764390784,
        4.949503536314303,
        2.8080748611340134,
        3.443279026358476,
        0.8593439830477712,
        1.274757819223915,
        4.104008977351696,
        3.190239788833715,
        3.3806717342687738,
        4.96610398489097,
        4.025284492522012,
        3.4809875133315393,
        3.428901484357674,
        2.0717293387090923,
        0.046532537428499415,
        2.550984156663912,
        1.2068563320105024,
        2.2500629905802505,
        5.573407254910866,
        1.9158617777895912,
        0.361343444414291,
        1.6526273829785685,
        1.87021876523377,
        4.141679122275799,
        3.216569201516867,
        4.892978010433016,
        4.035303976492466,
        2.454620326052863,
        5.285007498027924,
        1.0429566973257294,
        0.31835910925274113,
        0.8732975615637406,
        4.377739196166018,
        3.124426209309286
    ],
    "Cmin, Cmax, frob_norm, shift": [
        1.473728550170648,
        2983.2052837360643,
        565.1058963899055,
        563.0238790798359
    ]
}