{
    "Calculated Minimum Energy [norm, row]": [
        0.004955215783572006,
        -0.9675620636026342
    ],
    "Corresponding loss function": 0.02764291579573,
    "Solution for Minimum Energy": [
        -1.0,
        -1.0,
        -1.0,
        -1.0,
        -1.0,
        1.0,
        -1.0,
        1.0,
        -1.0,
        -1.0,
        1.0,
        1.0,
        1.0,
        1.0,
        -1.0,
        1.0,
        1.0,
        1.0
    ],
    "Corresponding exp value": [
        -0.05975474744109302,
        -0.2542938934124718,
        -0.028537272714029973,
        -0.021684754299639755,
        -0.13837761838037785,
        0.1188584098895312,
        -0.01256737407000387,
        0.4609981583037934,
        -0.025330774899984997,
        -0.00990838580014497,
        0.003468022530128012,
        0.0004298443541331104,
        0.2853740532945249,
        0.4236312076211507,
        -0.05471289565532238,
        0.6252877658912315,
        0.4539003756403914,
        0.42787289430682074
    ],
    "Number for Minimum Energy": 17247,
    "Elapsed Time [seconds]": 0.3527510166168213,
    "Elapsed Time [hours, minutes, seconds]": [
        0,
        0,
        0.35
    ],
    "Current function value": -0.8540033769880587,
    "Iterations": 221,
    "Function Evaluations, Estimation": [
        238,
        16898
    ],
    "Gradient Evaluations": 238,
    "Number of Parameters": 70,
    "Minimum Parameters": [
        1.059060577543122,
        3.1862084749320885,
        1.1539844925974738,
        4.469377912074293,
        2.8796187823530044,
        2.5005708922104826,
        1.8137258561394771,
        3.9075085007367725,
        2.1943609513293056,
        0.5525254359080143,
        0.7209458511045659,
        5.966509414903289,
        5.736432949251776,
        4.278096080319243,
        1.8323195577900495,
        6.178874596842946,
        5.024557915565126,
        4.596004389057046,
        2.2366691313481364,
        1.5514428861075946,
        0.7042321512757891,
        5.593063788120155,
        3.2907749893609277,
        1.41208863686913,
        1.70923380850237,
        3.6878326899798424,
        1.0698672529153883,
        5.4611920034390335,
        4.808643083943305,
        4.468594988634924,
        2.653670445663621,
        3.8713642883938157,
        3.865131233185521,
        4.273555058578527,
        0.5412010998939546,
        2.4531765098410006,
        0.4500121499637981,
        3.1049604656778604,
        1.917445100636068,
        0.8365003928100246,
        0.5727445245723115,
        3.7284182060053186,
        0.852417157156218,
        5.938245545788328,
        3.6708695886842384,
        2.2870828745979317,
        3.7440080472052024,
        0.12465998438097618,
        6.1831282379538495,
        2.8785434922689643,
        4.921457382946891,
        0.5305656148338195,
        2.7934099636486662,
        3.1044908030829013,
        5.915173521912626,
        3.5284787797659805,
        2.72801349722554,
        1.4974114549843067,
        2.132816521624591,
        3.3838699025231005,
        2.8195502934846366,
        0.28833435739432445,
        4.926063735001536,
        5.478162600923493,
        0.9789178146148674,
        3.508638850610874,
        0.7603135791304158,
        4.206469491202429,
        1.8152098715605376,
        4.293978423873123
    ],
    "Cmin, Cmax, frob_norm, shift": [
        1.473728550170648,
        2983.2052837360643,
        565.1058963899055,
        563.0238790798359
    ]
}