{
    "Calculated Minimum Energy [norm, row]": [
        0.0018376276280502632,
        -0.9840117432799794
    ],
    "Corresponding loss function": 0.013247404541957285,
    "Solution for Minimum Energy": [
        1.0,
        1.0,
        -1.0,
        -1.0,
        -1.0,
        1.0,
        1.0,
        1.0,
        1.0,
        -1.0,
        1.0,
        -1.0,
        1.0,
        -1.0,
        -1.0,
        1.0,
        1.0,
        1.0
    ],
    "Corresponding exp value": [
        0.00032912575080416145,
        0.3456214956480842,
        -0.003926929502646337,
        -0.023359486600288432,
        -0.1283563084649024,
        0.3106627261311415,
        0.0008011779576728058,
        0.4887626936969734,
        0.01672558293963526,
        -0.03302460811855286,
        0.00016309719147131196,
        -0.024863584885660817,
        0.27872020543362636,
        -0.29963283348269854,
        -0.08284985052136247,
        0.3654487699418587,
        0.5736012939637427,
        0.38708640548490963
    ],
    "Number for Minimum Energy": 27164,
    "Elapsed Time [seconds]": 0.35092711448669434,
    "Elapsed Time [hours, minutes, seconds]": [
        0,
        0,
        0.35
    ],
    "Current function value": -0.9252428149018109,
    "Iterations": 268,
    "Function Evaluations, Estimation": [
        282,
        20022
    ],
    "Gradient Evaluations": 282,
    "Number of Parameters": 70,
    "Minimum Parameters": [
        4.07482470505505,
        4.534503042487399,
        0.8332175373137601,
        6.014614848528548,
        1.7673992555451605,
        -0.04163721563124398,
        3.3104422835135674,
        2.485739290190353,
        5.090926181335218,
        5.557324964958167,
        2.166281013811308,
        6.094561215797123,
        1.6754244154115931,
        3.2001442635143986,
        1.4041910559196034,
        6.065455591452526,
        0.4968232940916296,
        0.22342666419435317,
        2.3927802127054543,
        6.349087855770595,
        5.543596439670941,
        4.881157141926466,
        5.354436367185554,
        5.191183509109563,
        3.629359979522435,
        2.261756526240025,
        5.150415597188188,
        3.742107876739823,
        2.1393596346195842,
        0.7918026125845509,
        4.422441627324022,
        1.6639931515497417,
        5.552422926907939,
        1.3942756258640725,
        0.7433836623377884,
        5.6421684110626265,
        1.25373900562852,
        1.4024745396039535,
        3.4906274146698895,
        5.977882399176452,
        1.51487145061387,
        2.340833366919751,
        5.371826950315697,
        6.211817267692496,
        2.8736910409760017,
        0.9191826293002902,
        0.15492705142833924,
        1.4600900954133555,
        0.9142211003438702,
        4.709359523691333,
        0.5199577112773149,
        3.3678125030167347,
        4.471648876801434,
        3.2583318203328093,
        0.8730532077384536,
        4.821231898902904,
        5.176515919281689,
        4.614086300676778,
        1.2829503461170098,
        0.9520626882134517,
        5.811752477511744,
        2.277170875501599,
        2.193031027270224,
        3.237695204850876,
        4.230105957425063,
        6.590823289851791,
        1.5836957836941554,
        5.631249883176716,
        0.5752146423696008,
        2.9853114678043786
    ],
    "Cmin, Cmax, frob_norm, shift": [
        1.473728550170648,
        2983.2052837360643,
        565.1058963899055,
        563.0238790798359
    ]
}