{
    "Calculated Minimum Energy [norm, row]": [
        0.004401777769332493,
        -0.9704822306039687
    ],
    "Corresponding loss function": 0.01949057237271321,
    "Solution for Minimum Energy": [
        1.0,
        -1.0,
        1.0,
        1.0,
        1.0,
        1.0,
        1.0,
        1.0,
        1.0,
        1.0,
        1.0,
        1.0,
        1.0,
        1.0,
        1.0,
        1.0,
        -1.0,
        1.0
    ],
    "Corresponding exp value": [
        -0.0034912571672245027,
        -0.40180312335379076,
        0.28010232756977416,
        0.0030366690735952606,
        -0.0024617208522768053,
        -0.0031754280212007713,
        0.004094631073670765,
        0.002816233482864715,
        -0.0008414615580068785,
        0.13465708216085878,
        -0.1700727284168962,
        -0.0011466905858640714,
        -0.0027790421564932444,
        0.0021503178293612313,
        0.4092828269184859,
        0.35725935190596614,
        -0.3841330104970954,
        -6.403009409659821e-05
    ],
    "Number for Minimum Energy": 65538,
    "Elapsed Time [seconds]": 0.8002169132232666,
    "Elapsed Time [hours, minutes, seconds]": [
        0,
        0,
        0.8
    ],
    "Current function value": -0.9482600019427428,
    "Iterations": 354,
    "Function Evaluations, Estimation": [
        602,
        43344
    ],
    "Gradient Evaluations": 602,
    "Number of Parameters": 71,
    "Minimum Parameters": [
        2.9882716631083492,
        3.850908438220634,
        2.3256986878550423,
        6.635508267275434,
        2.0841691353838177,
        0.2789388369555452,
        3.9897134325189083,
        2.5631687410073303,
        3.9288576045412067,
        5.052806725482846,
        2.7636306423022003,
        6.4652095563236385,
        1.65725546934868,
        3.2241024139615093,
        2.175314975747148,
        5.97471520772102,
        1.0109167608889118,
        0.20951194046641025,
        1.6849923076572062,
        6.086846997942387,
        6.918314923616434,
        5.075873205814477,
        6.541506102867293,
        4.685790477911267,
        3.876946266914584,
        1.5306843318472492,
        7.168690520707356,
        3.76376280793837,
        0.9889137146636927,
        0.16765989046750324,
        3.408648791339127,
        1.5890368823172567,
        5.479280100099411,
        1.353659231676933,
        -0.45460857220549644,
        6.12813587016355,
        0.4249338415206288,
        0.6897249942788957,
        2.41683910581366,
        5.15472347288798,
        1.0478896255349681,
        1.9211808078882064,
        4.98556809598288,
        6.404600323445663,
        1.7054332133104457,
        0.9642958611304587,
        1.4438690458439325,
        1.3292863855392927,
        1.294000485840695,
        4.745521391476217,
        1.6405368340865372,
        3.6213778260152885,
        3.172172512356396,
        4.191701353211839,
        0.684654854836729,
        4.252653886362239,
        4.924385760399513,
        4.418828744623363,
        1.0648929314670452,
        0.8963538097137429,
        5.64502034403419,
        2.379619660030896,
        2.5029858085954846,
        3.9059299666988863,
        3.6136188795232425,
        6.340185689665551,
        0.6815919260906786,
        4.9003510576188445,
        0.28416948672822434,
        3.2226698957535684,
        6.7108177128449045
    ],
    "Cmin, Cmax, frob_norm, shift": [
        1.473728550170648,
        2983.2052837360643,
        565.1058963899055,
        563.0238790798359
    ]
}