{
    "Calculated Minimum Energy [norm, row]": [
        0.000101473668757599,
        -0.9931724069328535
    ],
    "Corresponding loss function": 0.011680269256918377,
    "Solution for Minimum Energy": [
        1.0,
        1.0,
        1.0,
        1.0,
        -1.0,
        -1.0,
        1.0,
        1.0,
        -1.0,
        1.0,
        1.0,
        1.0,
        1.0,
        1.0,
        -1.0,
        1.0,
        1.0,
        1.0
    ],
    "Corresponding exp value": [
        0.0020383959643597224,
        0.228488183768896,
        0.0013206020295278356,
        0.0033498605839652265,
        -0.02217028110707022,
        -0.2800200429450926,
        0.004670126579208372,
        0.3170782819290777,
        -0.003192598102534309,
        0.009327323236842183,
        0.3947895988671799,
        0.012170922510743719,
        0.4122407749069511,
        0.2492325453017999,
        -0.00810605277196912,
        0.5168325547553335,
        0.3547923621147556,
        0.3734576705060018
    ],
    "Number for Minimum Energy": 16688,
    "Elapsed Time [seconds]": 0.18207859992980957,
    "Elapsed Time [hours, minutes, seconds]": [
        0,
        0,
        0.18
    ],
    "Current function value": -0.9385747436936693,
    "Iterations": 194,
    "Function Evaluations, Estimation": [
        219,
        15549
    ],
    "Gradient Evaluations": 219,
    "Number of Parameters": 70,
    "Minimum Parameters": [
        5.149627756285831,
        3.8563704086679875,
        4.94067399762642,
        2.3983974881212857,
        5.90149819511174,
        5.427300709744347,
        4.846668018487134,
        0.9991805724748719,
        2.8988079150752126,
        0.13784766672304777,
        0.535049040830757,
        4.456485315736969,
        4.944977471222384,
        5.572257055592676,
        1.937316161058689,
        2.495568557868429,
        3.3176555013642997,
        0.9905135054597205,
        0.43331565231799757,
        2.7054236299599626,
        1.5519469227486116,
        4.025203755837011,
        2.934106348562419,
        5.247859330901052,
        4.293378430418284,
        1.9371789616026467,
        5.188043493515634,
        4.8178861559814825,
        2.569924768158105,
        1.5564814027117422,
        4.7122232152329895,
        0.8430661619693082,
        1.2779561523043343,
        -0.29792342414245615,
        4.668199155520744,
        4.286142473769222,
        4.826836225356559,
        4.843154203626174,
        2.8429364004813964,
        3.432826098295005,
        0.8557868435107672,
        1.2460754246386514,
        4.391005929444773,
        3.1800352288967306,
        3.339515095646332,
        4.848527314247878,
        4.039238291368461,
        3.4697163907472848,
        3.5676922607015245,
        2.0016329736900507,
        0.11335431814121327,
        2.7790039518705396,
        1.096687961740371,
        2.1726692400993,
        5.598222319489057,
        1.939835362562936,
        0.5232156455851862,
        1.7382122275347818,
        1.7291053866485118,
        4.13542045677369,
        3.111007819890856,
        4.903851136287906,
        3.9147370604450766,
        2.4493240248538988,
        5.403647452169217,
        0.8902895269413302,
        0.16926501870180463,
        0.947576947524602,
        4.543256506924684,
        3.030798922892705
    ],
    "Cmin, Cmax, frob_norm, shift": [
        1.473728550170648,
        2983.2052837360643,
        565.1058963899055,
        563.0238790798359
    ]
}