Iteration,Energy,Loss Function,Bias
0,0.1695042425272787,0.17081478655625082,0.0
1,0.02485911948323163,0.029945911492687202,0.21410049651300453
2,0.0027524547353041996,0.010902009160230418,0.7655336817564683
3,0.00047013571383950075,0.010660016377279835,1.12428984687568
4,0.00047638388851908495,0.009055749858540409,1.380872895153762
5,0.0006796972722874822,0.008209426399307253,1.9247543420899378
6,0.0008474670608974498,0.008131137040713264,2.2256279611360577
