Iteration,Energy,Loss Function,Bias
0,0.05186504875258771,0.13460656241552452,0.0
1,0.061858335851732234,0.009559864181132268,0.902962131082219
