Iteration,Energy,Loss Function,Bias
0,0.22460679446139065,0.16089434250613124,0.0
1,0.05007470118209876,0.00793464115158534,0.9057252321939363
2,0.04563564636296924,0.00489408486520031,0.508697254683842
