Iteration,Energy,Loss Function,Bias
0,0.14479960203386424,0.1634534269505091,0.0
1,0.010694192278289017,0.018536555339874316,0.5481469515591806
2,0.004463827112282872,-0.0032209772907806186,0.9235469678019725
3,0.0060497967416917806,-0.004332244521707155,1.4343698251873211
