Iteration,Energy,Loss Function,Bias
0,0.1695042425272787,0.17423547627110691,0.0
1,0.05958499447939323,0.02371819073582533,0.8537574569021903
