Iteration,Energy,Loss Function,Bias
0,0.051865048752587635,0.11839917322333325,0.0
1,0.03897959865884067,0.04051223586859151,0.20294953874252894
2,0.0013373152367779273,0.020207979274797557,0.18726808874574538
3,0.0003051745244927933,0.01875240627467627,0.09707820739765992
