Iteration,Energy,Loss Function,Bias
0,0.14705332664130993,0.19591081726461287,0.0
1,0.0026853453386963817,0.022264511557694357,0.33196471996324706
2,0.02409013426945335,0.02175963396950026,1.5847081741819609
3,0.01635441762975156,0.01820516776003183,1.6084414596654093
4,0.0028042178640652355,0.010289445774802572,1.8717606567152238
5,0.0028042178640652355,0.008820076648534429,2.2501028576588107
