Iteration,Energy,Loss Function,Bias
0,0.14705332664130993,0.18721490591491657,0.0
1,0.028742762394576033,0.03115948782864919,0.1946270650778792
2,0.001115195814123264,-0.006275861405969567,0.7599058030860402
3,0.0006752357024560924,-0.006896279457401567,1.050348797660176
4,0.0006752357024560924,-0.007200527737421508,1.0940802558366898
5,0.0006178119064482757,-0.0074115200655453135,1.2366099805830932
6,0.0006178119064482757,-0.007502816750612964,1.430573307882041
