Iteration,Energy,Loss Function,Bias
0,0.22460679446139065,0.1786013989923499,0.0
1,0.06900634402535541,0.09068513468289163,0.18774029018611404
2,0.01315881459646241,0.019921955288549044,0.30386191461581774
3,0.0011012287687804934,0.011136406495004521,0.9342849221376817
4,0.0010373903384475768,0.010849995291139595,1.2686496643550587
5,0.0008655865480047328,0.010846621402048666,1.3727483873364674
