Iteration,Energy,Loss Function,Bias
0,0.14479960203386424,0.15157446217537995,0.0
1,0.0562689436942341,0.05893212900020486,0.26184370961247627
2,0.003475076491923878,0.0038770450319778453,0.5076734780935334
3,0.0011700340026400125,-0.00574002541487521,0.6498406727517803
4,0.0013735665704550225,-0.007227794057835593,0.900218450181814
5,0.0013735665704550225,-0.007254984023033667,0.9927735555914752
