Iteration,Energy,Loss Function,Bias
0,0.22460679446139065,0.18121100395819179,0.0
1,0.0038494590938116325,0.04183785190051633,0.32116044897643
2,0.007054763606055489,0.0191776853919689,0.8473692172290013
3,0.0009179008925572099,0.01649098451316733,1.085272205542413
4,0.000833914710947784,0.015533507925922254,1.2568427526609212
