Iteration,Energy,Loss Function,Bias
0,0.14705332664130993,0.18341033841928686,0.0
1,0.002310977398906558,0.008880988707278291,0.332776151072002
2,0.0064931731418323415,0.0007674154680001875,0.7091740820910875
3,0.0019274487705386511,-0.0033745303151030645,0.875680370782548
4,0.0016584494193929138,-0.004769263805798745,1.018741835032202
5,0.0007655693044159069,-0.005869541586916734,1.3369324948036518
6,0.0010139684730839568,-0.006143886557743586,1.6531616804324796
