Iteration,Energy,Loss Function,Bias
0,0.22460679446139065,0.17699862245565656,0.0
1,0.027970578458018248,0.06642035713686355,0.24084891525497015
2,0.0018831947120151518,0.011127464301209141,0.4603767836669027
3,0.0018931037782069313,0.00988900007066738,0.5780196865526761
4,0.006041303100475425,0.009656814070439307,0.9988024131879285
