Iteration,Energy,Loss Function,Bias
0,0.1695042425272787,0.155530673843139,0.0
1,0.02485911948323163,0.01430600678965855,0.21367113640405436
2,0.0027524547353041996,-0.004387503218808487,0.7797939954058183
3,0.0013099068243672463,-0.004878506457541499,0.8550238766476161
4,0.0013099068243672463,-0.005717981067901855,0.9736290443802545
5,0.003238402367230746,-0.006537851450092794,2.089239891878661
