Iteration,Energy,Loss Function,Bias
0,0.05186504875258766,0.12245215760209642,0.0
1,0.03552451368512979,0.0026051121497146,0.6473059611313595
2,0.014352770407222788,0.0007098092003280906,0.35203948097480076
