Iteration,Energy,Loss Function,Bias
0,0.22460679446139065,0.1568902819360599,0.0
1,0.061858335851732234,0.01627850175007916,1.005283408945319
