Iteration,Energy,Loss Function,Bias
0,0.1695042425272787,0.17388475620353191,0.0
1,0.00996981350409605,0.021620902167294183,0.2652399839154111
2,0.01572104226887351,0.018192808973421282,1.1944819513573297
3,0.0007653642781859303,0.013853157433922176,1.2238848104397364
4,0.0007653642781859303,0.01253493451639078,1.3939469800642472
5,0.0009035615698857004,0.011429885435807476,1.6945338322826073
6,0.000266094323651493,0.011261349264654538,2.0142723907766116
