Iteration,Energy,Loss Function,Bias
0,0.22460679446139065,0.15689028193605992,0.0
1,0.06185833585173218,0.01627923259933562,1.0053990415411875
2,0.06185833585173218,0.01165015321329399,0.5865924310661772
