Iteration,Energy,Loss Function,Bias
0,0.05186504875258766,0.13097291033240527,0.0
1,0.0008572868302440741,0.016743823274870184,0.421352310505402
