Iteration,Energy,Loss Function,Bias
0,0.14705332664130993,0.20216105668727594,0.0
1,0.0026853453386963817,0.028946514650426615,0.33148681963147786
2,0.02409013426945335,0.0278350507000321,1.5667126475941622
3,0.01582750022153927,0.020967440152011803,1.619006840431099
4,0.0022130880791614823,0.01592250190146117,1.739654461401955
5,0.0028042178640652355,0.014093802678456772,1.918760005098859
6,0.0028042178640652355,0.013277272872756941,1.9965876696356104
7,0.0028042178640652355,0.012316447558770345,2.2257245627576974
8,0.0026514210153179224,0.01194843416059119,2.5748497947240696
9,0.0013314482564283146,0.011722853577429256,2.7581801607557748
10,0.0013314482564283146,0.011530797309715183,3.2601968364166614
