Iteration,Energy,Loss Function,Bias
0,0.05186504875258771,0.12515478303578392,0.0
1,0.00032647378852103376,0.0246945159703017,0.30714253610683645
2,0.021238539966631928,0.02430964858822407,0.9663826109104694
3,0.0005859072475942416,0.015536949458203933,1.0473745117675874
4,0.0005650136420491632,0.013158340699932764,1.4377732598471633
5,0.00057593550152923,0.01283097096990392,1.5972099037268106
