Iteration,Energy,Loss Function,Bias
0,0.14479960203386424,0.17620365417841935,0.0
1,0.07596700089726134,0.08022774510445677,0.32126396182580047
2,0.0026441519517097964,0.019832009552583622,0.5855231391073947
3,0.0026953983936903662,0.01664617356394306,0.7601497655376248
4,0.0031309076746973935,0.01636576075252126,0.8904706265363671
