Iteration,Energy,Loss Function,Bias
0,0.14705332664130993,0.19497654376028903,0.0
1,0.028742762394576033,0.03964894201998873,0.19476489033862623
2,0.0013770486830136973,0.002261023873188371,0.7700467425834349
3,0.002750481287985313,0.0018993047479910004,1.0703363370724621
4,0.000873383469014432,0.001555848015602655,1.2183771110374484
5,0.001165539835076486,0.0014589282500845691,1.4129338350455736
6,0.0009358878134856809,0.0013590783292632518,1.6737729042006952
