Iteration,Energy,Loss Function,Bias
0,0.22460679446139065,0.17071715073066598,0.0
1,0.02540621696685023,0.06108386516111402,0.241241955222939
2,0.0018831947120151518,0.004708429157192639,0.45788495921221384
3,0.0018931037782069313,0.003318711079846022,0.584101164900131
4,0.004109540883128375,0.0026020269914318788,0.8616692921333693
