Iteration,Energy,Loss Function,Bias
0,0.1695042425272787,0.18115250584852505,0.0
1,0.0121260103742621,0.00939027930452506,0.6128616131086543
