Iteration,Energy,Loss Function,Bias
0,0.1695042425272787,0.18636778648372318,0.0
1,0.004441241204994015,0.019858325919697863,0.4449663441058867
2,0.017300931875263038,0.019386113072374814,0.6372913780140815
