Iteration,Energy,Loss Function,Bias
0,0.22460679446139065,0.17699862245565656,0.0
1,0.027970578458018248,0.06642035713686338,0.24084891525497013
2,0.0018831947120151518,0.011127464301209039,0.46037678366690366
3,0.0018931037782069313,0.009889000070667483,0.5780196865526767
4,0.006041303100475425,0.009656814070439307,0.9988024131878529
