Iteration,Energy,Loss Function,Bias
0,0.22460679446139065,0.16206382848504172,0.0
1,0.05007470118209876,0.013567673309748087,0.9060130075315727
2,0.0378189056567918,0.013337406368441837,0.4031450822721273
