Iteration,Energy,Loss Function,Bias
0,0.14705332664130993,0.19315349495576814,0.0
1,0.001638922247101007,0.017200881743926626,0.454941985987949
2,0.00889868818703922,0.01692903480803819,0.6830736841157944
3,0.010863612076025563,0.016081908133471726,1.5430903980399997
4,0.004322771279189113,0.015984859146696243,1.663527489299177
