Iteration,Energy,Loss Function,Bias
0,0.1695042425272787,0.17755033819480703,0.0
1,0.0121260103742621,0.005578543053218751,0.6124889102000047
