Iteration,Energy,Loss Function,Bias
0,0.22460679446139065,0.16493281987368624,0.0
1,0.038516533389604646,0.07504968618164473,0.2099401491421361
2,0.009169709259988957,0.005101992583661914,0.30973929715648596
3,0.0013657918851788424,0.002315968959324568,-0.2106928683130691
4,0.001056694673214639,-0.0021667037483729863,-0.4320992176688012
5,0.0010087060560091607,-0.0032300646957235403,-0.8734474010542329
