Iteration,Energy,Loss Function,Bias
0,0.14705332664130993,0.16538080070424568,0.0
1,0.05934023090121522,0.020812863292113893,0.881839685650546
2,0.021775551274411987,0.01967551507284609,0.3404512378930675
