Iteration,Energy,Loss Function,Bias
0,0.1695042425272787,0.16501425650371174,0.0
1,0.005701663469427442,0.005028665408053612,0.3357797831686246
2,0.010291212508358108,-0.0023678056608430875,0.58917007044503
3,0.000758584931860148,-0.005429540371961769,1.5964485394540338
