Iteration,Energy,Loss Function,Bias
0,0.05186504875258771,0.11177188043636156,0.0
1,0.023061633215971076,0.04829657134003643,0.18631500597776693
2,0.002115206999611673,0.019020277244081996,0.3254624717716441
3,0.001148318844408111,0.017916322074899557,0.378228858763186
4,0.0005086795423736478,0.017420494618045554,0.5234638251483965
