Iteration,Energy,Loss Function,Bias
0,0.1695042425272787,0.1706483651547321,0.0
1,0.011038050639591025,0.0031697441226868316,0.4431326943587015
2,0.017300931875263038,0.00029889012056739017,0.6715522593048848
