Iteration,Energy,Loss Function,Bias
0,0.14705332664130993,0.2005198096508166,0.0
1,0.02874276239457598,0.035710028584995675,0.26874051639755797
2,0.002899313371538171,0.010590879482359527,0.26328903440101187
