Iteration,Energy,Loss Function,Bias
0,0.1695042425272787,0.15968750311136481,0.0
1,0.007526076139761051,0.007593813733735473,0.26445173421217416
2,0.01572104226887351,0.00030450273518370466,1.1893300056491625
3,0.0007653642781859303,-0.004495064268355286,1.256614799582727
4,0.0009812177450510507,-0.005601441730814342,1.4698023268497356
5,0.0009812177450510507,-0.006637712379815266,1.8262867826271276
