Iteration,Energy,Loss Function,Bias
0,0.05186504875258766,0.09543378976527529,0.0
1,0.02549060420665604,0.03506135924689936,0.15566272018316424
2,0.0008892785694315828,0.0018938868726344335,0.17899773777960137
