Iteration,Energy,Loss Function,Bias
0,0.22460679446139065,0.16440280044286268,0.0
1,0.05007470118209876,0.015868618717037264,0.8949716580851853
