Iteration,Energy,Loss Function,Bias
0,0.1695042425272787,0.1706483651547321,0.0
1,0.011038050639591025,0.0035881791967803467,0.4431326943587015
2,0.017300931875263038,0.0012684480721987647,0.6655522739542681
