Iteration,Energy,Loss Function,Bias
0,0.05186504875258771,0.10320868703254645,0.0
1,0.01134113854201791,0.02510269961820462,0.2297351554558059
2,0.002670627037929757,0.005695999324902738,0.46620252374314075
3,0.0022963423145318644,0.004493322103367878,0.6290297846297105
4,0.0022963423145318644,0.003117943982919571,0.6644148308079623
5,0.003788033385268028,0.0026479638565772433,1.0791564031224852
6,0.0014706995916858923,0.001734176942793671,1.8290094885664137
