Iteration,Energy,Loss Function,Bias
0,0.22460679446139065,0.17385727031374884,0.0
1,0.0035576803497404342,0.014955192859365548,0.4492885013521825
2,0.01344869667358095,0.012633586939675706,0.7564306779985484
3,0.011962815450970016,0.01142667586643779,1.072875200020031
4,0.01320075549899377,0.011359231076796946,1.3912250384356533
