Iteration,Energy,Loss Function,Bias
0,0.05186504875258771,0.12515478303578392,0.0
1,0.00032647378852103376,0.025348229106970713,0.30714253610683656
2,0.009397061577797834,0.022828460352523578,0.5043290086054895
3,0.0022428147189013916,0.020426520421177184,0.566134578405176
4,0.0003112922315351901,0.017413154491161625,1.0358101024019737
