Iteration,Energy,Loss Function,Bias
0,0.14705332664130993,0.18810164846060332,0.0
1,0.001638922247101007,0.012426489383677972,0.4557810137128639
2,0.008100329601851971,0.011387620423040128,0.5122342806257151
