Iteration,Energy,Loss Function,Bias
0,0.22460679446139065,0.17385727031374884,0.0
1,0.0035576803497404342,0.014955192859365548,0.44928850135218246
2,0.01344869667358095,0.012633586939675681,0.7564306779985481
3,0.011962815450970016,0.01142667586643779,1.0728752000200343
4,0.01320075549899377,0.011359231076796946,1.3912250384356506
