Iteration,Energy,Loss Function,Bias
0,0.22460679446139065,0.15700601912109802,0.0
1,0.06185833585173218,0.02907048606226219,1.0054075051054132
2,0.06185833585173218,0.018202397682985517,0.5726686935599634
