Iteration,Energy,Loss Function,Bias
0,0.22460679446139065,0.16493281987368624,0.0
1,0.038516533389604646,0.07963969505408514,0.1886301449553683
2,0.009263105755259302,0.007040538470241631,0.3012040959813651
3,0.0015190105155660236,-0.004829961339195138,0.9405446090464307
4,0.0016799698062231585,-0.006300888910171783,1.3691382949932411
5,0.0016799698062231585,-0.007307644283396716,1.6895134202310018
