Iteration,Energy,Loss Function,Bias
0,0.051865048752587635,0.10360283510081832,0.0
1,0.04009174559900734,0.042749790318088704,0.15434380136456424
2,0.0021152069996116982,0.010402274576839753,0.17725728955554934
