Iteration,Energy,Loss Function,Bias
0,0.14705332664130993,0.15738404814428594,0.0
1,0.061858335851732234,0.02930494520099376,1.0039058212783454
