Iteration,Energy,Loss Function,Bias
0,0.1695042425272787,0.18098338274961545,0.0
1,0.008490715880555756,0.028785208491727946,0.26556105968802574
2,0.013629079829746316,0.02812790552260758,1.1959399252488068
3,0.003337697672391572,0.02374359901651065,1.22336482803136
4,0.0007653642781859303,0.021939437844165396,1.3386007553870338
5,0.0010171454774266782,0.021669935113689684,1.6972336625203996
6,0.0008122745834666557,0.020700631564219203,1.951321424763726
7,0.005331760211834727,0.02058568421936243,2.210795172341052
