Iteration,Energy,Loss Function,Bias
0,0.22460679446139065,0.1639594964816047,0.0
1,0.01862989541702432,0.0010343428583352678,0.6505025212808784
