Iteration,Energy,Loss Function,Bias
0,0.1695042425272787,0.18115250584852527,0.0
1,0.02342248742528861,0.011063235908017473,0.6483975050984344
2,0.008322841787122686,0.010814921406751414,0.5028218128030113
