Iteration,Energy,Loss Function,Bias
0,0.05186504875258771,0.1396630117165617,0.0
1,0.061858335851732234,0.028557475828460296,0.9011855673094147
