Iteration,Energy,Loss Function,Bias
0,0.05186504875258771,0.12245215760209653,0.0
1,0.035524513685129835,0.0048876102807926475,0.6552010725053506
2,0.002208972580921121,0.0009180973271204863,1.0103435068449773
3,0.002208972580921121,0.00033170461962112084,1.239140168969154
