Iteration,Energy,Loss Function,Bias
0,0.22460679446139065,0.16493281987368624,0.0
1,0.038516533389604646,0.07963969505408505,0.1886301449553684
2,0.009263105755259302,0.007040538470241606,0.3012040959813656
3,0.0015190105155660236,-0.004829961339195087,0.9405446090464362
4,0.0016799698062231585,-0.006300888910171555,1.3691382949932422
5,0.0016799698062231585,-0.0073076442833965895,1.6895134202309476
