Iteration,Energy,Loss Function,Bias
0,0.14479960203386424,0.1738890685971945,0.0
1,0.010694192278289017,0.03058720787364095,0.5519050500382296
2,0.0017368913460386525,0.011191242685820084,0.9093429250659233
