Iteration,Energy,Loss Function,Bias
0,0.1695042425272787,0.1713580319627891,0.0
1,0.005701663469427442,0.011420881615823249,0.33638584866348215
2,0.010291212508358108,0.0052979100920842,0.5750641467242963
3,0.0007591206905003572,0.0027970312791466573,1.4345792924853935
4,0.0008196647834301933,0.002734004082766263,1.6254245220896228
5,0.0008731049162929069,0.0024265233605528062,1.858100716313406
6,0.0008196647834301933,0.0023478901472840023,2.179833382991564
7,0.0008710525008965213,0.002191083270288876,2.5629621147479287
