Iteration,Energy,Loss Function,Bias
0,0.14705332664130993,0.1571983316982268,0.0
1,0.061858335851732234,0.016292919528457107,1.0039095794918016
