Iteration,Energy,Loss Function,Bias
0,0.14479960203386424,0.1738890685971945,0.0
1,0.010694192278289017,0.03055165054556701,0.5525072265265915
2,0.0010991214293635716,0.01673045817731334,0.34791005883304105
