Iteration,Energy,Loss Function,Bias
0,0.14479960203386424,0.1558442454767559,0.0
1,0.061858335851732234,0.016269806571071445,1.0080386922895277
