Iteration,Energy,Loss Function,Bias
0,0.1695042425272787,0.17770180742186698,0.0
1,0.005701663469427392,0.01719274971242629,0.3599873209854332
2,0.002126893296723449,0.012029592509847592,0.16409430820140283
