Iteration,Energy,Loss Function,Bias
0,0.14705332664130993,0.18341033841928667,0.0
1,0.002310977398906533,0.007506134359398505,0.3531711524137996
2,0.00301684447473476,-0.002989528546644694,0.1636268008226094
