Iteration,Energy,Loss Function,Bias
0,0.051865048752587635,0.15096150957725996,0.0
1,0.06185833585173208,0.010184507548075768,1.0054445246364203
2,0.06185833585173208,0.008070766269885694,0.5857083898555628
