Iteration,Energy,Loss Function,Bias
0,0.14479960203386424,0.16636101755425753,0.0
1,0.002573092330158292,0.006064894472341072,0.7719696496911842
2,0.011290169806751611,0.006024857905601739,0.9805700105828368
