Iteration,Energy,Loss Function,Bias
0,0.14705332664130993,0.20273818160566148,0.0
1,0.028742762394576033,0.0480118023186771,0.19486456619503376
2,0.0013770486830136973,0.010493639327147813,0.7794576816669156
3,0.0010735915001458853,0.009879238673855194,1.093786611324209
4,0.0013320392381685222,0.00962968485971505,1.3028538420542288
5,0.0013320392381685222,0.00935204996180574,1.4096585697739317
6,0.0013320392381685222,0.009128920630962404,1.5466473335798887
7,0.0015931657865616744,0.008975391886783314,1.7496539025716613
