Iteration,Energy,Loss Function,Bias
0,0.14479960203386424,0.1577458022104301,0.0
1,0.05960082259679148,0.006595856337826777,0.9596899891703654
