Iteration,Energy,Loss Function,Bias
0,0.05186504875258771,0.15121748471329605,0.0
1,0.061858335851732234,0.029686226639072704,1.0054845729916242
