Iteration,Energy,Loss Function,Bias
0,0.1695042425272787,0.17770180742186686,0.0
1,0.005701663469427442,0.0178412252102364,0.3369398880991188
2,0.010291212508358108,0.012835765211866098,0.5634797408045412
3,0.0007327351772203648,0.011682283910146434,1.2728758040537769
4,0.0009390921808376946,0.011571023006512613,1.4680435737651516
