Iteration,Energy,Loss Function,Bias
0,0.14705332664130993,0.207638379073699,0.0
1,0.028742762394576033,0.04484211859646018,0.2499309709891591
2,0.004146161359614137,0.019895134081026396,1.0133879517183684
3,0.0029646066372231027,0.01668402294164169,1.132027962071622
4,0.0029646066372231027,0.01613351526920766,1.2837002511526714
5,0.0029646066372231027,0.015373402854260265,1.429584881654774
6,0.0029646066372231027,0.01458257850440219,1.6550384992016163
7,0.0029646066372231027,0.01431839610815886,1.767608078660798
8,0.0029646066372231027,0.014204894293924792,1.8804850967789242
9,0.00362168735736811,0.014055627392201297,2.1023580086283795
10,0.00362168735736811,0.013995565073194736,2.2650484338779004
