Iteration,Energy,Loss Function,Bias
0,0.14705332664130993,0.18628267080505234,0.0
1,0.028742762394576033,0.021602101736369225,0.25026320061099694
2,0.002411280550912126,-0.0037996414080217174,1.004522752919597
3,0.0021810418194338427,-0.005776501040268814,1.4363008660689374
4,0.0021810418194338427,-0.006411065968792061,1.5665773859751362
