Iteration,Energy,Loss Function,Bias
0,0.1695042425272787,0.17137180243955186,0.0
1,0.05958499447939294,0.012741475307379537,0.8693437459344426
2,0.030334378232674045,0.011134744034890915,0.41770546996125396
