Iteration,Energy,Loss Function,Bias
0,0.1695042425272787,0.18636778648372324,0.0
1,0.0031731062868748804,0.019178573246559794,0.47822317901925615
