Iteration,Energy,Loss Function,Bias
0,0.14705332664130993,0.19497654376028878,0.0
1,0.02874276239457598,0.038448069615882104,0.20950017492410686
2,0.0007276600736662904,0.0025771581635559153,0.2758831456886173
