Iteration,Energy,Loss Function,Bias
0,0.051865048752587635,0.12515478303578376,0.0
1,0.00032647378852100845,0.026140321865660125,0.28399486714043093
2,0.010581384064847751,0.025252983626174143,-0.219799416768568
3,0.0004572069400391515,0.017921634922480025,-0.449344986148215
