Iteration,Energy,Loss Function,Bias
0,0.14705332664130993,0.16665231230556865,0.0
1,0.05934023090121543,0.017603153095463092,0.8804195748273342
