Iteration,Energy,Loss Function,Bias
0,0.14479960203386424,0.16267305531036477,0.0
1,0.07596700089726136,0.06528450758895335,0.31641749400687597
2,0.0032308054540070236,0.009067432334704511,0.4798998745374966
3,0.0015000965269632088,0.0040202337958376005,0.41309924849702195
4,0.0015000965269632088,0.003016418509423922,0.3075126133734688
