Iteration,Energy,Loss Function,Bias
0,0.22460679446139065,0.16458192820642384,0.0
1,0.0029384044965370267,0.027881077639808904,0.32200213582963744
2,0.01584350508719665,-0.0007617161218805655,0.8362612467199797
3,0.003815975996120806,-0.00470238028867614,1.118276824268766
4,0.0031472824942784324,-0.005182823434569825,1.3286601737702932
