Iteration,Energy,Loss Function,Bias
0,0.14479960203386424,0.1732037035665229,0.0
1,0.056268943694234116,0.08602294349607546,0.25768907715873485
2,0.011681204679608957,0.03270847454434527,0.3978539362503616
3,0.0011700340026400125,0.02214573455193882,0.3944097169693002
4,0.001371580034528985,0.020350227824076486,0.23121202304747618
