Iteration,Energy,Loss Function,Bias
0,0.14479960203386424,0.15931623219150076,0.0
1,0.059600822596791427,0.012540010863592741,0.9566804822435147
2,0.01920467951546425,0.01163080475865693,0.5059906783596488
