Iteration,Energy,Loss Function,Bias
0,0.1695042425272787,0.15968750311136468,0.0
1,0.007526076139761051,0.007593813733735448,0.26445173421217405
2,0.01572104226887351,0.00030450273518367935,1.1893300056491618
3,0.0007653642781859303,-0.004495064268355513,1.256614799582726
4,0.0009812177450510507,-0.00560144173081414,1.469802326849747
5,0.0009812177450510507,-0.006637712379815088,1.8262867826270006
