Iteration,Energy,Loss Function,Bias
0,0.14479960203386424,0.1560137194704144,0.0
1,0.061858335851732234,0.016435997871877498,1.0080317635523635
