Iteration,Energy,Loss Function,Bias
0,0.1695042425272787,0.15968750311136498,0.0
1,0.0048273388117530585,0.0067357589543730265,0.2787872588901545
2,0.0075912443719179145,-0.0037614970731964332,0.12008370639818877
