Iteration,Energy,Loss Function,Bias
0,0.22460679446139065,0.16395949648160477,0.0
1,0.018629895417024266,0.0011210001296227668,0.6859295198820315
