Iteration,Energy,Loss Function,Bias
0,0.1695042425272787,0.17423547627110697,0.0
1,0.06185833585173208,0.024214442693199185,0.870344484126043
2,0.030334378232674045,0.01796155283962538,0.4068106687456856
