Iteration,Energy,Loss Function,Bias
0,0.05186504875258771,0.15113215966795068,0.0
1,0.061858335851732234,0.02318559159635601,1.0054899721174029
