Iteration,Energy,Loss Function,Bias
0,0.14479960203386424,0.15774580221043014,0.0
1,0.059600822596791427,0.006578882993806528,0.9567037749466865
2,0.023119413329813557,0.004484060645589595,0.6021328338799746
