Iteration,Energy,Loss Function,Bias
0,0.1695042425272787,0.1667861296574484,0.0
1,0.004827338811753084,0.014452313837794788,0.26487000241302
2,0.01572104226887351,0.008504639506389824,1.192223386769722
3,0.0007653642781859303,0.0031251546823341924,1.2452601970596244
4,0.0009812177450510507,0.0026178273033725806,1.5340528308899821
5,0.0013846748163092125,0.001962273264142699,2.1954217788003514
