Iteration,Energy,Loss Function,Bias
0,0.14705332664130993,0.18054374923484362,0.0
1,0.016022504400079005,0.018572229879536127,0.6536506856884047
2,0.001346307982497518,0.01698336131079055,0.427817358851986
