Iteration,Energy,Loss Function,Bias
0,0.22460679446139065,0.17566797870760248,0.0
1,0.0038494590938116325,0.037152846539767116,0.321472102890214
2,0.0074141271087522385,0.012767134450254205,0.8445154824516803
3,0.0015341688739484098,0.010823069928114808,1.090978675967417
4,0.0031876206533286867,0.009572558425007533,1.5351577672937542
