Iteration,Energy,Loss Function,Bias
0,0.14479960203386424,0.15575950847992667,0.0
1,0.061858335851732234,0.0161865105861971,1.008041948566896
