Iteration,Energy,Loss Function,Bias
0,0.14479960203386424,0.16867124777385178,0.0
1,0.010694192278289017,0.024578713767622384,0.5500675613981979
2,0.004749695762302901,0.004034257727529971,0.9165443487759861
3,0.005352470613710481,0.0038407266494508018,1.2731606621604417
4,0.0022330960545036012,0.003801106316123028,1.7721262593097138
