Iteration,Energy,Loss Function,Bias
0,0.1695042425272787,0.17423547627110686,0.0
1,0.05958499447939323,0.015463617884726425,0.8537574569021903
