Iteration,Energy,Loss Function,Bias
0,0.14479960203386424,0.17384113943288393,0.0
1,0.002573092330158267,0.017121920304956958,0.7709381060057551
