Iteration,Energy,Loss Function,Bias
0,0.22460679446139065,0.17176710943301804,0.0
1,0.06499920446049208,0.085163152577421,0.18819279273999262
2,0.01315881459646241,0.013465407731270404,0.30253313434730494
3,0.00175067663603241,0.002967102208138124,0.9417009952812427
4,0.0010373903384475768,0.0019154023638691898,1.3466944662924274
5,0.0007764763137657061,0.0018015327556656002,1.5880749670344438
6,0.0007764763137657061,0.0016722682576725033,1.7388596310006095
7,0.0008305120134244395,0.001583260660640597,2.0630360071422054
8,0.0008305120134244395,0.001540589991367229,2.3152745879074272
