Iteration,Energy,Loss Function,Bias
0,0.1695042425272787,0.1775503381948072,0.0
1,0.0121260103742621,0.005578543053218802,0.6124889102000047
