Iteration,Energy,Loss Function,Bias
0,0.05186504875258766,0.08726474442973227,0.0
1,0.025490604206656064,0.027328472495475025,0.15691867759158018
2,0.00035471979868243234,-0.006615466803657315,0.18071103019620854
3,0.000360652413423493,-0.007088113047593276,-0.4841650261199972
4,0.0002829021173705559,-0.007638322171342505,-0.7815947088619342
