Iteration,Energy,Loss Function,Bias
0,0.1695042425272787,0.18098338274961528,0.0
1,0.008490715880555756,0.028092882393925364,0.26556105968802585
2,0.013629079829746316,0.02600488341502825,1.195939925248802
3,0.009841729976107617,0.022940536326144557,1.213363600995454
4,0.0007653642781859303,0.019975414968022902,1.2837318166531695
5,0.0007653642781859303,0.01814299128012177,1.3759908201293514
6,0.00042170937516182764,0.016377298256773025,1.7433603966816373
7,0.000266094323651493,0.015769363199395068,1.8328902207106534
8,0.0015980846246521126,0.014462025345641578,2.5745003807058597
