Iteration,Energy,Loss Function,Bias
0,0.22460679446139065,0.16443567900567546,0.0
1,0.02540621696685023,0.05577484981426803,0.24161326402876324
2,0.0022801838014647117,-0.001739733829357103,0.45539966144351207
3,0.001401430931297911,-0.003672596345467654,0.5973596891080539
4,0.0014024711692885079,-0.004425606893144109,0.6697148142255764
5,0.001322012349588828,-0.005602656376199106,0.8398034235193976
6,0.0012343623183489873,-0.0060198697954690515,0.9096080058123779
7,0.0012343623183489873,-0.006615711588060211,1.0500080930940199
8,0.0009665934674173781,-0.006968674953515403,1.280444940233263
