Iteration,Energy,Loss Function,Bias
0,0.14705332664130993,0.21049981945103396,0.0
1,0.028742762394576033,0.05652783574496506,0.19492591629261735
2,0.0014860924400644988,0.01924777344069333,0.7869659903667904
3,0.0010735915001458853,0.01903219649629674,0.8708020043553553
