Iteration,Energy,Loss Function,Bias
0,0.14705332664130993,0.16665231230556865,0.0
1,0.05934023090121522,0.026907764748140123,0.8817198151068747
2,0.021775551274411987,0.023060251610459128,0.3343502599878343
