Iteration,Energy,Loss Function,Bias
0,0.14705332664130993,0.15738404814428594,0.0
1,0.06185833585173218,0.029304974250049295,1.0039087691143136
2,0.06185833585173218,0.01845818980025079,0.5693887375839617
