Iteration,Energy,Loss Function,Bias
0,0.14705332664130993,0.19591081726461287,0.0
1,0.0026853453386963817,0.02226451155769441,0.33196471996324706
2,0.02409013426945335,0.021759633969500158,1.584708174181959
3,0.01635441762975156,0.018205167760030793,1.6084414596654144
4,0.0028042178640652355,0.010289445774803105,1.8717606567153073
5,0.0028042178640652355,0.008820076648534708,2.250102857658832
