Iteration,Energy,Loss Function,Bias
0,0.14479960203386424,0.1788182227584729,0.0
1,0.050427600897577564,0.06009547775059772,0.40907126806715993
2,0.002180315690015406,0.017209538179316242,0.8603782265095359
3,0.002180315690015406,0.017130460328711662,1.0017104959557461
4,0.0009811877612187193,0.01636665516691221,1.6269976563037711
