Iteration,Energy,Loss Function,Bias
0,0.14705332664130993,0.19497654376028903,0.0
1,0.028742762394576033,0.03964894201998881,0.19476489033862626
2,0.0013770486830136973,0.002261023873188295,0.770046742583435
3,0.002750481287985313,0.0018993047479910763,1.0703363370724648
4,0.000873383469014432,0.0015558480156025792,1.2183771110373876
5,0.001165539835076486,0.0014589282500845437,1.4129338350455782
6,0.0009358878134856809,0.0013590783292632518,1.6737729042005554
