Iteration,Energy,Loss Function,Bias
0,0.22460679446139065,0.17699862245565656,0.0
1,0.027970578458018248,0.06634981778501768,0.24084891525497015
2,0.0018831947120151518,0.011316353139429339,0.46051682342521544
3,0.0018931037782069313,0.010378778283801201,0.5747250186382772
