Iteration,Energy,Loss Function,Bias
0,0.14705332664130993,0.18966057784194967,0.0
1,0.002310977398906533,0.014356322284948363,0.35329863352481267
2,0.003016844474734836,0.00388575117348915,0.1597197102717585
