Iteration,Energy,Loss Function,Bias
0,0.1695042425272787,0.18475467350224306,0.0
1,0.0121260103742621,0.013181636599707102,0.6131731756621426
