Iteration,Energy,Loss Function,Bias
0,0.14479960203386424,0.17881822275847284,0.0
1,0.050427600897577564,0.060095477750597856,0.40907126806715993
2,0.002180315690015406,0.017209538179316242,0.8603782265095343
3,0.002180315690015406,0.017130460328711714,1.0017104959557444
4,0.0009811877612187193,0.016366655166909983,1.6269976563031956
