Iteration,Energy,Loss Function,Bias
0,0.05186504875258771,0.13797752861621598,0.0
1,0.061858335851732234,0.02221486220885683,0.901810700678914
