Iteration,Energy,Loss Function,Bias
0,0.1695042425272787,0.17394817054108913,0.0
1,0.0121260103742621,0.0004393042013891478,0.6120554023749019
