Iteration,Energy,Loss Function,Bias
0,0.14479960203386424,0.1634534269505091,0.0
1,0.010694192278289017,0.019098252047707917,0.5481469515591806
2,0.004463827112282872,-0.001843650002154066,0.9136209292935566
3,0.0060497967416917806,-0.0028934659216611103,1.406456795404101
4,0.003975861716371624,-0.00344043796753363,2.1015323962605073
