Iteration,Energy,Loss Function,Bias
0,0.1695042425272787,0.18112797937405947,0.0
1,0.011038050639591025,0.013804058918920045,0.44441466923575224
2,0.017300931875263038,0.012099274965034925,0.6532715565406301
