Iteration,Energy,Loss Function,Bias
0,0.1695042425272787,0.17845684291280678,0.0
1,0.022880738309499174,0.03769779381658856,0.21424625262469887
2,0.0027524547353041996,0.01870783703956104,0.7543144424249651
3,0.001291752080765893,0.017185403935455285,1.115441089314714
4,0.001291752080765893,0.01674807432400283,1.1984132361424218
5,0.0006768032049508684,0.016401389739612932,1.766606983669077
