Iteration,Energy,Loss Function,Bias
0,0.1695042425272787,0.1667861296574482,0.0
1,0.004827338811753084,0.014452313837794736,0.26487000241302
2,0.01572104226887351,0.00850463950638995,1.1922233867697216
3,0.0007653642781859303,0.003125154682334319,1.245260197059622
4,0.0009812177450510507,0.0026178273033724544,1.534052830889979
5,0.0013846748163092125,0.0019622732641427242,2.1954217788006916
