Iteration,Energy,Loss Function,Bias
0,0.22460679446139065,0.17176710943301804,0.0
1,0.06499920446049208,0.08516315257742073,0.18819279273999265
2,0.01315881459646241,0.013465407731270251,0.3025331343473056
3,0.00175067663603241,0.0029671022081381496,0.9417009952812485
4,0.0010373903384475768,0.0019154023638692657,1.3466944662924154
5,0.0007764763137657061,0.0018015327556654736,1.5880749670344128
6,0.0007764763137657061,0.001672268257672301,1.7388596310008342
7,0.0008305120134244395,0.0015832606606404705,2.0630360071426446
8,0.0008305120134244395,0.0015405899913672543,2.315274587907753
