Iteration,Energy,Loss Function,Bias
0,0.14705332664130993,0.16283777750159986,0.0
1,0.05934023090121543,0.01322730156400993,0.881038535864759
