Iteration,Energy,Loss Function,Bias
0,0.14479960203386424,0.17910688942053718,0.0
1,0.010694192278289041,0.036502772992049064,0.5546204676796084
2,0.0010254150440919406,0.02237850727015568,0.32994996703560353
