Iteration,Energy,Loss Function,Bias
0,0.14479960203386424,0.15592898247358516,0.0
1,0.06185833585173208,0.022737310048031017,1.0079928578072497
2,0.06185833585173208,0.014246616083646017,0.6199594217426305
