Iteration,Energy,Loss Function,Bias
0,0.1695042425272787,0.18404558288094455,0.0
1,0.005701663469427392,0.02369389250940845,0.3608211184720126
2,0.002126893296723449,0.018713521229212878,0.1623348125881886
