Iteration,Energy,Loss Function,Bias
0,0.22460679446139065,0.16458192820642384,0.0
1,0.0029384044965370267,0.02788107763980893,0.3220021358296374
2,0.01584350508719665,-0.0007617161218804137,0.8362612467199797
3,0.003815975996120806,-0.004702380288676166,1.1182768242687646
4,0.0031472824942784324,-0.005182823434569799,1.3286601737702997
