Iteration,Energy,Loss Function,Bias
0,0.14705332664130993,0.17799795547027356,0.0
1,0.008100329601851971,-0.00014779042389222768,0.4759229902235047
