Iteration,Energy,Loss Function,Bias
0,0.14479960203386424,0.1559077558763375,0.0
1,0.07596700089726134,0.05733040643744147,0.3185896293530102
2,0.0028217261411316603,-0.0016685522149996299,0.5890861568178245
3,0.004519197121282151,-0.00478120856310696,1.1973693888756483
4,0.0011638389461496464,-0.006123778716682873,1.3256840698700256
5,0.0011638389461496464,-0.00658860170006078,1.4061697573021705
6,0.0011638389461496464,-0.0071500009416439695,1.5761760911726215
7,0.0011638389461496464,-0.007566258379172802,1.8040599120581604
