Iteration,Energy,Loss Function,Bias
0,0.1695042425272787,0.16993996552377424,0.0
1,0.05958499447939323,0.006766589223971577,0.853956878954722
