Iteration,Energy,Loss Function,Bias
0,0.1695042425272787,0.17845684291280706,0.0
1,0.022880738309499174,0.037692225514978014,0.22305346146146574
2,0.0015192691667590685,0.019333159663363114,0.1684398422891213
