Iteration,Energy,Loss Function,Bias
0,0.14479960203386424,0.1732037035665229,0.0
1,0.0562689436942341,0.08567572126431283,0.26316090014233234
2,0.006009879577259079,0.028380459706210923,0.491470563628586
3,0.0011700340026400125,0.019615765039402808,0.636863421151924
4,0.0026709183779636443,0.01892698254915739,0.9859493230508466
