Iteration,Energy,Loss Function,Bias
0,0.22460679446139065,0.16493281987368624,0.0
1,0.038516533389604646,0.07968809220226021,0.1886301449553684
2,0.009263105755259302,0.007037879181723658,0.30114021910735034
3,0.0015190105155660236,-0.005009109168440157,0.9403586574031707
4,0.0016799698062231585,-0.0061506153297105895,1.3752631949984044
5,0.0016799698062231585,-0.007145331416582254,1.62394586011387
