Iteration,Energy,Loss Function,Bias
0,0.14705332664130993,0.207638379073699,0.0
1,0.028742762394576033,0.044982893560227034,0.2499309709891591
2,0.004146161359614137,0.021861982462853424,1.0127277668438235
3,0.0028304714708029615,0.019824468514250834,1.125664078868041
