Iteration,Energy,Loss Function,Bias
0,0.1695042425272787,0.18475467350224328,0.0
1,0.02342248742528861,0.01637929896123456,0.6496368670907763
2,0.008322841787122686,0.015992342548261207,0.46895622024007566
