Iteration,Energy,Loss Function,Bias
0,0.22460679446139065,0.1783719219578099,0.0
1,0.00355768034974046,0.01806475989853294,0.49328453402253664
