Iteration,Energy,Loss Function,Bias
0,0.1695042425272787,0.18475467350224323,0.0
1,0.0121260103742621,0.015907263433586363,0.6131731756621426
