Iteration,Energy,Loss Function,Bias
0,0.22460679446139065,0.16934261866968778,0.0
1,0.0035576803497405106,0.009039543299893201,0.49149954075802577
