Iteration,Energy,Loss Function,Bias
0,0.1695042425272787,0.18112797937405953,0.0
1,0.0036901812848648906,0.013502443877168337,0.47702357985978994
