Iteration,Energy,Loss Function,Bias
0,0.22460679446139065,0.15700601912109802,0.0
1,0.061858335851732234,0.016394488585150458,1.0052814849593503
