Iteration,Energy,Loss Function,Bias
0,0.22460679446139065,0.17012495345701314,0.0
1,0.0029384044965369,0.028078266249139963,0.3572364836021102
2,0.0010304204657113902,0.006621738672434865,0.3641396873194932
3,0.0021113721639882477,0.005739654327175576,0.03791950424780133
