Iteration,Energy,Loss Function,Bias
0,0.14479960203386424,0.17010107849357067,0.0
1,0.002573092330158292,0.010049793420938478,0.7727686667323799
2,0.011290169806751611,0.009533676753574014,0.9268234181838341
