Iteration,Energy,Loss Function,Bias
0,0.22460679446139065,0.1644028004428627,0.0
1,0.05007470118209876,0.02488235341617705,0.9065176170750159
2,0.0378189056567918,0.01894061550722291,0.3934471103435063
