Iteration,Energy,Loss Function,Bias
0,0.1695042425272787,0.17588817226439588,0.0
1,0.011038050639590973,0.007863084482036663,0.47576202060042794
