Iteration,Energy,Loss Function,Bias
0,0.1695042425272787,0.1809833827496156,0.0
1,0.006196357557281389,0.028301735431409073,0.28033903788508796
2,0.0075912443719179145,0.019142012646291805,0.09619655654710188
