Iteration,Energy,Loss Function,Bias
0,0.05186504875258771,0.11831232706719019,0.0
1,0.00032647378852103376,0.01908634072762335,0.3060562502979342
2,0.021238539966631928,0.017468289766414617,0.9537666864397534
3,0.0005859072475942416,0.009751846921809419,1.038637090996967
