Iteration,Energy,Loss Function,Bias
0,0.14705332664130993,0.17039999008374346,0.0
1,0.01721256362719718,0.0010954327674607106,0.6546531973260211
2,0.011120781845755942,0.0006068157458248903,0.49955428228425924
