Iteration,Energy,Loss Function,Bias
0,0.1695042425272787,0.1667861296574485,0.0
1,0.0048273388117530585,0.013931544711442308,0.2793549667414552
2,0.0075912443719179145,0.0038990032850928394,0.10893303395359799
