Iteration,Energy,Loss Function,Bias
0,0.14705332664130993,0.19315349495576797,0.0
1,0.006386388569377124,0.018208943581024723,0.4755105759297196
