Iteration,Energy,Loss Function,Bias
0,0.14479960203386424,0.17620365417841935,0.0
1,0.07596700089726134,0.08037672095307168,0.32126396182580047
2,0.0026441519517097964,0.020748409170884614,0.5851129503884791
3,0.0026953983936903662,0.018906845726075438,0.7548396203748222
