Iteration,Energy,Loss Function,Bias
0,0.051865048752587635,0.13629204551587018,0.0
1,0.06185833585173208,0.01583856874439828,0.8982965795358991
2,0.044231125039380995,0.01033348641770489,0.37557567898919575
