Iteration,Energy,Loss Function,Bias
0,0.14479960203386424,0.15931623219150076,0.0
1,0.05960082259679148,0.012565598027038442,0.9595294021072406
