Iteration,Energy,Loss Function,Bias
0,0.14479960203386424,0.17881822275847284,0.0
1,0.050427600897577564,0.06071275898264337,0.40907126806715993
2,0.002180315690015406,0.01820288191760086,0.8580317231893868
