Iteration,Energy,Loss Function,Bias
0,0.14479960203386424,0.15157446217537995,0.0
1,0.05626894369423409,0.05929217503888287,0.2564176849967135
2,0.012780948538927263,0.009691449201063412,0.4089897386704065
3,0.0013552040393992174,-0.0014828898347031914,0.4036768063469296
4,0.0012640651051103226,-0.006083583996968447,0.3181740900535338
