Iteration,Energy,Loss Function,Bias
0,0.14479960203386424,0.15878420930576095,0.0
1,0.0562689436942341,0.06781526656473244,0.26232384901915834
2,0.001160221571819236,0.012092937336197658,0.5031233260445608
3,0.0011700340026400125,0.002705383871036969,0.6473939628865163
4,0.0013735665704550225,0.0021340136179918597,0.9437516818397609
5,0.0018239069473107263,0.001973353450070765,1.1480924740412994
6,0.000957874575547248,0.0015082364664168132,1.4195684331014755
7,0.0005797870144375655,0.0010539889111373898,1.626302544919074
8,0.000657133330175888,0.001036203036358611,1.8608325212795416
