Iteration,Energy,Loss Function,Bias
0,0.22460679446139065,0.16701244508358692,0.0
1,0.018629895417024214,0.0059668624380434425,0.6867881466924263
