Iteration,Energy,Loss Function,Bias
0,0.14479960203386424,0.16867124777385178,0.0
1,0.010694192278289041,0.024563920233428835,0.550308093313849
2,0.00240881694267632,0.011538589974808262,0.3677046173827017
