Iteration,Energy,Loss Function,Bias
0,0.051865048752587635,0.11177188043636135,0.0
1,0.03713197479006915,0.0503920878460996,0.15296069541036506
2,0.002115206999611673,0.01884918996160685,0.17557375022436236
