Iteration,Energy,Loss Function,Bias
0,0.14479960203386424,0.1603760026743863,0.0
1,0.050427600897577564,0.04102934198084921,0.40459456140471806
2,0.0018148989526881423,-0.003768768929492269,0.8518959448306411
3,0.0007791663603886782,-0.003783175298940355,1.0521947839463144
4,0.002083445372505261,-0.0046264722960256115,1.6387220122844353
5,0.002083445372505261,-0.004754220171902158,1.8304546519808675
6,0.002083445372505261,-0.004822067143200673,1.973277138916843
7,0.0024361486757987897,-0.004899213223330128,2.3266149598616033
