Iteration,Energy,Loss Function,Bias
0,0.14479960203386424,0.15575950847992667,0.0
1,0.06185833585173208,0.009802155767943951,1.0079989080798795
2,0.06185833585173208,0.008525458806865362,0.5984251723809538
