Iteration,Energy,Loss Function,Bias
0,0.051865048752587635,0.10320868703254621,0.0
1,0.021421536248099105,0.026403237847636585,0.20570085154606332
2,0.002670627037929782,0.0028895970454468948,0.19335299242069423
3,0.00033931415025302596,0.001982368238171632,0.08717838505439446
