Iteration,Energy,Loss Function,Bias
0,0.22460679446139065,0.16482796702562671,0.0
1,0.0035576803497404342,0.0072601153329399535,0.449633629259911
2,0.013354274401646911,0.0030081265327235574,0.780272972365979
3,0.006029888046636358,-0.0022797819089635987,1.284474779888757
4,0.00674450238175297,-0.0024713688804767083,1.4976209507778337
