Iteration,Energy,Loss Function,Bias
0,0.22460679446139065,0.15694815052857894,0.0
1,0.06185833585173208,0.022674762010733603,1.0054033230437849
2,0.06185833585173208,0.01497652474820122,0.5795789361479029
