Iteration,Energy,Loss Function,Bias
0,0.1695042425272787,0.18404558288094444,0.0
1,0.005701663469427442,0.02428726946042278,0.3374411071654695
2,0.010291212508358108,0.020278378281857017,0.5553153404947462
