Iteration,Energy,Loss Function,Bias
0,0.1695042425272787,0.15915581615798566,0.0
1,0.06185833585173218,0.016042730733136022,1.0027101754929968
2,0.06185833585173218,0.011503910385818186,0.5829900903615828
