Iteration,Energy,Loss Function,Bias
0,0.14705332664130993,0.21049981945103396,0.0
1,0.028742762394576033,0.05632597348806206,0.1949259162926173
2,0.0014860924400644988,0.018652178557738097,0.7877421740766661
3,0.0010735915001458853,0.017904714376680193,0.8718607882260582
4,0.0014272652359866975,0.017091274835379828,1.0416033451828342
5,0.002075063229528816,0.016169789494084215,1.253604547706185
6,0.002075063229528816,0.015844518334536043,1.5134210316672252
7,0.002075063229528816,0.01561658890692328,1.632804756213405
8,0.0012607144654284727,0.01514922629346216,2.0231682265420243
9,0.0012607144654284727,0.014991361159934123,2.2276924619419303
10,0.0016310491358534742,0.014843177056551608,2.3794243212854873
11,0.001485487238753336,0.014791408015422383,2.7243183569928364
