Iteration,Energy,Loss Function,Bias
0,0.14705332664130993,0.20273818160566126,0.0
1,0.02874276239457598,0.046898742699220335,0.20965639077245632
2,0.0007276600736662904,0.010368975166244949,0.2786297131305774
