Iteration,Energy,Loss Function,Bias
0,0.22460679446139065,0.16701244508358687,0.0
1,0.01862989541702432,0.005677184587143188,0.6502857831122122
