Iteration,Energy,Loss Function,Bias
0,0.22460679446139065,0.16323331446395217,0.0
1,0.05007470118209876,0.01891503239371851,0.895134962300758
