Iteration,Energy,Loss Function,Bias
0,0.1695042425272787,0.1713580319627894,0.0
1,0.005701663469427417,0.010719160608550026,0.35909859990846854
2,0.002126893296723449,0.005130817278865237,0.1634972530094583
