Iteration,Energy,Loss Function,Bias
0,0.22460679446139065,0.1854356885516817,0.0
1,0.06900634402535541,0.09625820409844754,0.18727299311217496
2,0.011427914244107874,0.026382325623608347,0.3051218106163878
3,0.000975424760581515,0.019632573982662545,0.9179028412900203
4,0.001446290610951749,0.019378532879534505,1.1536717535788825
