Iteration,Energy,Loss Function,Bias
0,0.05186504875258771,0.1307254446137136,0.0
1,0.035524513685129835,0.015024142004520295,0.6532434972554918
2,0.002208972580921121,0.011841757287859462,1.234330598649084
