Iteration,Energy,Loss Function,Bias
0,0.22460679446139065,0.18543568855168163,0.0
1,0.06900634402535537,0.09120628264389179,0.211559058433388
2,0.005625748364526119,0.02449692665233571,0.3165058464638425
3,0.0021780136697513532,0.018333011308130823,0.15611256612876598
