Iteration,Energy,Loss Function,Bias
0,0.1695042425272787,0.1728036393553294,0.0
1,0.06185833585173218,0.018470731496618473,0.86985692965706
2,0.030334378232673945,0.014579860883979664,0.41225528263928946
