Iteration,Energy,Loss Function,Bias
0,0.05186504875258771,0.11941405923185824,0.0
1,0.0008572868302440741,0.004598427852913426,0.43581870917480475
2,0.0029554802757771393,0.00449025940670529,0.5353905769607208
3,0.00409581906639927,0.0044290094929537865,0.8987494596895873
4,0.0034326381195807854,0.004178263241499448,1.6233615131819898
