Iteration,Energy,Loss Function,Bias
0,0.1695042425272787,0.17845684291280692,0.0
1,0.022880738309499174,0.03769779381658859,0.21424625262469887
2,0.0027524547353041996,0.018707837039561064,0.7543144424249655
3,0.001291752080765893,0.01718540393545503,1.1154410893147249
4,0.001291752080765893,0.016748074324002323,1.1984132361424544
5,0.0006768032049508684,0.01640138973961569,1.7666069836694476
