Iteration,Energy,Loss Function,Bias
0,0.1695042425272787,0.18404558288094425,0.0
1,0.005701663469427442,0.023270492598104698,0.3374411071654696
2,0.010291212508358108,0.018267437765288313,0.559595798196957
3,0.0009390921808376946,0.01707672501266073,1.258426222648075
4,0.0009390921808376946,0.016848534054362995,1.44478305178036
5,0.0010385503766280498,0.0166943384944909,1.7395315706932053
6,0.0008196647834301933,0.01504545934797664,2.246207288341081
7,0.0011169418812312182,0.014840786143707554,2.7121728546788164
