Iteration,Energy,Loss Function,Bias
0,0.22460679446139065,0.17012495345701314,0.0
1,0.0029384044965370267,0.0325015527332013,0.3217527475219874
2,0.01584350508719665,0.006131180624068077,0.8407912518042602
3,0.0031602645502078093,0.0037043630372527495,1.102389193626707
4,0.0012425887361433305,0.002665537058516488,1.3209073965550349
