Iteration,Energy,Loss Function,Bias
0,0.14479960203386424,0.15592898247358516,0.0
1,0.061858335851732234,0.016352968945924952,1.0080352972832818
