Iteration,Energy,Loss Function,Bias
0,0.05186504875258771,0.0872647444297325,0.0
1,0.02549060420665614,0.02590177006209177,0.1825303460096642
2,0.0003547197986825083,-0.00662617914854134,0.3117665605489373
3,0.0003547197986825083,-0.0082373304183428,0.49824962897851965
4,0.0003547197986825083,-0.00896151308811989,0.6658619101152632
5,0.0001948383876693111,-0.009181226248098225,0.7664972122731564
6,0.0001948383876693111,-0.009362617865071459,0.9428597092883949
7,0.0001948383876693111,-0.009386155658038098,1.2260361124028072
