Iteration,Energy,Loss Function,Bias
0,0.14479960203386424,0.16262095661494433,0.0
1,0.002573092330158292,0.0020565156282634266,0.7710391988087402
2,0.011290169806751611,0.0017800800890299651,0.9811432533553404
