Iteration,Energy,Loss Function,Bias
0,0.14479960203386424,0.15878420930576095,0.0
1,0.05626894369423409,0.06817059136276782,0.256881840682267
2,0.00518597158308319,0.01747441831284627,0.4054498447501772
3,0.001170034002639962,0.006561645514109949,0.40056282452368297
4,0.0010999790493822555,0.0028561812247204837,0.3000877996190462
