Iteration,Energy,Loss Function,Bias
0,0.05186504875258771,0.10320868703254645,0.0
1,0.01134113854201791,0.025102699618204695,0.22973515545580586
2,0.002670627037929757,0.005695999324902789,0.46620252374313975
3,0.0022963423145318644,0.004493322103367903,0.629029784629709
4,0.0022963423145318644,0.003117943982919546,0.6644148308079615
5,0.003788033385268028,0.0026479638565771926,1.0791564031224945
6,0.0014706995916858923,0.0017341769427934434,1.8290094885664105
