Iteration,Energy,Loss Function,Bias
0,0.14479960203386424,0.16088666217257136,0.0
1,0.05960082259679148,0.014099372684199312,0.9593291212635346
