Iteration,Energy,Loss Function,Bias
0,0.14479960203386424,0.17010107849357073,0.0
1,0.002573092330158292,0.01163600554570254,0.769641602765952
