Iteration,Energy,Loss Function,Bias
0,0.14479960203386424,0.16599395643614195,0.0
1,0.0562689436942341,0.07669818627112317,0.26276312411932423
2,0.001981133398716478,0.019985635720699464,0.49779265445256776
3,0.0011700340026400125,0.010454220215660368,0.6428628723277457
4,0.0013735665704550225,0.010016890272120696,1.002321502053691
