Iteration,Energy,Loss Function,Bias
0,0.1695042425272787,0.15968750311136481,0.0
1,0.007526076139761051,0.007270528660143239,0.26445173421217416
2,0.01572104226887351,-0.0009239782476369279,1.1893300056491625
3,0.0009035615698857004,-0.005579595244714174,1.2649703108558827
4,0.0009812177450510507,-0.006909003337415417,1.4580933357628196
5,0.0004927559028446,-0.007298877780060585,1.9047472055603798
