Iteration,Energy,Loss Function,Bias
0,0.14705332664130993,0.1771624961844769,0.0
1,0.016022504400079005,0.012751912850885836,0.6540179156082162
2,0.001346307982497518,0.012000516106929655,0.43262170433700253
