Iteration,Energy,Loss Function,Bias
0,0.1695042425272787,0.17081478655625096,0.0
1,0.02485911948323163,0.02994591149268735,0.21410049651300458
2,0.0027524547353041996,0.010902009160230318,0.765533681756467
3,0.00047013571383950075,0.010660016377278925,1.124289846875693
4,0.00047638388851908495,0.00905574985853712,1.3808728951546416
5,0.0006796972722874822,0.00820942639930786,1.9247543420918625
6,0.0008474670608974498,0.008131137040714428,2.2256279611367917
