Iteration,Energy,Loss Function,Bias
0,0.22460679446139065,0.16443567900567546,0.0
1,0.02540621696685023,0.05577484981426794,0.24161326402876324
2,0.0022801838014647117,-0.0017397338293571284,0.45539966144351274
3,0.001401430931297911,-0.003672596345467679,0.5973596891080541
4,0.0014024711692885079,-0.004425606893144059,0.6697148142255764
5,0.001322012349588828,-0.00560265637619903,0.8398034235193803
6,0.0012343623183489873,-0.006019869795469077,0.9096080058123559
7,0.0012343623183489873,-0.0066157115880604135,1.0500080930940259
8,0.0009665934674173781,-0.00696867495351553,1.280444940233338
