Iteration,Energy,Loss Function,Bias
0,0.22460679446139065,0.17071715073066598,0.0
1,0.025406216966850206,0.0559076743893817,0.2692268322878982
2,0.0019118390249642679,0.005022619778094639,0.4174140758255738
