Iteration,Energy,Loss Function,Bias
0,0.14705332664130993,0.18721490591491632,0.0
1,0.02874276239457598,0.02996647428841917,0.2093032240096288
2,0.0007276600736662904,-0.005387064939906264,0.27323152307215903
