Iteration,Energy,Loss Function,Bias
0,0.14479960203386424,0.1665234093690818,0.0
1,0.050427600897577564,0.04738755726632357,0.4061357066520728
2,0.00155137458940576,0.003379900124965322,0.855195578376724
