Iteration,Energy,Loss Function,Bias
0,0.05186504875258766,0.13797752861621593,0.0
1,0.06185833585173218,0.022158883172678,0.8976824233155575
2,0.044231125039380995,0.01361066937468798,0.3692400969617694
