Iteration,Energy,Loss Function,Bias
0,0.1695042425272787,0.1713718024395518,0.0
1,0.05958499447939323,0.012406675097260482,0.853915172364215
