Iteration,Energy,Loss Function,Bias
0,0.05186504875258766,0.13072544461371355,0.0
1,0.035524513685129835,0.014852279872206317,0.6445362850205921
2,0.014352770407222788,0.010269101738019303,0.3489179340095536
