Iteration,Energy,Loss Function,Bias
0,0.14705332664130993,0.18810164846060318,0.0
1,0.006386388569377124,0.012104906396895165,0.4756939267008118
