Iteration,Energy,Loss Function,Bias
0,0.051865048752587635,0.13460656241552446,0.0
1,0.06185833585173208,0.009528836437716131,0.8988766366864468
2,0.044231125039380995,0.006960950074864506,0.3820141344660748
