Iteration,Energy,Loss Function,Bias
0,0.22460679446139065,0.17006539368556903,0.0
1,0.01862989541702432,0.008676594986398587,0.6500122244089604
