Iteration,Energy,Loss Function,Bias
0,0.14705332664130993,0.16283777750159992,0.0
1,0.05934023090121543,0.013227301564009905,0.8810385358647589
