Iteration,Energy,Loss Function,Bias
0,0.05186504875258766,0.11831232706718998,0.0
1,0.00032647378852095787,0.019830086450702337,0.2853276093806384
2,0.005261757843130685,0.01795047234526026,-0.18905351515260238
3,0.0004597818753750767,0.012633799682250242,-0.30600184109311523
