Iteration,Energy,Loss Function,Bias
0,0.14705332664130993,0.18628267080505215,0.0
1,0.02874276239457598,0.020141915795454313,0.26837624720346603
2,0.0032524381352382068,-0.004517956176124151,0.26335404528219275
