Iteration,Energy,Loss Function,Bias
0,0.14705332664130993,0.16410928910292283,0.0
1,0.05934023090121543,0.014694663613436642,0.8808441947711576
