Iteration,Energy,Loss Function,Bias
0,0.14479960203386424,0.1665234093690818,0.0
1,0.050427600897577564,0.04742338264005374,0.405669773357248
2,0.001011758502304825,0.006582162474632021,0.5971701267206125
