Iteration,Energy,Loss Function,Bias
0,0.14705332664130993,0.18304980196543852,0.0
1,0.001638922247101007,0.006345610094613909,0.45657715489413325
2,0.00889868818703922,0.006067014792142333,0.688351179897043
3,0.006863466869374867,0.005590990430245297,1.220945840213989
