Iteration,Energy,Loss Function,Bias
0,0.05186504875258771,0.0872647444297325,0.0
1,0.02549060420665614,0.026069396550493347,0.1825303460096642
2,0.0003547197986825083,-0.006526730562944171,0.31141352334627925
3,0.0003547197986825083,-0.008106546980652515,0.49834227757678723
4,0.0003547197986825083,-0.008763845457654839,0.663044431554263
5,0.0001948383876693111,-0.008975553397673778,0.7541248973495518
6,0.0001948383876693111,-0.009175736295282547,0.9215519081824692
7,0.0001948383876693111,-0.009302423106047304,1.1087998262588057
