Iteration,Energy,Loss Function,Bias
0,0.05186504875258766,0.11080393012793974,0.0
1,0.03897959865884067,0.03349397717020016,0.20436003752056053
2,0.002670627037929782,0.01161073891290358,0.19023406021888412
3,0.0003051745244927933,0.0104291627311321,0.09244697098400312
