Iteration,Energy,Loss Function,Bias
0,0.1695042425272787,0.15553067384313923,0.0
1,0.02485911948323163,0.013823199383039855,0.2222856765678613
2,0.001300365571187829,-0.005117520133883321,0.17231009721962873
