Iteration,Energy,Loss Function,Bias
0,0.05186504875258771,0.11177188043636156,0.0
1,0.023061633215971076,0.04860183830410438,0.18631500597776693
2,0.002115206999611673,0.0192155942043512,0.32479328047434486
3,0.001148318844408111,0.018076855100216005,0.377344172798059
4,0.0005086795423736478,0.01783118243117622,0.49857705061064866
