Iteration,Energy,Loss Function,Bias
0,0.14479960203386424,0.17267081606377735,0.0
1,0.050427600897577536,0.05409306484864337,0.40722460568042185
2,0.0010117585023048505,0.013614568534518928,0.5915320113126449
