Iteration,Energy,Loss Function,Bias
0,0.14705332664130993,0.18721490591491657,0.0
1,0.028742762394576033,0.031245406955134992,0.1946270650778792
2,0.001115195814123264,-0.005954179924496609,0.759594578676235
3,0.0006752357024560924,-0.006922045746242878,1.0497523504041613
4,0.0006752357024560924,-0.007377189397453967,1.118119666927724
5,0.0006178119064482757,-0.007816687375038855,1.3453446878953388
6,0.0006752357024560924,-0.008085165415126137,1.6036810043893421
7,0.0009185666275686749,-0.008173250264866956,1.9091706353622362
