Iteration,Energy,Loss Function,Bias
0,0.1695042425272787,0.15923010181979133,0.0
1,0.06185833585173208,0.022412588288785125,1.00271718100474
2,0.06185833585173208,0.014839802715464876,0.5760796171636018
