Iteration,Energy,Loss Function,Bias
0,0.05186504875258766,0.126588801107905,0.0
1,0.035524513685129835,0.008721058907739712,0.6459634191443876
2,0.014352770407222788,0.005418591190676917,0.360126988379578
