Iteration,Energy,Loss Function,Bias
0,0.05186504875258766,0.15104683462260532,0.0
1,0.06185833585173218,0.01668489365111882,1.0054386680718554
2,0.06185833585173218,0.011588872695471066,0.5784700836119221
