Iteration,Energy,Loss Function,Bias
0,0.14705332664130993,0.2076383790736988,0.0
1,0.02874276239457598,0.043452881718742564,0.26884933819147905
2,0.002899313371538171,0.018139024718219147,0.2631807206726771
3,0.0009282510941588197,0.01808597972696541,0.08693545943147021
