Iteration,Energy,Loss Function,Bias
0,0.22460679446139065,0.16089434250613124,0.0
1,0.05007470118209876,0.007752694937867279,0.8953889393614369
