Iteration,Energy,Loss Function,Bias
0,0.1695042425272787,0.15930438748159706,0.0
1,0.06185833585173218,0.028782626648066988,1.0027240530825332
2,0.06185833585173218,0.01807604347216577,0.5692722609033577
