Iteration,Energy,Loss Function,Bias
0,0.22460679446139065,0.17311834228755119,0.0
1,0.01862989541702432,0.015076899895863163,0.6496820604973307
