Iteration,Energy,Loss Function,Bias
0,0.05186504875258771,0.11363463368158469,0.0
1,0.0008572868302440741,-0.0007353809265322328,0.43532319791994933
2,0.0029554802757771393,-0.0010516807175720714,0.5421123441294502
3,0.0036739877540135136,-0.001735814137898588,0.7972350023086343
4,0.0025994486327820783,-0.0031283980646477404,1.420590562595478
