Iteration,Energy,Loss Function,Bias
0,0.14705332664130993,0.16410928910292277,0.0
1,0.05934023090121522,0.014719332639735402,0.8819478282224318
2,0.02334475103283467,0.009421704661855265,0.45105764799237574
