Iteration,Energy,Loss Function,Bias
0,0.22460679446139065,0.1832800941806471,0.0
1,0.027970578458018248,0.07166030298233483,0.24043447312009675
2,0.0018831947120151518,0.017896071790258896,0.4631273636340614
3,0.0033101798464360357,0.01718206233544028,0.5709692835301908
