Iteration,Energy,Loss Function,Bias
0,0.14705332664130993,0.17799795547027372,0.0
1,0.002074030987762211,0.000889901318651835,0.4573297013314722
2,0.00889868818703922,0.0003660072290493861,0.69370819623252
3,0.0061839705987591495,-0.0006478015200068637,0.934437554402023
4,0.00424099343283682,-0.0013622142628059418,1.4694796201890798
