Iteration,Energy,Loss Function,Bias
0,0.1695042425272787,0.15915581615798566,0.0
1,0.061858335851732234,0.01604140255288467,1.0024735027561211
