Iteration,Energy,Loss Function,Bias
0,0.14705332664130993,0.2021610566872759,0.0
1,0.0026853453386963817,0.029249932739229725,0.33148681963147775
2,0.0064931731418323415,0.022758350198627084,0.6885504904333789
3,0.003869086192457314,0.01987077643807452,0.8269852960002199
4,0.0008541426609587339,0.01869066806697144,1.2111905962047769
