Iteration,Energy,Loss Function,Bias
0,0.14479960203386424,0.17267081606377732,0.0
1,0.050427600897577564,0.05406317545107947,0.4076285642175498
2,0.002180315690015406,0.010787854902259865,0.8568306483633825
