Iteration,Energy,Loss Function,Bias
0,0.05186504875258771,0.13097291033240535,0.0
1,0.0008572868302440741,0.016727397398785787,0.4365791941700042
