Iteration,Energy,Loss Function,Bias
0,0.22460679446139065,0.16934261866968778,0.0
1,0.0035576803497404342,0.01109348953967996,0.4494836484259751
2,0.012236231550999857,0.007968990185474333,0.7676404962947365
3,0.01320075549899377,0.005182633083025178,1.1724801037046833
4,0.01320075549899377,0.004977429901282862,1.6345659191380826
