Iteration,Energy,Loss Function,Bias
0,0.14479960203386424,0.16599395643614195,0.0
1,0.056268943694234116,0.07708338546095794,0.2573058454694627
2,0.011681204679608957,0.02514394387790396,0.40172234316235944
3,0.0011700340026400125,0.014393996145068644,0.39741632289354656
4,0.001371580034528985,0.011804839659832483,0.26757854868419617
