Iteration,Energy,Loss Function,Bias
0,0.14479960203386424,0.1694383547443921,0.0
1,0.07596700089726134,0.07270623433761991,0.32041415295233844
2,0.0026441519517097964,0.01327820947298918,0.5866963805305012
3,0.0026953983936903662,0.010700829843158309,0.7577078765399045
