Iteration,Energy,Loss Function,Bias
0,0.22460679446139065,0.16482796702562671,0.0
1,0.00355768034974046,0.004605710863481325,0.49053251622080357
