Iteration,Energy,Loss Function,Bias
0,0.22460679446139065,0.17385727031374884,0.0
1,0.00355768034974046,0.013525947305765942,0.49241685972288435
