Iteration,Energy,Loss Function,Bias
0,0.1695042425272787,0.15553067384313887,0.0
1,0.02485911948323163,0.014306006789658347,0.21367113640405436
2,0.0027524547353041996,-0.004387503218808487,0.7797939954058184
3,0.0013099068243672463,-0.0048785064575414235,0.8550238766476109
4,0.0013099068243672463,-0.0057179810679018036,0.9736290443802307
5,0.003238402367230746,-0.006537851450092465,2.0892398918786745
