Iteration,Energy,Loss Function,Bias
0,0.14479960203386424,0.16262095661494433,0.0
1,0.002573092330158292,0.0004935790441897848,0.7710391988087402
2,0.011290169806751611,-0.00041078326253133355,0.9886045059477462
3,0.00562840007939737,-0.0005547389434270853,1.270469013802141
4,0.0039756301759087875,-0.0008327725351959924,1.5119036310429337
