Iteration,Energy,Loss Function,Bias
0,0.14705332664130993,0.15732214266226624,0.0
1,0.061858335851732234,0.02282994905757715,1.0039071279952145
