Iteration,Energy,Loss Function,Bias
0,0.14479960203386424,0.1788182227584729,0.0
1,0.050427600897577564,0.06073707570257932,0.4087295928923878
2,0.001011758502304825,0.020640069015725182,0.585501128797528
