Iteration,Energy,Loss Function,Bias
0,0.05186504875258771,0.10462741513000268,0.0
1,0.00032647378852103376,0.006395935099185695,0.30370890636426345
2,0.016384831210627667,-0.0002510065139123424,0.9322726622476816
3,0.0008133731583077231,-0.005960814647564891,1.0108390368664488
4,0.00061954011019953,-0.00659656132449417,1.3349135223640816
5,0.000548957514434317,-0.00696166875207384,1.5930192310323805
6,0.000548957514434317,-0.007154177151060709,1.765818237235151
7,0.0004822050781284412,-0.0072719199747420605,2.1886244418552745
