Iteration,Energy,Loss Function,Bias
0,0.14479960203386424,0.1694383547443921,0.0
1,0.07596700089726134,0.07296263540739117,0.31728575375000007
2,0.0032308054540070236,0.016630844655599775,0.47796369245152254
3,0.001500096526963234,0.011518014812152899,0.40817322432766046
4,0.0013330056993270136,0.010792068063289157,0.29775183025759855
