Iteration,Energy,Loss Function,Bias
0,0.051865048752587635,0.13486208811952205,0.0
1,0.03552451368512979,0.020997234522835858,0.6430257347839943
2,0.014352770407222788,0.015008615258976659,0.3373398895993514
