Iteration,Energy,Loss Function,Bias
0,0.05186504875258771,0.12515478303578392,0.0
1,0.00032647378852103376,0.024694515970301624,0.30714253610683656
2,0.021238539966631928,0.02430964858822397,0.9663826109104705
3,0.0005859072475942416,0.015536949458203731,1.047374511767594
4,0.0005650136420491632,0.013158340699932637,1.437773259847162
5,0.00057593550152923,0.012830970969903743,1.5972099037268073
