Iteration,Energy,Loss Function,Bias
0,0.14479960203386424,0.15592898247358514,0.0
1,0.061858335851732234,0.022737583526103687,1.0080352972832818
