Iteration,Energy,Loss Function,Bias
0,0.05186504875258771,0.1183991732233335,0.0
1,0.03897959865884062,0.03896774675620659,0.2322673240048857
2,0.002670627037929757,0.02364548320713718,0.4704397076356418
3,0.002773788811360956,0.021898901356727077,0.6378156368119925
4,0.0016501077532333935,0.019954762297133066,0.6820305066386532
5,0.004887577269477493,0.018463549738505735,1.0208843515202672
