Iteration,Energy,Loss Function,Bias
0,0.1695042425272787,0.17770180742186686,0.0
1,0.005701663469427442,0.017344302103930842,0.3369398880991188
2,0.010291212508358108,0.011874746705295338,0.5654956561182641
3,0.0007327351772203648,0.01005347555788964,1.3398758728081008
4,0.0010385503766280498,0.009853037497825989,1.6581466057395644
5,0.0008196647834301933,0.009454696701541343,1.9561863168393179
6,0.0011169418812312182,0.009209662071577333,2.360723810847239
