Iteration,Energy,Loss Function,Bias
0,0.1695042425272787,0.17588817226439576,0.0
1,0.011038050639591025,0.008702111276953521,0.44380320263259376
2,0.017300931875263038,0.0067586226147009956,0.6589530934075625
