Iteration,Energy,Loss Function,Bias
0,0.14705332664130993,0.16538080070424574,0.0
1,0.05934023090121543,0.016153293128617335,0.880637865964107
