Iteration,Energy,Loss Function,Bias
0,0.05186504875258771,0.12519348478213183,0.0
1,0.0008572868302440741,0.010668808925687806,0.43623759789401606
2,0.0029554802757771393,0.010636004078789087,0.5031327254702157
