Iteration,Energy,Loss Function,Bias
0,0.14479960203386424,0.1634534269505091,0.0
1,0.010694192278289041,0.01854430765245289,0.5480259099258148
2,0.0020459083648067195,0.0070760322686379135,0.38943831087388336
3,0.0007744303393796286,0.006545763392328414,0.15849583807427917
