Iteration,Energy,Loss Function,Bias
0,0.22460679446139065,0.18121100395819179,0.0
1,0.0038494590938115566,0.03753645615386018,0.3587023730895342
2,0.0023922262904012845,0.02490980957304992,0.3179164171149802
3,0.0008165088198874906,0.01982214113449894,0.1758686059738231
