Iteration,Energy,Loss Function,Bias
0,0.14705332664130993,0.1572602371802465,0.0
1,0.06185833585173218,0.01635496740661649,1.0039089474959126
2,0.06185833585173218,0.01169422455605706,0.583426954442169
