Iteration,Energy,Loss Function,Bias
0,0.14479960203386424,0.1694383547443921,0.0
1,0.07596700089726134,0.0726233433070668,0.32041415295233844
2,0.0026441519517097964,0.012865191596255137,0.5869245612854471
3,0.0031246546593599097,0.012506444273306442,1.2149173983197794
4,0.0016961419157789628,0.011542764407468743,1.2684849259019928
5,0.0010829050563115868,0.010589755385091727,1.4745692789444693
6,0.0010829050563115868,0.010007920011001563,1.7345052075826863
7,0.0018401950509921768,0.00969212083697096,2.026254446724304
