Iteration,Energy,Loss Function,Bias
0,0.1695042425272787,0.1699399655237743,0.0
1,0.05958499447939294,0.007027382613659596,0.868804683388299
2,0.030334378232674045,0.0048100050747899685,0.4807821256236763
