Iteration,Energy,Loss Function,Bias
0,0.22460679446139065,0.17699862245565653,0.0
1,0.02797057845801822,0.06108053444039562,0.2698369866127501
2,0.0019118390249642679,0.011926401449920684,0.4191290956927307
