Iteration,Energy,Loss Function,Bias
0,0.14705332664130993,0.1572602371802465,0.0
1,0.061858335851732234,0.016354965596719475,1.0039083807332356
