Iteration,Energy,Loss Function,Bias
0,0.14479960203386424,0.15157446217537995,0.0
1,0.0562689436942341,0.05897080307929642,0.26184370961247627
2,0.003475076491923878,0.004326414977794248,0.5075708550314466
3,0.0011700340026400125,-0.00507268102837556,0.6508018053137643
4,0.0013735665704550225,-0.006399004531664562,0.8955113727821133
5,0.002448582561286671,-0.006639630055013708,1.307227035361143
6,0.0014640978903039516,-0.0075897401246803635,1.7696156263787843
