Iteration,Energy,Loss Function,Bias
0,0.14705332664130993,0.18966057784194987,0.0
1,0.002310977398906558,0.015574969912374467,0.3323946871995783
2,0.0064931731418323415,0.007450590998897484,0.70643274601212
3,0.003869086192457314,0.0036939180699631087,0.8777685703033338
4,0.002036954014531798,0.0028699543082682296,1.0220191545610335
5,0.002036954014531798,0.002540193613510121,1.2179446002827468
6,0.0010968581797783897,0.002042969838718605,1.5825373182724125
7,0.0010968581797783897,0.0019509021469536279,1.7822086463715996
8,0.0011645237100975578,0.0019277904347846891,1.9695887367997216
