Iteration,Energy,Loss Function,Bias
0,0.14705332664130993,0.2027381816056615,0.0
1,0.028742762394576033,0.04801180231867712,0.19486456619503376
2,0.0013770486830136973,0.010493639327147787,0.7794576816669189
3,0.0010735915001458853,0.009879238673855421,1.0937866113242092
4,0.0013320392381685222,0.0096296848597149,1.3028538420541471
5,0.0013320392381685222,0.009352049961805513,1.409658569774003
6,0.0013320392381685222,0.009128920630962227,1.5466473335800208
7,0.0015931657865616744,0.00897539188678339,1.7496539025717477
