Iteration,Energy,Loss Function,Bias
0,0.14479960203386424,0.17267081606377732,0.0
1,0.050427600897577564,0.05374267048632325,0.40762856421754967
2,0.002180315690015406,0.010376750804992991,0.8580444951054962
