Iteration,Energy,Loss Function,Bias
0,0.1695042425272787,0.17388475620353203,0.0
1,0.003893811601014563,0.021117287482377067,0.2798724604683455
2,0.0075912443719179145,0.011527626900015941,0.10086290577867091
