Iteration,Energy,Loss Function,Bias
0,0.14705332664130993,0.16283777750159986,0.0
1,0.05934023090121522,0.008627409338323589,0.8820441970345556
2,0.03174169267898983,0.005570238709430492,0.45829051503514817
