Iteration,Energy,Loss Function,Bias
0,0.051865048752587635,0.15113215966795068,0.0
1,0.06185833585173208,0.023185333439449292,1.0054326953334478
2,0.06185833585173208,0.015001409670477557,0.5713379965047629
