Iteration,Energy,Loss Function,Bias
0,0.1695042425272787,0.15908153049617998,0.0
1,0.061858335851732234,0.0159683559576768,1.0024781500611915
