Iteration,Energy,Loss Function,Bias
0,0.05186504875258766,0.15121748471329605,0.0
1,0.06185833585173218,0.02968582453683412,1.0054266063798252
2,0.06185833585173218,0.018311270281256033,0.5643050494463477
