Iteration,Energy,Loss Function,Bias
0,0.1695042425272787,0.18098338274961545,0.0
1,0.008490715880555756,0.02809288239392549,0.26556105968802574
2,0.013629079829746316,0.02600488341502782,1.1959399252488068
3,0.009841729976107617,0.022940536326143342,1.2133636009954638
4,0.0007653642781859303,0.01997541496802128,1.2837318166532077
5,0.0007653642781859303,0.01814299128012091,1.37599082012942
6,0.00042170937516182764,0.016377298256772393,1.743360396681578
7,0.000266094323651493,0.015769363199394763,1.8328902207105884
8,0.0015980846246521126,0.014462025345638719,2.5745003807053477
