Iteration,Energy,Loss Function,Bias
0,0.14705332664130993,0.18341033841928686,0.0
1,0.002310977398906558,0.008708614790561753,0.3327761510720019
2,0.01635441762975156,0.006692809781192621,1.6079291768860273
3,0.01635441762975156,0.0038336302912514286,1.6272463173149951
4,0.004290718685898314,-0.004081700544210338,1.8359863350205892
5,0.0028042178640652355,-0.006175094323075269,2.207845431485376
