Iteration,Energy,Loss Function,Bias
0,0.14479960203386424,0.17910688942053718,0.0
1,0.010694192278289017,0.03552589326518187,0.5536566363969081
2,0.0017368913460386525,0.015400725271835752,0.9207656867839379
3,0.004749695762302901,0.015396218885541777,1.075067715446709
4,0.005401585069073131,0.01502169335499587,1.2221130173457444
