Iteration,Energy,Loss Function,Bias
0,0.14705332664130993,0.19315349495576814,0.0
1,0.001638922247101007,0.018489308635182684,0.454941985987949
2,0.008100329601851971,0.01763464475459114,0.5075122638421155
