Iteration,Energy,Loss Function,Bias
0,0.05186504875258766,0.1251934847821317,0.0
1,0.0008572868302440741,0.010722155306199459,0.42263123327462
