Iteration,Energy,Loss Function,Bias
0,0.05186504875258771,0.10462741513000268,0.0
1,0.00032647378852103376,0.006700903095762879,0.30370890636426345
2,0.016384831210627667,0.0005337786034118722,0.9303212325299104
3,0.0010480857919407897,-0.005309291011879244,1.0031216213930971
4,0.00061954011019953,-0.005927989947225959,1.340107388669648
5,0.000548957514434317,-0.0062138624974117105,1.592061228025227
6,0.0004822050781284412,-0.006227671571921446,2.164463257157318
