Iteration,Energy,Loss Function,Bias
0,0.14479960203386424,0.1738890685971945,0.0
1,0.010694192278289017,0.03005607997878792,0.5519050500382296
2,0.0021194408882140646,0.009786353721805252,0.918925895490074
3,0.004749695762302901,0.00971365340950001,1.0802641029706044
4,0.005352470613710481,0.009433921977995205,1.2367141793624135
