Iteration,Energy,Loss Function,Bias
0,0.1695042425272787,0.18112797937405947,0.0
1,0.011038050639591025,0.01426441068298298,0.44441466923575224
2,0.017300931875263038,0.013118034443457141,0.6475108497402724
