Iteration,Energy,Loss Function,Bias
0,0.22460679446139065,0.15683241334354087,0.0
1,0.061858335851732234,0.009883681856196203,1.0052842280501604
