Iteration,Energy,Loss Function,Bias
0,0.22460679446139065,0.17566797870760248,0.0
1,0.0038494590938116325,0.0371851399728124,0.321472102890214
2,0.0074141271087522385,0.013479732971580314,0.8443935400610311
3,0.0015341688739484098,0.010161906803956193,1.090941181727049
4,0.001014914691541808,0.009268731977951103,1.3453290242920335
