Iteration,Energy,Loss Function,Bias
0,0.14479960203386424,0.1559077558763375,0.0
1,0.07596700089726134,0.05743028784691567,0.3185896293530102
2,0.0028217261411316603,-0.0013506280505010406,0.5888120819459108
3,0.002675303365430378,-0.002868618236867342,1.1968729602892907
4,0.004519197121282151,-0.0038485966104471634,1.2592506509821446
5,0.001011149633392164,-0.005311066191325227,1.5098354034645562
6,0.001011149633392164,-0.005732182790320846,1.624370478831064
