Iteration,Energy,Loss Function,Bias
0,0.1695042425272787,0.15908153049617998,0.0
1,0.06185833585173208,0.009673057090969685,1.0027030359352125
2,0.06185833585173208,0.008065396914817237,0.5900111174726461
