Iteration,Energy,Loss Function,Bias
0,0.22460679446139065,0.16482796702562671,0.0
1,0.0035576803497404342,0.006831259411876521,0.449633629259911
2,0.013354274401646911,0.0019961266990005605,0.7873166609560636
3,0.00674450238175297,-0.0030968897593962926,1.3555352162972536
