Iteration,Energy,Loss Function,Bias
0,0.05186504875258771,0.11363463368158469,0.0
1,0.0008572868302440741,-0.0007353809265322581,0.4353231979199493
2,0.0029554802757771393,-0.0010516807175720967,0.54211234412945
3,0.0036739877540135136,-0.0017358141378986387,0.7972350023086343
4,0.0025994486327820783,-0.003128398064647867,1.4205905625955022
