Iteration,Energy,Loss Function,Bias
0,0.05186504875258771,0.11080393012793996,0.0
1,0.019282472403767854,0.03206963435078781,0.23102386362835053
2,0.002670627037929757,0.014747617044021697,0.4684021672851272
3,0.0029245224152628607,0.013434855735764917,0.6331103437702161
4,0.0029245224152628607,0.011941580912597831,0.6693949059583606
5,0.003788033385268028,0.011092721340498119,1.0189738669274107
