Iteration,Energy,Loss Function,Bias
0,0.05186504875258771,0.0954337897652755,0.0
1,0.02549060420665614,0.03351139613987481,0.1838264039035949
2,0.0011283854924594304,0.0020354152399462166,0.31600691293963523
3,0.0003547197986825083,0.0015185630214173992,0.5032231503728242
4,0.0003547197986825083,0.001054190776354266,0.7572971914928401
5,0.0004586103996173199,0.0009440530016489564,1.8999353652753554
