Iteration,Energy,Loss Function,Bias
0,0.14705332664130993,0.20051980965081678,0.0
1,0.028742762394576033,0.03714979557370771,0.2500874066992046
2,0.004146161359614137,0.012237843375433795,1.0119519044469882
3,0.0028304714708029615,0.00987979934793804,1.1502206721035848
4,0.0028304714708029615,0.009801607700568545,1.2849385517278913
5,0.0026264365894720894,0.009325375868210303,1.7282212338286007
6,0.0026264365894720894,0.009259515862009531,1.9330043073009857
