Iteration,Energy,Loss Function,Bias
0,0.14479960203386424,0.16599395643614195,0.0
1,0.0562689436942341,0.07673233591760573,0.26276312411932423
2,0.001981133398716478,0.02025663675766387,0.49770277141153446
3,0.0011700340026400125,0.011189845805129677,0.6434586149636385
4,0.0013735665704550225,0.01115498883278438,0.9900464743276968
