Iteration,Energy,Loss Function,Bias
0,0.14705332664130993,0.17039999008374357,0.0
1,0.016022504400079057,0.0028507274419005014,0.6447075379882736
