Iteration,Energy,Loss Function,Bias
0,0.1695042425272787,0.17064836515473214,0.0
1,0.011038050639590973,0.0022587883006428234,0.47443936618400884
