Iteration,Energy,Loss Function,Bias
0,0.14479960203386424,0.17010107849357067,0.0
1,0.002573092330158292,0.011603040893751384,0.7727686667323799
2,0.006681846857001085,0.011341865953893023,0.8929882251574387
