Iteration,Energy,Loss Function,Bias
0,0.051865048752587635,0.1396630117165617,0.0
1,0.06185833585173208,0.028488980640786674,0.8970343768615419
2,0.044231125039380995,0.0167965533138198,0.3629959242681423
