Iteration,Energy,Loss Function,Bias
0,0.05186504875258771,0.11080393012793996,0.0
1,0.019282472403767854,0.031879851809882474,0.23102386362835053
2,0.002670627037929757,0.014580420061433128,0.46897434815217
3,0.0029245224152628607,0.013396730178480198,0.6337839380164789
4,0.0029245224152628607,0.012009260937039563,0.6660207869429666
5,0.003788033385268028,0.00981292884595051,0.9859656703684575
