Iteration,Energy,Loss Function,Bias
0,0.14705332664130993,0.19340124022793437,0.0
1,0.02874276239457598,0.027938118411027044,0.26858284121738085
2,0.002899313371538171,0.003037926822337261,0.26334094539662967
