Iteration,Energy,Loss Function,Bias
0,0.14705332664130993,0.20216105668727574,0.0
1,0.002685345338696331,0.027997756546762217,0.3533980078012361
2,0.0022905407016174215,0.017445855239626763,0.15926815952318013
