Iteration,Energy,Loss Function,Bias
0,0.14479960203386424,0.162457092153642,0.0
1,0.059600822596791427,0.024488297922892564,0.9565101681162838
2,0.012871320418638489,0.018682461708854854,0.4954639860380753
