Iteration,Energy,Loss Function,Bias
0,0.22460679446139065,0.17566797870760248,0.0
1,0.002938404496536951,0.03278061658560904,0.3579875805833265
2,0.0023922262904012845,0.015443793793433132,0.3416588570689161
3,0.0021113721639882477,0.012229624679474691,0.10743856739156996
