Iteration,Energy,Loss Function,Bias
0,0.14705332664130993,0.20051980965081678,0.0
1,0.028742762394576033,0.03721768552405649,0.2500874066992046
2,0.004146161359614137,0.013318756397809925,1.011635304468609
3,0.0028304714708029615,0.011432846410263972,1.1493530125591742
