Iteration,Energy,Loss Function,Bias
0,0.1695042425272787,0.155530673843139,0.0
1,0.02485911948323163,0.014141574895112788,0.21367113640405436
2,0.0027524547353041996,-0.005330221828834592,0.7804531483441366
3,0.0013099068243672463,-0.005898637064533329,0.8551325512268071
4,0.0013099068243672463,-0.007064537460985303,0.9928224805679989
5,0.0013099068243672463,-0.00776550368666521,1.6252844106154334
