Iteration,Energy,Loss Function,Bias
0,0.051865048752587635,0.11941405923185809,0.0
1,0.0008572868302440993,0.004678540025291597,0.4238286799984833
