Iteration,Energy,Loss Function,Bias
0,0.14479960203386424,0.16088666217257142,0.0
1,0.059600822596791427,0.018510155193839924,0.9566158160070742
2,0.012871320418638438,0.015196362055737444,0.5007147471709241
