Iteration,Energy,Loss Function,Bias
0,0.05186504875258771,0.15096150957725996,0.0
1,0.061858335851732234,0.01018448719013265,1.005500430760069
