Iteration,Energy,Loss Function,Bias
0,0.14705332664130993,0.18054374923484373,0.0
1,0.016022504400079057,0.014567121462122856,0.6422230483356131
