Iteration,Energy,Loss Function,Bias
0,0.14479960203386424,0.1603760026743863,0.0
1,0.050427600897577564,0.041029341980849184,0.40459456140471817
2,0.0018148989526881423,-0.0037687689294922944,0.8518959448306411
3,0.0007791663603886782,-0.0037831752989404056,1.0521947839463142
4,0.002083445372505261,-0.004626472296023891,1.638722012285438
5,0.002083445372505261,-0.004754220171900488,1.8304546519815947
6,0.002083445372505261,-0.004822067143198825,1.9732771389177457
7,0.0024361486757987897,-0.0048992132233288375,2.3266149598617716
