Iteration,Energy,Loss Function,Bias
0,0.1695042425272787,0.16317273019969517,0.0
1,0.02485911948323163,0.021830500776782214,0.2225890170400617
2,0.001300365571187829,0.0031483173652377037,0.17039261802923644
