Iteration,Energy,Loss Function,Bias
0,0.14479960203386424,0.16262095661494433,0.0
1,0.002573092330158267,0.0005759356979720343,0.7666356840744983
