Iteration,Energy,Loss Function,Bias
0,0.14705332664130993,0.1571983316982268,0.0
1,0.06185833585173208,0.009879996038850447,1.0039089559311583
2,0.06185833585173208,0.00815782750207968,0.5905997331596002
