Iteration,Energy,Loss Function,Bias
0,0.1695042425272787,0.1706483651547319,0.0
1,0.011038050639591025,0.00358817919678022,0.4431326943587016
2,0.017300931875263038,0.00126844807219879,0.6655522739542674
