Iteration,Energy,Loss Function,Bias
0,0.05186504875258771,0.10360283510081854,0.0
1,0.023061633215971076,0.041079123793677834,0.1850889115106238
2,0.002115206999611673,0.010671161808090185,0.32037364545013236
3,0.0003547197986825083,0.010149106577332676,0.3742578318368906
