Iteration,Energy,Loss Function,Bias
0,0.14479960203386424,0.16636101755425753,0.0
1,0.002573092330158267,0.006119853723079082,0.7682072280575885
