Iteration,Energy,Loss Function,Bias
0,0.14705332664130993,0.18810164846060332,0.0
1,0.001638922247101007,0.011782396986553508,0.4557810137128639
2,0.00889868818703922,0.011585609120164592,0.6848296092084019
