Iteration,Energy,Loss Function,Bias
0,0.1695042425272787,0.17394817054108921,0.0
1,0.02342248742528861,0.00049949425420282,0.6457286460717885
