Iteration,Energy,Loss Function,Bias
0,0.14705332664130993,0.18628267080505234,0.0
1,0.028742762394576033,0.021669714772608484,0.250263200610997
2,0.002411280550912126,-0.0025739472712529117,1.0042130759569021
3,0.0021810418194338427,-0.004147563807240266,1.4358449740242119
4,0.0021810418194338427,-0.004769850869938677,1.539500408215628
