Iteration,Energy,Loss Function,Bias
0,0.1695042425272787,0.17081478655625096,0.0
1,0.02485911948323163,0.030104722404107845,0.21410049651300458
2,0.0027524547353041996,0.01186653607451506,0.7649120142185064
3,0.0027524547353041996,0.011510612494237663,0.8583255920245156
4,0.0027524547353041996,0.011312797750057496,0.9456221134401824
5,0.0027524547353041996,0.010674489288518845,1.1745818783168465
6,0.00043887340640724,0.010228744265929526,1.999013262697669
7,0.00035079329074696715,0.010128004043239706,2.1600641456382776
