Iteration,Energy,Loss Function,Bias
0,0.14479960203386424,0.1560137194704144,0.0
1,0.06185833585173218,0.02920498283542874,1.0079896218748634
2,0.06185833585173218,0.017753720120876088,0.6142303509403739
