Iteration,Energy,Loss Function,Bias
0,0.1695042425272787,0.1811525058485252,0.0
1,0.0121260103742621,0.009390279304524983,0.6128616131086542
