Iteration,Energy,Loss Function,Bias
0,0.1695042425272787,0.16501425650371151,0.0
1,0.005701663469427442,0.005495431905546063,0.33577978316862467
2,0.009180091499379574,-0.0014687464840515256,0.5865956078570363
3,0.000758584931860148,-0.004854294275861098,1.5380601248964236
