Iteration,Energy,Loss Function,Bias
0,0.05186504875258771,0.11080393012793996,0.0
1,0.019282472403767854,0.03187985180988233,0.23102386362835053
2,0.002670627037929757,0.014580420061433202,0.468974348152171
3,0.0029245224152628607,0.013396730178480325,0.6337839380164809
4,0.0029245224152628607,0.012009260937039664,0.6660207869429662
5,0.003788033385268028,0.009812928845950536,0.9859656703684563
