Iteration,Energy,Loss Function,Bias
0,0.22460679446139065,0.17311834228755119,0.0
1,0.024279924907162583,0.015796455134727133,0.688329178917352
2,0.017417898859324446,0.01445657237583157,0.5002112037124663
