Iteration,Energy,Loss Function,Bias
0,0.14479960203386424,0.15878420930576095,0.0
1,0.0562689436942341,0.06781526656473248,0.26232384901915834
2,0.001160221571819236,0.012092937336197682,0.5031233260445601
3,0.0011700340026400125,0.002705383871036944,0.6473939628865156
4,0.0013735665704550225,0.0021340136179917838,0.9437516818397615
5,0.0018239069473107263,0.001973353450070588,1.1480924740413205
6,0.000957874575547248,0.0015082364664165601,1.419568433101661
7,0.0005797870144375655,0.0010539889111371619,1.626302544919332
8,0.000657133330175888,0.0010362030363588641,1.8608325212798216
