Iteration,Energy,Loss Function,Bias
0,0.14705332664130993,0.2027381816056615,0.0
1,0.028742762394576033,0.048106229456957375,0.19486456619503376
2,0.0013770486830136973,0.010770309770876764,0.7791009134467438
3,0.0010735915001458853,0.01067779437592213,1.0931994148562574
