Iteration,Energy,Loss Function,Bias
0,0.1695042425272787,0.1758881722643956,0.0
1,0.011038050639591025,0.008702111276953445,0.443803202632594
2,0.017300931875263038,0.006758622614701097,0.6589530934075625
