Iteration,Energy,Loss Function,Bias
0,0.05186504875258771,0.08726474442973249,0.0
1,0.02549060420665614,0.026069396550493295,0.1825303460096642
2,0.0003547197986825083,-0.006526730562944272,0.3114135233462794
3,0.0003547197986825083,-0.008106546980652591,0.49834227757678684
4,0.0003547197986825083,-0.008763845457654714,0.6630444315542598
5,0.0001948383876693111,-0.008975553397673652,0.7541248973495205
6,0.0001948383876693111,-0.009175736295282547,0.9215519081824315
7,0.0001948383876693111,-0.009302423106047253,1.1087998262588796
