Iteration,Energy,Loss Function,Bias
0,0.14705332664130993,0.21049981945103377,0.0
1,0.02874276239457598,0.05531560071049536,0.2097716576763903
2,0.0007276600736662904,0.018032658973763396,0.2809157585866281
