Iteration,Energy,Loss Function,Bias
0,0.14705332664130993,0.17799795547027372,0.0
1,0.002074030987762211,0.00024627629316351806,0.4573297013314722
2,0.014016296843067709,-0.0007633358453579294,0.6985312336570422
3,0.006863466869374867,-0.002473478110422494,1.162461159703158
