Iteration,Energy,Loss Function,Bias
0,0.14705332664130993,0.15732214266226618,0.0
1,0.06185833585173208,0.022829960522576718,1.0039088852130047
2,0.06185833585173208,0.015126749001374168,0.5763590446251916
