Iteration,Energy,Loss Function,Bias
0,0.22460679446139065,0.17176710943301804,0.0
1,0.038516533389604646,0.0803773082665204,0.2105017040385285
2,0.005625748364526069,0.011566575939166076,0.312110100216834
3,0.0029690567883080285,0.009994209787802643,-0.2149229846708957
4,0.0027681239257078796,0.008241797184858216,-0.7601997751965526
