Iteration,Energy,Loss Function,Bias
0,0.1695042425272787,0.15923010181979133,0.0
1,0.061858335851732234,0.016114328990386166,1.0024687308817533
