Iteration,Energy,Loss Function,Bias
0,0.22460679446139065,0.18121100395819179,0.0
1,0.0038494590938116325,0.041913638005389255,0.32116044897643004
2,0.007054763606055489,0.02085841387854847,0.8470830838359685
3,0.0009179008925572099,0.01619636415390576,1.085175275311861
4,0.0008707712428899396,0.015972764705252506,1.2605648856861658
