Iteration,Energy,Loss Function,Bias
0,0.05186504875258771,0.11363463368158469,0.0
1,0.0008572868302440741,-0.0014840767433345046,0.43532319791994933
2,0.0029554802757771393,-0.0020604366140680357,0.5458507225276398
3,0.004594003741286276,-0.003481032705290651,1.0113148715191875
