Iteration,Energy,Loss Function,Bias
0,0.14705332664130993,0.17378124313411017,0.0
1,0.016022504400079005,0.006926214369098724,0.65435222493664
2,0.0058540146098939785,0.006898331034926923,0.4379858986189542
