Iteration,Energy,Loss Function,Bias
0,0.1695042425272787,0.1728036393553293,0.0
1,0.05958499447939323,0.013945329805121198,0.8538486925610604
