Iteration,Energy,Loss Function,Bias
0,0.14479960203386424,0.17620365417841935,0.0
1,0.07596700089726136,0.08062853713600257,0.31811226725873104
2,0.0032308054540070236,0.024199203796145454,0.47592233886969815
3,0.0015000965269632088,0.01902414993611434,0.39768676765358735
4,0.001333005699327064,0.018837892843541173,0.18956118738867853
