Iteration,Energy,Loss Function,Bias
0,0.14479960203386424,0.17910688942053718,0.0
1,0.010694192278289017,0.03655739528313994,0.5536566363969081
2,0.0017368913460386525,0.018261492207737203,0.9021597436002802
