Iteration,Energy,Loss Function,Bias
0,0.22460679446139065,0.16458192820642384,0.0
1,0.0029384044965370267,0.0278612007056566,0.3220021358296374
2,0.01584350508719665,-0.0012157361276872154,0.8363360223665248
3,0.003815975996120806,-0.0039060968895531724,1.1183010634414103
4,0.002729129450203572,-0.004844095604759625,1.261927356728499
