Iteration,Energy,Loss Function,Bias
0,0.14705332664130993,0.19591081726461274,0.0
1,0.002310977398906533,0.021187393777160064,0.35337410994418006
2,0.0026809508607154135,0.010693197074960031,0.15827136633870592
