{
    "Calculated Minimum Energy [norm, row]": [
        0.002126893296723449,
        -1.381959066373426
    ],
    "Corresponding loss function": 0.018713521229212878,
    "Solution for Minimum Energy": [
        1.0,
        1.0,
        1.0,
        1.0,
        -1.0,
        1.0,
        1.0,
        -1.0,
        1.0,
        1.0,
        1.0,
        1.0,
        1.0,
        1.0,
        1.0,
        1.0,
        1.0,
        1.0,
        -1.0,
        1.0,
        -1.0,
        1.0,
        1.0,
        1.0,
        -1.0,
        1.0,
        1.0,
        1.0,
        1.0,
        1.0,
        1.0,
        1.0,
        -1.0,
        1.0,
        1.0,
        1.0,
        1.0,
        1.0,
        1.0,
        1.0,
        -1.0,
        1.0,
        -1.0,
        1.0,
        1.0,
        -1.0,
        1.0,
        1.0,
        1.0,
        1.0,
        1.0,
        -1.0,
        1.0,
        -1.0,
        -1.0,
        -1.0,
        1.0,
        1.0,
        1.0,
        -1.0
    ],
    "Corresponding exp value": [
        0.15901349950241744,
        0.11212854785232972,
        0.05340040626310795,
        0.21308134348490937,
        -0.0431622941910233,
        0.26203588360569896,
        0.17559952088825798,
        -0.04233256230467497,
        0.2766622208824384,
        0.03412015305189173,
        0.1796684306783996,
        0.14103661548351137,
        0.09244893013447926,
        0.027693273350519854,
        0.009236866039959761,
        0.06561627397987506,
        0.29208589495661996,
        0.013265806426206051,
        -0.25439390811176293,
        0.06105015554641549,
        -0.03810932628771596,
        0.009302189880112161,
        0.10763396955028257,
        0.06984648297720848,
        -0.04305727087033377,
        0.05381226230206919,
        0.00979921362151251,
        0.10533989747784425,
        0.01630725684117105,
        0.19406641267853142,
        0.07284021808852426,
        0.1356745667817861,
        -0.051417837119283175,
        -0.007424572562828691,
        0.13305011312496268,
        0.044055572211813936,
        0.016819514639909012,
        0.08549069811718213,
        0.1299739370284097,
        0.2647985489566516,
        -0.21579522755720618,
        0.14295302532242551,
        -0.09910541246812227,
        0.05211602913133563,
        0.04700976978994482,
        -0.23344289230674944,
        0.03762392869480423,
        0.21068059237981576,
        -0.004694535661315228,
        0.19869451189791376,
        0.048372931698344654,
        -0.0364422681191875,
        0.164845092873953,
        -0.0808573668232024,
        -0.16391145096315607,
        -0.12999892235160407,
        0.3340411911247097,
        0.026434841248217412,
        0.26093299908334067,
        -0.2968607387869825
    ],
    "Number for Minimum Energy": 641803633143578768,
    "Elapsed Time [seconds]": 0.07645297050476074,
    "Elapsed Time [hours, minutes, seconds]": [
        0,
        0,
        0.08
    ],
    "Current function value": -1.232477729803949,
    "Iterations": 2,
    "Function Evaluations, Estimation": [
        47,
        4932
    ],
    "Gradient Evaluations": 36,
    "Number of Parameters": 136,
    "Minimum Parameters": [
        1.1189001224814283,
        3.792756003008234,
        5.544504680166616,
        1.1512078127594156,
        1.9228052507699664,
        4.670482142499244,
        6.067941123924752,
        3.1534504243066266,
        0.7880355560717897,
        0.06848842104908938,
        1.442783131200447,
        0.8694224152657433,
        4.250467950635045,
        0.6725760432483794,
        3.198244318677383,
        4.30447491346538,
        3.7453365617150056,
        1.0964276131149016,
        4.967716404812337,
        4.451071861421996,
        4.816737589837833,
        0.5961370231339631,
        0.600957312721964,
        5.610841656385867,
        2.4857621656821522,
        1.9499422937752682,
        3.0517315489805,
        4.205659346950127,
        5.912045032439176,
        1.8402174536910514,
        5.759947394139036,
        -0.0006820029333971037,
        3.2636685651601267,
        3.920578775228432,
        0.676774428113017,
        0.7069535502292804,
        2.599419587631473,
        5.9714660594555795,
        3.7779429460184444,
        5.822309953913085,
        5.040651938296654,
        2.9372903991110393,
        5.070871240156007,
        0.0889666319161038,
        0.7562238780775951,
        5.258853281954732,
        4.97111482241524,
        1.583316003997024,
        3.5326523484259456,
        3.7621378381443793,
        5.236476872658869,
        3.7450491855167485,
        2.541316623157295,
        2.2971837485758755,
        2.6981876639338767,
        4.201618364474091,
        5.513212757054282,
        2.8584844116805863,
        1.4629408703495437,
        1.4949917300433555,
        4.7009090486647,
        5.0977143162416185,
        0.5767574239500717,
        0.3965682373606563,
        3.8167585294646127,
        0.9179536256425562,
        5.08850346596403,
        2.020893754670898,
        0.7713500718770313,
        5.710008721976392,
        0.9085569913370293,
        1.6853717653934974,
        1.0166706399242063,
        0.7423061561276981,
        -0.026181022336774294,
        0.4965335726424104,
        1.0135364794714663,
        0.3389043276639346,
        3.7714640544621414,
        4.46269944579823,
        2.5243079842355702,
        2.114756116893212,
        3.1819830849606974,
        5.534936298080532,
        5.459400137588513,
        0.05799100351546732,
        1.1533179382147247,
        1.3597080698466462,
        1.58014955385195,
        3.4945215842799624,
        2.6089566324659508,
        0.3259651686623991,
        2.3337429900032056,
        3.300782306765554,
        0.6226741178288498,
        5.299124588006442,
        0.33281754208918296,
        5.781322406579966,
        0.5297915725683064,
        5.375896678232082,
        5.675880646298667,
        5.894510891057532,
        5.012556249003041,
        4.94237585844927,
        4.07795045751412,
        4.881394568579978,
        0.7773512618787395,
        3.2703603778562425,
        3.4056574620636666,
        5.37770887739414,
        2.846781321203059,
        2.3011879157239146,
        3.882258579748185,
        1.5491451241020104,
        0.7218552528088308,
        3.0476775933466977,
        2.5804195449713507,
        1.4715062584900716,
        2.2881662695170073,
        2.304382154120064,
        2.0697760772364293,
        2.27625192457852,
        4.402235264381244,
        1.8730353465337837,
        5.944752923049219,
        5.700042560701617,
        3.017080198460975,
        2.1439724402984077,
        3.1761538395955387,
        5.372175108267572,
        4.148418029241586,
        4.997673245817597,
        3.3787552665017455,
        3.9894640415414977,
        1.7712815557019093,
        0.1623348125881886
    ],
    "Cmin, Cmax, frob_norm, shift": [
        0.3369377722287652,
        2246.770729659739,
        249.26698098990568,
        349.59162707225994
    ]
}