{
    "Calculated Minimum Energy [norm, row]": [
        0.00023971168485814988,
        -1.3989666480735254
    ],
    "Corresponding loss function": 0.011127816264168392,
    "Solution for Minimum Energy": [
        1.0,
        1.0,
        1.0,
        -1.0,
        1.0,
        -1.0,
        -1.0,
        1.0,
        -1.0,
        -1.0,
        1.0,
        1.0,
        1.0,
        -1.0,
        1.0,
        1.0,
        1.0,
        -1.0,
        -1.0,
        1.0,
        1.0,
        -1.0,
        1.0,
        1.0,
        -1.0,
        -1.0,
        1.0,
        1.0,
        1.0,
        1.0,
        1.0,
        -1.0,
        1.0,
        1.0,
        -1.0,
        1.0,
        1.0,
        1.0,
        1.0,
        1.0,
        1.0,
        -1.0,
        1.0,
        1.0,
        -1.0,
        1.0,
        -1.0,
        1.0,
        1.0,
        -1.0,
        -1.0,
        1.0,
        1.0,
        1.0,
        1.0,
        1.0,
        1.0,
        -1.0,
        1.0,
        1.0
    ],
    "Corresponding exp value": [
        0.08193119476387672,
        -0.028176439160601134,
        -0.026053395249053965,
        -0.03278694885017671,
        0.06274172362489547,
        -0.032691167105340355,
        -0.051156353735940435,
        -0.02781335689162847,
        -0.03575188461677464,
        -0.032280269203183616,
        0.1651485088040734,
        -0.026785824998838838,
        -0.028918879291000302,
        -0.03313224567583878,
        0.040469811529946456,
        0.04989163201130536,
        -0.02771954999820627,
        -0.03358173786272687,
        -0.03657682182357648,
        -0.0218521028687835,
        0.1692071915118011,
        -0.03522614308451591,
        0.18855409839480713,
        0.28793461351744337,
        -0.036285959157392036,
        -0.031137810651524538,
        0.15119915269167686,
        0.06648566572972923,
        0.23822790779430325,
        0.11268038040385855,
        0.09253112821484323,
        -0.030029617289444005,
        -0.018769113212390075,
        0.09237465059890174,
        -0.030842157645900765,
        0.11813418174799203,
        -0.02698684576110452,
        -0.024925144303047906,
        0.29276619657490166,
        -0.026508396845885643,
        0.14809738165751446,
        -0.11398700174186337,
        -0.01968698813102216,
        0.09411711126929144,
        -0.035522995968986615,
        0.11799488485939572,
        -0.03088529530948796,
        0.2312119291761883,
        -0.02354008067541748,
        -0.030936018189407433,
        -0.03197203028408674,
        -0.020943716780677427,
        0.22288451978208468,
        -0.01798216862393819,
        -0.020201170937284782,
        0.14181600620340712,
        -0.004593479806643324,
        -0.036366168847965376,
        -0.01558761927301872,
        -0.023673249603296975
    ],
    "Number for Minimum Energy": 145894217269781352,
    "Elapsed Time [seconds]": 2.1669602394104004,
    "Elapsed Time [hours, minutes, seconds]": [
        0,
        0,
        2.17
    ],
    "Current function value": -1.3253059288677516,
    "Iterations": 762,
    "Function Evaluations, Estimation": [
        812,
        111244
    ],
    "Gradient Evaluations": 812,
    "Number of Parameters": 136,
    "Minimum Parameters": [
        4.1513926304158355,
        3.116653979938471,
        3.6933777383576576,
        4.8337685312809064,
        3.707867548953184,
        3.3955875902780663,
        3.557967590630016,
        1.8844097349149735,
        -0.15720649335731582,
        2.824571669519592,
        1.4697006859775252,
        2.618745625689705,
        5.304278368652475,
        1.3435738957127739,
        0.1828582617009329,
        1.9484302899858477,
        1.7475398736590673,
        4.303454872480646,
        3.4853121468885346,
        4.908379605145794,
        4.184634105526693,
        2.602116442842802,
        4.979707576475082,
        1.2777328065778808,
        0.024543826224077792,
        0.37034782925129156,
        4.574926432285562,
        2.861064876425582,
        0.8286928038723074,
        3.1610019951282253,
        0.9379805818495232,
        4.327282070171428,
        2.7265364362425077,
        2.3193985888566138,
        2.0395237902697336,
        4.120769345777437,
        2.033459787446738,
        0.7367563257135615,
        0.7253485949538049,
        5.93992371489486,
        5.6029801672297745,
        4.471399607586384,
        1.767470383815596,
        6.010733399977286,
        4.782386970966701,
        4.654128495528824,
        2.8313668113667725,
        1.7242579043049657,
        0.5811090488673347,
        5.510744284425685,
        2.771441595801325,
        1.1825685115626907,
        1.8503333538489182,
        3.7534401110203697,
        1.1632376311353183,
        5.565753488869045,
        4.509519796342262,
        4.478851838577678,
        2.9039866573055217,
        3.9299974252531156,
        3.556238543963547,
        4.093628413596228,
        0.7746257504105709,
        2.3076983068493306,
        0.3871026957425653,
        3.096584461437437,
        2.4217989052270497,
        1.1891506757019312,
        0.5554163264655468,
        3.5717316791293574,
        0.9352440972618262,
        5.647039335331104,
        3.6849561363301224,
        2.0730654485044155,
        3.7402047758984174,
        0.17228682916047247,
        6.104117076004107,
        3.0586052988212695,
        5.0137097164762,
        0.6932522149811484,
        3.094284458165058,
        3.0900371248873872,
        5.678626849358995,
        3.481236219968018,
        3.0781249182073425,
        1.7797816117017258,
        2.0806329698062207,
        3.356125930541006,
        2.7615778137328433,
        0.6102187341079939,
        4.886938911916661,
        5.304206249462488,
        0.8043360369070864,
        3.7116591741598537,
        0.6745814156342695,
        4.160751399333039,
        1.717945705207872,
        4.352055902194669,
        4.517513458117488,
        4.83444937547168,
        0.6974932911299844,
        5.529164255415905,
        1.39791607651145,
        0.3299547662422917,
        3.45842039647999,
        2.258336730229205,
        5.2475773125457765,
        5.2514225497436575,
        1.9973170149223405,
        6.147808065302188,
        1.9736427164682189,
        3.524470718191581,
        1.0781191147695561,
        5.893563523133982,
        1.027139852033017,
        0.1839305078436965,
        3.1176014614415677,
        6.665338495709383,
        5.5207701396567135,
        4.616929657420299,
        5.832334058481954,
        5.301179601731894,
        2.8977933820374067,
        1.8522998645210718,
        5.142496058115664,
        4.135872358393482,
        2.256227917954971,
        0.7973479405276734,
        4.579000402153641,
        1.8158941810988412,
        5.676025399180957,
        1.7789041417009386,
        0.6629146701066745,
        5.516595054958714,
        0.8500356188285316,
        0.5280586343102694
    ],
    "Cmin, Cmax, frob_norm, shift": [
        0.3369377722287652,
        2246.770729659739,
        249.26698098990568,
        349.59162707225994
    ]
}