{
    "Calculated Minimum Energy [norm, row]": [
        0.02334475103283467,
        -1.190740348111691
    ],
    "Corresponding loss function": 0.009421704661855265,
    "Solution for Minimum Energy": [
        -1.0,
        1.0,
        1.0,
        -1.0,
        1.0,
        1.0,
        1.0,
        -1.0,
        1.0,
        -1.0,
        1.0,
        1.0,
        1.0,
        1.0,
        1.0,
        1.0,
        1.0,
        1.0,
        1.0,
        1.0,
        1.0,
        1.0,
        1.0,
        1.0,
        1.0,
        1.0,
        1.0,
        1.0,
        1.0,
        1.0,
        1.0,
        1.0,
        -1.0,
        1.0,
        1.0,
        1.0,
        1.0,
        1.0,
        1.0,
        1.0,
        1.0,
        1.0,
        1.0,
        1.0,
        1.0,
        1.0,
        -1.0,
        1.0,
        -1.0,
        1.0,
        1.0,
        1.0,
        1.0,
        1.0,
        1.0,
        1.0,
        1.0,
        1.0,
        1.0,
        1.0
    ],
    "Corresponding exp value": [
        -0.15125052845717565,
        0.000759082229285664,
        0.08922340659447431,
        -0.3118820356060041,
        -0.06039869529000305,
        0.00806525796420217,
        -0.021556467495447824,
        -0.1812904791151547,
        -0.0755724025743697,
        -0.20685478736004417,
        0.12266075685607616,
        0.14214059223088993,
        0.14015037670872862,
        -0.09476538679118938,
        0.11613465685592148,
        0.09209733970142141,
        -0.13673709181119484,
        0.18467294933156744,
        0.1285405194349757,
        0.047819130257468076,
        0.049021953711554,
        0.2340585463297364,
        0.2385429678429742,
        0.29733766825740426,
        0.08376435708111142,
        0.11055776277266272,
        0.07094077096651483,
        0.0031845577472056543,
        0.08173366359116561,
        0.2357717671008884,
        0.20398276942273727,
        0.18275209586754745,
        -0.15607843526368903,
        0.11482288810308222,
        0.08261114480360279,
        0.14156372253371213,
        0.13120832554725642,
        0.027999771550035395,
        0.3000383744137934,
        -0.05183728137431533,
        0.28927833981765533,
        0.1199323327006469,
        0.014263972638855205,
        0.018440453718028903,
        -0.023886435936052233,
        0.0714353497538634,
        -0.22598368755799364,
        0.1263228132084137,
        -0.25292708082710985,
        -0.05124625528465879,
        0.009563168815210661,
        -0.06079044394185822,
        0.2409167592639599,
        -0.058332270716153475,
        0.09325903026142929,
        0.0882963120531611,
        -0.04371373560710802,
        -0.07089323647911874,
        0.08737928883166374,
        -0.07705130039025276
    ],
    "Number for Minimum Energy": 351848015856265,
    "Elapsed Time [seconds]": 0.12523508071899414,
    "Elapsed Time [hours, minutes, seconds]": [
        0,
        0,
        0.13
    ],
    "Current function value": -1.3162170627955805,
    "Iterations": 2,
    "Function Evaluations, Estimation": [
        69,
        7809
    ],
    "Gradient Evaluations": 57,
    "Number of Parameters": 136,
    "Minimum Parameters": [
        4.1664173303919405,
        3.044101123637634,
        3.6153229331888546,
        4.808762672550823,
        3.9386278311176963,
        3.468525604521316,
        3.47326790611954,
        1.890791149314036,
        0.16792736444330783,
        2.7472220946324595,
        1.390545776056381,
        2.57820471704575,
        5.266134376002734,
        1.368832215091895,
        0.27946417992475947,
        1.8582192900950785,
        1.8369458503343952,
        4.153674027426974,
        3.508568256434545,
        4.938361497193033,
        4.183645616542373,
        2.6030940027076594,
        5.112513101559431,
        1.095312680322974,
        0.12343530613278571,
        0.5301456822983897,
        4.560956090444756,
        3.0188463320364596,
        0.9160577458098185,
        3.235747064649291,
        0.9544243229027625,
        4.374843308898365,
        2.7958289602338433,
        2.3575823964306513,
        1.9521734019482964,
        4.026268003727545,
        2.1132272993455863,
        0.7231757154786127,
        0.7531020041657553,
        5.933272907039561,
        5.557187919981567,
        4.361886182052587,
        1.7343681624818272,
        6.034218467657481,
        4.864356970200079,
        4.540994594006751,
        2.722322517766746,
        1.7351311759173946,
        0.6890075444282666,
        5.669157725318727,
        2.803998464304144,
        1.2196066803301913,
        2.023023870771138,
        3.5953321797107445,
        1.078789462621744,
        5.370676694052885,
        4.691312650504731,
        4.54761294980237,
        2.6883955701430344,
        3.899220859811717,
        3.588862029151014,
        4.056077877274623,
        0.6762138452487626,
        2.4085690900421888,
        0.2988700316642009,
        3.1109098948646206,
        2.253207403171216,
        1.0333407682323572,
        0.6173664845438608,
        3.786380136996456,
        1.122225391718529,
        5.7571727458668915,
        3.696616113158741,
        2.103644402283534,
        3.7596777429925794,
        0.21895863725661727,
        5.935894837464838,
        3.0533539760703996,
        4.974077007546489,
        0.4934473099348053,
        2.971769105826361,
        3.0220691089456606,
        5.899340148534412,
        3.5708283799772738,
        2.8703569274180345,
        1.7320866144779894,
        1.9889787730466826,
        3.277289457554049,
        2.808181699170452,
        0.25800240878361,
        4.996792690333397,
        5.417819780055463,
        0.8541983472081857,
        3.604719506367607,
        0.7537628356057191,
        4.183752123208972,
        1.6597530614760798,
        4.160845263076359,
        4.594297293394322,
        4.824853347748383,
        0.7369307902407428,
        5.712111028012356,
        1.4265294451006512,
        0.2790326412973454,
        3.428064209543961,
        2.2734627068543216,
        5.334099608279012,
        5.09656155240447,
        1.8735022036844269,
        5.997566480696816,
        1.898712037143863,
        3.324002638003415,
        1.4045496256143772,
        5.938721622739428,
        1.000329800565106,
        0.24746879006950964,
        2.7585435113296524,
        6.473662132087716,
        5.467550692456031,
        4.643983014018708,
        5.697935025935509,
        5.5788049306915415,
        3.132489969314037,
        1.8975312834761724,
        4.945818024506467,
        4.29534842166139,
        2.273837662560656,
        0.6708687811040124,
        4.748518933160023,
        1.6337591121963542,
        6.015417644972647,
        1.4981275866658805,
        0.7402614157341377,
        5.356340953595324,
        0.9646554696132212,
        0.45105764799237574
    ],
    "Cmin, Cmax, frob_norm, shift": [
        0.3369377722287652,
        2246.770729659739,
        249.26698098990568,
        349.59162707225994
    ]
}