{
    "Calculated Minimum Energy [norm, row]": [
        0.0009261917445476416,
        -1.3927799802789416
    ],
    "Corresponding loss function": 0.019673453620234423,
    "Solution for Minimum Energy": [
        1.0,
        -1.0,
        1.0,
        1.0,
        1.0,
        1.0,
        1.0,
        -1.0,
        -1.0,
        1.0,
        -1.0,
        1.0,
        -1.0,
        -1.0,
        1.0,
        1.0,
        1.0,
        1.0,
        1.0,
        -1.0,
        1.0,
        1.0,
        1.0,
        1.0,
        1.0,
        1.0,
        1.0,
        1.0,
        1.0,
        -1.0,
        1.0,
        1.0,
        1.0,
        1.0,
        -1.0,
        1.0,
        1.0,
        1.0,
        1.0,
        1.0,
        1.0,
        1.0,
        1.0,
        1.0,
        1.0,
        1.0,
        1.0,
        1.0,
        -1.0,
        -1.0,
        1.0,
        -1.0,
        -1.0,
        1.0,
        1.0,
        1.0,
        1.0,
        1.0,
        1.0,
        -1.0
    ],
    "Corresponding exp value": [
        0.08489287918670706,
        -0.004904058045468559,
        0.1837487792095506,
        0.016309143404900993,
        0.1542627903040966,
        0.07935186326566586,
        0.014432009964824884,
        -0.3096755053650119,
        -0.14417809504019488,
        0.07638224897330127,
        -0.06682336280755076,
        0.1508989565054203,
        -0.00681805512613233,
        -0.059933472463774035,
        0.00039312208588442206,
        0.12705851886188846,
        0.08461699773570554,
        0.03616757269464743,
        0.12466377877472998,
        -0.19747997027034364,
        0.143266450433788,
        0.08260553188508603,
        0.1358440469455898,
        0.28369370279987016,
        0.3209055350746224,
        -0.003581149075884348,
        0.22174060212098926,
        0.13381506628034454,
        0.019731687878914994,
        -0.1380595735489835,
        0.013724491024156594,
        0.2678691508912731,
        -0.001423292669211148,
        0.24764156352545189,
        -0.005939193464960335,
        0.2478945888353755,
        0.23989535297742737,
        -0.0003385291578609593,
        0.17100415930277124,
        0.24128425653764252,
        0.044773840032248026,
        0.07214656444097949,
        0.243668246265441,
        0.0010870966339712473,
        0.18691560278422792,
        0.2701208715864414,
        -0.0019533321058179775,
        0.17482068329632977,
        -0.003963568246434899,
        -0.34655367423872213,
        0.039840125319288516,
        -0.22743719140029212,
        -0.1027251227163598,
        0.11648521268497257,
        0.12718443039800023,
        0.1720982840135569,
        0.33354146455592687,
        0.033202247637483286,
        0.11302947874425699,
        -0.0946889692645631
    ],
    "Number for Minimum Energy": 584060594391889282,
    "Elapsed Time [seconds]": 5.895004749298096,
    "Elapsed Time [hours, minutes, seconds]": [
        0,
        0,
        5.9
    ],
    "Current function value": -1.2633546621477718,
    "Iterations": 515,
    "Function Evaluations, Estimation": [
        757,
        103709
    ],
    "Gradient Evaluations": 757,
    "Number of Parameters": 136,
    "Minimum Parameters": [
        4.286460117882475,
        4.124252842769018,
        5.710241787768823,
        0.934326506122411,
        3.3802216168804238,
        2.560661539247326,
        2.9837154631818055,
        0.7747440648401737,
        0.5307782505774568,
        1.8172645049149316,
        1.6000372187497731,
        2.811337284171217,
        3.901851564125459,
        4.030111895418576,
        2.5513249904341913,
        2.7777562473449495,
        1.2330664096257278,
        3.6797669293026853,
        2.026862885429537,
        0.3304420629594494,
        2.75589652667992,
        2.935925029089638,
        1.3149780154135216,
        3.4500788396168893,
        3.5048430334750127,
        4.290677867593521,
        3.9705139238425065,
        4.067192833700571,
        1.875900319880112,
        5.064231300738341,
        3.58631128102671,
        2.404587165163952,
        4.0454566069436915,
        1.9658843731352895,
        3.264384476595361,
        4.587596702280148,
        5.655906767070998,
        5.607711563200628,
        3.214006641802061,
        3.3026365126089074,
        5.086857674892119,
        2.1119602381008535,
        5.439728558113588,
        3.2806194399228508,
        0.5738030954984409,
        0.605484651966925,
        5.305251088388748,
        0.2847253214679857,
        1.939850505687278,
        2.217500494009327,
        1.1910980145926575,
        1.9152906563601593,
        4.803978226260697,
        -0.38661091655408764,
        4.516357563980124,
        5.389976001790251,
        3.0233877217492418,
        0.8861493796311376,
        4.2655599988462205,
        0.9108413461904501,
        2.467538426442828,
        6.0036127302595546,
        6.1225687401988935,
        4.908500806052437,
        2.0611364804104784,
        4.290739382445082,
        4.705251571878477,
        2.2892669325605337,
        3.965181927466673,
        0.5020043178572283,
        1.1261823394554913,
        3.127855928889353,
        1.086569836999108,
        1.2055949693235524,
        5.581050206824731,
        6.540654633583859,
        3.14844982450493,
        5.410507013719481,
        6.3140754457327235,
        0.7153238429217764,
        3.058517812844093,
        2.627154511837125,
        0.4143490908084385,
        4.482163444730235,
        2.4565031200659053,
        3.2565304565506623,
        0.751746693963527,
        1.3631255501155828,
        5.873080968294681,
        0.6295672214969631,
        1.46406023019038,
        1.7990654091981289,
        2.9238538342588813,
        3.854655653290122,
        2.7734954481160754,
        0.561085188704823,
        1.2716397440973215,
        5.32436595641257,
        3.6856630402298123,
        4.076498725718544,
        4.148885460386253,
        4.681689892673592,
        0.5711817834309094,
        2.5634709693302677,
        3.4919866302081104,
        2.06051316529171,
        4.925112423767326,
        3.1516175527646038,
        4.865993658474754,
        5.118723832398307,
        3.6257236651864324,
        5.909242059278343,
        4.042031298887613,
        5.334895873312775,
        1.8658245483242948,
        3.2908913564512154,
        3.4413074247880093,
        0.47852482857014617,
        2.431682785784615,
        5.891536839644983,
        4.270978571935109,
        1.303266382453526,
        2.1585574007539505,
        1.1384467935994464,
        0.19642684863727572,
        5.767917427661763,
        2.7975976382978365,
        2.087314512599078,
        3.7371575571280182,
        -0.21728919189069806,
        2.244905092177818,
        4.66434952729603,
        3.857898325919749,
        6.048293935373313,
        3.978572324192955,
        0.23529005103146097
    ],
    "Cmin, Cmax, frob_norm, shift": [
        0.3369377722287652,
        2246.770729659739,
        249.26698098990568,
        349.59162707225994
    ]
}