{
    "Calculated Minimum Energy [norm, row]": [
        0.00030904079033051106,
        -1.3983418431167038
    ],
    "Corresponding loss function": -0.010665416301738612,
    "Solution for Minimum Energy": [
        1.0,
        -1.0,
        1.0,
        1.0,
        1.0,
        1.0,
        1.0,
        -1.0,
        1.0,
        1.0,
        1.0,
        1.0,
        -1.0,
        1.0,
        1.0,
        -1.0,
        -1.0,
        1.0,
        1.0,
        -1.0,
        -1.0,
        -1.0,
        -1.0,
        1.0,
        1.0,
        -1.0,
        1.0,
        1.0,
        1.0,
        1.0,
        1.0,
        -1.0,
        1.0,
        1.0,
        1.0,
        1.0,
        1.0,
        -1.0,
        1.0,
        1.0,
        1.0,
        1.0,
        1.0,
        1.0,
        1.0,
        1.0,
        1.0,
        -1.0,
        1.0,
        1.0,
        1.0,
        1.0,
        1.0,
        1.0,
        1.0,
        1.0,
        1.0,
        1.0,
        1.0,
        1.0
    ],
    "Corresponding exp value": [
        0.1769677341458869,
        -0.16367156667035404,
        0.14569805336984182,
        0.2889263476535868,
        0.19777240166537058,
        0.26917594367564984,
        0.13449955100660485,
        -0.1414735195536692,
        0.30151747823873104,
        0.15772541299953852,
        0.23948080838014268,
        0.11590787563968064,
        -0.19285134844671487,
        0.19181318546641862,
        0.18038701982557415,
        -0.19433919469498057,
        -0.20048611691789553,
        0.19015215220682674,
        0.18519930725126077,
        -0.22512948757693274,
        -0.30427501138841284,
        -0.2336194611029976,
        -0.2334259662055445,
        0.1950381970977095,
        0.13594516225023254,
        -0.1367082567846571,
        0.1638077511474118,
        0.16967440650448515,
        0.14640320921261318,
        0.18179290922553895,
        0.17475011582783379,
        -0.12910574879085596,
        0.18425097928982578,
        0.24881728976097967,
        0.18063226948118005,
        0.14939016997996918,
        0.1639403979308512,
        -0.1898003517381113,
        0.14503042216123652,
        0.13045615404514238,
        0.13722829973031916,
        0.13551729676371183,
        0.1437312306712252,
        0.13198889261874472,
        0.24857286903970705,
        0.14814474375734135,
        0.24153674021633936,
        -0.221866983556248,
        0.13682996886037593,
        -0.07460769837057514,
        0.22748354607026755,
        -0.0722364910884421,
        0.16901088899702946,
        0.23204652014270868,
        0.36767682056667894,
        0.19837240572129436,
        0.23654307105323194,
        0.14063355225090077,
        0.25378725786734985,
        0.1859693231849137
    ],
    "Number for Minimum Energy": 140877116313730,
    "Elapsed Time [seconds]": 1.4128947257995605,
    "Elapsed Time [hours, minutes, seconds]": [
        0,
        0,
        1.41
    ],
    "Current function value": -1.4981724277035782,
    "Iterations": 562,
    "Function Evaluations, Estimation": [
        567,
        77679
    ],
    "Gradient Evaluations": 567,
    "Number of Parameters": 136,
    "Minimum Parameters": [
        4.511749143156109,
        1.399483117218378,
        4.6915209606855255,
        5.660994595485674,
        1.0767745521653844,
        4.5674989026330595,
        0.5019606437114547,
        4.139171102696964,
        0.4053843490910166,
        5.992558061470219,
        1.0397595598833818,
        6.1092554073286625,
        5.058664764436288,
        3.47143725615754,
        5.069149835337098,
        4.839770879847768,
        5.2592595594321585,
        1.9783377247859324,
        4.033398416649672,
        0.4336237826701016,
        4.051879016191839,
        0.9936040866185745,
        3.796380705945235,
        3.5491699962531826,
        2.6224458450691737,
        2.9227558034819183,
        5.232897335682694,
        4.6678996993617705,
        3.3102149779209293,
        3.543346250629221,
        6.033051122306878,
        0.8018717427327356,
        1.0455291670972238,
        0.7427284661509946,
        4.105114209735039,
        2.4096885143419557,
        4.592808981066732,
        4.3080741354547705,
        2.0531850076116833,
        5.3687268358799995,
        4.4501807843547665,
        1.7367617005328715,
        2.308440864207943,
        2.2148860895303466,
        1.0245915606618357,
        0.7197008125334385,
        5.623171401948287,
        2.709530267091237,
        2.508157261802401,
        4.567045648024866,
        3.7795102384736117,
        5.572216512148771,
        5.230112449762548,
        3.2060941920232158,
        2.4842314659985143,
        6.429931242479002,
        4.185035159055907,
        5.668276165744075,
        0.9256755439706493,
        5.24225433942818,
        3.518624529528171,
        0.18015698170765596,
        3.8224974469495194,
        4.076885278921835,
        0.08639607671677496,
        2.83336913950762,
        4.956548008110784,
        1.7577311292181497,
        3.6684334751445125,
        2.6014397770373683,
        1.7125865829430245,
        5.371347544617162,
        4.928753980951848,
        0.932922142473266,
        6.130791071760765,
        4.9961032961925635,
        1.8309216256439764,
        5.784661095890927,
        0.3116650633730443,
        6.4973142066111995,
        4.074452484448986,
        3.858765959846406,
        0.7045482924813689,
        5.426458718760615,
        -0.11841861558563108,
        1.275160674959385,
        0.817385341878348,
        5.239232253762799,
        1.3718732589329359,
        5.5795708081595405,
        4.225373404900616,
        0.031587273374212306,
        0.031995871486238274,
        0.5891119912668822,
        4.213212576105585,
        5.81240310146829,
        1.0239501351361588,
        4.828818572926636,
        -0.0075201438733738975,
        5.335743337032212,
        5.348314388746436,
        4.860966088131649,
        4.14257879850477,
        5.114075826686181,
        -0.012867178527680745,
        0.5482400081382401,
        0.2867388756947629,
        3.2702479729463563,
        5.043377158215235,
        4.162126938758639,
        5.671214012318971,
        0.946934427620377,
        4.683134273455883,
        0.32464048877085916,
        1.8637106363077574,
        4.889977920240594,
        6.284716598659103,
        4.026676336211975,
        0.6559481823722587,
        3.973269321556021,
        0.3787273114394031,
        5.416003835428007,
        4.508046893654058,
        1.090562080169029,
        0.7936033906147028,
        0.5949755731471487,
        6.281695813591458,
        2.8890257259327594,
        4.9593470910743935,
        3.986473887170937,
        3.9621662380896696,
        0.9218579045684694,
        6.168822697459347,
        1.9769059842258363,
        3.9490226218550633,
        1.915459356800655
    ],
    "Cmin, Cmax, frob_norm, shift": [
        0.3369377722287652,
        2246.770729659739,
        249.26698098990568,
        349.59162707225994
    ]
}