{
    "Calculated Minimum Energy [norm, row]": [
        0.02064416410690242,
        -1.215078468243974
    ],
    "Corresponding loss function": 0.006299412413419044,
    "Solution for Minimum Energy": [
        1.0,
        1.0,
        1.0,
        1.0,
        1.0,
        1.0,
        1.0,
        1.0,
        1.0,
        1.0,
        1.0,
        1.0,
        1.0,
        1.0,
        1.0,
        1.0,
        1.0,
        1.0,
        -1.0,
        1.0,
        1.0,
        1.0,
        1.0,
        1.0,
        1.0,
        1.0,
        1.0,
        1.0,
        1.0,
        1.0,
        1.0,
        1.0,
        1.0,
        1.0,
        1.0,
        -1.0,
        1.0,
        1.0,
        1.0,
        1.0,
        1.0,
        -1.0,
        1.0,
        1.0,
        1.0,
        1.0,
        1.0,
        1.0,
        1.0,
        1.0,
        1.0,
        1.0,
        1.0,
        1.0,
        1.0,
        1.0,
        1.0,
        -1.0,
        1.0,
        1.0
    ],
    "Corresponding exp value": [
        -0.07728516402779537,
        -0.030486548702057827,
        0.0822747344272022,
        0.17960720293883195,
        0.08924061627532591,
        -0.004882617803845813,
        0.030010812646544986,
        -0.07776104685410218,
        0.00667902023641587,
        -0.06851002801276042,
        0.4608047980917239,
        -0.019887764386389565,
        0.07565921288716858,
        -0.005370511566631498,
        -0.11982097789398491,
        0.012547685877078354,
        0.014444848069850056,
        -0.006845266048929544,
        -0.31701275211243085,
        -0.02990671461655783,
        0.12212754141898997,
        -0.040778701898068176,
        0.24011934729966133,
        -0.09855866826251986,
        0.042188485805355426,
        -0.006135009543898003,
        -0.05209561632842257,
        0.06254556647480679,
        0.11168004182044837,
        0.24582551721889,
        0.0027622843373339943,
        0.03630287826314817,
        -0.06948324267963395,
        0.1995669973244917,
        -0.06439880986778519,
        -0.2269414242720423,
        -0.04069677983783692,
        0.03264787166292575,
        0.33659928376470566,
        0.03988728686111423,
        -0.0320812773129798,
        -0.6881153345910482,
        -0.21024808263119313,
        -0.054925053966044184,
        -0.10918293634573731,
        0.04396075432755631,
        -0.06622203220784774,
        0.3687038528801218,
        -0.038640965585471344,
        -0.05059337395249963,
        -0.09159575458913838,
        -0.014281904066915867,
        0.05008413806097689,
        -0.03135620105389127,
        -0.02388113908962725,
        0.14667948623634924,
        0.12641948147202475,
        -0.2219138718397001,
        -0.05210192996004715,
        -0.09664925064661446
    ],
    "Number for Minimum Energy": 144117421459111936,
    "Elapsed Time [seconds]": 1.9353806972503662,
    "Elapsed Time [hours, minutes, seconds]": [
        0,
        0,
        1.94
    ],
    "Current function value": -1.3536427129674644,
    "Iterations": 819,
    "Function Evaluations, Estimation": [
        821,
        112477
    ],
    "Gradient Evaluations": 821,
    "Number of Parameters": 136,
    "Minimum Parameters": [
        1.0965729082952518,
        3.877229265208549,
        5.3367910051911,
        1.2782602613929746,
        2.205509362042713,
        4.79680045543698,
        6.091043086563968,
        3.135305066072816,
        0.8242422372954155,
        -0.13371868871390635,
        1.220329592221458,
        0.8852581963234627,
        4.328659683598818,
        0.4983540023795058,
        3.270345699944876,
        4.40546931979433,
        3.72585494675955,
        1.2130062865811868,
        5.057064510757524,
        4.3011190062368385,
        4.970257727617519,
        0.7290675685848679,
        0.8511717373611073,
        5.623920443342823,
        2.2560468466532035,
        1.959007623368375,
        3.1721472211030806,
        4.338698260839815,
        5.987471813653828,
        1.6155612285379002,
        5.730298320694227,
        0.07467557116826082,
        3.3850049892498815,
        3.925938117268564,
        0.7169676402269003,
        0.8077870003485784,
        2.5574753580857528,
        6.0009928864240285,
        3.862733478701403,
        5.972333214524497,
        5.124468239458854,
        3.0013237240156467,
        4.895739593182183,
        -0.0074465495842065375,
        0.6094499224954538,
        5.368390744236723,
        5.052754445630978,
        1.4216244683713577,
        3.2649071198151236,
        3.792845433839476,
        5.289961164322941,
        3.7899863434067376,
        2.634108087721357,
        2.2398783686338932,
        2.660729912183802,
        4.1413958781669065,
        5.544702572210378,
        2.8262575447448937,
        1.4767528964636993,
        1.4225821671572576,
        4.688170273814532,
        5.303129933633767,
        0.7444039743232506,
        0.4321594392918835,
        3.732123064729194,
        0.9569131164166521,
        5.198870157649592,
        1.817242630685559,
        0.7191186028578961,
        5.9000370468620735,
        0.9185010987307132,
        1.740551208982075,
        0.7132651321916912,
        1.1018089950021737,
        0.1056540203423039,
        0.5684482199951627,
        1.2026108728934461,
        0.3772458807907887,
        3.5893777215263865,
        4.29954417973834,
        2.710781437138656,
        2.1401126130655226,
        3.152420852041494,
        5.483994349798355,
        5.579633692981525,
        0.06545352771889151,
        1.0642976990854907,
        1.671081876210878,
        1.4635704875768882,
        3.7713165478953297,
        2.669341038821649,
        0.2180362944181361,
        2.3231433429391144,
        3.3262841945285637,
        0.634382182071828,
        5.07007805536489,
        0.4357625451270082,
        5.8168221359890175,
        0.6199224000135632,
        5.250183949106514,
        5.276322253344845,
        5.876263709235584,
        4.961639806551148,
        4.741324634328682,
        4.164576934885873,
        5.097544131026787,
        0.8641557857699271,
        3.214353560739846,
        2.9299522067943626,
        5.413827530955127,
        2.947136849384451,
        2.214717324482293,
        3.7954043801751243,
        1.8993228183547626,
        0.7484804230857378,
        3.0885934864628517,
        2.508071313004398,
        1.439203704965126,
        2.2167125694356895,
        2.31322632942566,
        2.0850510491540595,
        2.2951530517404315,
        4.3693591009434565,
        1.8134750709051664,
        5.953005824924999,
        5.878036110382383,
        3.1301783901553852,
        1.9225775359191206,
        3.1059306335079246,
        5.347077330806093,
        4.144771152677964,
        5.022230550619944,
        3.595050506566316,
        4.132427110475767,
        1.8763210291827968,
        0.6530178651181764
    ],
    "Cmin, Cmax, frob_norm, shift": [
        0.3369377722287652,
        2246.770729659739,
        249.26698098990568,
        349.59162707225994
    ]
}