{
    "Calculated Minimum Energy [norm, row]": [
        0.00044121288056901963,
        -1.3971506871574306
    ],
    "Corresponding loss function": 0.012065523997166542,
    "Solution for Minimum Energy": [
        1.0,
        -1.0,
        1.0,
        -1.0,
        1.0,
        1.0,
        1.0,
        1.0,
        1.0,
        1.0,
        1.0,
        1.0,
        -1.0,
        1.0,
        1.0,
        1.0,
        1.0,
        -1.0,
        1.0,
        1.0,
        -1.0,
        -1.0,
        1.0,
        -1.0,
        1.0,
        -1.0,
        1.0,
        1.0,
        1.0,
        1.0,
        1.0,
        -1.0,
        1.0,
        1.0,
        1.0,
        1.0,
        -1.0,
        1.0,
        1.0,
        1.0,
        1.0,
        1.0,
        1.0,
        -1.0,
        1.0,
        -1.0,
        1.0,
        -1.0,
        -1.0,
        -1.0,
        1.0,
        1.0,
        1.0,
        -1.0,
        1.0,
        1.0,
        1.0,
        1.0,
        1.0,
        -1.0
    ],
    "Corresponding exp value": [
        0.06913477922621784,
        -0.02156508522068029,
        0.07647572172311441,
        -0.029923361457056097,
        0.2745086918563062,
        -0.006631499477597953,
        0.017688670057267,
        -0.007390779029022701,
        -0.014062576229602552,
        -0.006447957205008341,
        0.27787195320823654,
        -0.008342126639789699,
        -0.31719974813827034,
        0.14632434551311585,
        -0.013278524457272659,
        0.0042930080590449365,
        -0.009494573005935243,
        -0.01751312729094341,
        -0.0057362064920844225,
        -0.01084969677782602,
        -0.18002130499578997,
        -0.15481218136933342,
        0.2067055556996634,
        -0.0204437396681304,
        0.00046973992687181394,
        -0.031029508395406705,
        -0.004720725422204528,
        0.09590275034864956,
        0.1206483254435291,
        0.13992357276470307,
        0.15946047931743962,
        -0.0173586215552545,
        0.15169689922230598,
        0.17431522297293997,
        0.07163617377301805,
        0.10196784553141507,
        -0.023434337168300942,
        -0.006354757256331908,
        0.15080196128781573,
        0.08484999422764494,
        0.05149433654993383,
        0.3036693935747138,
        0.0023479229914001726,
        -0.016166763393572276,
        0.002196537151546815,
        -0.01852523161192296,
        -0.007887136088351836,
        -0.24686287330362497,
        -0.01823969485374783,
        -0.020111796883573077,
        -0.0057240789956855415,
        -0.00898927867071837,
        -0.014152987835438412,
        -0.018588157726948128,
        0.000723484305860314,
        0.11083892521549078,
        0.14255862129391403,
        0.1690138343561719,
        0.21977431810434467,
        -0.018629440346423415
    ],
    "Number for Minimum Energy": 586497165353947146,
    "Elapsed Time [seconds]": 4.9930198192596436,
    "Elapsed Time [hours, minutes, seconds]": [
        0,
        0,
        4.99
    ],
    "Current function value": -1.323634749320725,
    "Iterations": 539,
    "Function Evaluations, Estimation": [
        604,
        82748
    ],
    "Gradient Evaluations": 604,
    "Number of Parameters": 136,
    "Minimum Parameters": [
        4.638648939854509,
        1.035955939322964,
        4.37805416181772,
        5.365121742911044,
        0.6869917114866809,
        3.9598149921746026,
        0.5424840417332245,
        4.573067267876194,
        0.8171085404650528,
        5.960960050080867,
        1.0468800351678746,
        5.936999507096546,
        4.947272540627068,
        3.659611546007586,
        4.9881098179323615,
        4.828548826954445,
        5.749231726221969,
        1.4987832903767389,
        3.7063771264837113,
        0.7049784392954266,
        3.987408567560382,
        1.279275380643011,
        3.651445033935736,
        3.6913281007626852,
        2.849229259465778,
        3.16437947401452,
        4.753494089597005,
        4.853719527724981,
        2.9577451974047784,
        3.546169401536722,
        6.122917715464184,
        0.8642855808080533,
        0.6877456113803349,
        0.39978411812771597,
        4.340663021718207,
        2.457225726209375,
        4.645920658795373,
        4.229185944491617,
        2.0801902071660474,
        5.293103954037319,
        4.695809221247203,
        1.4826211734816053,
        2.0988606101752225,
        1.9932848283648177,
        1.3456857602974712,
        0.9101612950718967,
        5.67112916645444,
        2.8432647595522478,
        2.686206484766706,
        4.444093770285585,
        3.4697677670976024,
        5.7443091695044135,
        4.751036096227927,
        3.0250078020653097,
        2.3078596553034156,
        6.166638191680908,
        4.5979196660477335,
        5.934573374649179,
        0.5924381330039553,
        5.1028012311959765,
        3.9928225923251732,
        0.48677822404488597,
        3.9023922753295714,
        4.459885173570003,
        0.007925326432436538,
        2.8271355942735483,
        5.097274757163672,
        1.765073553510459,
        2.6768164421645224,
        2.6075618042225868,
        1.7821405139902722,
        5.463642633843635,
        5.128481413715764,
        0.3936115984667316,
        6.320578211148354,
        5.219033361980702,
        1.6760936541372837,
        5.386871648553205,
        0.5528735060793409,
        6.453371963397019,
        4.184897997054256,
        4.044435384249119,
        0.6203676471773603,
        5.557343205613538,
        0.2281393035712077,
        1.375594357173851,
        0.7467854878441731,
        4.8484137163609935,
        1.0497925961553367,
        5.722852105172963,
        4.238994026272062,
        -0.04028346228982768,
        0.006963338337713187,
        0.2871622570124284,
        3.872196619311296,
        5.270855442002456,
        1.5344249237601417,
        5.48463097549027,
        0.2669058810985797,
        5.1072748825457905,
        5.473453929727082,
        4.9884428112034085,
        4.2967171109470845,
        5.221091419330419,
        0.1344080761260638,
        0.9430558364164066,
        0.6164914212944907,
        3.264879517784416,
        4.337896653327661,
        3.934935384531437,
        5.317158646248002,
        0.9997611728048885,
        4.769184158801863,
        1.142334671653395,
        1.6277359860823861,
        4.321726048381325,
        6.146613788266044,
        3.9691583676761213,
        0.29021465297961185,
        3.8300542238839834,
        0.17745953332243156,
        5.474998153054829,
        4.480681461187085,
        1.2072548542249872,
        0.41137719431781855,
        1.1381570938919245,
        6.146484803060213,
        2.6438848459896396,
        4.756148032920302,
        4.0454506753639095,
        3.5283979690925467,
        0.8542007171014334,
        6.032723206918471,
        1.5565893386499663,
        3.8604657277727776,
        0.37667387502829
    ],
    "Cmin, Cmax, frob_norm, shift": [
        0.3369377722287652,
        2246.770729659739,
        249.26698098990568,
        349.59162707225994
    ]
}