{
    "Calculated Minimum Energy [norm, row]": [
        0.011038050639591025,
        -1.3016502950297602
    ],
    "Corresponding loss function": 0.008702111276953521,
    "Solution for Minimum Energy": [
        1.0,
        1.0,
        1.0,
        1.0,
        -1.0,
        1.0,
        1.0,
        -1.0,
        1.0,
        1.0,
        1.0,
        1.0,
        1.0,
        1.0,
        -1.0,
        1.0,
        1.0,
        -1.0,
        -1.0,
        1.0,
        -1.0,
        -1.0,
        1.0,
        1.0,
        -1.0,
        1.0,
        1.0,
        1.0,
        1.0,
        1.0,
        1.0,
        1.0,
        -1.0,
        -1.0,
        1.0,
        1.0,
        1.0,
        1.0,
        1.0,
        1.0,
        -1.0,
        -1.0,
        -1.0,
        1.0,
        1.0,
        -1.0,
        1.0,
        1.0,
        1.0,
        1.0,
        1.0,
        -1.0,
        1.0,
        1.0,
        -1.0,
        -1.0,
        1.0,
        1.0,
        1.0,
        -1.0
    ],
    "Corresponding exp value": [
        0.012805656383689568,
        0.11408217356803002,
        -0.04508486860125997,
        0.32891519413734394,
        -0.08108866806760473,
        0.2529039258285873,
        0.23961091855056163,
        -0.08832528775783821,
        0.2756072896999838,
        -0.04370865131682071,
        0.32867606810093286,
        0.11353140829429838,
        0.07061847592326881,
        -0.020961969426077223,
        -0.10454647487261842,
        0.06603207991730847,
        0.2336124779055721,
        -0.058202980523340025,
        -0.3022009968343087,
        0.04866871239300519,
        -0.0830601352732028,
        -0.06853909561890256,
        0.11532957771644725,
        0.028042156137617968,
        -0.1423099147801932,
        0.043292673260345915,
        0.14150335139975664,
        0.05183971620926097,
        0.15457116851168917,
        0.2183684557590187,
        0.06923156685208437,
        0.027525586117803785,
        -0.08167967443982589,
        -0.06815212352579006,
        0.10375535472921171,
        -0.013025226708877707,
        0.07166267114284203,
        0.10366745726437729,
        0.15237511635884085,
        0.27046636861880885,
        -0.12214769431422313,
        -0.05633221297201589,
        -0.11946650940563716,
        0.04019631480005639,
        0.003065285020677887,
        -0.133104272954409,
        0.043195209605062714,
        0.20675204031965172,
        -0.0009001348490777529,
        0.08726423665491542,
        0.043110356346764994,
        -0.05469963531691985,
        0.0830871030419303,
        -0.034806415842842116,
        -0.17669943962350432,
        -0.12186355742579338,
        0.3284687271626151,
        0.05365093514920948,
        0.18672040330431758,
        -0.24249117907682027
    ],
    "Number for Minimum Energy": 632798641504272528,
    "Elapsed Time [seconds]": 0.2525441646575928,
    "Elapsed Time [hours, minutes, seconds]": [
        0,
        0,
        0.25
    ],
    "Current function value": -1.340217182978119,
    "Iterations": 2,
    "Function Evaluations, Estimation": [
        70,
        7946
    ],
    "Gradient Evaluations": 58,
    "Number of Parameters": 136,
    "Minimum Parameters": [
        1.1463461116792484,
        3.83178044407196,
        5.522727804546363,
        1.1770058281377014,
        1.9330208780887796,
        4.712264336623299,
        6.073192562655424,
        3.1521097903359556,
        0.8181925732107816,
        0.05027011222524233,
        1.458747747456009,
        0.8601692273576358,
        4.2987106140639675,
        0.6472948483319462,
        3.240288410014713,
        4.359494204407931,
        3.7238008752026466,
        1.1346575030087205,
        4.988569266560871,
        4.448966168638368,
        4.750661417241297,
        0.6404327276795481,
        0.6532945846298955,
        5.624788166034274,
        2.466507265311874,
        1.9374682484814416,
        3.05168608318105,
        4.216420630152539,
        5.88954186400642,
        1.8121765003750967,
        5.7637261704765335,
        0.0587602569508619,
        3.308410588766753,
        3.9176261001527073,
        0.6645278411805245,
        0.743893232672747,
        2.601298623550545,
        5.992661749831433,
        3.766297527631439,
        5.804920164756111,
        5.07495055565961,
        2.9734623160288143,
        5.0069797015262365,
        0.06180061829068658,
        0.7346838231554199,
        5.261497554002741,
        5.008942509354903,
        1.5652891413906718,
        3.49365348658014,
        3.7745795330535854,
        5.2538885346032025,
        3.746406824496954,
        2.5701663478307233,
        2.2893728378649323,
        2.652809963140342,
        4.218573408727432,
        5.46787506685335,
        2.8533790998420208,
        1.4777953094313634,
        1.481372482828055,
        4.706241541719724,
        5.083581214299607,
        0.5830281670843824,
        0.40894680567953906,
        3.8300252489410513,
        0.9198497971634039,
        5.139683825081912,
        1.9770271191329167,
        0.7759911629079628,
        5.764692662741023,
        0.9272050806654336,
        1.7203770722284766,
        0.9742469890511717,
        0.762942869129921,
        0.0074076876478339215,
        0.5109600574651616,
        1.0338618125606882,
        0.36124632588829475,
        3.736419724357304,
        4.468359619843507,
        2.5334315149820954,
        2.110447466238087,
        3.1482805480766176,
        5.514965934493782,
        5.444545970936086,
        0.0859583087657255,
        1.1374023684382486,
        1.3924545309760943,
        1.528561332534276,
        3.540926524055261,
        2.6065088630108564,
        0.3125247229752414,
        2.339800381893288,
        3.289605452379414,
        0.6379676753797985,
        5.2992722831375,
        0.3540174089011767,
        5.79249192896369,
        0.5491345387609886,
        5.364108833000227,
        5.655076699809438,
        5.951622201748316,
        5.0346231728491055,
        4.916092779511672,
        4.093465887965886,
        4.930169462625129,
        0.7960694878711356,
        3.2899341306854737,
        3.3664472129198493,
        5.409137943839555,
        2.8723490954551454,
        2.317473521993292,
        3.90188970754408,
        1.5847994184275145,
        0.7244410099054515,
        3.0234446527331302,
        2.5562440066081162,
        1.478041266019044,
        2.290265474002985,
        2.2991030082304316,
        2.0546779479905086,
        2.31360538639208,
        4.3727922306610125,
        1.8868530261640413,
        5.931026711223872,
        5.732090776824599,
        3.026384681975237,
        2.1096886103428623,
        3.208670829732499,
        5.333330165197501,
        4.142907053021532,
        5.010870556466214,
        3.3578307659343576,
        4.00262644638829,
        1.7666850383522754,
        0.44380320263259376
    ],
    "Cmin, Cmax, frob_norm, shift": [
        0.3369377722287652,
        2246.770729659739,
        249.26698098990568,
        349.59162707225994
    ]
}