{
    "Calculated Minimum Energy [norm, row]": [
        0.0008548683220963438,
        -1.3934227583384797
    ],
    "Corresponding loss function": 0.015022993886294302,
    "Solution for Minimum Energy": [
        -1.0,
        1.0,
        1.0,
        -1.0,
        1.0,
        -1.0,
        -1.0,
        1.0,
        -1.0,
        1.0,
        -1.0,
        1.0,
        1.0,
        -1.0,
        1.0,
        1.0,
        1.0,
        1.0,
        1.0,
        1.0,
        1.0,
        -1.0,
        1.0,
        -1.0,
        1.0,
        1.0,
        -1.0,
        1.0,
        1.0,
        1.0,
        1.0,
        1.0,
        1.0,
        1.0,
        1.0,
        1.0,
        -1.0,
        -1.0,
        1.0,
        1.0,
        1.0,
        1.0,
        1.0,
        1.0,
        1.0,
        1.0,
        -1.0,
        1.0,
        1.0,
        1.0,
        1.0,
        1.0,
        1.0,
        1.0,
        1.0,
        1.0,
        1.0,
        1.0,
        1.0,
        1.0
    ],
    "Corresponding exp value": [
        -0.01487164151943534,
        -0.013411498234871193,
        -0.01407119106241942,
        -0.01766283507821583,
        0.05712847577848337,
        -0.014774960392594925,
        -0.0233251859738557,
        -0.012700577625528835,
        -0.1548359777832425,
        0.01609917209426043,
        -0.15201621707775356,
        0.20687360933346075,
        0.039067969276199016,
        -0.015572804729120138,
        -0.012068205940242927,
        -0.012434868767573552,
        0.25847539852410834,
        0.014936971283322411,
        0.1624477125339629,
        -0.01294608134144221,
        0.09746669885312775,
        -0.015348551394271959,
        0.06423997010359983,
        -0.015639865381072305,
        -0.010649866489670132,
        -0.014456615833777033,
        -0.015659605262328388,
        0.057365872226766645,
        0.04696057683167023,
        0.09890412612941513,
        0.12058443419811632,
        -0.009944940059687574,
        -0.014230842128179275,
        0.14786519072599175,
        0.19085860201023905,
        0.03477156410459323,
        -0.01556523460495264,
        -0.014995122479254452,
        0.14644495080869827,
        0.0219881790064457,
        -0.0010753747343652635,
        0.11830921782426501,
        0.06736534844298733,
        0.16780549226151914,
        0.11669541103845027,
        -0.01353303875632229,
        -0.01706515559578906,
        0.11260081057068055,
        0.18946442283086395,
        0.1877605804795904,
        -0.012979284409183963,
        0.06117616175402143,
        0.17641356186193954,
        0.1570299477647204,
        0.16985071120615208,
        0.06120602104275862,
        0.06529431064859448,
        0.2139788197983291,
        0.05321661171092361,
        -0.013662003280532381
    ],
    "Number for Minimum Energy": 70574980212073,
    "Elapsed Time [seconds]": 1.7915668487548828,
    "Elapsed Time [hours, minutes, seconds]": [
        0,
        0,
        1.79
    ],
    "Current function value": -1.309582255067211,
    "Iterations": 531,
    "Function Evaluations, Estimation": [
        693,
        94941
    ],
    "Gradient Evaluations": 693,
    "Number of Parameters": 136,
    "Minimum Parameters": [
        4.057825533831547,
        3.99593881002746,
        5.69576514622776,
        0.9175964713439044,
        3.7208726969490757,
        2.5792162478212997,
        2.954182708690724,
        0.7688118737145642,
        0.4371969895984455,
        1.8872860866492716,
        1.5333176997478284,
        2.675535627582459,
        3.9158411165623725,
        4.187327679550009,
        2.740204885955966,
        2.6611112750446884,
        1.4717740986965284,
        3.722140618288221,
        2.0470286655363994,
        0.29979291661381363,
        2.4689889926032516,
        2.910591059572524,
        1.3123395209866044,
        3.559377493935611,
        3.4704967754228084,
        4.443360544947782,
        3.9199416213544787,
        4.429590784353643,
        1.9004994867837135,
        4.800279385425133,
        3.511174252238204,
        2.706552736122477,
        3.7451896723558846,
        1.8543615730483762,
        3.6932275506101773,
        4.6712142055854295,
        5.7082924022761965,
        5.796961657767647,
        3.1488870085074874,
        3.499803143713839,
        5.223767317586187,
        1.9468647922762172,
        5.13488269674278,
        2.952400903341549,
        0.40445834406979875,
        0.788651167115617,
        4.967020789599409,
        0.14533862597523753,
        1.947340479149753,
        2.1299689409010765,
        0.959306268672627,
        2.021632370474066,
        4.896142115882364,
        -0.28055266278424174,
        4.977580233569295,
        5.27887343029926,
        2.179285078895543,
        0.8770517352414701,
        4.416312562211982,
        0.9436199213138833,
        2.7201370341428195,
        5.81780185314435,
        5.873449302552133,
        4.930927295200304,
        2.0061580185104084,
        4.379365388113634,
        5.174249371521813,
        2.3235413247776218,
        4.020956618629227,
        0.4845546152186332,
        1.265558115620567,
        3.320758624060681,
        1.1040872629899976,
        1.2676885861678318,
        6.19229219491513,
        6.286891836261383,
        3.5995247178524794,
        5.411934638752176,
        6.408501438855165,
        1.0489894130531112,
        3.071956640894495,
        2.5010614824292983,
        0.5484207651187574,
        4.576805023321925,
        2.7212136886287843,
        2.921677816214695,
        0.7469829716205799,
        0.9221403731250849,
        6.190181397621428,
        0.510886042133567,
        1.6536287929053561,
        1.951083673305254,
        3.0607167293517263,
        3.6413605034895244,
        3.082220306482474,
        0.27060852947666686,
        1.1336640486990264,
        5.281824345537575,
        3.8922503303244618,
        4.431462227812975,
        4.1042394096402655,
        4.523795595823945,
        0.7742892520334914,
        2.2068743817360374,
        3.7979172481940933,
        1.9071465431026025,
        5.499833632186474,
        3.3427558853644976,
        5.011952807051342,
        5.163920247887648,
        3.4146262091526367,
        5.7093732081497075,
        3.375692396993086,
        5.244566710520548,
        1.4391687608419717,
        3.4047097637270736,
        3.1649414506610096,
        0.5000752057406656,
        2.1526749188045673,
        5.597014389443437,
        4.569843148288566,
        1.552446829357103,
        2.5298499594553743,
        1.3304007778957394,
        0.4679125468495377,
        5.569249031224983,
        2.9308351743549577,
        1.8944340620209015,
        3.083680667073993,
        -0.12394055095454193,
        1.9604922885358576,
        4.791328485979445,
        3.7718715389488513,
        5.464413659954725,
        3.9180371721305893,
        0.6074862821005225
    ],
    "Cmin, Cmax, frob_norm, shift": [
        0.3369377722287652,
        2246.770729659739,
        249.26698098990568,
        349.59162707225994
    ]
}