{
    "Calculated Minimum Energy [norm, row]": [
        0.0015050270449406536,
        -1.3875634242249615
    ],
    "Corresponding loss function": 0.010670530545986587,
    "Solution for Minimum Energy": [
        1.0,
        -1.0,
        1.0,
        1.0,
        1.0,
        1.0,
        1.0,
        -1.0,
        -1.0,
        1.0,
        -1.0,
        1.0,
        1.0,
        -1.0,
        1.0,
        -1.0,
        -1.0,
        1.0,
        -1.0,
        1.0,
        1.0,
        1.0,
        1.0,
        1.0,
        1.0,
        1.0,
        1.0,
        1.0,
        1.0,
        1.0,
        1.0,
        1.0,
        1.0,
        1.0,
        1.0,
        1.0,
        1.0,
        1.0,
        1.0,
        1.0,
        -1.0,
        1.0,
        1.0,
        1.0,
        1.0,
        1.0,
        -1.0,
        1.0,
        1.0,
        1.0,
        1.0,
        1.0,
        1.0,
        -1.0,
        -1.0,
        -1.0,
        1.0,
        1.0,
        1.0,
        1.0
    ],
    "Corresponding exp value": [
        0.096774192861518,
        -0.00776312497171097,
        0.10797813849714781,
        0.11959604492388266,
        0.12279231287524617,
        0.10728765995581906,
        0.08132871297074433,
        -0.00987195186545428,
        -0.008841199744363008,
        0.10890782308459764,
        -0.10148467893603334,
        0.003381939827619739,
        0.17397810754411727,
        -0.00828959620909064,
        0.24661590775145373,
        -0.1450046638305784,
        -0.012468075752599766,
        0.005337355065411923,
        -0.24034235393976408,
        0.2788332116688623,
        0.13020573135145785,
        0.08214140924031219,
        0.20635317725427185,
        0.07658677583745138,
        0.16216594036423335,
        0.07093476629125435,
        0.09246058610552603,
        0.08417090251079112,
        0.06374576338334664,
        0.07903106698559739,
        0.20359973319435232,
        0.16698455693421319,
        0.23133288040737798,
        0.10393207111842707,
        0.101221859265655,
        0.14548131657371452,
        0.10453592935309892,
        -0.0015869088269178863,
        0.2666662480550181,
        0.09571116270276842,
        -0.19156889454049167,
        0.09066651298651716,
        -0.004511362602928839,
        0.10222468332257548,
        -0.0011487106178854909,
        -0.004686238440794887,
        -0.10129925956851941,
        0.08146630332774922,
        0.1818733431964492,
        -0.0025653758892216875,
        0.11693609823966358,
        0.06503028307416164,
        0.012115122894584473,
        -0.14715750104113437,
        -0.029936570281045096,
        -0.17227499970861587,
        0.1329352139010443,
        0.07006113752703258,
        0.20556063065166114,
        0.08891137648649855
    ],
    "Number for Minimum Energy": 63121863039362434,
    "Elapsed Time [seconds]": 4.229851961135864,
    "Elapsed Time [hours, minutes, seconds]": [
        0,
        0,
        4.23
    ],
    "Current function value": -1.333428394603478,
    "Iterations": 397,
    "Function Evaluations, Estimation": [
        546,
        74802
    ],
    "Gradient Evaluations": 546,
    "Number of Parameters": 136,
    "Minimum Parameters": [
        1.1619994270352696,
        3.764556071176596,
        5.617983239934952,
        1.13864744898578,
        1.750688317955195,
        4.572048022848146,
        6.0680497238853075,
        3.163788517569898,
        0.9521889650211456,
        0.18525092894616216,
        1.3175705037447238,
        0.7801733500700848,
        4.235217068552181,
        0.6815145118559147,
        3.2536919239613393,
        4.075577404761359,
        3.5563062543591584,
        1.135132054265877,
        4.985872677921788,
        4.401141993623662,
        4.872217133172245,
        0.5403269421522914,
        0.4667490956789452,
        5.723351873867073,
        2.596225147897133,
        1.825128108302394,
        2.9260838099471287,
        4.1211277736483956,
        5.985861740230425,
        1.813491812756477,
        5.634492006214007,
        0.12117683793955761,
        3.1586925329900053,
        3.9018312103709225,
        0.6448003272921025,
        0.9713350353959663,
        2.7304611402530083,
        6.094010328088737,
        3.654368189019298,
        5.832896873524833,
        5.029827806054423,
        2.9731544021649103,
        5.185453906721904,
        0.208687304957497,
        0.48271495992640334,
        5.4724063350904855,
        4.77137379396292,
        1.5250463389391564,
        3.591650787362308,
        3.76993647130034,
        5.359370898509735,
        3.8309614921615327,
        2.55361177227346,
        2.1971136705213197,
        2.7995571880911583,
        4.072146797885508,
        5.58145207914947,
        2.7323546420170532,
        1.2709490024299412,
        1.5781555509593361,
        4.817531930310072,
        5.261572874708599,
        0.6574020022074769,
        0.42928361930508585,
        3.72945119278054,
        0.978950264049936,
        5.03368636319427,
        2.082757953675944,
        0.9811648841636181,
        5.620943415872503,
        1.0199019338455795,
        1.7793825707200734,
        0.9889118924326676,
        0.6882612072017946,
        0.04480414605285029,
        0.4651191923922415,
        0.913616658588809,
        0.12716511966169478,
        3.867169815126885,
        4.4939185742156225,
        2.4709923797668676,
        2.244915041664428,
        3.171571914726341,
        5.973421426619061,
        5.530065802584788,
        0.17215061191595263,
        1.2478523285696423,
        1.6078996094131282,
        1.6523537507199315,
        3.454540086492794,
        2.532726939049381,
        0.2969237748708037,
        2.326893914482607,
        3.2524320522771624,
        0.6667227010187531,
        5.438415745578331,
        0.2181021165229799,
        5.822899196367411,
        0.5891898825285299,
        5.113801178891451,
        5.383831117629533,
        5.989760685473995,
        5.237175268699744,
        5.1137167429496175,
        3.856396729535656,
        4.613093196103963,
        0.7564546127102849,
        3.3547638250995218,
        3.4905432116347614,
        5.30105215874087,
        2.9976099673873926,
        2.255074686372018,
        4.0307857504598905,
        1.3122028143638378,
        1.0090610675315632,
        2.757384737058893,
        2.4993700490561985,
        1.5312308878735088,
        2.5508512363234774,
        2.473276320687438,
        2.0684583137024544,
        2.2420758713432147,
        4.233264036587904,
        1.8320624329231991,
        5.925131809839986,
        5.718629455481258,
        3.1237808531074887,
        1.8797301683410776,
        3.351440446277625,
        5.085006018171945,
        4.226319630065451,
        4.89733773273499,
        3.3708035534909406,
        3.9425493492824994,
        1.793927647257821,
        0.32126289695808885
    ],
    "Cmin, Cmax, frob_norm, shift": [
        0.3369377722287652,
        2246.770729659739,
        249.26698098990568,
        349.59162707225994
    ]
}