{
    "Calculated Minimum Energy [norm, row]": [
        0.0013099068243672463,
        -1.3893218787753232
    ],
    "Corresponding loss function": -0.005898637064533329,
    "Solution for Minimum Energy": [
        1.0,
        -1.0,
        1.0,
        1.0,
        1.0,
        1.0,
        1.0,
        1.0,
        1.0,
        1.0,
        1.0,
        1.0,
        1.0,
        1.0,
        1.0,
        -1.0,
        1.0,
        1.0,
        1.0,
        1.0,
        1.0,
        -1.0,
        1.0,
        -1.0,
        -1.0,
        1.0,
        -1.0,
        1.0,
        1.0,
        1.0,
        1.0,
        1.0,
        1.0,
        -1.0,
        1.0,
        -1.0,
        1.0,
        1.0,
        1.0,
        1.0,
        1.0,
        1.0,
        -1.0,
        1.0,
        1.0,
        -1.0,
        -1.0,
        1.0,
        1.0,
        1.0,
        1.0,
        -1.0,
        -1.0,
        1.0,
        1.0,
        1.0,
        1.0,
        1.0,
        -1.0,
        -1.0
    ],
    "Corresponding exp value": [
        0.3315241331800475,
        -0.13499161971241855,
        0.147796972886642,
        0.20224841106136715,
        0.05407902592654229,
        0.18729358662388362,
        -0.015378398290553211,
        0.043134792448582496,
        0.46902000312778636,
        -0.015245051070864508,
        0.11140949457102574,
        0.14661228780989355,
        -0.003622697556572174,
        0.11405112729132531,
        0.1927477029750413,
        -0.05998215870198653,
        0.08664244859961513,
        0.03829523221626911,
        -0.029564765544576644,
        0.07029039692503293,
        0.16631309701904845,
        -0.1696263221510992,
        0.1834928568039208,
        -0.2426074446973894,
        -0.09997009322291504,
        -0.0037757947814243027,
        -0.21319569392793972,
        0.031156983542760704,
        0.06678978478637189,
        0.19991759154862018,
        -0.03447936832429169,
        0.10906226055867682,
        0.022358427884012468,
        -0.10908337446003222,
        0.22805446465848814,
        -0.17094191764654484,
        0.09053431434777157,
        0.05188162423376805,
        0.18142294118909288,
        0.01543969224377363,
        -0.01565222188019518,
        0.10330313996578258,
        -0.19704184227424443,
        0.05993566949685563,
        0.10960259594605355,
        -0.31207693930979385,
        -0.18126784130036067,
        0.07425686809187448,
        0.007143512495416104,
        0.015368704365675043,
        0.11480524704458767,
        -0.16226731192596197,
        -0.12850310402755133,
        0.06951440365893892,
        0.23729750759838933,
        -0.043260040038049556,
        0.11654319302219526,
        0.033662177127002785,
        -0.08953350941509497,
        -0.18027794241268916
    ],
    "Number for Minimum Energy": 871556522103046146,
    "Elapsed Time [seconds]": 0.17454886436462402,
    "Elapsed Time [hours, minutes, seconds]": [
        0,
        0,
        0.17
    ],
    "Current function value": -1.4711109258696113,
    "Iterations": 5,
    "Function Evaluations, Estimation": [
        75,
        8631
    ],
    "Gradient Evaluations": 63,
    "Number of Parameters": 136,
    "Minimum Parameters": [
        1.2126769077849373,
        3.765771089125551,
        5.628778175236807,
        1.0195810573672481,
        2.049499634947844,
        4.728729959523093,
        6.059920689373105,
        3.1661106795568603,
        0.8233176336982513,
        0.1130840479781211,
        1.3131819606879673,
        0.9712691903244974,
        4.105922862398997,
        0.8359756269339274,
        3.1654457212969334,
        4.264888504527947,
        3.940775986147367,
        1.154223644617525,
        4.867906582364313,
        4.399216119521622,
        5.098681124613026,
        0.6432204606994015,
        0.5633860330547793,
        5.5077227495017125,
        2.5369590917163074,
        2.072585781056984,
        3.1254750106852134,
        4.29619346262299,
        5.947089961584014,
        1.7697313697869896,
        5.8942026370080605,
        -0.13286514032436636,
        3.317042961617517,
        3.9150320811111787,
        0.6054646816725082,
        0.6116380296803083,
        2.657316185840274,
        5.805190579235427,
        3.8891170259326526,
        5.804253210035821,
        4.896240039728492,
        2.763425738871168,
        5.125883618264448,
        0.053941388921470095,
        0.6361529160081686,
        5.274458723428091,
        5.041398207204962,
        1.5946464922786119,
        3.4303633889153016,
        3.8102789302527245,
        5.132482415449909,
        3.662310919475692,
        2.344288174411577,
        2.3328762216940766,
        2.6342653675442755,
        4.1672156316846936,
        5.704536818229075,
        3.0177090107825553,
        1.2946462354031059,
        1.5233163030681214,
        4.80048076502649,
        5.096341486698839,
        0.5578008559372846,
        0.43147752942475437,
        3.771957078274668,
        0.823173168370959,
        5.041456594387464,
        2.147365664060642,
        0.8427796750418615,
        5.58830792239061,
        0.8186564537390122,
        1.5701681439769735,
        1.1273086788458893,
        0.8817940734360219,
        -0.1367997768291639,
        0.5112817634740521,
        0.9784007769264995,
        0.2588507763917685,
        3.75604550764904,
        4.51559975004438,
        2.532098733647494,
        2.2146259678161995,
        3.203726281073644,
        5.602708032094022,
        5.629706917524158,
        -0.09998809764917038,
        1.1902947285300747,
        1.2488376189770647,
        1.6400228032271444,
        3.46789247635386,
        2.554597051364457,
        0.35126728866744994,
        2.172645707871505,
        3.347480805623247,
        0.7168300940764017,
        5.26698796575469,
        0.35364343987783364,
        5.765592704199591,
        0.4379414863988058,
        5.371806013116905,
        5.572750073358294,
        5.746195958646628,
        5.021177963277369,
        5.033710001381907,
        4.053140112072306,
        4.915050874442961,
        0.7701825580300315,
        3.2467597589770785,
        3.6182801533627718,
        5.36819908198597,
        2.7492216591901473,
        2.1024939273671777,
        3.840847068014418,
        1.5030562889936696,
        0.8735383833298226,
        3.062643388796515,
        2.6399501502557476,
        1.5389122678438378,
        2.6043610176873453,
        2.3823765197350126,
        2.1254121362588196,
        2.295231685755972,
        4.436597007246733,
        1.8892028478021703,
        5.893865396529855,
        5.593371759233246,
        3.033081542384673,
        2.1397599776137417,
        3.094332489134422,
        5.413443915308722,
        4.143788418630738,
        5.016352418805531,
        3.4093811769507303,
        4.036061078982687,
        1.7702035532732998,
        0.8551325512268071
    ],
    "Cmin, Cmax, frob_norm, shift": [
        0.3369377722287652,
        2246.770729659739,
        249.26698098990568,
        349.59162707225994
    ]
}