{
    "Calculated Minimum Energy [norm, row]": [
        0.0007327351772203648,
        -1.394523441720889
    ],
    "Corresponding loss function": 0.010053475557889664,
    "Solution for Minimum Energy": [
        1.0,
        1.0,
        1.0,
        1.0,
        -1.0,
        1.0,
        1.0,
        -1.0,
        1.0,
        1.0,
        1.0,
        1.0,
        1.0,
        1.0,
        1.0,
        1.0,
        1.0,
        1.0,
        -1.0,
        1.0,
        -1.0,
        1.0,
        1.0,
        1.0,
        1.0,
        1.0,
        1.0,
        1.0,
        1.0,
        1.0,
        1.0,
        1.0,
        1.0,
        -1.0,
        1.0,
        1.0,
        1.0,
        1.0,
        1.0,
        1.0,
        -1.0,
        1.0,
        1.0,
        1.0,
        1.0,
        -1.0,
        1.0,
        1.0,
        1.0,
        1.0,
        1.0,
        1.0,
        1.0,
        1.0,
        -1.0,
        -1.0,
        1.0,
        1.0,
        1.0,
        -1.0
    ],
    "Corresponding exp value": [
        0.049617473386727735,
        0.06517923058657821,
        -0.0830697176110803,
        0.2330257840906048,
        -0.14656144009173913,
        0.26463729780475687,
        0.15337439165672592,
        -0.11176616627677331,
        0.17355248940817877,
        0.008443586455903587,
        0.1755986036044064,
        0.09975126281448264,
        0.0805513550148273,
        -0.003966848268909752,
        -0.034735365775268555,
        0.05422626404250496,
        0.17463830459400878,
        -0.03462545044596878,
        -0.2784183831097279,
        0.016717893075711865,
        -0.15575132187295318,
        -0.08373978745344185,
        0.16380248582261878,
        -0.033384460294926324,
        -0.005507327138868591,
        0.024851785904483167,
        -0.029778147158495923,
        0.1461684356219851,
        -0.07007072790694885,
        0.13407748150854615,
        0.1302990755340132,
        0.13478018256331015,
        -0.1024317791039627,
        -0.16822499651695602,
        0.018269626799937804,
        0.009546454572851505,
        0.04100703750679731,
        0.09433772629579962,
        0.17996912455710895,
        0.18467178905358927,
        -0.2045180460336573,
        0.2754551906068209,
        -0.024037213758685727,
        0.19196804903782397,
        0.001083788462591253,
        -0.2552454956766178,
        0.054982541387274084,
        0.19106348757407376,
        -0.023148599304007228,
        0.21502799311820242,
        0.07474562116791603,
        -0.03143803825167112,
        0.18090526110277838,
        -0.0727141143677224,
        -0.18548706388144798,
        -0.1858760081555681,
        0.29694327734699305,
        0.050303393964022614,
        0.21349972399537337,
        -0.1617204435879773
    ],
    "Number for Minimum Energy": 630540240306831504,
    "Elapsed Time [seconds]": 0.08178520202636719,
    "Elapsed Time [hours, minutes, seconds]": [
        0,
        0,
        0.08
    ],
    "Current function value": -1.3181280244409141,
    "Iterations": 6,
    "Function Evaluations, Estimation": [
        70,
        8083
    ],
    "Gradient Evaluations": 59,
    "Number of Parameters": 136,
    "Minimum Parameters": [
        1.1814727726364769,
        3.795720272839786,
        5.5750149349329154,
        1.1425613563173582,
        1.9266038968256567,
        4.713726473813602,
        6.090187322736873,
        3.1602616735834133,
        0.8477020682564811,
        0.08113790923264387,
        1.5532203265622275,
        0.8444283252719679,
        4.230712608209717,
        0.7257915795067258,
        3.2054963674130614,
        4.321052456794175,
        3.7398118071939757,
        1.1343475643692034,
        4.977726823880395,
        4.4487141334224125,
        4.724541807992296,
        0.6373309594637234,
        0.6553193658816912,
        5.647639003558981,
        2.5001484841973736,
        1.920052902397974,
        3.0445158679067275,
        4.209215750626411,
        5.946132201409645,
        1.853910692900866,
        5.728015091531956,
        0.05231030923624428,
        3.3095885594603294,
        3.937620841341094,
        0.6141203464819227,
        0.7504637096995136,
        2.6090743207642237,
        5.999323567676022,
        3.7432701402235344,
        5.842856268705306,
        4.9969712979662075,
        2.9200685156218418,
        5.016449368357485,
        0.03380287840032694,
        0.747806351100416,
        5.2955192630718315,
        4.9516431950653805,
        1.55403493234742,
        3.4728798188770416,
        3.7605794312117746,
        5.262552744621265,
        3.720537776518849,
        2.5202599140443014,
        2.273714985567595,
        2.6400187642455646,
        4.16399822955079,
        5.4841348015357765,
        2.818015713277726,
        1.4499898393714354,
        1.4967291878417164,
        4.719683088392213,
        5.143670894813825,
        0.5575600468433913,
        0.41962721120103363,
        3.7660942153279815,
        0.9429163182067757,
        5.163187900985193,
        2.021629603155572,
        0.8111994963949362,
        5.72566019829973,
        0.8718159844804103,
        1.7623250603765754,
        1.0070219238372287,
        0.7236383821470186,
        0.05126357276017911,
        0.4105105746703247,
        1.0128467951438807,
        0.3863418039005251,
        3.7890431721300004,
        4.388445503787105,
        2.5543164958463387,
        2.082265160792049,
        3.203019502830979,
        5.497269468965992,
        5.430628160154347,
        0.08373960588629051,
        1.1544341916441994,
        1.3528601460812244,
        1.6022921713657892,
        3.4795977390898747,
        2.598196507521576,
        0.3336225954323212,
        2.3633347877439728,
        3.2916869663526565,
        0.6051534146273824,
        5.311383036112657,
        0.3075151305450029,
        5.800139994698542,
        0.5693551375906359,
        5.346743528476434,
        5.675404916095504,
        5.968667858188899,
        4.9969808557408975,
        4.9479873903206695,
        4.104618024011393,
        4.898398956200667,
        0.8152794335947853,
        3.25154898559798,
        3.337955517847858,
        5.354939883939516,
        2.888553207057866,
        2.3271899327428622,
        3.9215849132752143,
        1.567501111138556,
        0.7690425142999211,
        3.0485815565639136,
        2.581819222865973,
        1.5026726393198093,
        2.269262323541633,
        2.294040157786158,
        2.0477828942787086,
        2.267870164925046,
        4.374106308921843,
        1.8224601230560131,
        5.94543759158504,
        5.703031763004982,
        3.0414660369535276,
        2.1052846422917906,
        3.2296733607052537,
        5.38965964723396,
        4.147170545425198,
        5.000822450084537,
        3.3564317659534137,
        3.9448744769926662,
        1.7570337030580734,
        1.3398758728080877
    ],
    "Cmin, Cmax, frob_norm, shift": [
        0.3369377722287652,
        2246.770729659739,
        249.26698098990568,
        349.59162707225994
    ]
}