{
    "Calculated Minimum Energy [norm, row]": [
        0.0006570562343915287,
        -1.3952054724247949
    ],
    "Corresponding loss function": -0.0039511372987373235,
    "Solution for Minimum Energy": [
        1.0,
        -1.0,
        1.0,
        -1.0,
        1.0,
        -1.0,
        1.0,
        1.0,
        -1.0,
        1.0,
        1.0,
        -1.0,
        -1.0,
        1.0,
        1.0,
        1.0,
        -1.0,
        1.0,
        1.0,
        1.0,
        1.0,
        -1.0,
        1.0,
        1.0,
        1.0,
        1.0,
        -1.0,
        1.0,
        -1.0,
        1.0,
        1.0,
        -1.0,
        1.0,
        1.0,
        -1.0,
        1.0,
        1.0,
        1.0,
        1.0,
        1.0,
        -1.0,
        1.0,
        1.0,
        1.0,
        -1.0,
        1.0,
        -1.0,
        1.0,
        1.0,
        -1.0,
        1.0,
        -1.0,
        1.0,
        1.0,
        -1.0,
        1.0,
        -1.0,
        1.0,
        1.0,
        1.0
    ],
    "Corresponding exp value": [
        0.14146025271940407,
        -0.09926981263675061,
        0.13178889027938898,
        -0.11096840089247192,
        0.3917329737976943,
        -0.1804537755184554,
        0.10783105949780997,
        0.042314604963874416,
        -0.16499820687806824,
        0.08385950938832393,
        0.2915196291903379,
        -0.16754052635714675,
        -0.1331983385359046,
        0.051521242415982306,
        0.08880749850036415,
        -0.0049637159290817695,
        -0.2798483943570134,
        0.25417179701206405,
        0.00902831394341308,
        0.1130189089672598,
        0.14659269010930168,
        -0.19620361090420307,
        -0.024974999714059202,
        0.024296970951479674,
        0.22945799024941324,
        -0.03090056686104246,
        -0.056391688341394595,
        0.06700066327921064,
        -0.05319358418131729,
        0.008085095765145895,
        0.34645222692275013,
        -0.07385881693816172,
        0.13996988547316225,
        0.09842088038182069,
        -0.04862326130940945,
        0.18667866130864502,
        -0.0315745283111476,
        0.0049329627287969385,
        0.10527183730504547,
        0.12787522695011272,
        -0.18638927869567423,
        0.15977214712691104,
        0.04482664190150834,
        0.18617347337879633,
        -0.16008848488055735,
        0.25378140242538183,
        -0.06096570221351597,
        0.06923952984984283,
        0.051843861144732134,
        -0.11647931110800956,
        0.0467173319200538,
        -0.14507279601234033,
        0.12354994156618829,
        0.30040106188468124,
        -0.04722704078652695,
        0.15677867220390723,
        -0.04648625365219159,
        0.03723128851286608,
        -0.03325707982448177,
        -0.009461814295844622
    ],
    "Number for Minimum Energy": 92975822421432618,
    "Elapsed Time [seconds]": 0.9416322708129883,
    "Elapsed Time [hours, minutes, seconds]": [
        0,
        0,
        0.94
    ],
    "Current function value": -1.4924020931546236,
    "Iterations": 449,
    "Function Evaluations, Estimation": [
        452,
        61924
    ],
    "Gradient Evaluations": 452,
    "Number of Parameters": 136,
    "Minimum Parameters": [
        4.470788864969633,
        1.1301974527963956,
        4.397950678042868,
        5.352133065604628,
        0.8938963023292654,
        4.068566159758726,
        0.617483250488411,
        4.500683029921745,
        0.5810472851140318,
        5.817351416097544,
        0.7358486476327369,
        6.082296023871818,
        4.939213153227025,
        3.597926662297526,
        4.820760687956726,
        4.869812908712295,
        5.82433301824412,
        1.4753775567604122,
        3.853596974429491,
        0.6120441622291439,
        3.9409688970855656,
        1.1918416799139318,
        3.711384516016234,
        3.830212127204843,
        2.7692375101463362,
        3.3198747870094056,
        4.74350708246778,
        4.8433115804200435,
        2.92040777819112,
        3.6331598922076864,
        6.076119561411194,
        0.8223297111383328,
        0.8554320174607306,
        0.4570937911419247,
        4.201939545765066,
        2.6313842436495056,
        4.867960262567092,
        4.047672963810937,
        2.053798239336534,
        5.390441776914139,
        4.822760825804322,
        1.7176441205194193,
        2.214816626823174,
        1.9682107105747708,
        1.4549371588469509,
        0.8114085729260164,
        5.718621365989437,
        2.862394660913024,
        2.628881855617707,
        4.337132419862364,
        3.2638535149008754,
        5.849369289764657,
        4.78431345195285,
        2.9653886488204355,
        2.2670501529363007,
        6.295811856729319,
        4.655558088636601,
        5.804378282523124,
        0.5851386420993043,
        5.345766527275162,
        4.126157459813689,
        0.6178038335867724,
        3.7664934408174235,
        4.475526246735873,
        0.16267543970535667,
        2.8118382170304637,
        5.13560558376737,
        1.7750802564087316,
        3.040077207264132,
        2.6516812393184184,
        1.846375104239197,
        5.532703308337398,
        4.954220424730909,
        0.48506009406342054,
        6.3059253603702325,
        5.234674192049032,
        1.8402932828469425,
        5.130902866082913,
        0.6168075890281163,
        6.353502496808718,
        4.169626251458045,
        4.167871948598576,
        0.5077768517232109,
        5.862052869706443,
        0.10902477531135057,
        1.4571235477236568,
        0.673793988909378,
        4.9246890682957005,
        1.2031192768514203,
        5.464782468985703,
        4.253794755867328,
        -0.004892508080717867,
        0.008973922856975333,
        0.22739983639072395,
        3.727678949366643,
        5.189850469301017,
        1.6524306820440298,
        5.386964131208279,
        0.1723820746373791,
        5.001850287656199,
        5.583245111982263,
        4.921891959125752,
        4.474666652607461,
        5.049361380742276,
        0.2603119378114022,
        1.1767935805660046,
        0.541093180072446,
        3.1821738927265915,
        4.638986678732858,
        3.8748700288095206,
        5.46345534067265,
        1.1227284160111084,
        4.646703997499377,
        1.4348475112783787,
        1.5967162401289823,
        4.39319767554064,
        5.99245585156538,
        3.9728998521993746,
        0.3488778899322517,
        3.8487834736833473,
        0.23665182289297426,
        5.394779867345742,
        4.472147009997967,
        1.06792176672408,
        0.6674830559493631,
        1.1366320558098169,
        6.235922300495346,
        2.7646199730415395,
        4.814755672882655,
        4.06766762599578,
        3.5860478159890277,
        0.7256409386242978,
        6.022107296753538,
        1.713176632644578,
        3.7193470312010226,
        0.6055318627903457
    ],
    "Cmin, Cmax, frob_norm, shift": [
        0.3369377722287652,
        2246.770729659739,
        249.26698098990568,
        349.59162707225994
    ]
}