{
    "Calculated Minimum Energy [norm, row]": [
        0.00022949045161903207,
        -1.399058763457809
    ],
    "Corresponding loss function": 0.00028742112823635887,
    "Solution for Minimum Energy": [
        1.0,
        1.0,
        -1.0,
        1.0,
        1.0,
        1.0,
        1.0,
        1.0,
        1.0,
        1.0,
        1.0,
        1.0,
        -1.0,
        1.0,
        1.0,
        1.0,
        1.0,
        1.0,
        1.0,
        1.0,
        1.0,
        1.0,
        1.0,
        1.0,
        1.0,
        -1.0,
        1.0,
        1.0,
        1.0,
        1.0,
        -1.0,
        1.0,
        1.0,
        1.0,
        1.0,
        -1.0,
        1.0,
        1.0,
        1.0,
        -1.0,
        1.0,
        -1.0,
        1.0,
        1.0,
        1.0,
        1.0,
        -1.0,
        1.0,
        1.0,
        1.0,
        -1.0,
        1.0,
        -1.0,
        1.0,
        1.0,
        1.0,
        1.0,
        -1.0,
        -1.0,
        1.0
    ],
    "Corresponding exp value": [
        0.08443184621577665,
        0.02089728895562605,
        -0.3107917901923792,
        0.23670908770687363,
        0.20321496435757083,
        0.002230978926564691,
        0.13574750708646408,
        0.04538707911941629,
        0.031370067289487734,
        0.1891922244468092,
        0.21576150796427976,
        0.12090019573361781,
        -0.2943302668836788,
        0.044881806142366254,
        0.13938526808350557,
        0.11160039752436429,
        0.15818818766317774,
        0.01746882503596299,
        0.21756004839764678,
        0.08148939631487125,
        0.29713183276199295,
        0.0917982660456691,
        0.1666063472615175,
        0.026166367982520457,
        0.3842012678613575,
        -0.26046806400674355,
        0.17598079647792453,
        0.165422951436383,
        0.11782299567793612,
        0.3559970944412193,
        -0.39500302682212346,
        0.1608344430120363,
        0.061643511320683186,
        0.16595689662417604,
        0.10341929694945226,
        -0.3960559327775338,
        0.045318328898199235,
        0.08030783341267768,
        0.17852755990014452,
        -0.4016003924475494,
        0.17721701259060135,
        -0.4181837799702349,
        0.16006825592231508,
        0.12665230265117872,
        0.08218464302760384,
        0.2588480891362433,
        -0.30303718853168904,
        0.1942496198477422,
        0.1557488828280811,
        0.15248216494208,
        -0.28848876141395535,
        0.28361317788119095,
        -0.26539219311257395,
        -0.14495129132740722,
        0.05185165608418012,
        0.2483353198932382,
        0.20597386781148877,
        -0.366751656284069,
        -0.3996554699072238,
        0.20710043345333634
    ],
    "Number for Minimum Energy": 438048216752066564,
    "Elapsed Time [seconds]": 0.8429172039031982,
    "Elapsed Time [hours, minutes, seconds]": [
        0,
        0,
        0.84
    ],
    "Current function value": -1.3988001656872817,
    "Iterations": 351,
    "Function Evaluations, Estimation": [
        353,
        48361
    ],
    "Gradient Evaluations": 353,
    "Number of Parameters": 136,
    "Minimum Parameters": [
        3.193805860439718,
        4.77340640640035,
        5.343253555166837,
        4.499966582717815,
        5.717509576585379,
        5.150021251391665,
        5.6406463963591715,
        0.6748702900980664,
        4.517777082851325,
        2.8327564102703797,
        3.37550075716357,
        3.994827097283024,
        6.170013332452138,
        5.949306851533535,
        1.8701959713735354,
        4.5976446606624,
        4.854655029415401,
        1.9663897335790763,
        0.4337575148503933,
        0.007799876439498497,
        5.055091210634554,
        3.0272469670194693,
        5.730747356210729,
        2.773748316641221,
        5.97645078921387,
        2.4125805829191376,
        5.041278214978013,
        0.6882605536983394,
        3.6373388732571734,
        5.07724663709502,
        6.0808975729771655,
        4.855143347064094,
        0.02226580955335861,
        2.363342869352142,
        0.10879701605210543,
        0.9507917938841197,
        4.309917167984632,
        4.513566426832829,
        5.305295965988107,
        4.74035544928332,
        4.765372505789159,
        5.3589638880189145,
        0.02654928614055969,
        1.6739381475758213,
        4.366634579698223,
        5.612787581915389,
        0.06351100235326121,
        2.8306082513934716,
        4.353190655065521,
        0.30704893100499503,
        2.844342163373327,
        6.193447218896967,
        4.14682433247522,
        1.404082888246876,
        5.529498509570652,
        2.2131123506380073,
        5.668150416289747,
        1.9557267815982546,
        3.516161693258767,
        2.6814539184962998,
        1.9897703392345962,
        5.768776159416445,
        1.6469593499597517,
        0.6923515240402262,
        1.9991350676862398,
        4.47020041258107,
        5.039556797760009,
        5.772208064501563,
        1.6042887371069696,
        2.5584615408937768,
        0.8829582729041303,
        3.4478426225058953,
        6.000227518753425,
        4.429709141211856,
        4.281851606514304,
        2.823594464395825,
        5.631824103400207,
        3.45707935390833,
        0.8548421182313953,
        2.259461120918541,
        0.48084623242118896,
        1.0785871394287398,
        -0.058105647027505335,
        2.631351215219532,
        3.9523479480605723,
        1.9778572474332017,
        2.4008446802912955,
        5.637742558972728,
        5.1167869659882665,
        3.154869085042213,
        1.641715308089182,
        5.560910201061706,
        1.3440015721629759,
        2.4054385819322346,
        5.361062923235705,
        3.692103602569691,
        4.7158592976239175,
        3.608309145914373,
        3.840168321385707,
        2.035234017773277,
        1.6048148751178002,
        2.0923920526728623,
        0.8204506144008921,
        5.093387570126231,
        1.5801347810700506,
        3.690447163877315,
        4.76565012383525,
        4.9048390693622,
        2.360269003425399,
        2.8378433429371244,
        5.863576187765983,
        4.192261057436145,
        4.858343302669145,
        5.904663546216168,
        4.541251612542308,
        1.5504630081848423,
        3.7396312240900875,
        0.8701932278811266,
        4.568152097958858,
        5.943697856784117,
        3.653090021040617,
        2.533530105243135,
        0.44135097946382057,
        5.576629062408903,
        0.9165512543351293,
        0.005785576699180998,
        0.9779635627798983,
        0.06985426152945257,
        2.837278348451889,
        3.555900971264644,
        1.872954008021064,
        0.8667536135576229,
        1.0888782216163524,
        2.241491366806064,
        0.07218376350466552,
        1.7585946341016412
    ],
    "Cmin, Cmax, frob_norm, shift": [
        0.3369377722287652,
        2246.770729659739,
        249.26698098990568,
        349.59162707225994
    ]
}