{
    "Calculated Minimum Energy [norm, row]": [
        0.0048273388117530585,
        -1.3576222206587534
    ],
    "Corresponding loss function": 0.013931544711442308,
    "Solution for Minimum Energy": [
        1.0,
        1.0,
        -1.0,
        1.0,
        -1.0,
        1.0,
        1.0,
        -1.0,
        1.0,
        1.0,
        1.0,
        1.0,
        1.0,
        1.0,
        -1.0,
        1.0,
        1.0,
        -1.0,
        -1.0,
        1.0,
        -1.0,
        -1.0,
        1.0,
        1.0,
        -1.0,
        1.0,
        1.0,
        1.0,
        1.0,
        1.0,
        1.0,
        1.0,
        -1.0,
        -1.0,
        1.0,
        1.0,
        1.0,
        1.0,
        1.0,
        1.0,
        -1.0,
        1.0,
        1.0,
        1.0,
        1.0,
        -1.0,
        1.0,
        1.0,
        1.0,
        1.0,
        1.0,
        -1.0,
        1.0,
        -1.0,
        -1.0,
        -1.0,
        1.0,
        1.0,
        1.0,
        -1.0
    ],
    "Corresponding exp value": [
        0.03582362976707778,
        0.1064974896409206,
        -0.019072010221216032,
        0.26691803805129083,
        -0.0746719240235796,
        0.22683016364518968,
        0.17399292480955267,
        -0.12058228004307339,
        0.18903359453457622,
        0.02002785295364602,
        0.16919777572401148,
        0.13856313189994854,
        0.07298768736191497,
        0.024845689989287035,
        -0.0809581741993112,
        -0.01483798041379444,
        0.22907456603184417,
        -0.07551151053492752,
        -0.2985741318373374,
        0.014904324667515179,
        -0.09362370917614207,
        -0.06012984204364378,
        0.007529439749901215,
        0.031747819698536524,
        -0.026048314542014922,
        0.03212373317508815,
        0.11604495615907567,
        0.0896543236933202,
        -0.01252898597720804,
        0.17439192330592598,
        0.046502017488315436,
        0.08830555528726088,
        -0.1224668596157523,
        -0.06853953530772322,
        0.11173975616869083,
        0.07635489981314848,
        0.026626996728166718,
        0.04767026108571924,
        0.12145288994163825,
        0.3397905112896959,
        -0.19608576801736619,
        0.09581997054774835,
        0.0028885107638939103,
        0.10324787204270464,
        -0.004433262367258491,
        -0.20231927968427574,
        0.0589291987378944,
        0.1696287343502583,
        0.034464937288701564,
        0.14683659337071128,
        0.04785250284399175,
        -0.0378894573784248,
        0.09960511349085446,
        -0.07400235908256662,
        -0.21324271810744003,
        -0.17569325689863358,
        0.38377891944272063,
        0.06556616316311713,
        0.2630390852169766,
        -0.24996528672881105
    ],
    "Number for Minimum Energy": 641799243689246868,
    "Elapsed Time [seconds]": 0.0760507583618164,
    "Elapsed Time [hours, minutes, seconds]": [
        0,
        0,
        0.08
    ],
    "Current function value": -1.365988528498714,
    "Iterations": 2,
    "Function Evaluations, Estimation": [
        46,
        4795
    ],
    "Gradient Evaluations": 35,
    "Number of Parameters": 136,
    "Minimum Parameters": [
        1.107580827885781,
        3.80090845367845,
        5.523151278417743,
        1.1759251899764316,
        1.937645297479878,
        4.684761955373843,
        6.071591686481885,
        3.1495556485044696,
        0.8004098806484654,
        0.06329132545265251,
        1.487584142979602,
        0.8240977819278393,
        4.262591745028058,
        0.6675253821808074,
        3.206260992600972,
        4.303859983314721,
        3.6988606241229434,
        1.1012001174543107,
        4.99010891956009,
        4.465729198048352,
        4.7518253781345585,
        0.6092672624730346,
        0.597773700935411,
        5.638019353503637,
        2.4794662247217456,
        1.9000504220386096,
        3.0355481353285847,
        4.198794614447506,
        5.910207158213387,
        1.8428010399509922,
        5.740403119138647,
        0.03587712976559741,
        3.2786820210549488,
        3.9460951855349715,
        0.6527287206968335,
        0.7360991525780178,
        2.5967575464942154,
        6.0091779220166295,
        3.728724591254281,
        5.854853722819209,
        5.032082235893004,
        2.971656256651659,
        5.044489821970574,
        0.11002901499934473,
        0.7504481939380444,
        5.272913939237729,
        4.950097776753423,
        1.5736246253109931,
        3.510160338243328,
        3.7443681446670287,
        5.257938114822901,
        3.7278392891494896,
        2.588140790303138,
        2.2830968285788886,
        2.7098643291392563,
        4.196075221647943,
        5.476781711067122,
        2.834689211743756,
        1.4991008248426827,
        1.5212152766642535,
        4.711043305887343,
        5.101490957372717,
        0.6050962149257788,
        0.39345941108734295,
        3.829403450465087,
        0.9593204395424426,
        5.094137825021938,
        2.0424702909808627,
        0.7930840662424348,
        5.733342146385512,
        0.9324097819223331,
        1.7144827731009793,
        1.003150628338884,
        0.6974648596404076,
        0.0161381818376245,
        0.46200023186416656,
        1.0168500883662133,
        0.32629416036564957,
        3.7576308236962803,
        4.42244652740218,
        2.538009080457091,
        2.117378061263259,
        3.1758039116761183,
        5.534392349444143,
        5.432320535134584,
        0.06501652445800463,
        1.1788542825798292,
        1.3648086563555368,
        1.5610109150610016,
        3.5052666273018764,
        2.6256171706380087,
        0.3343143128937448,
        2.3767101579009755,
        3.2882939416657098,
        0.5935230863532761,
        5.269839310347812,
        0.33239466213253843,
        5.804305943554565,
        0.5387905682715395,
        5.354941892149843,
        5.669996399152602,
        5.913662859640927,
        5.016712119471874,
        4.93893395135324,
        4.059463306006643,
        4.909739303681086,
        0.7625605250230059,
        3.267166610469001,
        3.3679301496096716,
        5.380392862440034,
        2.8459631516670596,
        2.342347012320325,
        3.8937058991573115,
        1.538527790016263,
        0.7241767812380138,
        3.0240689109565553,
        2.5879557864967038,
        1.4641318514800254,
        2.271937062470859,
        2.304455593268407,
        2.0583582178975925,
        2.2681695719638544,
        4.403960134134626,
        1.8577935921864899,
        5.95413559403861,
        5.711422746720341,
        3.0341570841389234,
        2.115632210131787,
        3.1914763970905944,
        5.379822429106545,
        4.1628742867952475,
        4.987233146855911,
        3.359486844287052,
        4.00339660098512,
        1.762979471544676,
        0.2793549667414552
    ],
    "Cmin, Cmax, frob_norm, shift": [
        0.3369377722287652,
        2246.770729659739,
        249.26698098990568,
        349.59162707225994
    ]
}