{
    "Calculated Minimum Energy [norm, row]": [
        0.0010999790493822555,
        -1.391213781367914
    ],
    "Corresponding loss function": 0.0028561812247204837,
    "Solution for Minimum Energy": [
        1.0,
        -1.0,
        -1.0,
        1.0,
        1.0,
        1.0,
        1.0,
        1.0,
        -1.0,
        -1.0,
        1.0,
        -1.0,
        1.0,
        1.0,
        -1.0,
        1.0,
        1.0,
        -1.0,
        1.0,
        -1.0,
        1.0,
        -1.0,
        1.0,
        1.0,
        1.0,
        -1.0,
        -1.0,
        -1.0,
        -1.0,
        -1.0,
        1.0,
        1.0,
        1.0,
        1.0,
        1.0,
        1.0,
        1.0,
        1.0,
        1.0,
        1.0,
        -1.0,
        1.0,
        1.0,
        1.0,
        1.0,
        1.0,
        1.0,
        1.0,
        1.0,
        -1.0,
        1.0,
        1.0,
        1.0,
        -1.0,
        1.0,
        1.0,
        1.0,
        1.0,
        1.0,
        -1.0
    ],
    "Corresponding exp value": [
        0.10797146106065597,
        -0.10281257408647437,
        -0.2039290189056484,
        0.061592915807936535,
        0.20082544848803613,
        0.033743147239609916,
        0.22694745460536603,
        0.08938137670224902,
        -0.1972896698984895,
        -0.2466185095031631,
        0.11993969339437703,
        -0.31950961831865315,
        0.1855384286379846,
        0.2838299020805601,
        -0.04126553992872703,
        0.39344611680561087,
        0.24522485285760925,
        -0.3202585818405585,
        0.09009363435743903,
        -0.12369960922664083,
        0.10400107710242278,
        -0.048076104490605266,
        0.147293050407248,
        0.07595763226381722,
        0.03174999350068619,
        -0.12990872282927704,
        -0.02885722095281264,
        -0.06250494309034185,
        -0.28136232253313337,
        -0.10896619023897933,
        0.10644905042427921,
        0.03742595183872142,
        0.03134259317622199,
        0.24238859091672924,
        0.011357213366313394,
        0.14834705274028315,
        0.06318661671775588,
        0.15533944592969098,
        0.2151318739303717,
        0.1256037194148255,
        -0.031680873941419996,
        0.1887187257626506,
        -0.004083643826314388,
        0.08650170724855617,
        -0.00040683412255146205,
        0.10589974901476336,
        -0.014552002972259614,
        0.03556441673063482,
        0.17759590788536014,
        -0.2021830299940635,
        0.024558981889041948,
        0.08089258040381204,
        0.06533693695521768,
        -0.0843541678091284,
        0.04094429626228106,
        0.18552802994523723,
        0.048930388011964025,
        0.05345759857657506,
        0.10703395934438276,
        -0.12456218531757386
    ],
    "Number for Minimum Energy": 586032002066172678,
    "Elapsed Time [seconds]": 0.0834512710571289,
    "Elapsed Time [hours, minutes, seconds]": [
        0,
        0,
        0.08
    ],
    "Current function value": -1.3753866072416066,
    "Iterations": 4,
    "Function Evaluations, Estimation": [
        49,
        5206
    ],
    "Gradient Evaluations": 38,
    "Number of Parameters": 136,
    "Minimum Parameters": [
        4.092950459637473,
        4.169773272520453,
        5.866465716517832,
        0.9158998380468499,
        3.114977874066449,
        2.5405892488920605,
        3.176397511526901,
        0.7554102381053452,
        0.6996981139150722,
        2.0027981246353703,
        1.697960692428163,
        2.582917277122354,
        3.9421022935582815,
        3.8852159608307835,
        2.498144094913749,
        2.6389452480227638,
        1.2714383140083392,
        3.7124620130372543,
        2.0254287912672195,
        0.4838944048273398,
        2.5394108177537054,
        2.9712753305408404,
        1.1684857942092612,
        3.69041531281886,
        3.304262950864368,
        4.511507641338652,
        3.93942118104578,
        4.08977225692933,
        2.0138367079881365,
        5.064149797472831,
        3.511814414301543,
        2.905079312363768,
        3.8491140992871773,
        2.2801131860375583,
        3.2438369090450063,
        4.6537204045450125,
        5.67814638881529,
        5.71454566814389,
        3.0482453495293163,
        3.476945226605366,
        5.021496000408297,
        2.0327936156057604,
        5.281570106790814,
        3.1069964929578853,
        0.6186221232215645,
        0.5310398694251746,
        5.424569868366266,
        0.22265810345196446,
        1.7288726206447231,
        2.2329774507690905,
        1.0506537306289807,
        1.9891000961640326,
        4.416712613935788,
        -0.07514854156262332,
        4.9401870213226955,
        5.45309407287443,
        2.5303970325173406,
        1.050251311052459,
        3.9039944959823925,
        0.7065578255671824,
        2.4041726275762842,
        5.853166637387296,
        6.130017201988454,
        4.9613288414365115,
        1.903266109767059,
        4.412706607127461,
        4.309769380261015,
        2.393112707161113,
        3.8941866262846405,
        0.17291211342367208,
        1.3024954102258413,
        3.0852638093653146,
        1.035202797875732,
        0.9653602379955949,
        5.4823664868094,
        6.433724591179662,
        3.2859826760641395,
        5.407634905221219,
        6.192315692905131,
        0.6405921945093627,
        3.1036039600173693,
        2.630219576958628,
        0.5209038623269687,
        4.743751591039559,
        2.6072338168449476,
        2.7177503415894018,
        0.9651722283101789,
        0.9655574134285164,
        5.61874940746344,
        0.5186776639427653,
        1.565449464018955,
        1.8335628461048596,
        2.9825090671422836,
        3.838114503460205,
        3.2049792120891283,
        0.5954473826597808,
        1.4754204407446678,
        5.265545653279624,
        3.8512217769191666,
        4.227032985931632,
        4.191907427991753,
        4.520656283197802,
        0.388115192705818,
        2.4308665283981385,
        3.3673198534243265,
        2.0444865697593233,
        5.406662269502371,
        3.060987138510555,
        4.769295034150473,
        5.275247372538693,
        3.4552354954684024,
        5.820105546445049,
        3.6919042984532586,
        5.198807733983169,
        2.1342254636143947,
        3.2754533865412134,
        3.6236326810717134,
        0.5700658008274627,
        2.5203746673271685,
        5.713430387825055,
        4.258634342233744,
        1.1740160210129116,
        2.159854668493238,
        1.2414607642545747,
        0.06796520073728632,
        5.75140680876574,
        2.83546387069898,
        1.956213879981838,
        3.5426765703823406,
        -0.05327005164315327,
        1.9932952161845445,
        4.600378215339766,
        3.948435369910478,
        6.014870015121211,
        3.926497522539974,
        0.3000877996190462
    ],
    "Cmin, Cmax, frob_norm, shift": [
        0.3369377722287652,
        2246.770729659739,
        249.26698098990568,
        349.59162707225994
    ]
}