{
    "Calculated Minimum Energy [norm, row]": [
        0.014352770407222788,
        -1.271777511771126
    ],
    "Corresponding loss function": 0.005418591190676917,
    "Solution for Minimum Energy": [
        1.0,
        1.0,
        -1.0,
        1.0,
        1.0,
        1.0,
        1.0,
        1.0,
        1.0,
        1.0,
        1.0,
        1.0,
        1.0,
        1.0,
        1.0,
        1.0,
        1.0,
        1.0,
        1.0,
        -1.0,
        1.0,
        1.0,
        1.0,
        -1.0,
        -1.0,
        1.0,
        1.0,
        1.0,
        1.0,
        1.0,
        1.0,
        1.0,
        1.0,
        1.0,
        -1.0,
        1.0,
        1.0,
        -1.0,
        1.0,
        1.0,
        1.0,
        1.0,
        1.0,
        1.0,
        1.0,
        1.0,
        -1.0,
        1.0,
        1.0,
        1.0,
        1.0,
        1.0,
        -1.0,
        1.0,
        1.0,
        1.0,
        -1.0,
        1.0,
        -1.0,
        1.0
    ],
    "Corresponding exp value": [
        -0.022291096053381514,
        0.2749677843266307,
        -0.20169031539825844,
        0.20823269402620126,
        0.0832750680861904,
        0.065280188334739,
        0.2265777995449732,
        -0.03313366357662724,
        0.09642949252402948,
        0.1325219321842886,
        0.37221117606984444,
        0.0710562976616475,
        -0.03891526721584918,
        -0.013139184831998135,
        0.18190319417898992,
        0.14858120047427997,
        -0.01972629011378389,
        0.0303131160518791,
        0.09313530856176046,
        -0.11852094816899077,
        0.1759331369963804,
        0.10543107913422524,
        0.06930524815393177,
        -0.09939110133868971,
        -0.21347769891460655,
        0.1829360634231655,
        0.10299145066708189,
        0.19351578959555496,
        0.14822447947613632,
        0.01682302137923812,
        0.16044183858313982,
        0.14615574120767896,
        0.04292323125159172,
        0.2581937694476354,
        -0.09848825857683163,
        0.10031436295145064,
        0.09531098537421563,
        -0.08855703104324437,
        0.19337278047453266,
        -0.04607410543853218,
        0.10990285543616013,
        -0.05249359032816969,
        0.006246908887532805,
        -0.016115516928528067,
        0.11403552108883187,
        0.0681404911491268,
        -0.169666463520637,
        0.17930992529506085,
        -0.018148180638614092,
        0.1602145986427287,
        0.046444143577816885,
        -0.01524961250502314,
        -0.06979498033816087,
        0.08993507663747272,
        0.11503069772525787,
        0.1036605307178637,
        -0.06971139061298912,
        -0.051286142666866395,
        -0.19984569263027518,
        0.02467167936276075
    ],
    "Number for Minimum Energy": 364862093205700612,
    "Elapsed Time [seconds]": 0.07873201370239258,
    "Elapsed Time [hours, minutes, seconds]": [
        0,
        0,
        0.08
    ],
    "Current function value": -1.3522937599124734,
    "Iterations": 2,
    "Function Evaluations, Estimation": [
        47,
        4795
    ],
    "Gradient Evaluations": 35,
    "Number of Parameters": 136,
    "Minimum Parameters": [
        2.9914334158204032,
        4.791272391234639,
        5.448704836909043,
        4.500741883119753,
        5.852222748872782,
        4.885355601451421,
        5.299436871123833,
        0.740872134153591,
        4.576795571569388,
        2.7924849352657892,
        3.598703693446568,
        4.076710221474607,
        6.135107699888261,
        6.226493431331911,
        1.7868535799375858,
        4.61544276193277,
        4.735492909630078,
        2.1236305290910247,
        0.7690837477362799,
        0.30779941420951,
        4.878334385257838,
        3.0661545372196417,
        6.1776949432302475,
        2.9304086588401432,
        6.054249331310914,
        2.5632040863355514,
        4.883484891256477,
        0.6287016984885296,
        3.494217974711391,
        5.1423855944967904,
        5.918704501105139,
        4.997936009572852,
        0.3241593842963821,
        2.202027172117765,
        0.22776303461789055,
        0.6885593548388502,
        4.281689874346274,
        4.597534034919032,
        4.882776663980261,
        5.34266873915346,
        4.668508018235049,
        5.159145922424294,
        0.32051150130874684,
        1.5161647754860952,
        4.072673602434625,
        5.359136038422999,
        -0.028952888151336908,
        3.133146600616884,
        4.170778239268695,
        0.18901581942236206,
        2.49111210831302,
        5.786711386245933,
        4.113733126282764,
        1.4134499218426266,
        5.271802492574273,
        2.0771729143601507,
        5.378684499851789,
        1.874365039194776,
        3.6963471612141148,
        2.4105614558761252,
        1.8450666651977552,
        5.4354488765167,
        1.1287586085852315,
        0.6717302542101905,
        2.2300418421546313,
        4.514895945590864,
        5.003545195262986,
        6.189768521827998,
        1.8110823512476817,
        2.678260642082688,
        0.8404380459072714,
        3.4880855909601145,
        6.233310829200947,
        4.458801753245187,
        3.949803512936826,
        2.477183432955404,
        5.788144130635773,
        3.227866610424994,
        0.8839625428214501,
        2.3275113137118,
        0.42142838539615574,
        1.2780698895111435,
        0.06403867437150111,
        2.563259907034423,
        3.9710765186562327,
        2.1751889046939663,
        2.673385285321587,
        5.995429793439656,
        4.641534209445835,
        3.385939658613557,
        1.6566354551209403,
        5.568380403993152,
        1.519655342020844,
        2.04184091035066,
        5.652116533260857,
        3.4836998468378932,
        4.709159395189047,
        3.644255922191108,
        4.084560678569682,
        1.8921137101577121,
        1.5936185914530183,
        1.9445823995089966,
        0.8896749893645073,
        5.547511747689236,
        1.599585690266657,
        3.520996996379348,
        5.061581054869582,
        4.903992896291171,
        2.820103944895014,
        3.0378654690964706,
        5.923595598547839,
        4.223941665422841,
        5.044343335652633,
        5.719872842106843,
        4.850464122953469,
        1.2455332313719187,
        3.679022047356313,
        0.788433796906323,
        4.096887240986619,
        5.859424363401057,
        3.231170775804829,
        2.7136641617544304,
        0.22507676864071216,
        6.104795846170543,
        0.6372279246280366,
        0.1783962696068868,
        1.4201583663083033,
        0.2448663699405749,
        2.865493321832682,
        3.285945782931784,
        1.8576466821423843,
        0.3821460707267498,
        0.7386897895891013,
        2.4373104249664483,
        0.36736292838216805,
        0.360126988379578
    ],
    "Cmin, Cmax, frob_norm, shift": [
        0.3369377722287652,
        2246.770729659739,
        249.26698098990568,
        349.59162707225994
    ]
}