{
    "Calculated Minimum Energy [norm, row]": [
        0.002573092330158292,
        -1.3779378495133552
    ],
    "Corresponding loss function": 0.0020565156282634266,
    "Solution for Minimum Energy": [
        1.0,
        1.0,
        -1.0,
        -1.0,
        1.0,
        1.0,
        1.0,
        -1.0,
        -1.0,
        -1.0,
        1.0,
        -1.0,
        1.0,
        1.0,
        1.0,
        1.0,
        1.0,
        -1.0,
        1.0,
        1.0,
        1.0,
        -1.0,
        1.0,
        -1.0,
        1.0,
        1.0,
        1.0,
        1.0,
        1.0,
        -1.0,
        1.0,
        1.0,
        1.0,
        1.0,
        1.0,
        1.0,
        1.0,
        1.0,
        1.0,
        1.0,
        -1.0,
        1.0,
        1.0,
        1.0,
        1.0,
        1.0,
        1.0,
        1.0,
        1.0,
        1.0,
        1.0,
        1.0,
        1.0,
        1.0,
        1.0,
        1.0,
        1.0,
        1.0,
        1.0,
        1.0
    ],
    "Corresponding exp value": [
        0.11064331335080291,
        -0.028021501910944213,
        -0.24854818250908486,
        -0.1454799063765068,
        0.29901141159264216,
        0.1454375037150519,
        0.08433462509504083,
        -0.22591525271101803,
        -0.3050925796735315,
        -0.20168538014023388,
        0.04725103762089599,
        -0.22797573762828008,
        0.16892769517514572,
        0.28532055988746463,
        0.194065174308287,
        0.05628936854178976,
        0.020099433346018117,
        -0.3421688483447451,
        -0.08273723386309008,
        0.141606669629323,
        0.014074622774043467,
        -0.2037812962515978,
        0.33287338187424215,
        -0.3011991268881336,
        -0.06297819244271954,
        -0.098219629845017,
        -0.08077753981165382,
        -0.03148241003368689,
        -0.09648122372179872,
        -0.24100546172642245,
        -0.00134629928549089,
        -0.0070521770879150986,
        0.15103332154302618,
        0.10606304153379942,
        -0.028679031897617707,
        0.07871903388551067,
        -0.0014753815316584772,
        -0.03871989108849012,
        0.10828118345329682,
        0.09780941176390738,
        -0.14998651637811236,
        -0.06938243754173928,
        0.17665520846072322,
        0.16766330722321499,
        0.11555812396152589,
        0.07801352340023766,
        0.011661395418292718,
        0.24268646001992528,
        -0.029380082940910712,
        -0.12577239809490537,
        0.00808020234564094,
        0.057365640690133474,
        -0.07356537938574195,
        -0.12130487784812928,
        0.06163704763619893,
        0.04658666036941735,
        0.09366445697431756,
        0.19802754394606611,
        0.026769856034754916,
        -0.06085933208376212
    ],
    "Number for Minimum Energy": 1100059118476,
    "Elapsed Time [seconds]": 0.08309197425842285,
    "Elapsed Time [hours, minutes, seconds]": [
        0,
        0,
        0.08
    ],
    "Current function value": -1.3850846023194292,
    "Iterations": 2,
    "Function Evaluations, Estimation": [
        52,
        5617
    ],
    "Gradient Evaluations": 41,
    "Number of Parameters": 136,
    "Minimum Parameters": [
        4.269849464762784,
        4.136127244232547,
        5.928347177470745,
        0.9303867632385917,
        3.1669295293087774,
        2.5386654310159305,
        3.101118176423553,
        0.7528718571737246,
        0.8180537482501853,
        1.8091579088174108,
        1.852812722466329,
        2.673154284169745,
        3.894415563733066,
        3.9264372414629274,
        2.5222782338207406,
        2.6011821602359952,
        1.3058182214907383,
        3.6975935520107353,
        1.9979139316308197,
        0.30896719933725925,
        2.6280567506798325,
        2.975299488432507,
        1.3572621240911518,
        3.60941809847353,
        3.49022141688405,
        4.424773124101732,
        4.078016615181793,
        4.113198226651141,
        1.9595802866487337,
        5.030766504092459,
        3.4785407850158894,
        2.7377803057461985,
        3.9029389115851374,
        2.2007136954554904,
        3.197678722216943,
        4.686672305189588,
        5.655828437117649,
        5.781576136396274,
        3.120855108789432,
        3.3645002992201456,
        4.983674693678974,
        2.003722593622317,
        5.258187703244403,
        3.088958318959953,
        0.718199665445327,
        0.4734885463825328,
        5.338233425086213,
        0.2771671343574542,
        1.6876569461490827,
        2.1866727098083665,
        1.0678558708089794,
        1.9945593002117683,
        4.5581544900403,
        0.07326776574128951,
        5.191717708941167,
        5.434738345094954,
        2.3880074217423397,
        1.0137255946580874,
        3.8040385611972938,
        0.7709495979215139,
        2.3393701289195663,
        5.9869765733838625,
        6.166855689232788,
        4.9354232507769735,
        1.9659236426881783,
        4.3385726019808875,
        4.288330542987884,
        2.3634825813398512,
        4.015268419306228,
        0.02638143337529804,
        1.3080110230447834,
        3.1945811721066284,
        0.9756647639843657,
        1.0112207973686786,
        5.285815365454653,
        6.18454956500392,
        3.3949322586301447,
        5.3213708172432685,
        6.197024166551534,
        0.8276684189518689,
        2.857410851996233,
        2.5203700775950395,
        0.49196871003968934,
        4.675045032694394,
        2.7556191829760306,
        2.8821956144611596,
        0.9148395893903833,
        1.0769960180705282,
        5.7170744899166435,
        0.3893289606561958,
        1.538794566016297,
        1.8953636665190199,
        3.093448408249679,
        3.753022329361837,
        3.104501124985832,
        0.5435263457144236,
        1.6171839355585782,
        5.313422648038458,
        4.025021924810384,
        4.116406820578522,
        4.2432338253802335,
        4.686157226821381,
        0.4575478395748241,
        2.3795766359114707,
        3.4266872513792723,
        2.0048926273497525,
        5.293317503191654,
        2.9996473998384525,
        4.842421096067984,
        5.3430575432802865,
        3.2509531047494455,
        5.681541046801459,
        3.7062016708693433,
        5.31882325910216,
        2.153925800082062,
        3.1824642596104766,
        3.4370366755293835,
        0.5892076128339568,
        2.4604205085323203,
        5.7063010618521295,
        4.057757518821732,
        1.0987021579179774,
        2.160039981831769,
        1.2628795599843476,
        0.16278919595829477,
        5.855273287050944,
        2.7687983170270862,
        1.9678435597636135,
        3.6817771269458626,
        0.016407419031733667,
        1.8760424940387046,
        4.507365454037822,
        3.909705437648745,
        6.119707323057549,
        3.893359875377603,
        0.7710391988087403
    ],
    "Cmin, Cmax, frob_norm, shift": [
        0.3369377722287652,
        2246.770729659739,
        249.26698098990568,
        349.59162707225994
    ]
}