{
    "Calculated Minimum Energy [norm, row]": [
        0.002573092330158267,
        -1.3779378495133554
    ],
    "Corresponding loss function": 0.0005759356979720343,
    "Solution for Minimum Energy": [
        1.0,
        1.0,
        -1.0,
        -1.0,
        1.0,
        1.0,
        1.0,
        -1.0,
        -1.0,
        -1.0,
        1.0,
        -1.0,
        1.0,
        1.0,
        1.0,
        1.0,
        1.0,
        -1.0,
        1.0,
        1.0,
        1.0,
        -1.0,
        1.0,
        -1.0,
        1.0,
        1.0,
        1.0,
        1.0,
        1.0,
        -1.0,
        1.0,
        1.0,
        1.0,
        1.0,
        1.0,
        1.0,
        1.0,
        1.0,
        1.0,
        1.0,
        -1.0,
        1.0,
        1.0,
        1.0,
        1.0,
        1.0,
        1.0,
        1.0,
        1.0,
        1.0,
        1.0,
        1.0,
        1.0,
        1.0,
        1.0,
        1.0,
        1.0,
        1.0,
        1.0,
        1.0
    ],
    "Corresponding exp value": [
        0.11086699350921841,
        -0.028404334838592588,
        -0.2496446173284812,
        -0.14455066523620488,
        0.29982312378412707,
        0.14509829758094525,
        0.08456455700062454,
        -0.2255492734038198,
        -0.3052497479083051,
        -0.20150562242195214,
        0.04813675243560222,
        -0.2285608236702746,
        0.1698969102952019,
        0.284556831712926,
        0.19214890600271634,
        0.057325278369981476,
        0.02022332731912295,
        -0.3422839362762241,
        -0.08178591711960617,
        0.14134136932132407,
        0.013758137098770235,
        -0.20366013344497957,
        0.3332032372347575,
        -0.301251525285955,
        -0.0619688129300433,
        -0.09900912397853927,
        -0.08076265338290667,
        -0.03378077150995253,
        -0.09546312032147823,
        -0.2395588427783027,
        -0.000122876224188731,
        -0.00808475388525796,
        0.1511738453516072,
        0.10490327346208553,
        -0.028980267506974248,
        0.08017110625626753,
        -0.0013149789183674251,
        -0.03944698368489588,
        0.10786134631394048,
        0.09728213023076934,
        -0.14970997907366992,
        -0.07083318001080666,
        0.17696658148088304,
        0.16581408149467727,
        0.11520757706692758,
        0.07891111786689552,
        0.011838247711508851,
        0.2435240097736721,
        -0.030438336611427877,
        -0.12667480821510096,
        0.008872516856847722,
        0.05787736949073138,
        -0.07405766926933388,
        -0.12061490370940803,
        0.06328177526290255,
        0.04513226554802288,
        0.09392088385815191,
        0.1980336491260191,
        0.026871925967744095,
        -0.06101847044503252
    ],
    "Number for Minimum Energy": 1100059118476,
    "Elapsed Time [seconds]": 0.0700678825378418,
    "Elapsed Time [hours, minutes, seconds]": [
        0,
        0,
        0.07
    ],
    "Current function value": -1.3959365436380988,
    "Iterations": 1,
    "Function Evaluations, Estimation": [
        42,
        4110
    ],
    "Gradient Evaluations": 30,
    "Number of Parameters": 136,
    "Minimum Parameters": [
        4.268843399317434,
        4.136577893064006,
        5.92849311396597,
        0.9303686745601968,
        3.166714446668082,
        2.5386657676337836,
        3.1020834811526017,
        0.7529020143694496,
        0.817859721447781,
        1.8096488304098168,
        1.8523238210347015,
        2.6730319383018557,
        3.8948550607480246,
        3.925953471778941,
        2.5217615750147937,
        2.601441433824397,
        1.3053302758465894,
        3.697602714546779,
        1.997960578309693,
        0.3096200680361659,
        2.628050187973283,
        2.9752696646483434,
        1.3567852909005589,
        3.6095176082263376,
        3.489709335209068,
        4.42488376247977,
        4.078070782017119,
        4.113307891214945,
        1.9593643570005295,
        5.031425611417505,
        3.4787639491018467,
        2.7379950311386008,
        3.9026979303503833,
        2.200195790851865,
        3.197488899369168,
        4.687130393589261,
        5.656512986037372,
        5.781531789298424,
        3.1205099306433928,
        3.365257114352933,
        4.983341436967123,
        2.0039442186883303,
        5.258162024374155,
        3.0888329279893667,
        0.7181224145386829,
        0.47365278115273945,
        5.33861243786042,
        0.27659682998887347,
        1.687058907006666,
        2.187364206883551,
        1.0677045298341024,
        1.9947360661348965,
        4.557296213073369,
        0.07311732031332294,
        5.191673605207253,
        5.435157405862185,
        2.3883958232367295,
        1.0141102587173634,
        3.804267129704182,
        0.7711003404175143,
        2.3397386835417335,
        5.986699159427881,
        6.166159752544681,
        4.936089974205375,
        1.966019476164968,
        4.338714002009781,
        4.287190603002967,
        2.3629010075892873,
        4.015176874177411,
        0.026056393095448514,
        1.307967150777159,
        3.193752010765978,
        0.9752431151152828,
        1.010973562228324,
        5.286062265728429,
        6.184309036410347,
        3.3941531678633563,
        5.321761764063307,
        6.19682330312299,
        0.8271771244610177,
        2.8577357199628715,
        2.520796068003002,
        0.4918815851125489,
        4.674483776745638,
        2.755857721090237,
        2.88166733552204,
        0.9145870944086448,
        1.076522195854044,
        5.71721374006657,
        0.3901909610932847,
        1.5393946954087874,
        1.8958414592655768,
        3.0935549508005518,
        3.753563334635625,
        3.1045412875589213,
        0.5436453099194826,
        1.6178667518115486,
        5.313525657435532,
        4.025171947985572,
        4.116705401928353,
        4.243489140750407,
        4.685307005826086,
        0.45828029898731587,
        2.380179678833282,
        3.4269783319602953,
        2.003928400267951,
        5.293216876847814,
        2.9993903213545736,
        4.842524034277964,
        5.34297582169145,
        3.2515810786084165,
        5.681276843891269,
        3.706337900703435,
        5.318636203482821,
        2.154036180022069,
        3.182847002939866,
        3.4378138325504497,
        0.588649803726946,
        2.460073786424122,
        5.705845448938261,
        4.05850329107982,
        1.0985705915460522,
        2.160285191994227,
        1.26334706464118,
        0.16284324098542907,
        5.855494093887691,
        2.7684229702176184,
        1.968125190105375,
        3.6811546100475065,
        0.016173274547087908,
        1.8770660356204871,
        4.508079169880519,
        3.9091318759011027,
        6.119317793207025,
        3.893324516227132,
        0.7666356840744983
    ],
    "Cmin, Cmax, frob_norm, shift": [
        0.3369377722287652,
        2246.770729659739,
        249.26698098990568,
        349.59162707225994
    ]
}