{
    "Calculated Minimum Energy [norm, row]": [
        0.0005739945846498068,
        -1.3959540372609744
    ],
    "Corresponding loss function": -0.009764027646578277,
    "Solution for Minimum Energy": [
        1.0,
        -1.0,
        1.0,
        1.0,
        1.0,
        1.0,
        1.0,
        1.0,
        1.0,
        1.0,
        1.0,
        1.0,
        1.0,
        1.0,
        1.0,
        1.0,
        1.0,
        -1.0,
        -1.0,
        1.0,
        1.0,
        -1.0,
        1.0,
        1.0,
        -1.0,
        1.0,
        -1.0,
        1.0,
        -1.0,
        1.0,
        1.0,
        1.0,
        1.0,
        -1.0,
        -1.0,
        1.0,
        1.0,
        1.0,
        1.0,
        1.0,
        -1.0,
        1.0,
        1.0,
        1.0,
        -1.0,
        1.0,
        -1.0,
        1.0,
        1.0,
        1.0,
        1.0,
        1.0,
        1.0,
        -1.0,
        -1.0,
        -1.0,
        1.0,
        1.0,
        1.0,
        -1.0
    ],
    "Corresponding exp value": [
        0.24220170329420532,
        -0.10555122067322951,
        0.24755840553808045,
        0.14787196793511578,
        0.1180339507847902,
        0.1517736496524555,
        0.05110352934078529,
        0.0038619463397375165,
        0.26323312874254734,
        -0.000294795182193954,
        0.0788549231428178,
        0.10756115112656449,
        0.045966219959522936,
        0.052650173455362076,
        0.11727098570825358,
        0.041945665455132806,
        0.07984214609936555,
        -0.14464314206268836,
        -0.23188841020456652,
        0.1359073526754233,
        0.09427602423519169,
        -0.013711878471836716,
        0.12814375505626896,
        0.09148216479987985,
        -0.10475988068972067,
        0.10366737835117143,
        -0.0981114695512152,
        0.10290463697269031,
        -0.09156668933010245,
        0.12513971928059126,
        0.10861321943116349,
        0.03302315270661375,
        0.2441478605276986,
        -0.18332307528610683,
        -0.062457284729335365,
        0.08998534573609032,
        0.19845993822461713,
        0.14314697080550362,
        0.11543606582031,
        0.14990046395977577,
        -0.31564362518329725,
        0.2044757475842785,
        0.189149629384337,
        0.12768202204526244,
        -0.09396126126623794,
        0.09887585462088114,
        -0.057384857434405315,
        0.1912468346030402,
        0.15332693666564348,
        0.21036492849797217,
        0.11370841478801141,
        0.16803262714336806,
        0.19957421129650102,
        -0.10434859973495751,
        -0.26997639622614034,
        -0.1289296108492105,
        0.123758157049034,
        0.07351433752176989,
        0.16389376477029768,
        -0.16701266835823192
    ],
    "Number for Minimum Energy": 639600233653075970,
    "Elapsed Time [seconds]": 0.17556524276733398,
    "Elapsed Time [hours, minutes, seconds]": [
        0,
        0,
        0.18
    ],
    "Current function value": -1.4959516958957404,
    "Iterations": 60,
    "Function Evaluations, Estimation": [
        65,
        8905
    ],
    "Gradient Evaluations": 65,
    "Number of Parameters": 136,
    "Minimum Parameters": [
        1.2016098138843847,
        3.8235385063246374,
        5.507963380179502,
        1.1589268221632705,
        1.8891761227504178,
        4.545849622526601,
        6.131849620408055,
        3.1710173006753917,
        0.9110181399466311,
        0.050810848834108344,
        1.260354118190867,
        0.8845623834010764,
        4.259106185700928,
        0.614422759617666,
        3.2927535768999463,
        4.070809316255276,
        3.6881290718220416,
        1.1095781498988282,
        4.993120879933274,
        4.415778553487038,
        4.818588773570025,
        0.4979998307221359,
        0.4600938632355622,
        5.497435642859151,
        2.4874233136993116,
        1.942565234164733,
        3.0199886870400454,
        4.154687045283129,
        5.938008046409584,
        1.83232701241188,
        5.728003572701425,
        0.14542664330063335,
        3.13902904172022,
        3.830480452069501,
        0.6331188828712514,
        0.9982749265924514,
        2.6356944107784375,
        6.0463876462019925,
        3.7781524201995627,
        5.742834054141693,
        5.091367707479206,
        2.97432128044698,
        5.266956045544939,
        0.12016664590609329,
        0.504200812691484,
        5.19550628142136,
        4.955493370870946,
        1.528465802930716,
        3.617936440228835,
        3.7537409246735405,
        5.131074381331789,
        3.805299776656649,
        2.5008597081208888,
        2.242874174681682,
        2.756583201117705,
        4.077543857202491,
        5.638324988331103,
        2.709364318206782,
        1.4512508407381972,
        1.704027885138912,
        4.830876639984024,
        5.2289733141742785,
        0.6552294133361247,
        0.43459895741955834,
        3.7841213350985106,
        0.9525716012821286,
        5.024492424243564,
        2.2103131895527013,
        0.9298496948572674,
        5.5599646631092305,
        1.0943774593926732,
        1.7725368508128765,
        1.038529488520864,
        0.6603420091629255,
        -0.02010880911074403,
        0.34104497707864995,
        1.051351669268298,
        0.03663339724538912,
        3.9178678967971914,
        4.460135404662095,
        2.4159472441367194,
        2.285680620517789,
        3.1996939206233286,
        5.711580885490619,
        5.361249487054245,
        -0.014470728895313147,
        1.3694895790655934,
        1.4203851643403103,
        1.5975552837938016,
        3.60512063214806,
        2.5195557550513756,
        0.3359611721870898,
        2.3586419074244507,
        3.181785749728321,
        0.5918599803404677,
        5.354834295014289,
        0.17315543686460552,
        5.788111344661683,
        0.6915719447183473,
        5.292316098008016,
        5.496683805408904,
        5.931599713024168,
        5.108776299941098,
        5.00465952166498,
        3.7484290598369916,
        4.790319869440856,
        0.7797216810855999,
        3.336809539475096,
        3.589995767188508,
        5.293777311030402,
        2.967132943423154,
        2.4176857749228406,
        3.977210946573649,
        1.2776350191340926,
        0.8721307931152324,
        2.922250009266196,
        2.625511539466276,
        1.5305619255010805,
        2.2618338930067043,
        2.4818179708099897,
        1.9477269406234223,
        2.220485464645742,
        4.437638722211129,
        1.7370016201636762,
        5.979236386171522,
        5.730946488134406,
        3.0621653607975663,
        1.9233993287948217,
        3.2343702957943408,
        5.213363494339802,
        4.1181084145501625,
        4.935134142159363,
        3.275717907688981,
        4.051716163926112,
        1.801632381053467,
        0.23141132212557539
    ],
    "Cmin, Cmax, frob_norm, shift": [
        0.3369377722287652,
        2246.770729659739,
        249.26698098990568,
        349.59162707225994
    ]
}