{
    "Calculated Minimum Energy [norm, row]": [
        0.06185833585173218,
        -0.8436497786334942
    ],
    "Corresponding loss function": 0.028782626648066988,
    "Solution for Minimum Energy": [
        1.0,
        1.0,
        1.0,
        1.0,
        1.0,
        1.0,
        1.0,
        1.0,
        1.0,
        1.0,
        1.0,
        1.0,
        1.0,
        1.0,
        1.0,
        1.0,
        1.0,
        1.0,
        1.0,
        1.0,
        1.0,
        1.0,
        1.0,
        1.0,
        1.0,
        1.0,
        1.0,
        1.0,
        1.0,
        1.0,
        1.0,
        1.0,
        1.0,
        1.0,
        1.0,
        1.0,
        1.0,
        1.0,
        1.0,
        1.0,
        1.0,
        1.0,
        1.0,
        1.0,
        1.0,
        1.0,
        1.0,
        1.0,
        1.0,
        1.0,
        1.0,
        1.0,
        1.0,
        1.0,
        1.0,
        1.0,
        1.0,
        1.0,
        1.0,
        1.0
    ],
    "Corresponding exp value": [
        -0.11823961683946613,
        0.18511268581282886,
        -0.10061908765578001,
        0.3466314735399996,
        -0.1977020385630741,
        0.156788346155116,
        -0.011663413801943051,
        -0.33828068528349164,
        0.17086108700867242,
        -0.26700620229510114,
        0.14571394092741546,
        0.07641612401647169,
        0.0023321606544078888,
        -0.14592109817242396,
        -0.15579629761578548,
        -0.023891068661851887,
        0.09464878454195483,
        -0.08931660104589417,
        -0.20646861175249015,
        -0.026502624919035767,
        -0.14214643515764946,
        -0.17347079716632136,
        -0.06787338550963644,
        0.027768926649496213,
        -0.023992397298592226,
        0.15297911527016053,
        0.049579032924669135,
        -0.10731911684738102,
        0.15314584298363004,
        0.0824338007834425,
        0.0037532414876394835,
        0.18131625458952833,
        -0.08997160229348782,
        -0.03586227263970522,
        -0.01328977722733457,
        -0.10105457058346008,
        0.1253898511159618,
        0.06498986289391033,
        0.09187078689868608,
        0.05530829874308519,
        0.1402180257174042,
        -0.0355320836196485,
        -0.29204766557990663,
        0.06691248804063295,
        -0.016510045109259474,
        -0.1555307698800202,
        0.028673650600103986,
        0.22005435981703378,
        -0.1972441437740854,
        -0.13010588515490895,
        0.061842057659858445,
        0.03452852302944662,
        -0.1310270550099474,
        -0.07711307686061177,
        -0.10349658247905898,
        -0.13624860819933346,
        0.05367536914338875,
        0.06837556754633053,
        0.006539713175711446,
        -0.030698338702967662
    ],
    "Number for Minimum Energy": 0,
    "Elapsed Time [seconds]": 0.11490201950073242,
    "Elapsed Time [hours, minutes, seconds]": [
        0,
        0,
        0.11
    ],
    "Current function value": -1.2382227810310318,
    "Iterations": 2,
    "Function Evaluations, Estimation": [
        65,
        7261
    ],
    "Gradient Evaluations": 53,
    "Number of Parameters": 136,
    "Minimum Parameters": [
        1.131835148475481,
        3.7779467699435956,
        5.492925886978119,
        1.2283401490466506,
        1.9475777869710966,
        4.863289874426412,
        6.105375339503597,
        3.1483745545382886,
        0.8925963700859444,
        0.07975420993221871,
        1.4372324479190586,
        0.8364211198981315,
        4.268047782893989,
        0.7442551512485552,
        3.193089950975385,
        4.366420140288466,
        3.659357329174585,
        1.2411960971019804,
        5.0457358753884565,
        4.487787600945978,
        4.660235950211309,
        0.8020245590025012,
        0.7695715691226239,
        5.801143763233507,
        2.4920394975991367,
        1.9013205056712708,
        3.068467401963301,
        4.175235402160802,
        5.988670013299735,
        1.7979880061376305,
        5.810835594151102,
        0.14806731922059158,
        3.4662990164605603,
        3.971890828119738,
        0.6657409383342956,
        0.8681021967798811,
        2.625722183588708,
        6.059266960747817,
        3.7513944061611757,
        5.848952352831467,
        5.064545479012983,
        2.940601706763484,
        4.940171014862189,
        0.10328576852232738,
        0.6928710636507964,
        5.214137507463279,
        5.015560272612046,
        1.4752192337851733,
        3.358201559551814,
        3.809102249508388,
        5.428041843036404,
        3.792247948939056,
        2.586325645169317,
        2.341678626668055,
        2.6690371736006626,
        4.113042883245113,
        5.456185687760948,
        2.854691509435742,
        1.5420261612013302,
        1.4809192365807649,
        4.691940064867434,
        5.125210535274854,
        0.6472300934025057,
        0.41793255288094316,
        3.7415910797151324,
        0.9184968254282927,
        5.1826475701947485,
        1.946769691379202,
        0.8878398497993203,
        5.785466225978014,
        1.0272995215380756,
        1.7831831950145562,
        0.9664560477079871,
        0.7399649375856427,
        0.11293659076475575,
        0.3732021674933404,
        1.0901701339661987,
        0.33987813621044927,
        3.7129580824181185,
        4.305720588169082,
        2.4839911806121924,
        2.0021699793716308,
        3.1609616853340925,
        5.503191515824258,
        5.3625586266204195,
        0.2552856615943804,
        1.1334406840039142,
        1.4804674143262704,
        1.5614774560877192,
        3.582658963581904,
        2.6105783612228395,
        0.3046309904560301,
        2.346101988922488,
        3.291044824615973,
        0.6408470629429481,
        5.251311384933998,
        0.33131199243102616,
        5.806848564006948,
        0.6201142853418221,
        5.3064250945964355,
        5.6623904302379895,
        6.133614321900692,
        5.0432283446058035,
        4.901576312713263,
        4.043942571315982,
        4.892329030893551,
        0.8469166535516937,
        3.3587777479832,
        3.2469142330664327,
        5.3975225824698665,
        2.9050144533387305,
        2.402412269058387,
        4.0093743042299375,
        1.668881645781779,
        0.8616648967415115,
        3.0049944239620436,
        2.6085523134665416,
        1.463995939208325,
        2.312207970343413,
        2.2999330439917363,
        2.059384546271201,
        2.380241218906991,
        4.310543278765582,
        1.8712773491918662,
        5.956455208522609,
        5.757908140834878,
        3.02600071887776,
        2.060245213998122,
        3.3474422368600205,
        5.32035649196014,
        4.10549150578677,
        5.0485698195370565,
        3.348701787530443,
        3.9829182644318113,
        1.802678364720204,
        1.0027240530825332
    ],
    "Cmin, Cmax, frob_norm, shift": [
        0.3369377722287652,
        2246.770729659739,
        249.26698098990568,
        349.59162707225994
    ]
}