{
    "Calculated Minimum Energy [norm, row]": [
        0.00021292259280557253,
        -1.3992080756440841
    ],
    "Corresponding loss function": 0.0075091004004903565,
    "Solution for Minimum Energy": [
        1.0,
        -1.0,
        -1.0,
        1.0,
        1.0,
        -1.0,
        1.0,
        -1.0,
        1.0,
        -1.0,
        1.0,
        1.0,
        -1.0,
        1.0,
        1.0,
        1.0,
        -1.0,
        1.0,
        -1.0,
        1.0,
        1.0,
        -1.0,
        1.0,
        -1.0,
        1.0,
        1.0,
        1.0,
        1.0,
        1.0,
        1.0,
        1.0,
        -1.0,
        1.0,
        1.0,
        -1.0,
        1.0,
        1.0,
        1.0,
        1.0,
        1.0,
        1.0,
        1.0,
        1.0,
        -1.0,
        -1.0,
        1.0,
        1.0,
        -1.0,
        -1.0,
        1.0,
        -1.0,
        1.0,
        1.0,
        -1.0,
        -1.0,
        1.0,
        1.0,
        1.0,
        -1.0,
        -1.0
    ],
    "Corresponding exp value": [
        0.0016288212287051563,
        -0.004054898745052474,
        -0.0037382394017565976,
        0.09345149574528913,
        0.08336229074284376,
        -0.004558631239413583,
        0.20355438972020184,
        -0.005589162737752706,
        -0.0007730881408352288,
        -0.007723326065251536,
        0.28295787936095657,
        0.15847227084290022,
        -0.2300544755557301,
        -0.00013803366353611068,
        0.0038697626537159344,
        0.004382828342358664,
        -0.1918248208254567,
        0.3504082513072851,
        -0.005540969014441829,
        -0.0027834808165562944,
        0.1926368803574697,
        -0.19512168796638024,
        0.05319935738841906,
        -0.004067289172717332,
        0.2543919577034408,
        -0.00323240784721807,
        -0.0021442488162508122,
        0.18682286390139408,
        0.20519806547466476,
        0.1696087403324597,
        0.21059768102507762,
        -0.04205433036554782,
        0.22674303981954688,
        0.17311544587102232,
        -0.004507031901021041,
        0.15278018409700217,
        -0.0022815556321231843,
        1.1196571607832023e-05,
        0.026745659522222527,
        0.0558391279434996,
        0.16666713458845064,
        0.1479543344146015,
        -0.0023629852634206466,
        -0.005035535847057071,
        -0.1648422284911014,
        -0.0031880898947638354,
        -0.0029670348623413068,
        -0.11734516351214216,
        -0.29863394610358723,
        -0.0035371181683076774,
        -0.005301009259731459,
        0.15797911105878637,
        -0.00014964096076544673,
        -0.004265490705033369,
        -0.2076166305082269,
        0.05527520579647391,
        0.17720393591833303,
        0.14952203846523932,
        -0.09580854649595111,
        -0.004167678679007983
    ],
    "Number for Minimum Energy": 893287246208504486,
    "Elapsed Time [seconds]": 3.641417980194092,
    "Elapsed Time [hours, minutes, seconds]": [
        0,
        0,
        3.64
    ],
    "Current function value": -1.3362483106105518,
    "Iterations": 338,
    "Function Evaluations, Estimation": [
        496,
        67952
    ],
    "Gradient Evaluations": 496,
    "Number of Parameters": 136,
    "Minimum Parameters": [
        4.419649893521612,
        1.1612978402712342,
        4.614700487320121,
        5.3202970520633155,
        0.8821511971184326,
        4.071357453235792,
        0.8404667847927646,
        4.580235911459481,
        0.531317892712924,
        5.918524455977165,
        0.9542244495817075,
        5.973070083338453,
        4.823123046207477,
        3.81017140575555,
        4.881638803412267,
        5.0062368999430396,
        5.723014617240261,
        1.4234369960190463,
        3.630364992335465,
        0.7158419618660102,
        3.820459253935508,
        1.1486891974239049,
        3.7692104852031787,
        3.580745965854759,
        2.8825011488621812,
        3.2772919001160985,
        4.633279759003861,
        4.806870485130085,
        3.061592810749507,
        3.465414132684857,
        6.003747320934631,
        0.722503781772491,
        0.8811533703777368,
        0.5409778053509576,
        4.175329984150994,
        2.71084649332475,
        4.818313698139541,
        4.277606962267206,
        2.065905715267089,
        5.535806621434437,
        4.737732488905398,
        1.6432546919833122,
        1.976719066646386,
        1.978201254967218,
        1.3333490504267196,
        0.919438489917106,
        5.880010883460605,
        3.066792448823317,
        2.59070828707978,
        4.362232506496654,
        3.3313211887022027,
        5.731165912054887,
        4.735141152862873,
        2.924648129584932,
        2.2450395964572163,
        6.432022014616944,
        4.441882952980728,
        5.796469030548627,
        0.676214951349751,
        5.262355320930294,
        4.09052292308132,
        0.4486857239369246,
        3.6292574634993895,
        4.366728208645375,
        0.3363880545791195,
        2.798645215865906,
        5.077266610284272,
        2.0785435993362156,
        2.942230427220019,
        2.7502385093944675,
        1.7983080518238472,
        5.5060206478180715,
        4.846998097519129,
        0.4168366810702986,
        6.3888448951497105,
        5.298713946876162,
        1.7720307241483657,
        5.341720393458447,
        0.44530635782602024,
        6.621905729810004,
        4.0399621233149094,
        3.9582718681071594,
        0.5883633803180917,
        5.709128018464781,
        0.2370898685593375,
        1.409802886725215,
        0.7188633260833927,
        4.786472566602235,
        1.1944201027753545,
        5.716345762736968,
        4.109472826889028,
        -0.08448010378793222,
        -0.002390414257219707,
        0.3939663651721355,
        3.898922351306101,
        5.165840172043251,
        1.6669348182132988,
        5.347804460624664,
        0.14900970917942377,
        5.171458110014756,
        5.604972217163201,
        4.997857458075844,
        4.3612436288006995,
        4.903994504845721,
        0.12376731704531668,
        1.0917056417463566,
        0.8521037588394185,
        3.281609738424289,
        4.701726967655258,
        3.839450613334987,
        5.209405603190692,
        0.9958214031446405,
        4.536253750143987,
        1.277800779083508,
        1.783505958814321,
        4.450978539274072,
        5.963862735006657,
        3.8767970465102026,
        0.29857868963788414,
        3.7696195392798995,
        0.18210393931196095,
        5.650212924861883,
        4.42408053402666,
        1.1021008004793935,
        0.6096584510695351,
        1.0610670459667881,
        6.241819839224216,
        2.7142421143133246,
        4.698065899873844,
        3.986465627470355,
        3.6087363713981606,
        0.5645529298035746,
        5.973595414033838,
        1.769646159795045,
        3.6519196753394207,
        0.22395391957188723
    ],
    "Cmin, Cmax, frob_norm, shift": [
        0.3369377722287652,
        2246.770729659739,
        249.26698098990568,
        349.59162707225994
    ]
}