{
    "Calculated Minimum Energy [norm, row]": [
        0.0008583908727022734,
        -1.3933910125505564
    ],
    "Corresponding loss function": 0.009813245631273386,
    "Solution for Minimum Energy": [
        1.0,
        1.0,
        1.0,
        1.0,
        1.0,
        1.0,
        1.0,
        1.0,
        -1.0,
        1.0,
        -1.0,
        1.0,
        1.0,
        1.0,
        1.0,
        1.0,
        -1.0,
        -1.0,
        -1.0,
        -1.0,
        1.0,
        1.0,
        1.0,
        1.0,
        1.0,
        -1.0,
        -1.0,
        1.0,
        -1.0,
        -1.0,
        1.0,
        1.0,
        1.0,
        1.0,
        1.0,
        1.0,
        1.0,
        1.0,
        1.0,
        1.0,
        1.0,
        1.0,
        1.0,
        1.0,
        1.0,
        1.0,
        1.0,
        1.0,
        1.0,
        1.0,
        1.0,
        -1.0,
        1.0,
        -1.0,
        1.0,
        1.0,
        1.0,
        1.0,
        1.0,
        1.0
    ],
    "Corresponding exp value": [
        0.06036997029419512,
        -0.0009002177182937041,
        -0.02030376134866206,
        0.11821128851801961,
        0.12035275125710108,
        -0.011100401640778204,
        0.1217505906656982,
        0.06069986267716697,
        -0.02717589211027996,
        0.11921556791663344,
        -0.17311443634299484,
        0.0004784260842713717,
        0.016174265216200724,
        0.09193475311725458,
        0.3193434900360637,
        0.20440084986297669,
        -0.028346008879130427,
        -0.07994836645957176,
        -0.12053341896058539,
        -0.0249363059587928,
        0.13600402215746096,
        0.10121195670487859,
        0.14750267111268084,
        0.18315327041450208,
        0.0011937847810854826,
        -0.2134677010030745,
        -0.02544766829230117,
        0.09509984942964876,
        -0.1674632625788014,
        -0.11783867095452062,
        0.1205553585013326,
        0.17409713932790918,
        0.18121074720858993,
        0.2670177735718459,
        0.13533035890914835,
        0.3106327651474073,
        -0.016353489084756947,
        0.014915262328855476,
        0.1288040600453854,
        0.2272802691535712,
        0.2064342380199271,
        0.14077874902534157,
        0.049644274692625584,
        0.15420862062765334,
        -0.0035891306915649067,
        0.012646337498127186,
        0.14344064704767903,
        0.2240653440448681,
        0.15882433629832726,
        0.09787040005487843,
        0.012293137331193351,
        -0.027593213286740206,
        0.15835035862606947,
        -0.2440104931979108,
        0.29677452341271665,
        0.10982235418363404,
        0.12102463079171184,
        0.05964938427300863,
        0.14305825031169137,
        -0.020162030160669406
    ],
    "Number for Minimum Energy": 11258999975380224,
    "Elapsed Time [seconds]": 4.573832035064697,
    "Elapsed Time [hours, minutes, seconds]": [
        0,
        0,
        4.57
    ],
    "Current function value": -1.3421552053835017,
    "Iterations": 490,
    "Function Evaluations, Estimation": [
        556,
        76172
    ],
    "Gradient Evaluations": 556,
    "Number of Parameters": 136,
    "Minimum Parameters": [
        4.158738536642809,
        4.117051025065856,
        5.648009073153463,
        0.8555198935633177,
        3.3904234064494205,
        2.5388520237311636,
        3.2229330798672313,
        0.7550711336194492,
        0.7685442301939145,
        1.987382052526369,
        1.6004551077820042,
        2.6264071209232265,
        3.9620043841100387,
        3.9721107999612393,
        2.5538142505069397,
        2.5542098525150627,
        1.3301390978236673,
        3.767652802814935,
        2.08296433702099,
        0.48922355666803025,
        2.577634452773413,
        2.973143162634619,
        1.176392270160522,
        3.6041418896920567,
        3.3205811842161856,
        4.4704393510079266,
        4.0200613061649175,
        4.02731876849391,
        1.898161231261789,
        4.811958543200302,
        3.5743536022670366,
        2.7451861122709498,
        3.852316418212934,
        2.18455025637341,
        3.188933998746096,
        4.397562991448557,
        5.572613483278689,
        5.435060013053066,
        3.2189162519296253,
        3.6027126935572844,
        4.951934651619201,
        1.909184215873927,
        5.190759627877464,
        3.1337902021473933,
        0.6341121279679964,
        0.6452080940659296,
        5.275963950260149,
        0.2220838613198561,
        1.7208708360405622,
        2.160513687378122,
        1.2200576418467775,
        1.8156217003312838,
        4.473469748201472,
        -0.2638446785986121,
        4.92116109814411,
        5.239787510619213,
        2.8748702445677665,
        0.9622437707031631,
        3.853987492407638,
        0.7744655001237382,
        2.700649556658373,
        5.898677607111512,
        6.160034138784363,
        4.862993628941565,
        1.8242564167705562,
        4.361267658746776,
        4.442615961696639,
        2.4082271324023155,
        4.0800883502591985,
        0.27398728104907066,
        1.4284339309670242,
        3.31854614300366,
        1.1268487492422854,
        1.0543422744834825,
        5.631370657384,
        6.352977586985204,
        3.319049074806575,
        5.342866255295056,
        6.37302228646735,
        0.7348305508024453,
        3.055590535300639,
        2.7104369297336586,
        0.8343452798999766,
        4.85839258687547,
        2.651981000740239,
        2.7831682340908888,
        0.9737158730212815,
        0.9940341349696368,
        5.556932761804321,
        0.40139390590945945,
        1.591554792472984,
        1.840069532065638,
        2.9477947315058186,
        3.9554982281226274,
        3.2908367036004575,
        0.5949128878813122,
        1.4664733460689636,
        5.218977575131447,
        3.8984581912592913,
        3.926933457132541,
        4.351469940996413,
        4.342191156115126,
        0.2467953425229961,
        2.4954848754294825,
        3.2210769764804374,
        2.0675536243065995,
        5.527028974421265,
        3.076671511919057,
        4.993675341748089,
        5.273981796230854,
        3.38052144173647,
        5.797977650224841,
        3.7816123957157264,
        5.171926361316774,
        1.949419440730999,
        3.413034653659228,
        3.76801270159174,
        0.5153096093430698,
        2.4200386768560684,
        5.731660774475682,
        4.201870409912969,
        1.1824088172073666,
        2.1169263825170184,
        1.3938275933797089,
        0.1881435558425396,
        5.879495514398051,
        2.7947376648992677,
        2.0786931184948547,
        3.377825350277067,
        -0.22323908191564618,
        1.9763302382551209,
        4.50484109815798,
        3.887861224661708,
        6.002228756890931,
        3.938556456599421,
        0.5389414045310958
    ],
    "Cmin, Cmax, frob_norm, shift": [
        0.3369377722287652,
        2246.770729659739,
        249.26698098990568,
        349.59162707225994
    ]
}