{
    "Calculated Minimum Energy [norm, row]": [
        0.001346307982497518,
        -1.3889938257321046
    ],
    "Corresponding loss function": 0.01698336131079055,
    "Solution for Minimum Energy": [
        -1.0,
        1.0,
        1.0,
        -1.0,
        -1.0,
        1.0,
        1.0,
        -1.0,
        -1.0,
        -1.0,
        1.0,
        1.0,
        1.0,
        -1.0,
        1.0,
        1.0,
        -1.0,
        1.0,
        1.0,
        1.0,
        1.0,
        1.0,
        1.0,
        1.0,
        1.0,
        1.0,
        1.0,
        1.0,
        1.0,
        1.0,
        1.0,
        1.0,
        -1.0,
        1.0,
        1.0,
        1.0,
        1.0,
        1.0,
        1.0,
        1.0,
        1.0,
        1.0,
        1.0,
        1.0,
        1.0,
        1.0,
        -1.0,
        1.0,
        -1.0,
        1.0,
        1.0,
        1.0,
        1.0,
        1.0,
        1.0,
        1.0,
        -1.0,
        -1.0,
        1.0,
        -1.0
    ],
    "Corresponding exp value": [
        -0.08557368833610005,
        -0.011232293793098543,
        0.07632684595823552,
        -0.28137065685790313,
        -0.10035189773592837,
        -0.04603145778030326,
        -0.009467382424268181,
        -0.17730462064036168,
        -0.08317538460230986,
        -0.17193582780784056,
        0.10303075311690763,
        0.1530647304782865,
        0.13612875393038576,
        -0.11464369675766439,
        0.10324092139892083,
        0.11995365568503902,
        -0.12006663209005808,
        0.20490737844956525,
        0.15784477392466972,
        0.020997092672318057,
        -0.006813497395090383,
        0.18652317767592944,
        0.20067936434694494,
        0.3076623846180117,
        0.05078659603372875,
        0.10837485057391402,
        0.027514669160339397,
        0.0070343296777459555,
        0.0346832771679708,
        0.21484370118042714,
        0.2008255018710192,
        0.16481741457104157,
        -0.1969420640936315,
        0.13489539767628733,
        0.0347461487936891,
        0.16706271802227912,
        0.1384654680218106,
        -0.03937461620479134,
        0.3303897150607863,
        -0.03214914985653332,
        0.19390877482300461,
        0.08696274759358831,
        0.007494084238300619,
        0.03913069598132737,
        0.016769498159242842,
        0.08223531033460352,
        -0.16527630437686883,
        0.13044015996148406,
        -0.20756857083904484,
        -0.05556134019636739,
        0.08930998719388032,
        -0.05202130433511795,
        0.2500200683681297,
        -0.05442793786839438,
        0.06689202823343905,
        0.08893601912024607,
        -0.07729407204799307,
        -0.08431183389904995,
        0.08895924246836605,
        -0.08275931534990826
    ],
    "Number for Minimum Energy": 792985382433137561,
    "Elapsed Time [seconds]": 0.06866908073425293,
    "Elapsed Time [hours, minutes, seconds]": [
        0,
        0,
        0.07
    ],
    "Current function value": -1.2480702069570733,
    "Iterations": 2,
    "Function Evaluations, Estimation": [
        40,
        3836
    ],
    "Gradient Evaluations": 28,
    "Number of Parameters": 136,
    "Minimum Parameters": [
        4.170914030851563,
        3.0398879928694926,
        3.5904777081866874,
        4.8132735643032465,
        3.928228564933468,
        3.46881555746499,
        3.4859093152862908,
        1.8933385866438803,
        0.18941668759477348,
        2.7563621514693577,
        1.3683023835879233,
        2.600264546153113,
        5.28194914369873,
        1.3841984238927112,
        0.2796656885826562,
        1.8525561694255646,
        1.7995897629241704,
        4.148133009990783,
        3.5017248124946376,
        4.935697751698406,
        4.179517027281575,
        2.599779322471481,
        5.10513857337417,
        1.0745872899194313,
        0.11609960253986831,
        0.5100729190601941,
        4.580658824190514,
        3.0210465296232045,
        0.9155605149341968,
        3.2359493913442954,
        0.9497829491570383,
        4.393683138804662,
        2.778347195550643,
        2.364589917571671,
        1.955930871742713,
        4.0486379585102314,
        2.0874856079047452,
        0.7053367250538226,
        0.7664075625369638,
        5.946765783607594,
        5.554002341922738,
        4.368822626724716,
        1.7251647818871878,
        6.064732131999542,
        4.857353484464674,
        4.543255535456488,
        2.7045293629295304,
        1.7380360975038067,
        0.6686077690017518,
        5.665843034040692,
        2.8012777828180204,
        1.2117217711013493,
        2.021186087548188,
        3.5846519520512774,
        1.0737545291476347,
        5.388872129860834,
        4.677091764581816,
        4.552333612849673,
        2.6922938842499136,
        3.911871188832832,
        3.6077569808356182,
        4.049118094864478,
        0.6602874466147441,
        2.3913819686469124,
        0.3085305775689322,
        3.1199104997680958,
        2.2778091916215,
        1.0428714131247752,
        0.5863645228437525,
        3.7945853605516655,
        1.124319056786347,
        5.785344326776114,
        3.697523471697073,
        2.0954636654013745,
        3.781193760944803,
        0.2083864280598322,
        5.929144695003848,
        3.059317695282268,
        4.989269293794382,
        0.4968718836039145,
        2.9614001280868445,
        2.9786842621662286,
        5.88047659583668,
        3.5685091262701176,
        2.8637236297552042,
        1.7320565992068249,
        1.9564179676410631,
        3.2619545704871413,
        2.81539935093511,
        0.26498636492324107,
        4.980844920412756,
        5.415545077747262,
        0.859962404116961,
        3.6228249439370925,
        0.7477520300264524,
        4.154308883853721,
        1.6492920888990354,
        4.172230602279364,
        4.60037539067853,
        4.826364418771608,
        0.7374076124470395,
        5.680790368002382,
        1.3908718870013876,
        0.3086226646218271,
        3.4156260174010264,
        2.2600906486241015,
        5.340538400138472,
        5.092044234658737,
        1.8799651526466161,
        5.9847000990894115,
        1.8968154897941394,
        3.329627651164343,
        1.4127195726712365,
        5.941671928569209,
        1.0108713297825567,
        0.2330085282529286,
        2.7779821130944606,
        6.495848411888131,
        5.449593350599858,
        4.644190992137675,
        5.713239807846054,
        5.5632410511161625,
        3.1357630162851367,
        1.8652021297196852,
        4.974313345674546,
        4.287250204153497,
        2.2838838142197684,
        0.6374074438464296,
        4.74178379225509,
        1.643608918164802,
        5.993337146528135,
        1.4968424694526874,
        0.7207850675313802,
        5.386824982441451,
        0.9545630380205561,
        0.427817358851986
    ],
    "Cmin, Cmax, frob_norm, shift": [
        0.3369377722287652,
        2246.770729659739,
        249.26698098990568,
        349.59162707225994
    ]
}