{
    "Calculated Minimum Energy [norm, row]": [
        0.0014176159453054078,
        -1.3883511869973384
    ],
    "Corresponding loss function": -0.006469544186479739,
    "Solution for Minimum Energy": [
        1.0,
        -1.0,
        -1.0,
        -1.0,
        1.0,
        1.0,
        1.0,
        -1.0,
        -1.0,
        -1.0,
        1.0,
        -1.0,
        1.0,
        1.0,
        1.0,
        1.0,
        1.0,
        -1.0,
        1.0,
        1.0,
        1.0,
        -1.0,
        1.0,
        -1.0,
        1.0,
        1.0,
        1.0,
        1.0,
        -1.0,
        -1.0,
        1.0,
        1.0,
        1.0,
        1.0,
        1.0,
        1.0,
        1.0,
        1.0,
        1.0,
        1.0,
        1.0,
        1.0,
        1.0,
        1.0,
        1.0,
        1.0,
        1.0,
        1.0,
        1.0,
        1.0,
        1.0,
        1.0,
        1.0,
        1.0,
        1.0,
        1.0,
        1.0,
        1.0,
        1.0,
        1.0
    ],
    "Corresponding exp value": [
        0.1980062176385616,
        -0.28133126263359315,
        -0.3667210681317345,
        -0.35815397264425736,
        0.3599246314005822,
        -0.0018415525396600426,
        0.34382467915184073,
        -0.23426604008490765,
        -0.3007733611852777,
        -0.4371641256441496,
        0.16153022397567285,
        -0.44018548811165376,
        -0.03750837190917362,
        0.20948391166908173,
        0.4681939043664651,
        0.1977963923571475,
        0.0322888238611145,
        -0.34801776065845724,
        -0.002800121621485682,
        0.3107364143299062,
        -0.011769362341941585,
        -0.34756568810656285,
        0.14575475029978976,
        -0.4687851508597921,
        -0.056205982520709345,
        0.007012317258578651,
        -0.08995336480359986,
        -0.10402645520056317,
        -0.4976154318786451,
        -0.49199012837526274,
        0.040137187352662265,
        0.050328455188849104,
        0.17421202171385622,
        0.19424077211195043,
        0.07548657604566232,
        0.24867858258875722,
        0.10682397005416053,
        0.12068859798329529,
        0.191652887883672,
        0.1721961272197977,
        0.08732958103567527,
        0.04462874744361656,
        0.10687625689509166,
        0.17323120467526518,
        0.02113787583861333,
        0.045371089930977604,
        -0.01030850932397432,
        0.2904249675691526,
        0.009763488912390473,
        0.11611021919995713,
        0.08938091509084169,
        0.10299794900898644,
        -0.02663597014087637,
        0.039916215222880476,
        -0.008466674185722676,
        0.13625842259999663,
        0.16516766344978873,
        0.11419768447166642,
        0.010181439429788991,
        -0.03194047965327457
    ],
    "Number for Minimum Energy": 815926158,
    "Elapsed Time [seconds]": 1.5769579410552979,
    "Elapsed Time [hours, minutes, seconds]": [
        0,
        0,
        1.58
    ],
    "Current function value": -1.4807181038113373,
    "Iterations": 770,
    "Function Evaluations, Estimation": [
        771,
        105627
    ],
    "Gradient Evaluations": 771,
    "Number of Parameters": 136,
    "Minimum Parameters": [
        4.269546939048649,
        4.046474892588339,
        5.7121549943806595,
        0.953116307097163,
        3.0226640087767893,
        2.538133251479925,
        2.9518194468305676,
        0.7754191515534907,
        0.8896960227074169,
        1.773428825237748,
        1.8325401738769012,
        2.6704766687480985,
        3.917581866062405,
        4.035588972273868,
        2.627117576908721,
        2.5954163685474936,
        1.2130061400974659,
        3.674224778752678,
        1.9913489972061291,
        0.2855364564640296,
        2.5030140165414054,
        2.9542375749202576,
        1.3970247485766654,
        3.626037483216781,
        3.5156987072675903,
        4.423578108233291,
        4.123791603999237,
        3.9512148975074095,
        2.114633442719569,
        5.200660509120663,
        3.4351236244025047,
        2.8743264657643652,
        3.90323872777768,
        2.3500170389355013,
        3.1366137757183123,
        4.784255641303297,
        5.666820969562357,
        5.7733781153802495,
        3.0580191390875724,
        3.4039104547283054,
        5.256323458124496,
        1.8278634307392978,
        5.189330749810058,
        3.0821078746027863,
        0.7163699969264126,
        0.4793093580566751,
        5.360810580681495,
        0.2259633063862239,
        1.6458014728638617,
        2.1141035172717584,
        1.1028977095049883,
        2.048787791946211,
        4.5096076516062045,
        0.3267935076086092,
        5.09695475068879,
        5.494718589874584,
        2.3134194735124884,
        1.0709104696185996,
        3.669786307304366,
        0.7894676791107458,
        2.4846695168007638,
        5.921380547690647,
        6.197544737285648,
        4.936281502321214,
        2.016909290016505,
        4.453080739309286,
        4.297172907305065,
        2.1933330596405893,
        4.030959923030009,
        0.0817953270132774,
        1.2833853983894756,
        3.042369405822049,
        1.1228011355736343,
        0.9628268852145003,
        5.4336924578852415,
        6.356209484446363,
        3.369557988006519,
        5.4221675768499455,
        6.196830530168452,
        0.9822081578352959,
        2.933427971241811,
        2.5288724395389175,
        0.40362878766414956,
        5.131031149654299,
        2.7956780189617607,
        2.9203213106168273,
        0.8709960545249312,
        0.9632964867787556,
        5.578893723148622,
        0.29298686173361876,
        1.5235498822873887,
        1.8546405167739057,
        3.016342129013161,
        3.7683963582409077,
        3.0907557824658665,
        0.5890928666764118,
        1.6575750969989287,
        5.345474825168451,
        4.066826453046111,
        4.048623962919091,
        4.206056590184468,
        4.678099772257979,
        0.42566958968603863,
        2.317207440465839,
        3.2696433552654947,
        1.9214712024185256,
        5.342947928741188,
        2.946011401522959,
        4.638576737137126,
        5.21825002925698,
        2.9599647328817666,
        5.645746211465624,
        3.587385736015803,
        5.226081519618221,
        2.3740348908906723,
        3.283523420456898,
        3.60276696968887,
        0.5753088597196462,
        2.476249255933486,
        5.5951059755326655,
        4.257167153706252,
        1.1562701291591877,
        1.9979312256269717,
        1.371845543692482,
        0.11273443098507596,
        5.97672843546513,
        2.6572997553447757,
        1.9328255846143971,
        3.7248660750205733,
        0.020626235671245347,
        1.8161235442027024,
        4.562054102788101,
        4.117698050821697,
        6.292105592005066,
        3.939928300268101,
        1.2045087431253358
    ],
    "Cmin, Cmax, frob_norm, shift": [
        0.3369377722287652,
        2246.770729659739,
        249.26698098990568,
        349.59162707225994
    ]
}