{
    "Calculated Minimum Energy [norm, row]": [
        0.0001948383876693111,
        -1.3993710533852843
    ],
    "Corresponding loss function": -0.009181226248098225,
    "Solution for Minimum Energy": [
        1.0,
        1.0,
        -1.0,
        1.0,
        1.0,
        1.0,
        1.0,
        -1.0,
        1.0,
        1.0,
        1.0,
        -1.0,
        1.0,
        -1.0,
        1.0,
        1.0,
        1.0,
        -1.0,
        -1.0,
        -1.0,
        1.0,
        1.0,
        1.0,
        -1.0,
        -1.0,
        -1.0,
        1.0,
        1.0,
        1.0,
        1.0,
        1.0,
        1.0,
        1.0,
        1.0,
        -1.0,
        1.0,
        1.0,
        1.0,
        1.0,
        -1.0,
        1.0,
        -1.0,
        1.0,
        -1.0,
        1.0,
        1.0,
        -1.0,
        1.0,
        1.0,
        1.0,
        -1.0,
        1.0,
        -1.0,
        1.0,
        1.0,
        1.0,
        1.0,
        -1.0,
        -1.0,
        1.0
    ],
    "Corresponding exp value": [
        0.09834812574883481,
        0.18538168407616015,
        -0.17593431239375026,
        0.33692472445782423,
        0.18887863363257815,
        0.13888343692224456,
        0.20461555244248672,
        -0.056810963936295755,
        0.1866508145181108,
        0.13003875149480928,
        0.5306496508844203,
        -0.0489876930047521,
        0.07730089277726115,
        -0.1509319883185156,
        0.2167415027721392,
        0.09222950089093682,
        0.04739948189835694,
        -0.09663155360875629,
        -0.24558038260178086,
        -0.14573543220068105,
        0.1974227480597071,
        0.013845751882201322,
        0.07960204974491877,
        -0.14181950513796518,
        -0.12008830287833394,
        -0.09943342536371348,
        0.20558917025154286,
        0.09735309675228768,
        0.11708650622417796,
        0.24682696489968253,
        0.15269594236209844,
        0.09463246955066136,
        0.0524630828692867,
        0.2077251302199934,
        -0.10959652165989464,
        0.23121697784302475,
        0.16952469871068304,
        0.0053839783505859355,
        0.20870118289848355,
        -0.15074222392278885,
        0.06412129717259057,
        -0.1581060809364271,
        0.10774454402706775,
        -0.08961323648341671,
        0.2289144508866069,
        0.08129656689511516,
        -0.1873398627748083,
        0.11091032005301171,
        0.06554279444539252,
        0.23882695773072743,
        -0.12181765791710043,
        0.07147079010336065,
        -0.14581358028332828,
        0.06799441025529046,
        0.1467482746124659,
        0.07619765468166473,
        0.06881701751786701,
        -0.17305816472648944,
        -0.14560749640406082,
        0.17932851758529536
    ],
    "Number for Minimum Energy": 438056994617567364,
    "Elapsed Time [seconds]": 0.14690756797790527,
    "Elapsed Time [hours, minutes, seconds]": [
        0,
        0,
        0.15
    ],
    "Current function value": -1.4857164999369148,
    "Iterations": 7,
    "Function Evaluations, Estimation": [
        64,
        7124
    ],
    "Gradient Evaluations": 52,
    "Number of Parameters": 136,
    "Minimum Parameters": [
        3.0221291668298456,
        4.7901839673950795,
        5.4245479872123346,
        4.4438991661438045,
        5.894167246670888,
        4.863233908751193,
        5.363430074947365,
        0.7229134174245361,
        4.5560076976671295,
        2.6428362627084723,
        3.6395694192239136,
        4.0778280397940945,
        6.191944025732915,
        6.242060813475458,
        1.8066849974011758,
        4.78568903097543,
        4.733294138696564,
        2.0466684316105113,
        0.7369884116958849,
        0.23853198161478864,
        4.9403089788292025,
        3.057017967761435,
        6.020997137378497,
        2.9459675394138505,
        5.9110303301844915,
        2.587870749750324,
        5.008949266195252,
        0.6775611927570763,
        3.446537418037769,
        5.154582196924345,
        5.921204367341689,
        4.945793887845914,
        0.29726310843114334,
        2.2700959414832007,
        0.2210746063007388,
        0.6697378802557503,
        4.179982547978181,
        4.605338679686552,
        4.876779697211772,
        5.317393410378325,
        4.699267145863338,
        5.208190113110437,
        0.40811502566927677,
        1.491288589998113,
        4.001511202695229,
        5.308948631703595,
        -0.10851383911045169,
        3.2235392019406204,
        4.174144338502118,
        0.1845257940477195,
        2.424621013583487,
        5.824254744634608,
        4.129466546716767,
        1.3092232002207975,
        5.190047434857889,
        2.0246958342864123,
        5.449840550647158,
        1.902825529821207,
        3.737907301750011,
        2.4692868404489268,
        1.8118607824340325,
        5.411194788084288,
        1.148098972300934,
        0.7020105806548815,
        2.151640486808057,
        4.517724537688409,
        4.94624260220425,
        6.215367347035633,
        1.7801713959402257,
        2.6536094167000144,
        0.8698302121174132,
        3.484179970586184,
        6.250995715687743,
        4.4338364337428935,
        3.9047566384601406,
        2.391553734943748,
        5.745021280416038,
        3.138839241052988,
        0.8621394472008747,
        2.349026212650443,
        0.3612605127413439,
        1.2383449123368218,
        0.021884461107787467,
        2.4301270369371006,
        4.014218360151018,
        2.2437927106683304,
        2.598865075861823,
        5.946835241988309,
        4.6069303855030155,
        3.3063918226454243,
        1.6380202698186106,
        5.53174659183242,
        1.5129276476906546,
        2.007149345867033,
        5.664630604545801,
        3.5191961463831705,
        4.698030472805837,
        3.506323054823678,
        4.248182803205066,
        1.88177215910959,
        1.5680563787208501,
        1.9547705088543494,
        0.9351247094159815,
        5.49814482806175,
        1.6400651251967808,
        3.539675348018099,
        5.160153999970067,
        4.972889136634783,
        2.730872134870541,
        3.027920738118379,
        5.96205185502094,
        4.281842262769969,
        5.003225910885237,
        5.711251374316322,
        4.715033126862818,
        1.1856467467342893,
        3.656855217959677,
        0.8215989939373817,
        4.09230807487032,
        5.836321417652528,
        3.2728496382203143,
        2.690241368712803,
        0.2801062299169661,
        6.0422464091730355,
        0.5811747072856052,
        0.13556871547970165,
        1.4526152111583532,
        0.20593647441165142,
        2.8570901651196894,
        3.390955839264913,
        1.9042755903648045,
        0.4479849696685314,
        0.7449321692357381,
        2.302930234324087,
        0.38615345855956856,
        0.7664972122731564
    ],
    "Cmin, Cmax, frob_norm, shift": [
        0.3369377722287652,
        2246.770729659739,
        249.26698098990568,
        349.59162707225994
    ]
}