{
    "Calculated Minimum Energy [norm, row]": [
        0.00032647378852103376,
        -1.3981847341563691
    ],
    "Corresponding loss function": 0.018766104714321937,
    "Solution for Minimum Energy": [
        -1.0,
        1.0,
        -1.0,
        1.0,
        1.0,
        1.0,
        1.0,
        1.0,
        1.0,
        1.0,
        1.0,
        1.0,
        -1.0,
        -1.0,
        1.0,
        1.0,
        1.0,
        1.0,
        -1.0,
        -1.0,
        1.0,
        1.0,
        1.0,
        -1.0,
        -1.0,
        1.0,
        1.0,
        1.0,
        1.0,
        1.0,
        1.0,
        1.0,
        1.0,
        1.0,
        -1.0,
        1.0,
        1.0,
        -1.0,
        1.0,
        -1.0,
        1.0,
        -1.0,
        1.0,
        -1.0,
        1.0,
        1.0,
        -1.0,
        1.0,
        1.0,
        1.0,
        1.0,
        1.0,
        -1.0,
        1.0,
        1.0,
        1.0,
        1.0,
        -1.0,
        -1.0,
        1.0
    ],
    "Corresponding exp value": [
        -0.030627665507173784,
        0.18823951747418471,
        -0.20639721009185386,
        0.272341116490407,
        -0.002838256697636524,
        0.050032040476642364,
        0.22906570324578202,
        0.02316667795538846,
        0.07349161940328074,
        0.09461296343080647,
        0.4371832500251598,
        0.07187235870468209,
        -0.03101889622227212,
        -0.14478123426292264,
        0.23510361086616563,
        0.15874555985514693,
        0.021536958236018255,
        0.011218001900860485,
        -0.08263728666312234,
        -0.10099039697121916,
        0.16870853861841356,
        0.0017217639488657979,
        -0.01181250884136972,
        -0.08567754446914277,
        -0.24432051432310808,
        0.0795966720419096,
        0.18171033156721078,
        0.17951168089973057,
        0.16693659624651944,
        -0.003874995609093039,
        0.18936014737730203,
        0.04703774673277157,
        0.08524679920958962,
        0.19178985312646263,
        -0.07612643009254129,
        0.21786452240369678,
        0.2220096598258342,
        -0.03280661929885876,
        0.20801581795771298,
        -0.12870128097157235,
        0.08008725481988829,
        -0.11021125803881068,
        0.02619241224023449,
        -0.08749748395748846,
        0.18818076781636092,
        0.03979220373453113,
        -0.11284165832810922,
        0.129269432577699,
        0.0016187437300900567,
        0.21519819324684958,
        0.03350165357672376,
        0.023029448121778956,
        -0.08413140511949085,
        0.05739053618657529,
        0.05876315083289957,
        -0.015462922906740999,
        -0.021111843311123188,
        -0.06219019327912846,
        -0.22315958423915308,
        0.048784443180097774
    ],
    "Number for Minimum Energy": 436931232115994629,
    "Elapsed Time [seconds]": 0.12859797477722168,
    "Elapsed Time [hours, minutes, seconds]": [
        0,
        0,
        0.13
    ],
    "Current function value": -1.3473017219853922,
    "Iterations": 15,
    "Function Evaluations, Estimation": [
        78,
        9042
    ],
    "Gradient Evaluations": 66,
    "Number of Parameters": 136,
    "Minimum Parameters": [
        2.9850948270999798,
        4.789081243761902,
        5.4726758740606805,
        4.501102322175382,
        5.889064850438437,
        4.890106341158545,
        5.337940295548973,
        0.7357685585293219,
        4.590883741473088,
        2.7077161087224217,
        3.563986764268986,
        4.086025948091632,
        6.133941642327484,
        6.217666814122345,
        1.789911513481026,
        4.702322852183802,
        4.726222256197747,
        2.1311732226630458,
        0.7684323514718476,
        0.2225144357406769,
        4.889656859631814,
        3.0624064471815786,
        6.1015692967627615,
        2.9329072476284868,
        6.009241648127045,
        2.568329197252094,
        4.96650135871184,
        0.6407733352230948,
        3.48863613917277,
        5.147449505780185,
        5.895080297400839,
        5.007657855774648,
        0.3297815710308736,
        2.230057139082964,
        0.23154053216345694,
        0.6904871768977754,
        4.201593229659329,
        4.615518349815916,
        4.877239091042508,
        5.364973249265198,
        4.651846179390397,
        5.17239463077495,
        0.383532885305608,
        1.4932963493929086,
        4.035568007007345,
        5.330625911606229,
        -0.050090020520209375,
        3.20023684070412,
        4.165942527502277,
        0.17346348230716502,
        2.4673785914615047,
        5.745183209616497,
        4.117136211314108,
        1.4256296962742427,
        5.25770955279269,
        2.086091044781158,
        5.399843439732065,
        1.88637031461081,
        3.738528064179731,
        2.404372322367861,
        1.832673614594229,
        5.41930901737688,
        1.1494526212706089,
        0.6503352302796225,
        2.181383979126799,
        4.487971322533587,
        5.027700302338939,
        6.237843651636483,
        1.821347920388544,
        2.6533366627898403,
        0.8472757409213743,
        3.492763520381239,
        6.24564328172566,
        4.452977180932678,
        3.9034054708697608,
        2.420741703936836,
        5.806079510518512,
        3.1926524386737145,
        0.8995504545513906,
        2.3163349152867583,
        0.4025788342307476,
        1.2405348825005804,
        0.07562469008251713,
        2.5237826830933594,
        3.9749823701033242,
        2.2021908309186036,
        2.6528484600848716,
        5.971880127388556,
        4.613772429999761,
        3.3181085402617674,
        1.6829717130412902,
        5.568972631943098,
        1.4865116172993433,
        2.003931041843904,
        5.6788932471668465,
        3.473229033532693,
        4.728611297985545,
        3.5834233426417854,
        4.1220208242705905,
        1.8848467373646436,
        1.575543685154712,
        1.97342768695926,
        0.9338595999393612,
        5.571784861913228,
        1.6418638557594307,
        3.495792316501789,
        5.086237053337674,
        4.924058572438432,
        2.7939685949742583,
        3.0087549698713683,
        5.987027468636414,
        4.226923404756749,
        5.0713675431297665,
        5.707648041501431,
        4.830026349483198,
        1.2072822465562811,
        3.647401998317852,
        0.7441984241966713,
        4.080612236634415,
        5.901517084555186,
        3.264485013938287,
        2.709810482404043,
        0.22540854251393622,
        6.093146638958807,
        0.5732923960324502,
        0.17277587555453078,
        1.4325303448335776,
        0.27546322192385586,
        2.832247071917462,
        3.316992595642144,
        1.8833216524437484,
        0.39669170456258157,
        0.7342318283532645,
        2.372379513691037,
        0.3574302603413026,
        0.3060562502979342
    ],
    "Cmin, Cmax, frob_norm, shift": [
        0.3369377722287652,
        2246.770729659739,
        249.26698098990568,
        349.59162707225994
    ]
}