{
    "Calculated Minimum Energy [norm, row]": [
        0.01862989541702432,
        -1.2332313789620861
    ],
    "Corresponding loss function": 0.015076899895863163,
    "Solution for Minimum Energy": [
        -1.0,
        -1.0,
        1.0,
        1.0,
        1.0,
        1.0,
        1.0,
        -1.0,
        1.0,
        1.0,
        1.0,
        1.0,
        -1.0,
        1.0,
        1.0,
        1.0,
        -1.0,
        1.0,
        1.0,
        1.0,
        1.0,
        -1.0,
        1.0,
        1.0,
        1.0,
        1.0,
        1.0,
        1.0,
        1.0,
        1.0,
        1.0,
        -1.0,
        1.0,
        1.0,
        1.0,
        1.0,
        1.0,
        1.0,
        1.0,
        1.0,
        1.0,
        1.0,
        1.0,
        1.0,
        1.0,
        1.0,
        -1.0,
        1.0,
        -1.0,
        1.0,
        1.0,
        1.0,
        1.0,
        1.0,
        1.0,
        1.0,
        1.0,
        1.0,
        -1.0,
        1.0
    ],
    "Corresponding exp value": [
        -0.10831344625751854,
        -0.16255737958891964,
        0.06988943708552264,
        0.1380452315581671,
        0.05836363675774146,
        -0.01077357361977629,
        0.1849450149423698,
        -0.15667247631097467,
        -0.04091391313064528,
        -0.09931447927164647,
        0.45821077696903995,
        0.041714439675291565,
        -0.13352874272271725,
        -0.06277222776513001,
        0.11150367901220058,
        0.13749423670938637,
        -0.20623574007412523,
        0.1885828746615893,
        0.05698798510043589,
        -0.05388168039293412,
        0.04042413287941652,
        -0.33699087486326273,
        0.05076185241025563,
        0.059345516459745194,
        0.15937796134059964,
        -0.017975095981124716,
        -0.012389046183852205,
        0.07071882821774067,
        0.0739353714821101,
        0.05727293404177772,
        0.24726424958681933,
        -0.2571190358404082,
        0.01866137362104713,
        -0.02041979768913733,
        -0.05728471737541186,
        0.009252379324069509,
        -0.021018901473120105,
        -0.06604432634369171,
        0.12340381168131667,
        0.0714367076817643,
        0.009027561324392155,
        0.30510701204561197,
        -0.1010279490843007,
        -0.05728426566100161,
        0.05275964268780524,
        0.08423256596931963,
        -0.13509602455395173,
        0.04803256085235823,
        -0.163138603990073,
        -0.04541655796559793,
        -0.06686091594663807,
        -0.014961862968930546,
        0.09526692318008642,
        0.05783556915063927,
        -0.08665199601500771,
        0.08155946848014159,
        0.04255629331330281,
        -0.021441983415721712,
        -0.12174199560107253,
        0.006630542364480269
    ],
    "Number for Minimum Energy": 288582222022250627,
    "Elapsed Time [seconds]": 0.16027617454528809,
    "Elapsed Time [hours, minutes, seconds]": [
        0,
        0,
        0.16
    ],
    "Current function value": -1.2652515413175833,
    "Iterations": 1,
    "Function Evaluations, Estimation": [
        58,
        6302
    ],
    "Gradient Evaluations": 46,
    "Number of Parameters": 136,
    "Minimum Parameters": [
        4.495554195237278,
        1.2490309827983577,
        4.368411403586213,
        5.387823140945077,
        0.7355934378319103,
        3.9447818876728116,
        0.602658811853449,
        4.526833176535914,
        0.590435637157644,
        5.863182546769408,
        0.894177124388078,
        6.089237398746432,
        5.0415310714638775,
        3.700549628662724,
        4.924441079637114,
        4.940211628139642,
        5.798093186326462,
        1.536561176446028,
        3.719437696663309,
        0.6425035631393555,
        3.870787202618375,
        1.1289343061115238,
        3.6129931238858704,
        3.7204618961508267,
        2.867885118399059,
        3.302338861456105,
        4.810662763085477,
        4.913815084927642,
        3.0642805548806065,
        3.729508898511462,
        5.948643483094192,
        0.7890681794665687,
        0.783698499985891,
        0.5079224720411586,
        4.184267616219647,
        2.5746114708255563,
        4.851697210382945,
        4.078794956524656,
        2.038278956260922,
        5.516201748397766,
        4.778733838957213,
        1.6821395643245798,
        2.2615642558278584,
        1.9395507920536792,
        1.1127625030475734,
        0.9262843027369718,
        5.841872341692628,
        2.787488874021341,
        2.517081071749996,
        4.46228772362682,
        3.4206866903795503,
        5.826316998942054,
        4.783845912181854,
        2.9854844209111135,
        2.29993808552768,
        6.256050615995102,
        4.59481218792118,
        5.926518338088261,
        0.6997408336614918,
        5.355605804882174,
        4.088563880977936,
        0.6572811758913019,
        3.6513012676165784,
        4.393930100916366,
        0.06367082200158376,
        2.796226131538703,
        5.140955290362395,
        1.78534849473258,
        2.8857506631094827,
        2.704853341066551,
        1.8800850349796643,
        5.679862615557282,
        4.992771487821008,
        0.5834232872974134,
        6.355395704338249,
        5.3167505645742335,
        1.804261625055279,
        5.235507953168567,
        0.5994889162442539,
        6.397919346776951,
        4.203217403842727,
        4.176483580688347,
        0.5575160366581926,
        5.724194902668724,
        0.15854173040140018,
        1.4318623798040133,
        0.7956805716592982,
        4.9275099253168335,
        1.2704881572610351,
        5.625024619741035,
        4.193582524181293,
        0.1690920608618069,
        -0.01998273409124742,
        0.31026307933570885,
        3.80078732770474,
        5.1231096292788685,
        1.522396302722069,
        5.34368169387293,
        0.33029960792831636,
        5.03976108703849,
        5.678266986760245,
        4.940973093003299,
        4.382825216319838,
        5.17899154517095,
        0.22386833859640703,
        1.171215677816675,
        0.7460756216025002,
        3.186222030981039,
        4.69307759931639,
        3.965110547522787,
        5.374513257957,
        1.0427420856213208,
        4.584449607852498,
        1.2933089424774327,
        1.6637041683081177,
        4.412408720181412,
        6.202773912775344,
        3.9136444388337646,
        0.28336957896107856,
        3.7988882891042057,
        0.24579872716204443,
        5.4325984522566095,
        4.471299907926363,
        1.1084915054670819,
        0.6289802536395526,
        1.1969390828403346,
        6.143311753347041,
        2.8042846927512812,
        4.904119135437663,
        4.055530068790797,
        3.6260114993140675,
        0.8643534557420985,
        5.922893785849402,
        1.8047240674232246,
        3.680729282788361,
        0.6496820604973307
    ],
    "Cmin, Cmax, frob_norm, shift": [
        0.3369377722287652,
        2246.770729659739,
        249.26698098990568,
        349.59162707225994
    ]
}