{
    "Calculated Minimum Energy [norm, row]": [
        0.000535220711050513,
        -1.3963034735944588
    ],
    "Corresponding loss function": -0.009715156453782207,
    "Solution for Minimum Energy": [
        -1.0,
        1.0,
        1.0,
        1.0,
        1.0,
        1.0,
        1.0,
        -1.0,
        1.0,
        1.0,
        1.0,
        1.0,
        -1.0,
        1.0,
        1.0,
        1.0,
        -1.0,
        1.0,
        -1.0,
        -1.0,
        -1.0,
        -1.0,
        1.0,
        1.0,
        1.0,
        -1.0,
        1.0,
        1.0,
        1.0,
        1.0,
        1.0,
        -1.0,
        1.0,
        1.0,
        1.0,
        1.0,
        1.0,
        -1.0,
        1.0,
        -1.0,
        1.0,
        1.0,
        1.0,
        1.0,
        1.0,
        1.0,
        1.0,
        -1.0,
        -1.0,
        -1.0,
        1.0,
        -1.0,
        1.0,
        -1.0,
        -1.0,
        1.0,
        1.0,
        1.0,
        1.0,
        1.0
    ],
    "Corresponding exp value": [
        -0.06692896386115088,
        0.034804107961120045,
        0.07594008319998263,
        0.07653310813089592,
        0.15336399787067848,
        0.06192036380105098,
        0.03376899761534177,
        -0.1851424276568139,
        0.10995786644637343,
        0.058949415257317894,
        0.44978670326909664,
        0.10016220673531182,
        -0.2932938833684488,
        0.09767564962894329,
        0.08322862591360047,
        0.105932977439191,
        -0.19342555848708712,
        0.121234144902515,
        -0.10795957437828285,
        -0.0805408843790697,
        -0.19175985459950548,
        -0.31006185724128343,
        0.12272993965441636,
        0.04310849662135438,
        0.23879839921000973,
        -0.19657470159633997,
        0.09486921975534668,
        0.09368142023093556,
        0.08001927296146683,
        0.0769983152362633,
        0.2517210851464497,
        -0.2425968771291505,
        0.1925261476150025,
        0.09035606065262272,
        0.1810417002170394,
        0.09144419085393554,
        0.03829620927133542,
        -0.20236773537847602,
        0.16551345972998638,
        -0.06657196745353128,
        0.18680127996211798,
        0.18103280215740808,
        0.031477607520506434,
        0.03477682365668654,
        0.10683489580155302,
        0.045655346411026254,
        0.01352231855963116,
        -0.17186982489597952,
        -0.035612089552477674,
        -0.04182484954168636,
        0.13256828124109993,
        -0.19447493879766178,
        0.06381427090863381,
        -0.08769610169337469,
        -0.1404475208593342,
        0.09760915676235338,
        0.15392618424711826,
        0.019322752235095275,
        0.0526654529778706,
        0.04075953546684443
    ],
    "Number for Minimum Energy": 30259249376202881,
    "Elapsed Time [seconds]": 0.7195401191711426,
    "Elapsed Time [hours, minutes, seconds]": [
        0,
        0,
        0.72
    ],
    "Current function value": -1.4962977574063472,
    "Iterations": 100,
    "Function Evaluations, Estimation": [
        101,
        13837
    ],
    "Gradient Evaluations": 101,
    "Number of Parameters": 136,
    "Minimum Parameters": [
        4.517433381192503,
        1.1630284482613633,
        4.476047893905987,
        5.416019566205705,
        0.7177911824853771,
        4.000745687080867,
        0.5687673107776349,
        4.557903088945961,
        0.6992400282635015,
        5.885054634668494,
        0.8459647025533287,
        6.095172484532709,
        5.008541518172602,
        3.692802406121707,
        4.945260252805014,
        4.846740967256491,
        5.728566383305168,
        1.4770419224553812,
        3.8609407877853097,
        0.7162362492257539,
        3.8983971073246666,
        1.1942674211552216,
        3.7109401076448205,
        3.82061605779008,
        2.8708096084492123,
        3.3832727937331146,
        4.831047688309287,
        4.725013097580889,
        2.9797151972505818,
        3.5490811582862314,
        6.037256052522242,
        0.7723311757910428,
        0.8158822756658793,
        0.44203496993578634,
        4.286922657772277,
        2.6157338189341397,
        4.787928934692164,
        4.046468220599741,
        2.0412269590687555,
        5.469888888233207,
        4.691863178567454,
        1.7211898238282086,
        2.241546558119587,
        2.005054528469285,
        1.2625171672110842,
        0.8170551500286802,
        5.778688510266068,
        2.886703984713159,
        2.6307995303840257,
        4.370641716678577,
        3.401355285037391,
        5.73840618014442,
        4.722208748376368,
        2.955541907744872,
        2.3277624348607677,
        6.244862374785175,
        4.552319147202296,
        5.8678160162530615,
        0.5958384991143777,
        5.244266174799623,
        4.007402330109777,
        0.5143905630935278,
        3.668976538552624,
        4.427572304600099,
        0.14936313672952256,
        2.801065514990672,
        5.051382797229738,
        1.8641352224570304,
        2.864207018240388,
        2.713958603775238,
        1.829998963750064,
        5.555735681651044,
        5.055521871489744,
        0.5422542890290967,
        6.384975932252654,
        5.138804664499999,
        1.755828901834698,
        5.340790738213793,
        0.5402047425193166,
        6.487144442717955,
        4.2082606692174025,
        4.0631229236957696,
        0.5296712687881725,
        5.634847324449055,
        0.11291076387002098,
        1.3980544094065661,
        0.6747501058630337,
        4.864803488950232,
        1.092079559308536,
        5.665776335829633,
        4.129966774975692,
        -0.05303062276631003,
        -0.008377388280237227,
        0.3342138239234425,
        3.838617056843459,
        5.158017413662585,
        1.5193456295170078,
        5.350442264278481,
        0.21561934326889262,
        5.123690190299736,
        5.707581955163481,
        5.018003220112467,
        4.404248644121482,
        5.1174574162564594,
        0.2090345043567021,
        1.0157842429348753,
        0.6125937085532905,
        3.3234167260660694,
        4.550239136643022,
        3.8262309270019874,
        5.3681643740587965,
        0.9662923752510113,
        4.580089694374358,
        1.1812994006423094,
        1.7207027951995426,
        4.393040863160013,
        6.127415464229486,
        3.862593828715255,
        0.41287083769591315,
        3.8155391079433443,
        0.16810447771874465,
        5.46084751159485,
        4.400481599850002,
        1.0747888846899292,
        0.650885076174515,
        1.1599955627005358,
        6.100993358176221,
        2.844759641283549,
        4.907844130959726,
        4.047379624046082,
        3.5051678595839024,
        0.9501121167446513,
        6.117657721503132,
        1.6975942355902738,
        3.8039055509916446,
        0.22959528447035676
    ],
    "Cmin, Cmax, frob_norm, shift": [
        0.3369377722287652,
        2246.770729659739,
        249.26698098990568,
        349.59162707225994
    ]
}