{
    "Calculated Minimum Energy [norm, row]": [
        0.0018831947120151518,
        -1.3841553168898395
    ],
    "Corresponding loss function": 0.017513159594486478,
    "Solution for Minimum Energy": [
        1.0,
        -1.0,
        1.0,
        1.0,
        -1.0,
        -1.0,
        1.0,
        -1.0,
        -1.0,
        -1.0,
        1.0,
        -1.0,
        -1.0,
        -1.0,
        1.0,
        1.0,
        -1.0,
        1.0,
        -1.0,
        1.0,
        1.0,
        -1.0,
        1.0,
        1.0,
        1.0,
        -1.0,
        1.0,
        1.0,
        1.0,
        1.0,
        1.0,
        -1.0,
        1.0,
        1.0,
        1.0,
        1.0,
        -1.0,
        -1.0,
        1.0,
        1.0,
        -1.0,
        1.0,
        -1.0,
        1.0,
        -1.0,
        1.0,
        -1.0,
        1.0,
        -1.0,
        1.0,
        -1.0,
        1.0,
        1.0,
        -1.0,
        1.0,
        1.0,
        1.0,
        1.0,
        -1.0,
        -1.0
    ],
    "Corresponding exp value": [
        0.021563602144990816,
        -0.22037267796277304,
        0.007373156004617635,
        0.15885010040226985,
        -0.04479527142124386,
        -0.183609206501791,
        0.28259817851883634,
        -0.0716152738501509,
        -0.06002742497489476,
        -0.06899639801058954,
        0.49851336603091906,
        -0.03139089166621437,
        -0.1928714504369283,
        -0.0690307989087252,
        0.03339895999726762,
        0.14707653069668095,
        -0.21532427147183408,
        0.14758988635747122,
        -0.033896867611976106,
        -0.010673654971560732,
        0.2499392570938807,
        -0.33777021451545597,
        0.15029834053864977,
        0.10470181182446421,
        0.30868812802186046,
        -0.1084197662158861,
        0.004765202522189771,
        0.12396500883014781,
        0.16096968825756144,
        0.10954617085439909,
        0.2672759147336064,
        -0.22147407664200508,
        0.025797422490713925,
        0.05973921205053835,
        -0.01932735223880045,
        0.007786176910411511,
        -0.08540069775050177,
        -0.05251734245937098,
        0.04930947938962149,
        0.03888841041460999,
        -0.10749324781163414,
        0.2681994273442835,
        -0.036080094401281314,
        0.04146245421366937,
        -0.1523493541142568,
        0.011622849041679918,
        -0.14715543885621551,
        0.027298161758775325,
        -0.11517175716553635,
        0.015022648258267176,
        -0.1218544155508165,
        0.031556639780457876,
        0.05528134299571254,
        -0.03763349163872869,
        -0.004633261573672711,
        0.018728787141221698,
        0.0648317994294214,
        0.13754056524186012,
        -0.07801620964954929,
        -0.04269123937910229
    ],
    "Number for Minimum Energy": 875199369423698866,
    "Elapsed Time [seconds]": 0.0826115608215332,
    "Elapsed Time [hours, minutes, seconds]": [
        0,
        0,
        0.08
    ],
    "Current function value": -1.258666397823843,
    "Iterations": 4,
    "Function Evaluations, Estimation": [
        51,
        5343
    ],
    "Gradient Evaluations": 39,
    "Number of Parameters": 136,
    "Minimum Parameters": [
        4.4694613795164475,
        1.2534491958879412,
        4.4037434121465555,
        5.384876137305001,
        0.7135997975914323,
        3.9690103986332357,
        0.5821410166409624,
        4.547401107058442,
        0.6121431343833009,
        5.847649390027285,
        0.8760990261192897,
        6.1052515967761325,
        5.0001592252535545,
        3.7339053662253616,
        4.9612596768295125,
        4.928746473792263,
        5.792142127554245,
        1.4780121067164822,
        3.7403384272798212,
        0.6651281278522579,
        3.858591636055525,
        1.154656435931507,
        3.6305578060131123,
        3.7991971291463704,
        2.855774443845633,
        3.3312340842454327,
        4.785707092813968,
        4.802616948036043,
        3.078089208524213,
        3.5820231153079996,
        6.000985593316455,
        0.8185641458012685,
        0.7897788433188182,
        0.4278989961650264,
        4.242108761018363,
        2.536444260820833,
        4.861404451588776,
        4.015752667741128,
        2.0162539046283223,
        5.473869343053554,
        4.782938396214321,
        1.7381447472008755,
        2.2002862004535038,
        1.8856586750204,
        1.2235820727670268,
        0.8929876701385544,
        5.815530237498861,
        2.8117923941562895,
        2.56889266730386,
        4.396260807300498,
        3.342341062343225,
        5.774757242048271,
        4.732197263277641,
        2.9084976685345314,
        2.284610329480499,
        6.268143200746492,
        4.5895264436814625,
        5.912371570671805,
        0.6403101646275986,
        5.293449436401374,
        4.155839707130752,
        0.5491640110968262,
        3.659783069333563,
        4.431191362467499,
        0.13434026991022363,
        2.774989899514652,
        5.0593130139232345,
        1.7787939643997182,
        2.8920954859245547,
        2.6543150708397443,
        1.8602285820165527,
        5.633060683348544,
        5.001847837143326,
        0.5406985269103719,
        6.407069180921651,
        5.157860650108156,
        1.7661581760011242,
        5.245880620057032,
        0.5378770533274653,
        6.508422376724215,
        4.251146672102608,
        4.213781924640737,
        0.5333386483487068,
        5.744687650273941,
        0.18330175055614628,
        1.390252056516758,
        0.7024490742548106,
        4.914147835035751,
        1.2423165679209063,
        5.606441357059772,
        4.19286188044045,
        0.13105129735342969,
        -0.0350925769133722,
        0.3626354456412121,
        3.784861657771927,
        5.196240600926753,
        1.5673935438441475,
        5.35988101005863,
        0.36701687272891403,
        5.067510303965549,
        5.597499073440797,
        4.991896378739008,
        4.430990205102214,
        5.07252728835485,
        0.25255806421409305,
        1.1260736189330505,
        0.7131658427430235,
        3.2376864352735866,
        4.7674758917078295,
        3.897831049379171,
        5.445472927087945,
        1.1153223757134654,
        4.587938781055742,
        1.383747320032878,
        1.5714466254738277,
        4.407714317027151,
        6.104227218506185,
        3.915859541481368,
        0.31866576650574013,
        3.785262746296645,
        0.23649811980819738,
        5.443400636582693,
        4.482535059749527,
        1.0806012764332742,
        0.665519289550418,
        1.170906228230139,
        6.166980800673705,
        2.8015368394084716,
        4.862344100275696,
        4.055802506363074,
        3.591396556105966,
        0.8015214731292792,
        5.931718488221132,
        1.7329742962582337,
        3.7492458904076362,
        0.46287343823697247
    ],
    "Cmin, Cmax, frob_norm, shift": [
        0.3369377722287652,
        2246.770729659739,
        249.26698098990568,
        349.59162707225994
    ]
}