{
  "iter": 3,
  "loss": 0.09416413041487469,
  "cost": 0.009085961532892584,
  "parameters": [
    4.389389273051286,
    1.3321713664752795,
    4.423903374589481,
    5.342685935425034,
    0.6771504372990912,
    4.004804969510992,
    0.5989955341575721,
    4.482705148377675,
    0.6118488595397904,
    5.870376001322233,
    0.8773397985873826,
    6.148474234829824,
    4.978872603482312,
    3.720703907199399,
    5.011588957493208,
    5.0046003409154975,
    5.709519410097339,
    1.5347599376832406,
    3.692964193123417,
    0.6292816718147834,
    3.889119288424404,
    1.1416134089052419,
    3.666684788670017,
    3.7794776137219057,
    2.841192024713077,
    3.3126702736094655,
    4.869676852544163,
    4.845975240688021,
    3.0802177693365347,
    3.771148302108793,
    6.050002639567076,
    0.9039219670474951,
    0.8004060605010037,
    0.5067075812848247,
    4.225508690211219,
    2.561318388608658,
    4.842209328178729,
    4.000337144751457,
    2.0687535747207724,
    5.472929957390086,
    4.746684590497381,
    1.7157427017158493,
    2.1952880866083166,
    1.9222216323811383,
    1.169542728421235,
    0.935957445243973,
    5.776289135472999,
    2.910469473381474,
    2.567306059787239,
    4.37824870660715,
    3.4494724427894896,
    5.800189814207272,
    4.705282344514937,
    2.915467314140486,
    2.325671393022497,
    6.236135508335959,
    4.632523968632195,
    5.95784730940111,
    0.7561119793556191,
    5.409302364021307,
    4.1806983271894005,
    0.5534019527757417,
    3.5782879745846907,
    4.44465517322781,
    0.09769223727002423,
    2.8278916620318544,
    5.156482242762402,
    1.6868365059577153,
    2.932284167110387,
    2.6038659116853684,
    1.9312489193850089,
    5.613742921591204,
    5.043026068125983,
    0.5492312569143606,
    6.332147100584874,
    5.130284914082281,
    1.8886897881738138,
    5.264247771489493,
    0.5276539138236483,
    6.464693603915265,
    4.260329492973136,
    4.250875277343216,
    0.6016827665945037,
    5.8036115752836785,
    0.2257832505983624,
    1.4106178593764123,
    0.7142474698952421,
    4.985706303916164,
    1.3465379177717818,
    5.588003798733039,
    4.281313604997069,
    -0.0006965534778688165,
    0.028155357091095998,
    0.3142883812509857,
    3.8285489042819862,
    5.171687311422321,
    1.6097480393556616,
    5.312738805333247,
    0.3264441701246879,
    4.962980445895274,
    5.625706795086166,
    4.90289301540505,
    4.3885306051346475,
    5.1470470841420966,
    0.21966654222585658,
    1.1366225611648213,
    0.6635367254381226,
    3.2269930851536244,
    4.725327585858743,
    3.9373452849828428,
    5.369483911680844,
    1.0980657232546047,
    4.591037002951047,
    1.3005146221557815,
    1.6867908396062519,
    4.303112484978427,
    6.232434558629049,
    3.9956151595944203,
    0.24341180002408785,
    3.8268330254815184,
    0.27966747094692623,
    5.291497162794127,
    4.495636761579038,
    1.1544300182794112,
    0.7433393973720449,
    1.2606516044083749,
    6.173582163708919,
    2.7320123433096803,
    4.7951674760169025,
    4.148152108543044,
    3.6320008373488895,
    0.8250418343648775,
    5.890093752108497,
    1.707401979312347,
    3.7538463793642243
  ],
  "number for cost": 874073439519201570
}