{
  "Calculated Minimum Energy [norm, row]": [
    1.1240644343365136e-05,
    -2.020001096761052
  ],
  "Solution for Minimum Energy": [
    1,
    1,
    1,
    1,
    -1,
    1,
    1,
    1,
    1,
    1,
    -1,
    -1,
    1,
    1,
    -1,
    1,
    1,
    1
  ]
}