{
    "Calculated Minimum Energy [norm, row]": [
        3.342432645731133e-05,
        -7.263171565166842
    ],
    "Corresponding loss function": 3.4231787072969114e-05,
    "Solution for Minimum Energy": [
        1.0,
        1.0,
        1.0,
        1.0,
        -1.0,
        1.0,
        1.0,
        -1.0,
        -1.0,
        -1.0,
        1.0,
        1.0,
        1.0,
        1.0,
        1.0,
        1.0,
        1.0,
        1.0,
        1.0,
        1.0,
        -1.0,
        -1.0,
        -1.0,
        1.0,
        1.0,
        1.0,
        1.0,
        1.0,
        1.0,
        -1.0,
        1.0,
        1.0,
        -1.0,
        1.0,
        1.0,
        1.0,
        1.0,
        1.0,
        1.0,
        1.0,
        1.0,
        -1.0,
        1.0,
        1.0,
        -1.0,
        1.0,
        -1.0,
        1.0,
        1.0,
        1.0,
        1.0,
        1.0,
        1.0,
        1.0,
        1.0,
        1.0,
        1.0,
        1.0,
        1.0,
        1.0,
        1.0,
        1.0,
        1.0,
        1.0,
        1.0,
        1.0,
        1.0,
        1.0,
        -1.0,
        1.0,
        1.0,
        1.0,
        1.0,
        1.0,
        1.0,
        1.0,
        -1.0,
        1.0,
        1.0,
        1.0,
        1.0,
        1.0,
        1.0,
        1.0,
        1.0,
        1.0,
        -1.0,
        1.0,
        1.0,
        -1.0,
        1.0,
        1.0,
        1.0,
        1.0,
        1.0,
        1.0,
        -1.0,
        1.0,
        1.0,
        1.0,
        1.0,
        1.0,
        1.0,
        -1.0,
        1.0,
        1.0,
        1.0,
        1.0,
        1.0,
        1.0,
        -1.0,
        1.0,
        1.0,
        1.0,
        1.0,
        1.0,
        1.0,
        1.0,
        1.0,
        1.0,
        1.0,
        1.0,
        1.0,
        1.0,
        1.0,
        1.0,
        1.0,
        1.0,
        1.0,
        1.0,
        1.0,
        1.0,
        1.0,
        1.0,
        1.0,
        1.0,
        1.0,
        1.0,
        1.0,
        1.0,
        1.0,
        1.0,
        -1.0,
        1.0,
        1.0,
        1.0,
        1.0,
        1.0,
        -1.0,
        1.0,
        1.0,
        1.0,
        1.0,
        1.0,
        1.0,
        -1.0,
        1.0,
        -1.0,
        1.0,
        1.0,
        -1.0,
        1.0,
        -1.0,
        1.0,
        -1.0,
        1.0,
        1.0,
        1.0,
        1.0,
        1.0,
        1.0,
        1.0,
        1.0,
        1.0,
        1.0,
        1.0,
        1.0,
        -1.0,
        1.0,
        1.0,
        1.0,
        1.0,
        1.0,
        -1.0,
        1.0,
        1.0,
        -1.0,
        1.0,
        1.0,
        1.0,
        1.0,
        1.0,
        1.0,
        1.0,
        -1.0,
        1.0,
        1.0,
        1.0,
        1.0,
        1.0,
        1.0,
        1.0,
        1.0,
        1.0,
        -1.0,
        1.0,
        1.0,
        1.0,
        -1.0,
        1.0
    ],
    "Corresponding exp value": [
        0.04563438696047627,
        0.1434251742085989,
        0.0930040880627942,
        0.1605336711167887,
        -0.041788889889500094,
        0.045655224236510056,
        0.03224399126858768,
        -0.030445628477942785,
        -0.012051673822524606,
        -0.03560109365497847,
        0.11488570508319285,
        0.08392973352422753,
        0.08158243405213056,
        0.10656562870168135,
        0.06562882209588061,
        0.023828770869063105,
        0.07000946685004808,
        0.021114979792826748,
        0.05943337666422893,
        0.07899752247735317,
        -0.0967571150042715,
        -0.0765050565485201,
        -0.11179428754482548,
        0.12734191635718753,
        0.08872853577397705,
        0.1356294391079773,
        0.08318993208192124,
        0.09358333528908955,
        0.20128100594229756,
        -0.04052629544207205,
        0.09030927220864463,
        0.0882160215495803,
        -0.09526811050773748,
        0.02859191273692263,
        0.04631185670782245,
        0.11014122154419315,
        0.06689509343707167,
        0.11244811997016069,
        0.061245360781984864,
        0.08614395820765597,
        0.106208770424504,
        -0.07579891744688985,
        0.04500617383621974,
        0.09642979424944448,
        -0.050376274005345195,
        0.08648133481370127,
        -0.06129615802053329,
        0.053276219759845936,
        0.07469256278118777,
        0.08694125847027095,
        0.10418690496771338,
        0.06079709184396406,
        0.049653988725674184,
        0.0683897805979242,
        0.07824348425888875,
        0.06496700153767146,
        0.062088048069547264,
        0.06008074271754915,
        0.07087270320825423,
        0.06627201195438781,
        0.04350860822098636,
        0.0584398690791382,
        0.09154454043467694,
        0.042944634249949876,
        0.1595708369471022,
        0.039177331413450776,
        0.045531243805248936,
        0.05792048973824562,
        -0.049658583433849185,
        0.07209962466652724,
        0.12840100941326443,
        0.05980996984014176,
        0.060233763433047566,
        0.1340338484559252,
        0.052585626904316396,
        0.04620451750170353,
        -0.06531962222960919,
        0.06841771446568504,
        0.06185442340750348,
        0.08766424690420159,
        0.18080911638367717,
        0.1485251437941382,
        0.05837486331138228,
        0.10474948353163113,
        0.13436378277046343,
        0.062255934817547924,
        -0.06124867045460103,
        0.0849556145149834,
        0.046746942235212544,
        -0.057430166412975395,
        0.050548614964071106,
        0.13230010912569298,
        0.06163954574602393,
        0.11954286810476618,
        0.03927995810338447,
        0.1375244294051047,
        -0.029888434656958184,
        0.06231067345550676,
        0.09678776957774603,
        0.1126454334640945,
        0.13728213657866614,
        0.1280462462496479,
        0.11824414554261059,
        -0.030186222582848924,
        0.041852944688360365,
        0.09098015773100382,
        0.10828890810530573,
        0.07010814780082568,
        0.05565652786204531,
        0.03757367938648703,
        -0.06944213519617638,
        0.10232952450386729,
        0.1260454514585254,
        0.12006603807973523,
        0.11955717587961566,
        0.11377329462541581,
        0.0546065422588315,
        0.09375529474309607,
        0.038406778356495516,
        0.194694339155811,
        0.07812561766640824,
        0.05894738457193336,
        0.12306546608948728,
        0.07353913583025891,
        0.02980682223749579,
        0.11711316992958638,
        0.06876190548655212,
        0.1260809600775301,
        0.1612367215393776,
        0.20265026532486272,
        0.049658978434021284,
        0.13201711235210906,
        0.10075902884626917,
        0.15788937160205807,
        0.0746063700959258,
        0.08429772312753928,
        0.09979149693808308,
        0.05048120524227922,
        0.10293124466916491,
        0.12529615639238875,
        0.07845689113473157,
        0.06421031972602322,
        -0.06525856584049239,
        0.10150120562112516,
        0.0954401882772039,
        0.19126606924538234,
        0.052099285984397614,
        0.04555841225716946,
        -0.06262077386483117,
        0.079644264560107,
        0.04823331139938856,
        0.050741289498966675,
        0.042305333386702386,
        0.05768328151376281,
        0.08193206124285606,
        -0.040723825577383875,
        0.08121476901829615,
        -0.0802742495903373,
        0.06231766365777475,
        0.08511114486194597,
        -0.10808021542565607,
        0.12250001782219613,
        -0.07392041167308283,
        0.1792854419611667,
        -0.0338029687284668,
        0.041184548884702604,
        0.0703825266305776,
        0.08032396139789261,
        0.05161178191657065,
        0.03152020733879498,
        0.05611212466592149,
