Iteration,Energy,Loss Function,Bias
0,0.18363694525869495,0.19446079568567912,0.0
1,0.09049407782248817,0.09706470458194534,0.12368159975827996
2,0.04023319786035571,0.05035734027178736,0.19853343215639419
3,0.0038656916002634636,0.015764360474523183,0.26375076935093067
4,0.0022402002434334513,0.013150778276206216,0.39895791023837457
5,0.0005812823730193366,0.011935520792720858,0.47427130818065144
6,0.0007187856888421505,0.01154700685032875,0.5576840230244877
7,0.0007063804775640925,0.011524690905309184,1.1763941119214105
