Iteration,Energy,Loss Function,Bias
0,0.18363694525869495,0.1755964235567022,0.0
1,0.011256853350109624,0.03061218373375907,0.31634828635223605
2,0.02515442974710632,0.0227899092220638,0.9876774754223707
3,0.010000874905983679,0.012584581190280598,1.0503857112191655
4,0.0010689420309360363,0.0101341576009967,1.2527505708871844
5,0.0026646602688874597,0.009323649318482237,1.719489423792713
6,0.00277505837683003,0.008896167059149303,2.0794273707683137
7,0.0006615811863800271,0.008600441469403782,2.6200253525293675
