Iteration,Energy,Loss Function,Bias
0,0.15557962555624077,0.1525756512565541,0.0
1,0.03535723652044111,0.05051379937033916,0.16202852634951662
2,0.0069362010300396465,0.01828421902185934,0.4812305186680762
3,0.00177480089162546,0.013933371673492118,0.7914869687082031
4,0.0002921522331720383,0.011634357049969736,0.8531380136585794
5,0.0005221155187699971,0.011108476668544209,1.0170761150643362
6,0.0003608424716338405,0.0110673020573623,1.2241663307321267
