Iteration,Energy,Loss Function,Bias
0,0.12722205378867435,0.1419754257458112,0.0
1,0.06049156720024008,0.011036723519007982,0.9452428341608489
