Iteration,Energy,Loss Function,Bias
0,0.062081551613286545,0.15012468249699132,0.0
1,0.04715958384797097,0.013918142019415308,0.9242274041836999
2,0.04083887514613066,0.008301310581695063,0.7471673568526576
3,0.04025861046677602,0.007984588861274533,0.6988510051845751
4,0.03822817280804737,0.007968777954142617,0.6692206306347463
5,0.03725922865611461,0.007958570669403297,0.6520644010137245
6,0.03725922865611461,0.00793483181590825,0.6288928244786188
7,0.03822817280804737,0.0079203604993165,0.607707454630546
