Iteration,Energy,Loss Function,Bias
0,0.15557962555624077,0.14219078656769188,0.0
1,0.009571738783693431,0.017890581466328544,0.37667604247788344
2,0.008267404327503839,0.010723405065257255,0.7004318362725618
3,0.005221092706474051,0.007203915918596235,0.9103191335993823
4,0.0002870124465698878,0.005361289886087895,1.2087424156307351
