Iteration,Energy,Loss Function,Bias
0,0.1600765537441322,0.1556828907611619,0.0
1,0.16459766157998243,0.1547306911180608,0.15115680655143243
2,0.09939222069765156,0.11742615902647356,0.1687177026620516
3,0.05505485707581062,0.07369469865376851,0.20745681470981903
4,0.04137283537810378,0.05395309131621414,0.26020687573600465
5,0.009239770350419542,0.0278148951472786,0.3429646426743226
6,0.004830379425638583,0.019014831273212025,0.4953555472879537
7,0.0015303332778622346,0.012852680783205426,0.5842122618646923
8,0.0005804879702774274,0.01161177377885495,0.6356655601908632
