Iteration,Energy,Loss Function,Bias
0,0.16709597331618908,0.1697905100414241,0.0
1,0.05699276415567411,0.07042558527040173,0.11835113766647744
2,0.015558242416771645,0.021495148783161323,0.2261580411137819
3,0.0006883155582400259,0.007436516020849258,0.33109530229282863
4,0.0004350459318506,0.006510493258163609,0.43502642739846364
5,0.0004261050741909532,0.0061896499447061,0.528533887669795
6,0.0006346134349005169,0.006008798694811428,0.834433737348482
