Iteration,Energy,Loss Function,Bias
0,0.12722205378867435,0.11587827414139577,0.0
1,0.014887637553158844,0.026836189096456825,0.40311819546769834
2,0.0010590822091249667,-0.003085981940916396,0.8139552829883435
