Iteration,Energy,Loss Function,Bias
0,0.15557962555624077,0.14981109665925668,0.0
1,0.0910856017109803,0.08220495365949422,0.0933687327704825
2,0.03237529608667955,0.044982774299739,0.13025985095493348
3,0.020256770452831283,0.031262734520424156,0.1835536445742776
4,0.013616881371717888,0.020392615935673812,0.2251132288427252
5,0.006191678974834233,0.010859956066527919,0.274026409158053
6,0.0009240797550163641,0.006468224214989771,0.3289399193037175
7,0.0011640618369688552,0.006353301026295164,0.3718968444014187
8,0.0002403530108772687,0.006248348267385176,0.6039436703488488
