Iteration,Energy,Loss Function,Bias
0,0.019775987200272474,0.15043516860874387,0.0
1,0.056482543248074515,0.014463882399896199,0.941350320916214
2,0.023211640136897523,0.00820039701274844,0.8314363066101191
3,0.023211640136897523,0.007978272392832183,0.8002586778530661
4,0.023211640136897523,0.007960997196741672,0.7838709534577675
