Iteration,Energy,Loss Function,Bias
0,0.031042757487164466,0.1697036287478433,0.0
1,0.07157665287517652,0.09857881644637087,0.32037139167533923
2,0.01688853706671725,0.04215424755620955,0.5792855850309349
3,0.0006134736663898435,0.022639708701076438,1.0378544351122427
