Iteration,Energy,Loss Function,Bias
0,0.12722205378867435,0.13934323037546545,0.0
1,0.06049156720024008,0.008201646961521002,0.9455243244348369
