Iteration,Energy,Loss Function,Bias
0,0.12722205378867435,0.11388994523884731,0.0
1,0.10377666542142214,0.10928157974862779,0.1619530632786468
2,0.10377666542142214,0.10066510987101472,0.1672576017193115
3,0.025515331944358108,0.03485232118475501,0.2208200608975864
4,0.019150981632665792,0.0218559156697663,0.31830136472491477
5,0.007758766857092603,0.010312054997437469,0.3717383739456421
6,0.0033915401298672556,0.0039815357531307535,0.4876063985121505
7,0.0015574542020756058,0.0008280054323629,0.7069354593861534
