Iteration,Energy,Loss Function,Bias
0,0.1600765537441322,0.15802511394549446,0.0
1,0.07191283986869203,0.08564683065231539,0.32690455115919087
2,0.015894043337412293,0.028602878989635264,0.6051751629523722
3,0.0003175194513611781,0.009765620098678946,1.1362850193202512
4,0.0015617663242387585,0.00968467300342399,1.2313711228395572
5,0.000755907358585001,0.009628060208335124,1.629000285372301
6,0.0007656668142408451,0.009358469043756147,1.8125752681030562
7,0.0007470817680778199,0.008967234401862511,2.0806831136618307
8,0.000698493296697434,0.008637025922519973,2.5625486663928436
