Iteration,Energy,Loss Function,Bias
0,0.15557962555624077,0.13415594495265776,0.0
1,0.009494384183283175,0.009243013748934248,0.37674000735003194
2,0.007263418500655789,0.0012165624295146838,0.7020496194512635
3,0.004899685889884545,-0.0023640385729985715,0.9331360328570995
4,0.00052070112480943,-0.0036432555286414043,1.1065217113727628
5,0.0003287856468555519,-0.003998135275551674,1.5246601390858314
