Iteration,Energy,Loss Function,Bias
0,0.16709597331618908,0.16442693752582566,0.0
1,0.05699276415567411,0.06549383948506142,0.11837288271870013
2,0.01615405891349314,0.016023665118739056,0.22476365470525145
3,0.0008353139843616204,0.0015905029458429443,0.3419787640011296
4,0.0004978230370557186,0.0007027494793632708,0.7078864980125859
5,0.00037169741591728915,0.0005355041589619549,0.7798444905275899
