Iteration,Energy,Loss Function,Bias
0,0.16709597331618908,0.1469935775020971,0.0
1,0.04715958384797097,0.010158775812754775,0.9267620099135389
