Iteration,Energy,Loss Function,Bias
0,0.062081551613286545,0.15653013360316737,0.0
1,0.058122633344260155,0.012870675904974685,0.9322849181873607
2,0.05200332871270662,0.0069900536226642825,0.7628870816820315
3,0.03892601324428216,0.0068863267586024655,0.7297910316638638
