Iteration,Energy,Loss Function,Bias
0,0.15557962555624077,0.14620820737520898,0.0
1,0.012013871134262931,0.02221768584270651,0.3766033079330912
2,0.008267404327503839,0.015388206467703024,0.7008324138187056
3,0.0050993169293728855,0.01167116726711263,0.898376141987101
4,0.0005460042323495789,0.009546017211378103,1.2396831412224851
