Iteration,Energy,Loss Function,Bias
0,0.18363694525869495,0.18356310459196218,0.0
1,0.10474051355198802,0.08750834059045716,0.12341284625677529
2,0.04394954575274883,0.040129916303758124,0.1987072942383488
3,0.004537788671837629,0.00507657345588028,0.26624457328606876
4,0.0007124328566229836,0.0013511628432714671,0.6601766027519371
5,0.000597357512895969,0.0009432313632539963,0.9045991143059272
6,0.000597357512895969,0.0008099567827499452,0.9354332509730985
