Iteration,Energy,Loss Function,Bias
0,0.1600765537441322,0.15413227567804486,0.0
1,0.07191283986869203,0.08153893407870724,0.3272773265904087
2,0.022154673960984018,0.02441312087559664,0.6063833075038059
3,0.000339294839758324,0.0055290234840756555,1.1374136650186428
