Iteration,Energy,Loss Function,Bias
0,0.15557962555624077,0.14241920205543496,0.0
1,0.03414524568443016,0.03992124659031527,0.16228014720699943
2,0.005544326875088343,0.007292566636223211,0.4652927371295923
3,0.0008594229215229111,0.000754801762876325,0.5582720071934667
4,0.00034994067735078427,0.00047302321005419673,0.6662712641137003
