Iteration,Energy,Loss Function,Bias
0,0.18363694525869495,0.16260799072157608,0.0
1,0.016560528568259403,0.01749414467069665,0.31668809987629415
2,0.02515442974710632,0.010099552647878509,1.0081944170975918
3,0.012567935120803394,0.0002653237868971274,1.069266683214711
4,0.0007437262457675189,-0.0030143961294591547,1.2494779467613788
5,0.0007838869515074479,-0.003418227972502403,1.4160025497125504
