{
    "Calculated Minimum Energy [norm, row]": [
        0.00022720802153107774,
        -2.2343340935778904
    ],
    "Corresponding loss function": 0.0002294590865809312,
    "Solution for Minimum Energy": [
        1.0,
        1.0,
        -1.0,
        1.0,
        -1.0,
        1.0,
        1.0,
        -1.0,
        -1.0,
        1.0,
        1.0,
        1.0,
        1.0,
        1.0,
        -1.0,
        1.0,
        1.0,
        1.0,
        -1.0,
        -1.0,
        -1.0,
        -1.0,
        -1.0,
        1.0,
        -1.0,
        -1.0,
        1.0,
        -1.0,
        1.0,
        1.0,
        -1.0,
        -1.0,
        1.0,
        1.0,
        -1.0,
        1.0,
        1.0,
        1.0,
        1.0,
        -1.0,
        1.0,
        1.0,
        -1.0,
        -1.0,
        -1.0,
        1.0,
        1.0,
        1.0,
        -1.0,
        1.0,
        -1.0,
        -1.0,
        1.0,
        -1.0,
        1.0,
        1.0,
        1.0,
        -1.0,
        1.0,
        1.0,
        1.0,
        -1.0,
        1.0,
        -1.0,
        -1.0,
        1.0,
        -1.0,
        -1.0,
        -1.0,
        1.0,
        -1.0,
        1.0,
        1.0,
        1.0,
        1.0,
        1.0,
        1.0,
        1.0,
        1.0,
        1.0,
        1.0,
        -1.0,
        1.0,
        1.0,
        1.0,
        -1.0,
        1.0,
        1.0,
        1.0,
        1.0,
        1.0,
        -1.0,
        1.0,
        1.0,
        -1.0,
        1.0,
        1.0,
        1.0,
        1.0,
        1.0,
        1.0,
        1.0,
        1.0,
        1.0,
        1.0,
        1.0,
        1.0,
        1.0,
        1.0,
        1.0,
        -1.0,
        1.0,
        1.0,
        1.0,
        1.0,
        1.0,
        1.0,
        1.0,
        1.0,
        1.0,
        1.0,
        1.0,
        1.0,
        1.0,
        1.0,
        -1.0,
        1.0,
        1.0,
        -1.0,
        1.0,
        1.0,
        1.0,
        1.0,
        1.0,
        1.0,
        1.0,
        1.0,
        1.0,
        1.0,
        -1.0,
        1.0,
        1.0,
        1.0,
        1.0,
        -1.0,
        1.0,
        1.0,
        1.0,
        -1.0,
        -1.0,
        -1.0,
        1.0,
        1.0,
        -1.0,
        1.0,
        1.0,
        1.0,
        1.0,
        -1.0,
        1.0,
        -1.0,
        1.0,
        -1.0,
        1.0,
        -1.0,
        1.0,
        1.0,
        1.0,
        1.0,
        1.0,
        -1.0,
        1.0,
        1.0,
        -1.0,
        -1.0,
        1.0,
        1.0,
        -1.0,
        1.0,
        1.0,
        1.0,
        1.0,
        1.0,
        1.0,
        1.0,
        1.0,
        1.0,
        1.0,
        1.0,
        -1.0,
        -1.0,
        1.0,
        1.0,
        1.0,
        1.0,
        1.0,
        -1.0,
        1.0,
        1.0,
        -1.0,
        1.0,
        -1.0,
        1.0,
        1.0,
        -1.0,
        1.0,
        -1.0,
        1.0,
        1.0,
        1.0
    ],
    "Corresponding exp value": [
        0.0813691964152193,
        0.11109972353077997,
        -0.07993245663268954,
        0.09329293364209111,
        -0.0688338965100213,
        0.07246171756702836,
        0.06929241096790878,
        -0.030439979130902038,
        -0.05058794506031578,
        0.11357085988751685,
        0.046778263770803956,
        0.06899247302171191,
        0.11354817845088551,
        0.0686194060268444,
        -0.05924183381545924,
        0.047612269665569924,
        0.056813525144580844,
        0.1279317104641975,
        -0.056117732165797,
        -0.04352088829777138,
        -0.07909228300256203,
        -0.07000872327643304,
        -0.07187575500650818,
        0.07606880607761256,
        -0.16076365805439913,
        -0.05540860245949313,
        0.06586993041841616,
        -0.05434423335128601,
        0.05935164636680885,
        0.06711101641593664,
        -0.04653509115913091,
        -0.09068193726077355,
        0.06230164191181022,
        0.04132742949523995,
        -0.12705135324161204,
        0.08349062932675609,
        0.08796739054563743,
        0.06853072248382627,
        0.10747790093097138,
        -0.07747962984099589,
        0.062042483260406005,
        0.07752741667825151,
        -0.0912836784137117,
        -0.053771607691345404,
        -0.1241223896996335,
        0.07918251510639218,
        0.03172103197862808,
        0.05638369345976484,
        -0.0613411529780532,
        0.0737919053271594,
        -0.03168912247576345,
        -0.05937171006793777,
        0.10059747359396791,
        -0.08947921634633864,
        0.17337843535122954,
        0.051386846887147196,
        0.054114824289881784,
        -0.04898668104661242,
        0.06720137782816739,
        0.06996874046708042,
        0.08159467281392992,
        -0.05626738754334581,
        0.08245062751518784,
        -0.04454096066289578,
        -0.047221804071675026,
        0.057250844061063406,
        -0.07308614688034391,
        -0.03553630747359903,
        -0.00023295406012730814,
        0.13443134412839425,
        -0.03785138004769149,
        0.13841663191468453,
        0.03707618799492722,
        0.15699412241032337,
        0.0851862808689837,
        0.07303158567623669,
        0.10085032322166113,
        0.13750254024896608,
        0.08794393333536561,
        0.08148450540379631,
        0.09205391122961136,
        -0.08022099133716352,
        0.12445115380450511,
        0.08081053653895377,
        0.10522928422001511,
        -0.04646294379769623,
        0.1909358961769831,
        0.141304873812292,
        0.0690751580493818,
        0.14860929766181172,
        0.07699275352420744,
        -0.04751179849441,
        0.08301975085708962,
        0.08252222715238973,
        -0.0617030121073346,
        0.053627185723998314,
        0.16049766022788933,
        0.1451339166882698,
        0.06215144161946562,
        0.05819848605432231,
        0.06267000693265351,
        0.07313550072778247,
        0.0891175180659477,
        0.07445409269304956,
        0.22364983706585373,
        0.1135713675872938,
        0.12695646023053206,
        0.05146558759666345,
        0.0731894850940819,
        0.04751619934206262,
        -0.04949093240814989,
        0.08182860631664166,
        0.09101969025715277,
        0.07193344981867304,
        0.07846304810722511,
        0.1797938734696704,
        0.06056045158402986,
        0.08524064387778063,
        0.0810983491670036,
        0.13751327617695103,
        0.0603400837362975,
        0.08293756581353666,
        0.08132414029672985,
        0.07042711499389512,
        0.10436641001160432,
        -0.0757701824056662,
        0.12075864619162853,
        0.10569704779823275,
        -0.061118365218905235,
        0.10456416377103789,
        0.0791694621690208,
        0.1354560756570626,
        0.09637458525924372,
        0.06547373355046912,
        0.1025366640797419,
        0.04190158563897446,
        0.08678643893664002,
        0.07364619343162995,
        0.06961616662859865,
        -0.045351275433786316,
        0.10822055490059188,
        0.058696454746670616,
        0.09937869183939363,
        0.09809453071144698,
        -0.08216542291506201,
        0.12870206891927036,
        0.09684920464364558,
        0.06524752084471462,
        -0.05596424851609373,
        -0.04869645348966914,
        -0.11491538641475103,
        0.07620405941223964,
        0.0592745249749963,
        -0.06052620459573751,
        0.10624913737156284,
        0.06784936939835154,
        0.08413624781012588,
        0.12283133935303403,
        -0.12323652832529342,
        0.04608833235559491,
        -0.09645723301301988,
        0.13923755096795118,
        -0.037543529359144866,
        0.05668142480273859,
        -0.03848555935079277,
        0.07594892124368999,
        0.08852532882863434,
        0.07049069722608661,
        0.06313531711777584,
