{
    "Calculated Minimum Energy [norm, row]": [
        0.00023880829079871602,
        -2.2341562221269946
    ],
    "Corresponding loss function": 0.00024200454352910376,
    "Solution for Minimum Energy": [
        1.0,
        -1.0,
        1.0,
        1.0,
        1.0,
        -1.0,
        -1.0,
        1.0,
        -1.0,
        1.0,
        1.0,
        1.0,
        1.0,
        1.0,
        1.0,
        1.0,
        1.0,
        -1.0,
        1.0,
        1.0,
        1.0,
        1.0,
        -1.0,
        1.0,
        1.0,
        1.0,
        1.0,
        1.0,
        1.0,
        -1.0,
        1.0,
        1.0,
        -1.0,
        1.0,
        1.0,
        -1.0,
        1.0,
        -1.0,
        -1.0,
        1.0,
        -1.0,
        1.0,
        1.0,
        1.0,
        1.0,
        1.0,
        1.0,
        1.0,
        -1.0,
        1.0,
        -1.0,
        1.0,
        1.0,
        1.0,
        1.0,
        1.0,
        1.0,
        1.0,
        1.0,
        1.0,
        1.0,
        1.0,
        1.0,
        1.0,
        1.0,
        -1.0,
        -1.0,
        1.0,
        1.0,
        1.0,
        1.0,
        1.0,
        1.0,
        -1.0,
        1.0,
        1.0,
        1.0,
        1.0,
        1.0,
        -1.0,
        1.0,
        1.0,
        1.0,
        1.0,
        1.0,
        1.0,
        1.0,
        1.0,
        1.0,
        -1.0,
        -1.0,
        1.0,
        1.0,
        1.0,
        1.0,
        1.0,
        1.0,
        1.0,
        1.0,
        1.0,
        -1.0,
        1.0,
        1.0,
        -1.0,
        1.0,
        1.0,
        -1.0,
        1.0,
        1.0,
        1.0,
        -1.0,
        -1.0,
        1.0,
        1.0,
        1.0,
        1.0,
        1.0,
        1.0,
        1.0,
        1.0,
        1.0,
        1.0,
        1.0,
        1.0,
        1.0,
        1.0,
        1.0,
        -1.0,
        -1.0,
        1.0,
        1.0,
        1.0,
        1.0,
        1.0,
        1.0,
        1.0,
        1.0,
        1.0,
        1.0,
        1.0,
        1.0,
        -1.0,
        -1.0,
        1.0,
        1.0,
        1.0,
        1.0,
        1.0,
        -1.0,
        1.0,
        -1.0,
        -1.0,
        1.0,
        1.0,
        1.0,
        1.0,
        1.0,
        -1.0,
        -1.0,
        1.0,
        -1.0,
        -1.0,
        1.0,
        -1.0,
        1.0,
        1.0,
        -1.0,
        1.0,
        1.0,
        1.0,
        1.0,
        -1.0,
        1.0,
        -1.0,
        1.0,
        1.0,
        1.0,
        1.0,
        1.0,
        -1.0,
        1.0,
        1.0,
        1.0,
        1.0,
        1.0,
        -1.0,
        1.0,
        1.0,
        1.0,
        1.0,
        1.0,
        1.0,
        1.0,
        -1.0,
        1.0,
        -1.0,
        1.0,
        1.0,
        1.0,
        1.0,
        -1.0,
        1.0,
        1.0,
        1.0,
        1.0,
        -1.0,
        -1.0,
        1.0,
        1.0,
        -1.0
    ],
    "Corresponding exp value": [
        0.08468748438927683,
        -0.039779960796993134,
        0.060304057921918404,
        0.039494075059781815,
        0.04444620290512876,
        -0.07521944527838469,
        -0.044793260407436676,
        0.006041317459080844,
        -0.01917933735198565,
        0.08576783847681492,
        0.013657686322902601,
        0.15291491247060296,
        0.06765606469982023,
        0.09021125218821378,
        0.031268658225860724,
        0.14530505029482454,
        0.016382624545064572,
        -0.029840679385395332,
        0.051421117282186825,
        0.028550660607208112,
        0.09057715474024082,
        0.0143754162758802,
        -0.044117852847888654,
        0.07723856164552821,
        0.07799286974103332,
        0.17234185452302608,
        0.08005700266681252,
        0.05560686470583587,
        0.09578839512540076,
        -0.02972349643421451,
        0.017243931396178667,
        0.05004423958456098,
        -0.04262029581395722,
        0.062148683532154546,
        0.08461043954582394,
        -0.09201503212835578,
        0.043891115641659005,
        -0.04240396655329965,
        -0.05534360873436211,
        0.0636145533380037,
        -0.011602380267888377,
        0.1588954158980896,
        0.07281915918408492,
        0.055049987532610443,
        0.027563143388957847,
        0.026272621715384175,
        0.13888143573592,
        0.06413100389249672,
        -0.04160628497776222,
        0.12025500219850065,
        -0.05228101076380126,
        0.09413435017749446,
        0.06329381012864034,
        0.0737268240077769,
        0.03740958848919688,
        0.11600177558141846,
        0.07306442972585399,
        0.11143599154761395,
        0.13162353335196392,
        0.05740963748758798,
        0.049627785318462535,
        0.052593271138631825,
        0.05585888182653748,
        0.02958728114302712,
        0.07218767840166979,
        -0.09515245179366615,
        -0.011460119958467718,
        0.18883768532699435,
        0.10409255819279668,
        0.17862537239828302,
        0.02524206165656533,
        0.14109936356067157,
        0.03893706971521778,
        -0.04369764203087466,
        0.036165689661410656,
        0.030195369961712473,
        0.12397453160853715,
        0.03517788379153349,
        0.049352788070326066,
        -0.06511664740103984,
        0.1270207234883418,
        0.07219338057628986,
        0.017227693334170475,
        0.09537198395665165,
        0.17866785919562864,
        0.0929778658717465,
        0.10121538850815018,
        0.11751760707752555,
        0.03545051188567478,
        -0.054911208953033,
        -0.0735037010926227,
        0.06387809282463097,
        0.14172253819486713,
        0.04384338682865115,
        0.042032754557400395,
        0.09527770362571074,
        0.028764619389829375,
        0.05277100332116487,
        0.07880147531165563,
        0.10863778024818366,
        -0.06327897192852877,
        0.1442665823547059,
        0.05892046794650772,
        -0.09900045328686267,
        0.044152834767893646,
        0.08796020218879624,
        -0.0609550149084488,
        0.10201422040261092,
        0.04597092058700721,
        0.0037091244702104225,
        -0.04739417419846735,
        -0.0854011569325734,
        0.08817033580541372,
        0.12162084380575197,
        0.033814426908970976,
        0.17976732326533082,
        0.07117209552958395,
        0.06606762090162564,
        0.07167576983083526,
        0.16381623262475126,
        0.07204684416301387,
        0.13773379493027912,
        0.1258165378310738,
        0.022095863154470347,
        0.06642272824383369,
        0.038698828903817706,
        0.032764943806865655,
        -0.08013818317294912,
        -0.05684137823721826,
        0.04545387252719212,
        0.05429880323542833,
        0.030502839452698834,
        0.03563048109002562,
        0.051571893683908014,
        0.04727167689584989,
        0.09273311520288201,
        0.04964267064993884,
        0.11529990530982,
        0.05842886453833067,
        0.07982411877581962,
        0.07149700074919153,
        -0.04431846837515475,
        -0.07834395287698957,
        0.048786477424168806,
        0.04901520403967337,
        0.04869525152059586,
        0.023426977209356437,
        0.038949858766047986,
        -0.030320452992766662,
        0.05070346013346471,
        -0.057638542176805606,
        -0.14406019719701182,
        0.026030891972831417,
        0.06175430257432741,
        0.09695993749130381,
        0.07100085823180528,
        0.05905627467808363,
        -0.035909432837571184,
        -0.07115952335027631,
        0.03085293506864684,
        -0.026039205078606794,
        -0.0652206979486518,
        0.07446209438943206,
        -0.1484034461324249,
        0.13509110753130646,
        0.039270590169566834,
        -0.07504031378781643,
        0.08838556065472106,
        0.03836447362671597,
