{
    "Calculated Minimum Energy [norm, row]": [
        0.00025445944295901816,
        -2.233916236909521
    ],
    "Corresponding loss function": 0.00042480741987846666,
    "Solution for Minimum Energy": [
        -1.0,
        1.0,
        1.0,
        -1.0,
        1.0,
        -1.0,
        1.0,
        1.0,
        -1.0,
        1.0,
        1.0,
        1.0,
        1.0,
        1.0,
        -1.0,
        1.0,
        1.0,
        1.0,
        1.0,
        1.0,
        1.0,
        -1.0,
        1.0,
        1.0,
        -1.0,
        1.0,
        1.0,
        1.0,
        1.0,
        1.0,
        1.0,
        1.0,
        1.0,
        1.0,
        1.0,
        1.0,
        1.0,
        1.0,
        -1.0,
        1.0,
        1.0,
        -1.0,
        1.0,
        -1.0,
        1.0,
        -1.0,
        1.0,
        1.0,
        -1.0,
        1.0,
        -1.0,
        1.0,
        1.0,
        1.0,
        1.0,
        1.0,
        -1.0,
        1.0,
        1.0,
        1.0,
        1.0,
        -1.0,
        1.0,
        1.0,
        1.0,
        1.0,
        1.0,
        1.0,
        1.0,
        1.0,
        1.0,
        -1.0,
        1.0,
        1.0,
        1.0,
        1.0,
        1.0,
        1.0,
        1.0,
        1.0,
        1.0,
        1.0,
        -1.0,
        1.0,
        -1.0,
        1.0,
        -1.0,
        1.0,
        1.0,
        1.0,
        1.0,
        1.0,
        1.0,
        1.0,
        1.0,
        1.0,
        1.0,
        1.0,
        1.0,
        1.0,
        1.0,
        -1.0,
        1.0,
        1.0,
        1.0,
        1.0,
        1.0,
        -1.0,
        1.0,
        1.0,
        -1.0,
        1.0,
        1.0,
        1.0,
        -1.0,
        1.0,
        1.0,
        1.0,
        1.0,
        1.0,
        1.0,
        1.0,
        1.0,
        1.0,
        1.0,
        1.0,
        1.0,
        1.0,
        1.0,
        1.0,
        1.0,
        1.0,
        1.0,
        1.0,
        -1.0,
        1.0,
        1.0,
        -1.0,
        1.0,
        1.0,
        -1.0,
        1.0,
        1.0,
        -1.0,
        1.0,
        1.0,
        1.0,
        -1.0,
        -1.0,
        -1.0,
        -1.0,
        1.0,
        1.0,
        1.0,
        1.0,
        1.0,
        -1.0,
        1.0,
        1.0,
        1.0,
        1.0,
        -1.0,
        -1.0,
        1.0,
        1.0,
        1.0,
        1.0,
        1.0,
        -1.0,
        -1.0,
        1.0,
        -1.0,
        1.0,
        1.0,
        1.0,
        1.0,
        1.0,
        1.0,
        1.0,
        1.0,
        1.0,
        1.0,
        1.0,
        -1.0,
        -1.0,
        1.0,
        -1.0,
        1.0,
        -1.0,
        -1.0,
        1.0,
        1.0,
        1.0,
        1.0,
        1.0,
        -1.0,
        1.0,
        1.0,
        -1.0,
        1.0,
        1.0,
        1.0,
        -1.0,
        -1.0,
        -1.0,
        1.0,
        1.0,
        1.0,
        1.0,
        1.0
    ],
    "Corresponding exp value": [
        -0.01038361617528985,
        0.0015011075367207223,
        0.009920316774653135,
        -0.016070112997409285,
        0.12550215088644726,
        -0.03081446064189129,
        0.011189599120177637,
        0.16502372047796907,
        -0.04673993372707902,
        0.0712527822467504,
        0.0020574937123514826,
        0.08394603280579231,
        0.06284798754936956,
        0.02693754626432949,
        -0.023135131640365323,
        0.1842338511789501,
        0.11073611232947746,
        0.11806746175891251,
        0.07230462761559193,
        0.13748131940064628,
        0.17245520488684193,
        -0.03919436122255317,
        0.18562580615050003,
        0.020103792798482262,
        -0.030302477908905518,
        0.07997154864731014,
        0.033611667210423406,
        0.09947492762551356,
        0.05494574335115961,
        0.10598758926530709,
        0.08630885826598227,
        0.0016107248097446186,
        0.14825118890692143,
        0.06899712861405179,
        0.10370312514557277,
        0.023969106118647103,
        0.03670923393478199,
        0.015493217064135197,
        -0.00802532015393265,
        0.11528746203572947,
        0.11704974959276661,
        -0.012725241324072857,
        0.04664509793920023,
        -0.024827145776552054,
        0.05128031954951753,
        -0.07046749346754079,
        0.007179923507260155,
        0.10852564263608626,
        -0.04122401273273163,
        0.13720936768068412,
        -0.015913690196351554,
        0.05220008622940285,
        0.135402632577837,
        0.1146203496742524,
        0.12035601407683354,
        0.005886624938153371,
        -0.012176737011829086,
        0.003629142301943399,
        0.08610398668605716,
        0.05564113967401629,
        0.002793299630413276,
        -0.15334165705002598,
        0.07398576126538058,
        0.08769367488219469,
        0.11866860645090165,
        0.08639765204616533,
        0.07324338017217767,
        0.049122965287698724,
        0.12440001526484422,
        0.021085362095527593,
        0.0350418292015955,
        -0.02665677443994239,
        0.05746332528411476,
        0.04402240826251402,
        0.021917264795292817,
        0.06868900295912012,
        0.09385346910558982,
        0.005209105302504482,
        0.03645368471036958,
        0.0025046695410612576,
        0.011162829238258877,
        0.027926425073575588,
        -0.005307974503570708,
        0.11032408879087556,
        -0.01277655620300156,
        0.11088929134411127,
        -0.10563840999198787,
        0.021771050508456933,
        0.00377369598175398,
        0.10312696128717738,
        0.04226451452437142,
        0.06122130211574379,
        0.008386358375676025,
        0.013267815961612623,
        0.0030059138981299543,
        0.08682731510283921,
        0.04015915007864389,
        0.06122944286133328,
        0.14543598689395804,
        0.059731653693133116,
        0.10289140785272746,
        -0.05334782229612369,
        0.0834354193001758,
        0.04941132269731785,
        0.04611735006698784,
        0.09659385840704006,
        0.04188449381360506,
        -0.01712537848648391,
        0.06384226995784267,
        0.018690086333287316,
        -0.06969590873406982,
        0.10258721592622876,
        0.04899349538843439,
        0.022595858349595835,
        -0.026043003841432703,
        0.012569489618005025,
        0.026033060426978,
        0.14330101617284646,
        0.09615738653385468,
        0.04944107450139005,
        0.07806917016935438,
        0.012071743539126423,
        0.024472193188023864,
        0.006634216472602318,
        0.049817962129737055,
        0.02946985889522503,
        0.03951019515377746,
        0.016293933499401194,
        0.00898038238097044,
        0.12819448882961468,
        0.02263137969577678,
        0.04361301189551557,
        0.03450337586845197,
        0.0319028553751877,
        -0.13537339000621945,
        0.06322488528462822,
        0.04406378995557616,
        -0.04566107623644409,
        0.013725555681042483,
        -0.00028489447012868853,
        -0.002543947591995421,
        0.07004573633128908,
        0.08097897220586908,
        -0.05443713116453546,
        0.028892820930335572,
        0.05434489200999377,
        0.06876078748038782,
        -0.012881557285817972,
        -0.008445989895991577,
        -0.003643569557682155,
        -0.005171431510342635,
        0.022778213094685903,
        0.008176889241653846,
        0.046766747192057395,
        0.03951122104722701,
        0.13150251552463965,
        -0.030422197376741532,
        0.031216349428269747,
        0.0102050711841317,
        0.05919702686748309,
        0.035811962471922205,
        -0.0029640558380327788,
        -0.026145791399953152,
        0.04834115456206816,
        0.07101610890751288,
        0.03635404205793079,
        0.043080878856338836,
        0.04330773567255803,
