{
    "Calculated Minimum Energy [norm, row]": [
        0.0001867235941674502,
        -2.234954857084988
    ],
    "Corresponding loss function": 0.00018700493783647748,
    "Solution for Minimum Energy": [
        1.0,
        1.0,
        1.0,
        1.0,
        1.0,
        -1.0,
        1.0,
        1.0,
        1.0,
        -1.0,
        -1.0,
        1.0,
        -1.0,
        -1.0,
        1.0,
        1.0,
        1.0,
        -1.0,
        1.0,
        -1.0,
        1.0,
        1.0,
        1.0,
        1.0,
        1.0,
        1.0,
        1.0,
        1.0,
        1.0,
        1.0,
        1.0,
        1.0,
        1.0,
        1.0,
        1.0,
        1.0,
        1.0,
        1.0,
        1.0,
        -1.0,
        1.0,
        1.0,
        1.0,
        1.0,
        1.0,
        1.0,
        -1.0,
        -1.0,
        1.0,
        1.0,
        -1.0,
        -1.0,
        1.0,
        1.0,
        -1.0,
        1.0,
        -1.0,
        1.0,
        1.0,
        1.0,
        1.0,
        1.0,
        -1.0,
        1.0,
        1.0,
        1.0,
        1.0,
        1.0,
        1.0,
        1.0,
        -1.0,
        1.0,
        -1.0,
        -1.0,
        -1.0,
        1.0,
        1.0,
        1.0,
        -1.0,
        1.0,
        -1.0,
        1.0,
        -1.0,
        1.0,
        1.0,
        1.0,
        1.0,
        -1.0,
        1.0,
        1.0,
        1.0,
        1.0,
        1.0,
        1.0,
        1.0,
        -1.0,
        1.0,
        1.0,
        1.0,
        1.0,
        -1.0,
        1.0,
        1.0,
        1.0,
        -1.0,
        1.0,
        1.0,
        1.0,
        1.0,
        1.0,
        -1.0,
        -1.0,
        -1.0,
        1.0,
        -1.0,
        1.0,
        1.0,
        -1.0,
        1.0,
        1.0,
        1.0,
        1.0,
        1.0,
        1.0,
        1.0,
        1.0,
        -1.0,
        1.0,
        1.0,
        1.0,
        1.0,
        -1.0,
        1.0,
        -1.0,
        1.0,
        1.0,
        1.0,
        1.0,
        1.0,
        -1.0,
        1.0,
        1.0,
        -1.0,
        1.0,
        1.0,
        -1.0,
        1.0,
        1.0,
        1.0,
        1.0,
        1.0,
        -1.0,
        1.0,
        -1.0,
        1.0,
        1.0,
        1.0,
        1.0,
        -1.0,
        -1.0,
        1.0,
        1.0,
        1.0,
        1.0,
        1.0,
        1.0,
        1.0,
        1.0,
        1.0,
        -1.0,
        1.0,
        -1.0,
        1.0,
        -1.0,
        1.0,
        1.0,
        1.0,
        1.0,
        1.0,
        1.0,
        1.0,
        1.0,
        1.0,
        1.0,
        1.0,
        -1.0,
        1.0,
        -1.0,
        1.0,
        1.0,
        1.0,
        1.0,
        1.0,
        1.0,
        -1.0,
        1.0,
        1.0,
        1.0,
        1.0,
        1.0,
        1.0,
        1.0,
        1.0,
        1.0,
        -1.0,
        1.0,
        1.0,
        1.0,
        -1.0,
        1.0
    ],
    "Corresponding exp value": [
        0.04486704010702226,
        0.09572316798623443,
        0.09462836663146659,
        0.02937878878193912,
        0.057040357389566976,
        -0.04951963962867059,
        0.016647527629139,
        0.027646683993732393,
        0.054154875896250426,
        -0.07349121338523315,
        -0.07848545487910322,
        0.11187283399782305,
        -0.013084124436853981,
        -0.05464659164469249,
        0.09096106456144415,
        0.026900195063280667,
        0.019401089324473146,
        -0.029951923822612164,
        0.062205051496032,
        -0.12181651130184772,
        0.11832563668552981,
        0.017565749498999486,
        0.06714176421580831,
        0.10983535384770918,
        0.0915198367144984,
        0.20712936772799193,
        0.0773619390124261,
        0.07283454620458571,
        0.13820049504624835,
        0.060088804104593205,
        0.08376154462226112,
        0.034039407473438546,
        0.04094606126149758,
        0.056296525256161536,
        0.029749710842138788,
        0.10278773375538686,
        0.0854883995334817,
        0.08821620368202276,
        0.046089728494978555,
        -0.06954252847040285,
        0.11283098125251079,
        0.07489223066021951,
        0.015253884217931129,
        0.03145353472847451,
        0.1721544237991979,
        0.020440445633951594,
        -0.03217592525841888,
        -0.035535232401638125,
        0.03704024431085974,
        0.040188550184990096,
        -0.0070035315229305135,
        -0.025668824475265223,
        0.010080244894682833,
        0.20571901260460754,
        -0.05038041765220551,
        0.09484866862835337,
        -0.01835465786039609,
        0.06990697093794486,
        0.016972566025147358,
        0.01410226730865225,
        0.11650081110143237,
        0.056872078632761364,
        -0.01443535163938075,
        0.060413057073837345,
        0.01237692147925113,
        0.13450906546306962,
        0.031480311120940345,
        0.108940042214909,
        0.17609018693857428,
        0.013245460754653283,
        -0.0047011123046369315,
        0.05056943089814666,
        -0.01822083918429513,
        -0.0374547272091598,
        -0.024343716224401176,
        0.06487641281096106,
        0.01236519054889619,
        0.021788504896844644,
        -0.010187654371028417,
        0.005987509184734242,
        -0.03827980937182545,
        0.01058418166557319,
        -0.1384413832883323,
        0.05468120103079325,
        0.03824707603840012,
        0.01926632398121633,
        0.01268567136889265,
        -0.05131028363512846,
        0.013715011204453832,
        0.024628315749037972,
        0.014766284865523963,
        0.04649941596612993,
        0.06094685276260053,
        0.021080419768909228,
        0.06000492897964757,
        -0.04293868539054268,
        0.011057835693295997,
        0.06795492123501594,
        0.12434453139117822,
        0.051901184886850714,
        -0.010371306030157764,
        0.03958780098209323,
        0.07007690470057522,
        0.03948561339137775,
        -0.012530547385037656,
        0.17841599277106984,
        0.08946973403678181,
        0.08084209408306563,
        0.08711633862830814,
        0.05897121725551523,
        -0.02900943862261996,
        -0.06219623509855455,
        -0.05082478017974193,
        0.06776231169428698,
        -0.010400177222059544,
        0.012593815073193994,
        0.05209694869208169,
        -0.13603247572740715,
        0.02240840640279097,
        0.03503817090367475,
        0.04830008140980676,
        0.04095203921009122,
        0.09937993226638833,
        0.12003312177109118,
        0.14743148665305886,
        0.04511321624402072,
        -0.05933248785176454,
        0.21742273694781306,
        0.0816246261001638,
        0.09104057259014424,
        0.04734641594355848,
        -0.0152252156006836,
        0.0508910548703014,
        -0.06962532046603186,
        0.05783035850968686,
        0.012429159371311324,
        0.10533842263089802,
        0.0653551940229685,
        0.0076290263596417805,
        -0.00651657482475362,
        0.06989840308034229,
        0.06491573966616544,
        -0.01180954167539042,
        0.07140107593145838,
        0.03849293460211533,
        -0.012774383913205874,
        0.013454795929248139,
        0.09353534594003868,
        0.09766723658502044,
        0.0712968695809328,
        0.06099384654396523,
        -0.011376742726349611,
        0.006169496599908213,
        -0.022689572008580666,
        0.03859480884569365,
        0.027784701472340922,
        0.04010343401222476,
        0.012007621486528284,
        -0.0728155041477079,
        -0.009709520840147645,
        0.07598246118067149,
        0.006904857237082264,
        0.03419712961855454,
        0.008144946252600507,
        0.07906213019023803,
        0.014835443184624934,
        0.04198403196758263,
        0.1788431900797739,
