{
    "Calculated Minimum Energy [norm, row]": [
        0.0010986117010881923,
        -2.2209725212537736
    ],
    "Corresponding loss function": 0.014129065954732574,
    "Solution for Minimum Energy": [
        1.0,
        -1.0,
        -1.0,
        1.0,
        1.0,
        1.0,
        1.0,
        1.0,
        1.0,
        1.0,
        1.0,
        1.0,
        -1.0,
        -1.0,
        -1.0,
        1.0,
        1.0,
        1.0,
        1.0,
        -1.0,
        1.0,
        1.0,
        1.0,
        1.0,
        1.0,
        1.0,
        1.0,
        1.0,
        1.0,
        1.0,
        1.0,
        1.0,
        1.0,
        1.0,
        1.0,
        1.0,
        1.0,
        -1.0,
        1.0,
        -1.0,
        1.0,
        1.0,
        -1.0,
        1.0,
        1.0,
        1.0,
        1.0,
        1.0,
        1.0,
        1.0,
        1.0,
        1.0,
        1.0,
        1.0,
        1.0,
        -1.0,
        1.0,
        -1.0,
        1.0,
        1.0,
        1.0,
        1.0,
        -1.0,
        -1.0,
        1.0,
        1.0,
        -1.0,
        1.0,
        1.0,
        -1.0,
        1.0,
        -1.0,
        -1.0,
        1.0,
        1.0,
        1.0,
        1.0,
        1.0,
        -1.0,
        1.0,
        1.0,
        -1.0,
        1.0,
        1.0,
        -1.0,
        1.0,
        1.0,
        -1.0,
        1.0,
        1.0,
        1.0,
        1.0,
        1.0,
        1.0,
        1.0,
        1.0,
        -1.0,
        1.0,
        1.0,
        -1.0,
        1.0,
        1.0,
        1.0,
        1.0,
        1.0,
        -1.0,
        1.0,
        1.0,
        1.0,
        1.0,
        1.0,
        1.0,
        1.0,
        1.0,
        1.0,
        1.0,
        1.0,
        1.0,
        1.0,
        1.0,
        1.0,
        1.0,
        -1.0,
        1.0,
        1.0,
        1.0,
        1.0,
        -1.0,
        1.0,
        -1.0,
        1.0,
        1.0,
        -1.0,
        1.0,
        -1.0,
        1.0,
        1.0,
        -1.0,
        1.0,
        1.0,
        1.0,
        1.0,
        1.0,
        1.0,
        1.0,
        1.0,
        1.0,
        1.0,
        -1.0,
        1.0,
        1.0,
        -1.0,
        -1.0,
        -1.0,
        1.0,
        1.0,
        1.0,
        1.0,
        -1.0,
        -1.0,
        -1.0,
        1.0,
        1.0,
        -1.0,
        1.0,
        1.0,
        1.0,
        1.0,
        1.0,
        1.0,
        -1.0,
        1.0,
        1.0,
        -1.0,
        1.0,
        -1.0,
        1.0,
        1.0,
        1.0,
        1.0,
        1.0,
        1.0,
        1.0,
        1.0,
        -1.0,
        1.0,
        1.0,
        -1.0,
        1.0,
        1.0,
        1.0,
        1.0,
        -1.0,
        1.0,
        1.0,
        1.0,
        1.0,
        -1.0,
        1.0,
        -1.0,
        -1.0,
        1.0,
        1.0,
        -1.0,
        1.0,
        -1.0,
        1.0,
        -1.0,
        1.0,
        1.0
    ],
    "Corresponding exp value": [
        0.014642970062403834,
        -0.05976355311673957,
        -0.024786620360064585,
        -0.00020310044953301363,
        0.040490679826041834,
        0.07092145072710236,
        0.051718638380145315,
        0.0021430474999517227,
        0.0795597708351385,
        0.04798928333766496,
        0.0890221557152465,
        0.09919207885966146,
        -0.03250687768709054,
        -0.01690809667941889,
        -0.02127364809732475,
        0.08968260644892072,
        0.014448459662820979,
        0.014969164506330495,
        0.10881297055071822,
        -0.02955462631661012,
        0.10379646414974052,
        0.020377848707026486,
        0.009721275846544895,
        0.04564420532495467,
        0.043096729248947446,
        0.08207371066065162,
        0.09452387634243854,
        0.06019514109615229,
        0.059482884702429545,
        0.11159999248534773,
        0.11096994595218602,
        0.10999045630425071,
        0.03797248410224602,
        0.08293712374108096,
        0.013918261347448455,
        0.1234671102360831,
        0.027190552740425936,
        -0.017025381450402527,
        0.11683542607700458,
        -0.1072002520457326,
        0.03182746682113585,
        0.05984140291334272,
        -0.0599828271174495,
        0.016727698434163343,
        0.12681692177198337,
        0.09906348200341412,
        0.03317754729765385,
        0.08537003403565548,
        0.023743990767593537,
        0.12263330219669084,
        0.038609529956402086,
        0.01895501793753644,
        0.0716951564587077,
        0.11945084410244698,
        0.11400122313280746,
        -0.016315319789315944,
        0.06459627661954269,
        -0.01125360565185724,
        0.03288964809419963,
        0.009557578684475859,
        0.13562181722473093,
        0.1738466573542904,
        -0.042389915263368064,
        -0.029234949080842294,
        0.04966820343451665,
        0.004057967961790139,
        -0.06998741048545602,
        0.12868972079566282,
        0.02450854230398267,
        -0.06702840878394754,
        0.10386210451063148,
        -0.037530677015640064,
        -0.03666699021781965,
        0.04125311132906555,
        0.06308323957544616,
        0.09383523981662885,
        0.04514584941742922,
        0.05338583884711354,
        -0.016794543476698794,
        0.059369650645966804,
        0.000480583966308964,
        -0.06909466499043102,
        0.023670086265668567,
        0.04504236690327031,
        -0.0468382103320981,
        0.07636894977462366,
        0.03212386734990947,
        -0.08695621242359945,
        0.06347161819643374,
        0.015092972114545609,
        0.040652928439796475,
        0.03641781221505043,
        0.012607724873150218,
        0.09120703319895208,
        0.0334305199827154,
        0.0425667502146898,
        -0.049545604958610545,
        0.03241747004363543,
        0.02590823073621854,
        -0.04807749032812807,
        0.034433726715644875,
        0.013581202261542625,
        0.027632578449428367,
        0.06533799294602799,
        0.016147901378662885,
        -0.02853824157594289,
        0.09525301219474896,
        0.10446932108343981,
        0.009992048447375033,
        0.05445683972143505,
        0.028030485363378765,
        0.00997952102097725,
        0.050917843051275495,
        0.0053102352150792426,
        0.058251825316810765,
        0.009402728276786836,
        0.014944038011677006,
        0.009306857305234534,
        0.01319594694635451,
        0.07007562854659334,
        0.04522954958310781,
        0.03682275871632491,
        -0.012812550290479247,
        0.05948838710714318,
        0.12167395032518066,
        0.11383965024439914,
        0.04485595653965439,
        -0.06315049766881782,
        0.009800627530624209,
        -0.050593202565632,
        0.11428949810748029,
        0.09947717658059892,
        -0.12714813115021745,
        0.0631947138286876,
        -0.0834813614386802,
        0.010318902197211093,
        0.11736691981126081,
        -0.13076482126454125,
        0.0001694105237075213,
        0.011245646320989112,
        0.09750337352602809,
        0.05657678480197158,
        0.014958638762278542,
        0.010261717630349818,
        0.02332344744667416,
        0.006582444516910061,
        0.10033838131768896,
        0.026095930710331294,
        -0.07293416384716439,
        0.054040136746799694,
        -0.0006062268172741689,
        -0.09399603284500169,
        -0.007736215902503184,
        -0.029743168095579434,
        0.05512223395119912,
        0.0015768021747066402,
        0.032469360074138656,
        0.00611310128072105,
        -0.006436608488988992,
        -0.03649764024225343,
        -0.07158235355169779,
        0.03834136745121661,
        0.03731807211985247,
        -0.05287048613546714,
        0.02391222901583696,
        0.0228810107995534,
        0.008430665402816447,
        0.02217409272170657,
