{
    "Calculated Minimum Energy [norm, row]": [
        0.00030888631010464896,
        -2.233081688537966
    ],
    "Corresponding loss function": -0.005321125551463013,
    "Solution for Minimum Energy": [
        1.0,
        1.0,
        -1.0,
        1.0,
        -1.0,
        1.0,
        -1.0,
        -1.0,
        1.0,
        -1.0,
        -1.0,
        1.0,
        1.0,
        -1.0,
        1.0,
        -1.0,
        1.0,
        -1.0,
        1.0,
        -1.0,
        1.0,
        1.0,
        1.0,
        1.0,
        1.0,
        -1.0,
        1.0,
        -1.0,
        1.0,
        1.0,
        -1.0,
        1.0,
        1.0,
        1.0,
        -1.0,
        1.0,
        1.0,
        1.0,
        -1.0,
        1.0,
        -1.0,
        -1.0,
        1.0,
        1.0,
        1.0,
        1.0,
        -1.0,
        1.0,
        1.0,
        -1.0,
        1.0,
        1.0,
        1.0,
        -1.0,
        1.0,
        -1.0,
        -1.0,
        1.0,
        1.0,
        1.0,
        1.0,
        1.0,
        -1.0,
        1.0,
        1.0,
        1.0,
        -1.0,
        1.0,
        1.0,
        1.0,
        1.0,
        -1.0,
        1.0,
        1.0,
        1.0,
        -1.0,
        -1.0,
        1.0,
        1.0,
        1.0,
        -1.0,
        1.0,
        -1.0,
        1.0,
        1.0,
        1.0,
        1.0,
        1.0,
        1.0,
        1.0,
        1.0,
        -1.0,
        1.0,
        1.0,
        -1.0,
        1.0,
        1.0,
        1.0,
        1.0,
        -1.0,
        -1.0,
        1.0,
        1.0,
        -1.0,
        -1.0,
        1.0,
        1.0,
        1.0,
        -1.0,
        1.0,
        -1.0,
        1.0,
        1.0,
        1.0,
        1.0,
        -1.0,
        -1.0,
        1.0,
        1.0,
        1.0,
        1.0,
        -1.0,
        1.0,
        1.0,
        1.0,
        1.0,
        1.0,
        -1.0,
        1.0,
        -1.0,
        1.0,
        1.0,
        1.0,
        -1.0,
        1.0,
        1.0,
        1.0,
        1.0,
        -1.0,
        -1.0,
        1.0,
        1.0,
        1.0,
        1.0,
        1.0,
        1.0,
        1.0,
        1.0,
        -1.0,
        -1.0,
        1.0,
        1.0,
        1.0,
        1.0,
        1.0,
        -1.0,
        1.0,
        1.0,
        1.0,
        1.0,
        1.0,
        1.0,
        -1.0,
        1.0,
        -1.0,
        -1.0,
        1.0,
        1.0,
        1.0,
        -1.0,
        1.0,
        1.0,
        1.0,
        1.0,
        1.0,
        1.0,
        -1.0,
        1.0,
        1.0,
        1.0,
        1.0,
        -1.0,
        1.0,
        -1.0,
        -1.0,
        -1.0,
        -1.0,
        1.0,
        1.0,
        1.0,
        -1.0,
        1.0,
        1.0,
        1.0,
        1.0,
        1.0,
        -1.0,
        1.0,
        1.0,
        1.0,
        1.0,
        1.0,
        1.0,
        -1.0,
        1.0,
        1.0,
        1.0,
        1.0,
        1.0,
        1.0
    ],
    "Corresponding exp value": [
        0.020997046442580974,
        0.1412827302109376,
        -0.18083466336531615,
        0.127986347838802,
        -0.06304966071973006,
        0.07580410612500912,
        -0.10478803698335609,
        -0.1315620227118605,
        0.07004477366254153,
        -0.026137217447534743,
        -0.18594486341444913,
        0.08351980842677362,
        0.09929804813046242,
        -0.07221022265225144,
        0.1389810892606033,
        -0.004420330377389155,
        0.03296228054066891,
        -0.007991779673814798,
        0.055036709693112994,
        -0.14605806300759286,
        0.06002155749240819,
        0.030478056993350006,
        0.060050272930710746,
        0.049242108343476726,
        0.05166423593235839,
        -0.09470593949503311,
        0.07848380196611132,
        -0.16443776619012015,
        0.03747351513645018,
        0.1029071286497655,
        -0.11547224357873873,
        0.03116242207670386,
        0.0027523101433054873,
        0.06888659561888705,
        -0.05215906393884,
        0.1019320260419837,
        0.021782074025834906,
        0.030148474248801807,
        -0.12200448735144573,
        0.05977641822350331,
        -0.06630549171258904,
        -0.024521051627513633,
        0.050506476260627556,
        0.03959728320767851,
        0.2101626250447083,
        0.030876373021424416,
        -0.13598169716489358,
        0.016822990498525255,
        0.019995193018933596,
        -0.04884604410380854,
        0.1445162535579352,
        0.0359655348757978,
        0.09966972884429581,
        -0.06458754857216042,
        0.026300510127849397,
        -0.08714858555203919,
        -0.04685697360295605,
        0.025760740175683576,
        0.09206464235356238,
        0.11833407651437469,
        0.022255671264590552,
        0.14155450940232958,
        -0.02411362237906997,
        0.0655316936587241,
        0.010745949127210332,
        0.11892277687397493,
        -0.033225403236895504,
        0.024736229587799346,
        0.04870796067578858,
        0.09872111573726525,
        0.023728989709686055,
        -0.04462925162943282,
        0.06552366899635209,
        0.08299379854447983,
        0.07309809652500535,
        -0.13918829266175925,
        -0.07055384606040817,
        0.027193563294601365,
        0.02117983845211999,
        0.05088616501454298,
        -0.07370438757370194,
        0.1453106736989859,
        -0.07533067613686546,
        0.03699953570826891,
        0.10359611844809932,
        0.03610120466055012,
        0.03154349588309628,
        0.027709161798352495,
        0.0644813218040887,
        0.0320242128120886,
        0.14842443823463736,
        -0.011985502782708506,
        0.03347234213193795,
        0.06285439287963542,
        -0.06227924161884125,
        0.164899279434853,
        0.11010752817873354,
        0.013313706307831331,
        0.15396388379850495,
        -0.20522731652282156,
        -0.1158897049348268,
        0.0762698658072919,
        0.01922577844843687,
        -0.09348746387757381,
        -0.11402978272862745,
        0.08728512831326302,
        0.0224433525348292,
        0.10727884502972485,
        -0.0614266981119241,
        0.09329252855321762,
        -0.1004734303159569,
        0.005892803892202017,
        0.060530175048454905,
        0.058884534021521925,
        0.013992924798697806,
        -0.2143593299356711,
        -0.1001042190152087,
        0.08391847137175802,
        0.05674008883226843,
        0.04424254818730038,
        0.019729482821404815,
        -0.10700423247690631,
        0.12259700686221182,
        0.0993313369978997,
        0.0985365416468693,
        0.03861709436576131,
        0.022545748363597483,
        -0.012504144672853056,
        0.026285792147189808,
        -0.049643917595570734,
        0.007244027635800444,
        0.047844373774658014,
        0.020654623573600563,
        -0.0031338375599825295,
        0.01227345851264793,
        0.15982834864726808,
        0.047764666317280546,
        0.03682350044132766,
        -0.04668733606898066,
        -0.026723394364559665,
        0.027293714094315646,
        0.02152745048338892,
        0.025369431392597595,
        0.06770900645900975,
        0.05165476592895904,
        0.12762647915204298,
        0.08286040449576482,
        0.034771827347965134,
        -0.03470153356649701,
        -0.008308150024268716,
        0.10054624834821764,
        0.03795867106747752,
        0.04504997810500129,
        0.06096767956710194,
        0.042157548071607515,
        -0.02117105470404052,
        0.046964227523935795,
        0.03526867938307717,
        0.039564055789509514,
        0.004686290226253161,
        0.04450002467224978,
        0.10900831899160969,
        -0.02287138280739682,
        0.03650787467369703,
        -0.03765564693984231,
        -0.04020271232500582,
        0.03834732758842049,
        0.0788592260376364,
