{
    "Calculated Minimum Energy [norm, row]": [
        0.00085451435769385,
        -2.224715360978235
    ],
    "Corresponding loss function": 0.013051625286851512,
    "Solution for Minimum Energy": [
        1.0,
        1.0,
        1.0,
        1.0,
        -1.0,
        1.0,
        1.0,
        -1.0,
        1.0,
        -1.0,
        1.0,
        -1.0,
        1.0,
        1.0,
        1.0,
        1.0,
        1.0,
        1.0,
        1.0,
        -1.0,
        -1.0,
        -1.0,
        1.0,
        1.0,
        1.0,
        1.0,
        1.0,
        1.0,
        1.0,
        -1.0,
        1.0,
        1.0,
        1.0,
        -1.0,
        1.0,
        1.0,
        1.0,
        -1.0,
        1.0,
        -1.0,
        -1.0,
        1.0,
        1.0,
        -1.0,
        1.0,
        -1.0,
        -1.0,
        -1.0,
        1.0,
        -1.0,
        1.0,
        1.0,
        1.0,
        -1.0,
        1.0,
        -1.0,
        1.0,
        -1.0,
        1.0,
        1.0,
        1.0,
        1.0,
        1.0,
        -1.0,
        -1.0,
        1.0,
        -1.0,
        -1.0,
        1.0,
        -1.0,
        -1.0,
        1.0,
        1.0,
        1.0,
        1.0,
        -1.0,
        -1.0,
        1.0,
        1.0,
        1.0,
        -1.0,
        1.0,
        1.0,
        1.0,
        1.0,
        -1.0,
        -1.0,
        1.0,
        1.0,
        -1.0,
        1.0,
        1.0,
        1.0,
        1.0,
        1.0,
        -1.0,
        1.0,
        1.0,
        1.0,
        -1.0,
        1.0,
        1.0,
        1.0,
        -1.0,
        1.0,
        -1.0,
        -1.0,
        -1.0,
        -1.0,
        -1.0,
        -1.0,
        -1.0,
        1.0,
        -1.0,
        1.0,
        1.0,
        1.0,
        -1.0,
        1.0,
        -1.0,
        1.0,
        1.0,
        1.0,
        -1.0,
        1.0,
        1.0,
        1.0,
        1.0,
        1.0,
        1.0,
        1.0,
        1.0,
        -1.0,
        1.0,
        1.0,
        1.0,
        -1.0,
        1.0,
        1.0,
        1.0,
        1.0,
        1.0,
        -1.0,
        1.0,
        1.0,
        1.0,
        1.0,
        -1.0,
        -1.0,
        -1.0,
        -1.0,
        1.0,
        -1.0,
        1.0,
        1.0,
        1.0,
        1.0,
        -1.0,
        -1.0,
        -1.0,
        1.0,
        1.0,
        1.0,
        1.0,
        1.0,
        1.0,
        1.0,
        1.0,
        1.0,
        1.0,
        1.0,
        1.0,
        1.0,
        -1.0,
        1.0,
        1.0,
        1.0,
        1.0,
        1.0,
        1.0,
        1.0,
        1.0,
        -1.0,
        1.0,
        1.0,
        -1.0,
        1.0,
        1.0,
        1.0,
        1.0,
        1.0,
        1.0,
        1.0,
        1.0,
        1.0,
        1.0,
        1.0,
        1.0,
        1.0,
        1.0,
        1.0,
        1.0,
        1.0,
        -1.0,
        -1.0,
        1.0,
        1.0,
        1.0,
        1.0,
        1.0
    ],
    "Corresponding exp value": [
        0.05889730417743876,
        0.0013751456426734868,
        0.019635812656396977,
        0.044416124752513324,
        -0.054419043063559165,
        -0.0017180871156435712,
        0.11551938114203102,
        -0.05443218005907353,
        0.03979117120472287,
        -0.08717597367784474,
        0.11717366815706282,
        -0.06774100727421199,
        0.045702009566816394,
        0.11328596696111085,
        0.05794405488692423,
        0.03670140093564076,
        0.1878976873312604,
        0.05457560862789992,
        0.07981436590541859,
        -0.0255340185846505,
        -0.047026994822054656,
        -0.06361612422171187,
        0.020523394949844592,
        -0.0003444859692533055,
        0.060376218856225274,
        0.03515228142569143,
        0.015217343056866141,
        0.05434663459845649,
        0.04038517639571649,
        -0.009222878089009807,
        0.14650571603147702,
        0.08725663906837297,
        0.011315684522274286,
        -0.1037882431767676,
        0.09062108293169466,
        0.010409384124902686,
        0.018722745251529928,
        -0.023786473037234787,
        0.162622713081735,
        -0.04445546411257855,
        -0.07774477973594475,
        0.008521679089900903,
        0.05441676006509324,
        -0.04680229839241442,
        0.023605274242415875,
        -0.035146118049876225,
        -0.03998067414962662,
        -0.043443823696820184,
        0.03992306560492156,
        -0.0664444413343832,
        0.11200037201171976,
        0.029295208617408454,
        0.050203472049054364,
        -0.048278692476573105,
        0.043784138118229295,
        -0.08274538702551484,
        0.1293217044127177,
        -0.009510930507410593,
        0.12235987242638283,
        0.006505255486312549,
        0.02981370384805003,
        0.01111280107915466,
        0.07386320792343257,
        -0.08158533130070231,
        -0.008777082267796332,
        -0.0016082483129104212,
        -0.050472216075899086,
        -0.049500396352155356,
        0.05853104599479992,
        -0.033213902178937084,
        -0.023311472997616104,
        0.08641672899575607,
        0.003588334282413939,
        0.10151868572034893,
        0.03006819157093284,
        -0.02867523896359033,
        -0.005964019598770159,
        0.03252752701671451,
        -0.0025841630700161895,
        0.0034702269245119014,
        -0.041987725630229934,
        0.04247000966834656,
        0.0005530550007260223,
        -0.00044835035633456296,
        0.019873732964038136,
        -0.023982089818457855,
        -0.05596176090434252,
        0.033914446964354264,
        0.02513540996988388,
        -0.013930772781606343,
        0.023476177112343746,
        0.10910334110389702,
        0.13027627057816787,
        0.15271594886933368,
        0.08588249416269181,
        -0.031208367339343027,
        -0.004009689742892198,
        0.01957500525122397,
        0.07649429221779837,
        -0.10524847265950421,
        0.1388466781008853,
        0.005517519128750193,
        0.10245285835417074,
        -0.06755685422891064,
        0.015575280952227384,
        -0.05265922115218762,
        -0.08947736742017812,
        -0.1078672790821593,
        -0.011725518077434237,
        -0.07252555118899526,
        -0.07052127109996008,
        -0.018708941982924655,
        -0.0050079365761159615,
        -0.018044114800194182,
        0.012224780105313516,
        0.018611219611324416,
        0.07981310435306947,
        -0.017464348868510907,
        -0.004459075893437957,
        -0.09947018950711219,
        0.059946062297492664,
        0.0480801000972007,
        0.08416751482072993,
        -0.05579266554296184,
        0.008208168363837635,
        0.03237392648402832,
        0.0028301896625484834,
        0.003025591776907869,
        0.139321982227654,
        0.06731719209681651,
        0.010057424477013377,
        0.06945591203554553,
        -0.019619189119122808,
        0.046513900683743066,
        0.08206796490728714,
        0.11565409577557027,
        -0.048807382334359425,
        0.0071991124616031625,
        0.10954455411169446,
        0.0008494914543120463,
        0.10887274243020191,
        -0.005213353612529037,
        -0.014014427961598557,
        0.15330624066164747,
        0.05489168664627496,
        0.07097875442608312,
        0.0006153335022843348,
        -0.07892997856020934,
        -0.03345121774207792,
        -0.10279491257342363,
        -0.02590520839017598,
        0.015039015420458003,
        -0.014460652434635207,
        -0.005551119239939237,
        0.05091126337345512,
        0.03708565923665107,
        0.025596423403550603,
        -0.05422410131763854,
        -0.053527802262186765,
        -0.02822206386926391,
        0.047184504169597706,
        0.030185418316306903,
        0.017919526756232478,
        -0.004583059710501533,
        0.033016037540033655,
