{
    "Calculated Minimum Energy [norm, row]": [
        0.00016704015734498554,
        -2.2352566708951205
    ],
    "Corresponding loss function": 0.00016788645056152926,
    "Solution for Minimum Energy": [
        1.0,
        1.0,
        1.0,
        1.0,
        1.0,
        -1.0,
        1.0,
        1.0,
        -1.0,
        1.0,
        -1.0,
        1.0,
        1.0,
        -1.0,
        1.0,
        1.0,
        1.0,
        -1.0,
        1.0,
        -1.0,
        1.0,
        -1.0,
        1.0,
        -1.0,
        -1.0,
        1.0,
        1.0,
        1.0,
        1.0,
        -1.0,
        1.0,
        1.0,
        1.0,
        1.0,
        1.0,
        1.0,
        1.0,
        1.0,
        -1.0,
        1.0,
        1.0,
        1.0,
        1.0,
        -1.0,
        1.0,
        -1.0,
        1.0,
        1.0,
        -1.0,
        1.0,
        1.0,
        1.0,
        1.0,
        1.0,
        1.0,
        1.0,
        -1.0,
        1.0,
        1.0,
        1.0,
        1.0,
        -1.0,
        1.0,
        1.0,
        1.0,
        1.0,
        1.0,
        1.0,
        1.0,
        1.0,
        1.0,
        1.0,
        1.0,
        1.0,
        1.0,
        1.0,
        -1.0,
        -1.0,
        1.0,
        1.0,
        -1.0,
        1.0,
        -1.0,
        -1.0,
        1.0,
        1.0,
        1.0,
        1.0,
        1.0,
        -1.0,
        1.0,
        1.0,
        -1.0,
        -1.0,
        -1.0,
        1.0,
        1.0,
        -1.0,
        1.0,
        1.0,
        -1.0,
        -1.0,
        1.0,
        1.0,
        -1.0,
        1.0,
        1.0,
        1.0,
        -1.0,
        1.0,
        -1.0,
        1.0,
        1.0,
        1.0,
        1.0,
        -1.0,
        1.0,
        1.0,
        1.0,
        1.0,
        1.0,
        -1.0,
        1.0,
        1.0,
        1.0,
        1.0,
        -1.0,
        -1.0,
        -1.0,
        1.0,
        1.0,
        -1.0,
        1.0,
        1.0,
        1.0,
        1.0,
        1.0,
        1.0,
        1.0,
        1.0,
        1.0,
        1.0,
        1.0,
        1.0,
        1.0,
        1.0,
        1.0,
        1.0,
        1.0,
        1.0,
        1.0,
        1.0,
        -1.0,
        1.0,
        1.0,
        1.0,
        -1.0,
        1.0,
        1.0,
        1.0,
        1.0,
        1.0,
        1.0,
        1.0,
        1.0,
        1.0,
        1.0,
        1.0,
        1.0,
        1.0,
        1.0,
        1.0,
        1.0,
        -1.0,
        1.0,
        1.0,
        1.0,
        1.0,
        1.0,
        1.0,
        1.0,
        1.0,
        1.0,
        1.0,
        1.0,
        1.0,
        1.0,
        1.0,
        1.0,
        1.0,
        1.0,
        1.0,
        1.0,
        1.0,
        1.0,
        1.0,
        1.0,
        1.0,
        1.0,
        1.0,
        1.0,
        -1.0,
        1.0,
        1.0,
        1.0,
        1.0,
        1.0,
        1.0,
        1.0,
        1.0
    ],
    "Corresponding exp value": [
        0.02659155904275724,
        0.019071178508693987,
        0.04127891947285767,
        0.05061836926875335,
        0.03048171714511969,
        -0.020648800869825037,
        0.05532971957044706,
        0.08702390056137799,
        -0.05763368975176572,
        0.016738610965736693,
        -0.10825505229395205,
        0.10150057546610136,
        0.07079486505787833,
        -0.04853366166168532,
        0.03554797660236344,
        0.02484619184709037,
        0.13267357210800823,
        -0.030756970458937858,
        0.16007186012470778,
        -0.0710377207244445,
        0.0542021834698486,
        -0.022378706118764028,
        0.07407826422610195,
        -0.06872911780338323,
        -0.024186919755317515,
        0.09973632535191995,
        0.02790498507231418,
        0.08044594291873426,
        0.04090024751437233,
        -0.03363593230225835,
        0.17668201554529206,
        0.05110090971588324,
        0.10064968875808186,
        0.048347395841881885,
        0.0920828416658806,
        0.06996385304591915,
        0.07284471657832084,
        0.05267086198501062,
        -0.023899121876548555,
        0.03704275984450522,
        0.029096019978859727,
        0.09344074314873896,
        0.13726378461396407,
        -0.10685796419747384,
        0.09859158336887033,
        -0.09221682016359611,
        0.04880219534147094,
        0.03353716116894575,
        -0.06648872786865219,
        0.0708267699919253,
        0.03163772232434007,
        0.019058915543722427,
        0.019762272860113606,
        0.17290608753110204,
        0.035592959970870586,
        0.06680690132725885,
        -0.07840341026742613,
        0.03265280298582084,
        0.08372738380271294,
        0.07173604737706651,
        0.015908860058254294,
        -0.10517358587005526,
        0.07198497890441685,
        0.05600413827809841,
        0.03641039870287675,
        0.07667962906783701,
        0.04139476346961765,
        0.06572055136199198,
        0.019935739696621848,
        0.04475220236684941,
        0.0011502930405133409,
        0.08107302821549582,
        0.019959972858420993,
        0.022247635149175042,
        0.06251236076878035,
        0.0240058825611884,
        -0.009243896176336842,
        -0.08918826071250979,
        0.046425058007699374,
        0.02356747166278579,
        -0.06344145119400633,
        0.028895646881525152,
        -0.12263871960486525,
        -0.1309285695008462,
        0.055720972573125756,
        0.05316798184437789,
        0.03924118385456428,
        0.02710836445284081,
        0.02444355990766941,
        -0.039920993400538986,
        0.07853910629185937,
        0.07199066005114971,
        -0.07885690275821435,
        -0.03807666504172691,
        -0.05071321941111448,
        0.022046306512964187,
        0.13689624559766803,
        -0.12101807671887586,
        0.02699338202987939,
        0.04857531648704299,
        -0.04167898169850281,
        -0.036035416473688346,
        0.08574704573553688,
        0.02327990319228099,
        -0.06896452500400949,
        0.12258106684019059,
        0.05113032373489637,
        0.022046656058282467,
        -0.12390907736551812,
        0.038547571517656046,
        -0.07888349300076868,
        0.0716397837944211,
        0.07528600280555052,
        0.05658327611195471,
        0.07622485042627683,
        -0.04926871698362154,
        0.017964821984487997,
        0.05786033238854149,
        0.03572348726715009,
        0.10509557514410478,
        0.04306598871963264,
        -0.04832675923931544,
        0.07598225670287825,
        0.1649859096278267,
        0.04075346663638118,
        0.041413258463435285,
        -0.21406640349477002,
        -0.06592387857569787,
        -0.05395445541260576,
        0.040535492139428655,
        0.019409260882211718,
        -0.046096894887261756,
        0.10541624612078553,
        0.04384506534594121,
        0.040044045162457166,
        0.022931211841146278,
        0.031009801973218024,
        0.05594641933254618,
        0.027933911277738498,
        0.02580427959215091,
        0.09401015129271606,
        0.0808427218896279,
        0.016047724047410266,
        0.07576779389527695,
        0.07070115884712201,
        0.0868777066541223,
        0.11853550219119753,
        0.09267056066914835,
        0.03134008023863276,
        0.0838533239809516,
        0.1052180788735476,
        0.06834316666437486,
        -0.061996803620389805,
        0.021337172174923237,
        0.02482146752872521,
        0.13952153605407897,
        -0.019115289099462363,
        0.1073140157075935,
        0.03973894420925671,
        0.11508698532524204,
        0.053588505845962836,
        0.04859872376196673,
        0.08907671099558377,
        0.1056513348254164,
        0.07685928403911207,
        0.019506131871311776,
        0.05393161323916713,
        0.11715848943405438,
        0.044778362304452694,
