{
    "Calculated Minimum Energy [norm, row]": [
        0.000287433453909934,
        -2.2334106335451187
    ],
    "Corresponding loss function": 0.01129578833506954,
    "Solution for Minimum Energy": [
        1.0,
        1.0,
        -1.0,
        1.0,
        -1.0,
        1.0,
        -1.0,
        1.0,
        1.0,
        -1.0,
        -1.0,
        1.0,
        1.0,
        1.0,
        -1.0,
        -1.0,
        1.0,
        -1.0,
        -1.0,
        -1.0,
        1.0,
        -1.0,
        -1.0,
        1.0,
        1.0,
        -1.0,
        1.0,
        1.0,
        1.0,
        -1.0,
        1.0,
        1.0,
        1.0,
        -1.0,
        1.0,
        1.0,
        1.0,
        1.0,
        1.0,
        -1.0,
        -1.0,
        -1.0,
        1.0,
        -1.0,
        -1.0,
        1.0,
        -1.0,
        -1.0,
        1.0,
        -1.0,
        1.0,
        1.0,
        1.0,
        1.0,
        1.0,
        -1.0,
        1.0,
        1.0,
        1.0,
        -1.0,
        1.0,
        1.0,
        1.0,
        -1.0,
        1.0,
        -1.0,
        1.0,
        -1.0,
        1.0,
        1.0,
        1.0,
        1.0,
        1.0,
        1.0,
        -1.0,
        1.0,
        -1.0,
        1.0,
        1.0,
        1.0,
        1.0,
        1.0,
        1.0,
        1.0,
        1.0,
        -1.0,
        1.0,
        1.0,
        -1.0,
        1.0,
        1.0,
        1.0,
        1.0,
        1.0,
        1.0,
        -1.0,
        1.0,
        -1.0,
        1.0,
        -1.0,
        1.0,
        1.0,
        1.0,
        -1.0,
        1.0,
        1.0,
        -1.0,
        -1.0,
        -1.0,
        -1.0,
        -1.0,
        -1.0,
        1.0,
        1.0,
        -1.0,
        1.0,
        1.0,
        -1.0,
        1.0,
        -1.0,
        1.0,
        1.0,
        1.0,
        1.0,
        -1.0,
        1.0,
        1.0,
        -1.0,
        1.0,
        1.0,
        -1.0,
        1.0,
        1.0,
        1.0,
        1.0,
        1.0,
        -1.0,
        1.0,
        1.0,
        1.0,
        1.0,
        1.0,
        1.0,
        1.0,
        1.0,
        1.0,
        1.0,
        -1.0,
        -1.0,
        1.0,
        -1.0,
        1.0,
        1.0,
        1.0,
        1.0,
        -1.0,
        1.0,
        -1.0,
        1.0,
        1.0,
        -1.0,
        1.0,
        1.0,
        1.0,
        1.0,
        1.0,
        1.0,
        1.0,
        1.0,
        1.0,
        1.0,
        1.0,
        1.0,
        1.0,
        1.0,
        1.0,
        1.0,
        1.0,
        1.0,
        1.0,
        1.0,
        -1.0,
        -1.0,
        -1.0,
        -1.0,
        1.0,
        -1.0,
        1.0,
        1.0,
        -1.0,
        1.0,
        1.0,
        1.0,
        1.0,
        -1.0,
        1.0,
        1.0,
        1.0,
        1.0,
        -1.0,
        1.0,
        1.0,
        1.0,
        -1.0,
        -1.0,
        1.0,
        1.0,
        1.0,
        1.0,
        1.0
    ],
    "Corresponding exp value": [
        0.044296484111505115,
        0.012977078053636338,
        -0.00021768655939159286,
        0.08495741224734561,
        -0.0709379320882133,
        0.08613401113284548,
        -0.0014980362876097172,
        0.12209358183805714,
        0.1361875928192375,
        -0.03710645192874192,
        -0.08172410691387699,
        0.0173230282007933,
        0.04197201107737062,
        0.09135993004812747,
        -0.049354836423822275,
        -0.13632253699166244,
        0.15575700406984497,
        -0.11162484877653568,
        -0.00020084025078146448,
        -0.08055110128699718,
        0.02554233780760606,
        -0.04719625923589737,
        -0.11523314028887037,
        0.13673701058002805,
        0.06479008365184827,
        -0.1451947070647638,
        0.0335835582216041,
        0.10746436192319478,
        0.14130686643409898,
        -0.09361635403333102,
        0.16298617445296107,
        0.02512584234583728,
        0.16085378289506388,
        -0.13141083676478843,
        0.08890127486398432,
        0.0535195366708699,
        0.07312640623130891,
        0.020407948126280714,
        0.10021615073940802,
        -0.10360776562834752,
        -0.016766615654825914,
        -0.0315043084712151,
        0.0011156266809267614,
        -0.03552964804977341,
        -0.048935997463449836,
        0.1005646829274489,
        -0.11476332037283109,
        -0.05244211779978828,
        0.08791748023476993,
        -0.051230400377926234,
        0.09855072532578797,
        0.0003396591680674536,
        0.001386166122512618,
        0.10351993823154289,
        0.07479762589316373,
        -0.10282583881976441,
        0.05016239492282603,
        0.04973944951439923,
        0.012532023944866279,
        -0.0009067551806134703,
        0.12154108491087043,
        0.06497144586714149,
        0.12681902006092824,
        -0.10407135815014032,
        0.1581724072766739,
        -0.03716603822738302,
        0.0009045927871812946,
        -0.11363426162378913,
        0.033882013968493115,
        0.02191118750407324,
        0.0008654377042671964,
        0.09707802723747495,
        0.09379893016751284,
        0.06601023288992601,
        -0.09479957806181297,
        0.16281445171597467,
        -4.4772459475418865e-05,
        0.12044616047760562,
        0.019471749571089065,
        0.11518225386197918,
        0.10635204128918938,
        0.02035045847727708,
        0.04375670309528426,
        0.019770970718816328,
        0.047071742378584185,
        -0.023009556221674166,
        0.0012387443914582312,
        0.059314676530613834,
        -0.0021863733807512354,
        0.08364207122164956,
        0.07435218928039973,
        0.02520807437869113,
        0.028792402699782248,
        0.03828790351924875,
        0.04391213468318323,
        -0.00011306597189320727,
        0.02972017617362885,
        -0.0020720949936988064,
        0.0341042041462234,
        -0.029568009946456676,
        0.005822028969805803,
        0.049814453450648305,
        0.06013756060099302,
        -0.05700659345732493,
        0.05994217776758186,
        0.006716759912411934,
        -0.002526493908292993,
        -0.042588293444394076,
        -0.01864866507750953,
        -0.03547887446905695,
        -0.036320537927782455,
        -0.00135969069615178,
        0.000710466457313797,
        0.0989700089813747,
        -0.09659592607298173,
        0.0006530348279398879,
        0.03745380002253681,
        -0.08806510422277265,
        0.030095465015824316,
        -0.023862275237540215,
        0.0016319835599389893,
        0.017000747632904902,
        0.027825771315587014,
        0.0005815732059284926,
        -0.03007134244519616,
        0.06849967282092698,
        0.09322737502745436,
        -0.03961135122902676,
        0.055330271469758725,
        0.10602544941778187,
        -0.0877131185443373,
        0.09052334681367408,
        0.0021407982570560025,
        0.0005153596924505742,
        0.04009658673245449,
        0.0647753692492446,
        -0.05886531996441201,
        0.06465345597904014,
        0.016283518997740987,
        0.03944486880582659,
        0.09812004605524724,
        0.08720139898463354,
        0.0017190898868395623,
        0.09435523364384107,
        0.05238612671977891,
        0.1450177483526664,
        0.09930936175107906,
        -0.028100730454087987,
        -0.07690345647951898,
        0.0012257407503623004,
        -0.0003397144531137237,
        0.019183302980460844,
        0.0033346619349367643,
        0.05918827015186504,
        0.029166650000691633,
        -0.0443138692638119,
        0.055086635279472114,
        -0.023403195588544957,
        0.07357377136272591,
        0.000856463760583793,
        -0.0011873745569104567,
        0.1138095125554987,
        0.01232638933547077,
        0.11006557467469924,
        0.01866625441942736,
        0.0005209668196913663,
