{
    "Calculated Minimum Energy [norm, row]": [
        0.009426818102465762,
        -2.0932728858577714
    ],
    "Corresponding loss function": 0.0035231089979335913,
    "Solution for Minimum Energy": [
        -1.0,
        -1.0,
        -1.0,
        1.0,
        -1.0,
        1.0,
        -1.0,
        -1.0,
        -1.0,
        1.0,
        1.0,
        -1.0,
        -1.0,
        1.0,
        -1.0,
        1.0,
        1.0,
        -1.0,
        1.0,
        1.0,
        -1.0,
        -1.0,
        -1.0,
        1.0,
        1.0,
        -1.0,
        1.0,
        1.0,
        1.0,
        1.0,
        -1.0,
        1.0,
        1.0,
        1.0,
        -1.0,
        1.0,
        1.0,
        -1.0,
        -1.0,
        -1.0,
        -1.0,
        1.0,
        1.0,
        -1.0,
        -1.0,
        1.0,
        1.0,
        -1.0,
        -1.0,
        -1.0,
        -1.0,
        1.0,
        -1.0,
        -1.0,
        1.0,
        -1.0,
        1.0,
        1.0,
        1.0,
        1.0,
        1.0,
        1.0,
        1.0,
        1.0,
        1.0,
        -1.0,
        1.0,
        1.0,
        1.0,
        1.0,
        -1.0,
        1.0,
        1.0,
        1.0,
        -1.0,
        -1.0,
        -1.0,
        1.0,
        -1.0,
        1.0,
        1.0,
        1.0,
        1.0,
        1.0,
        1.0,
        1.0,
        1.0,
        -1.0,
        1.0,
        1.0,
        -1.0,
        -1.0,
        -1.0,
        1.0,
        1.0,
        -1.0,
        1.0,
        1.0,
        1.0,
        1.0,
        -1.0,
        -1.0,
        1.0,
        -1.0,
        1.0,
        1.0,
        -1.0,
        1.0,
        1.0,
        1.0,
        -1.0,
        1.0,
        1.0,
        1.0,
        -1.0,
        1.0,
        1.0,
        1.0,
        1.0,
        -1.0,
        1.0,
        -1.0,
        1.0,
        1.0,
        1.0,
        1.0,
        1.0,
        1.0,
        1.0,
        1.0,
        -1.0,
        1.0,
        1.0,
        -1.0,
        1.0,
        1.0,
        1.0,
        1.0,
        1.0,
        1.0,
        1.0,
        1.0,
        1.0,
        1.0,
        1.0,
        -1.0,
        1.0,
        -1.0,
        -1.0,
        1.0,
        -1.0,
        1.0,
        -1.0,
        1.0,
        1.0,
        1.0,
        1.0,
        1.0,
        1.0,
        1.0,
        1.0,
        1.0,
        1.0,
        1.0,
        1.0,
        1.0,
        1.0,
        1.0,
        1.0,
        1.0,
        1.0,
        -1.0,
        1.0,
        -1.0,
        1.0,
        1.0,
        1.0,
        -1.0,
        1.0,
        -1.0,
        1.0,
        1.0,
        1.0,
        1.0,
        -1.0,
        1.0,
        1.0,
        1.0,
        1.0,
        1.0,
        1.0,
        1.0,
        1.0,
        -1.0,
        1.0,
        -1.0,
        1.0,
        -1.0,
        1.0,
        1.0,
        1.0,
        1.0,
        1.0,
        -1.0,
        1.0,
        1.0,
        -1.0,
        1.0,
        -1.0,
        1.0
    ],
    "Corresponding exp value": [
        -0.06346884375480442,
        -0.14997556264660644,
        -0.12451795597085341,
        0.06820801895504065,
        -0.07058774756106075,
        0.12795071049634935,
        -0.08031544831904296,
        -0.026994970180011645,
        -0.05928707498506993,
        0.07261175388618028,
        0.03819917549593442,
        -0.0800664766608485,
        -0.09812864346488905,
        -0.00014881144747712436,
        -0.01802111522477049,
        0.10847612659919946,
        0.06964127320250525,
        -0.06103769416895335,
        0.12902706032039002,
        0.10431437389660199,
        -0.026286035883411617,
        -0.05410044063036255,
        -0.04962678024785415,
        0.09843802923854796,
        0.05467406280640372,
        -0.18240946102935007,
        0.0786916586766248,
        0.04456491400693167,
        0.19016115649398463,
        0.011339363195188776,
        -0.06787586583536608,
        0.08423765797216042,
        0.017077458478071975,
        0.018049989322415187,
        -0.01238259932796269,
        0.08494289104445123,
        0.017493619366985163,
        -0.021460269011693685,
        -0.13420537755930398,
        -0.11776258408837027,
        -0.13213905874543036,
        0.06104735031385383,
        0.015974514199862698,
        -0.0495537640314975,
        -0.02887832450747798,
        0.06531608693241889,
        0.11467649978833826,
        -0.07379161146625311,
        -0.005778035759933116,
        -0.0198545348219125,
        -0.08820505726116797,
        0.13269015819133984,
        -0.06914668955982155,
        -0.12468121739846788,
        0.018495424475010496,
        -0.020527067371332117,
        0.09788114902799246,
        0.02608949626909988,
        0.03259280197264967,
        0.10420552930521924,
        0.06475123071245222,
        0.15112373563972187,
        0.060145554821404656,
        0.016477682920821825,
        0.13260527037900643,
        -0.03898341332713383,
        0.03253776729415544,
        0.04894749255224567,
        0.040611808589536315,
        0.062197415249808846,
        -0.040594733849181226,
        0.19611618539784498,
        0.0504146315748776,
        0.05134656524213504,
        -0.02710153035535009,
        -0.09443541845699835,
        -0.02197964044855098,
        0.012804502737617985,
        -0.03146300139688803,
        0.014843761976424738,
        0.013509227995523242,
        0.18382650903429365,
        0.04077118965463033,
        0.021995771030538656,
        0.022479542831968433,
        0.09940940127472427,
        0.14461855959745226,
        -0.04093528255327831,
        0.010565143388314753,
        0.02091119107121884,
        -0.04226351951538186,
        -0.0977865077816761,
        -0.07583558044773443,
        0.08597023754795338,
        0.01883118537359663,
        -0.06606670563660916,
        0.04948756349928362,
        0.11276655817071335,
        0.07499150916829504,
        0.01025298756166744,
        -0.0850451152579315,
        -0.07520440586000879,
        0.08920809686393151,
        -0.14261353286348608,
        0.041085241376716444,
        0.009792321030074632,
        -0.05933233644006596,
        0.0741441907998823,
        0.05209284225376713,
        0.03661682323823717,
        -0.062420418116671,
        0.06951920626676407,
        0.1216032893215755,
        0.05257531090384622,
        -0.07110926014890427,
        0.1549692502108321,
        0.034105271632217736,
        0.06902315572204533,
        0.030312878287922725,
        -0.05301962395681291,
        0.1032402103123353,
        -0.036548018219376706,
        0.03665056665320529,
        0.1266633789367674,
        0.07645778313032404,
        0.018196103202830542,
        0.01824428786520661,
        0.027669689807334218,
        0.01991522005774625,
        0.02743140767586194,
        -0.04875833240488818,
        0.05193853461684653,
        0.07728743397469243,
        -0.04167295013094043,
        0.01921004384966546,
        0.014580490724925049,
        0.03848987034829978,
        0.0932701858454936,
        0.07107988253137097,
        0.12441084276456775,
        0.02803014691580061,
        0.04080535904859054,
        0.09518544888546128,
        0.06170869750146622,
        0.06805656075659963,
        -0.052637618546505664,
        0.027627497036818913,
        -0.04130607633457288,
        -0.028735129022488308,
        0.14118193645743046,
        -0.1005503347980659,
        0.002031755649281751,
        -0.1146585776272374,
        0.08040264170572778,
        0.0757724048585613,
        0.03062332638474875,
        0.014510366362219891,
        0.028545575295921236,
        0.016237455688894044,
        0.11110373035256173,
        0.013055184143468615,
        0.06358654433864588,
        0.04445928531043514,
        0.06963345537057214,
        0.11377377542931529,
        0.06699531294906118,
        0.05279641628439973,
        0.015437433487403684,
