{
    "Calculated Minimum Energy [norm, row]": [
        0.0003615406432015293,
        -2.2322743191219803
    ],
    "Corresponding loss function": 0.00036453319557062323,
    "Solution for Minimum Energy": [
        1.0,
        -1.0,
        1.0,
        1.0,
        1.0,
        1.0,
        1.0,
        -1.0,
        1.0,
        1.0,
        1.0,
        -1.0,
        -1.0,
        1.0,
        1.0,
        1.0,
        -1.0,
        -1.0,
        1.0,
        1.0,
        1.0,
        -1.0,
        -1.0,
        1.0,
        1.0,
        1.0,
        1.0,
        1.0,
        1.0,
        -1.0,
        1.0,
        1.0,
        1.0,
        1.0,
        1.0,
        -1.0,
        1.0,
        1.0,
        -1.0,
        1.0,
        -1.0,
        1.0,
        1.0,
        1.0,
        -1.0,
        1.0,
        1.0,
        1.0,
        -1.0,
        1.0,
        -1.0,
        1.0,
        1.0,
        1.0,
        1.0,
        1.0,
        1.0,
        1.0,
        1.0,
        1.0,
        1.0,
        1.0,
        1.0,
        1.0,
        1.0,
        1.0,
        -1.0,
        1.0,
        1.0,
        1.0,
        -1.0,
        1.0,
        1.0,
        1.0,
        1.0,
        -1.0,
        1.0,
        -1.0,
        1.0,
        1.0,
        1.0,
        1.0,
        -1.0,
        1.0,
        1.0,
        1.0,
        1.0,
        1.0,
        1.0,
        1.0,
        1.0,
        1.0,
        1.0,
        1.0,
        1.0,
        1.0,
        -1.0,
        1.0,
        1.0,
        1.0,
        1.0,
        1.0,
        1.0,
        -1.0,
        1.0,
        1.0,
        -1.0,
        1.0,
        1.0,
        1.0,
        1.0,
        1.0,
        1.0,
        1.0,
        1.0,
        1.0,
        1.0,
        1.0,
        1.0,
        1.0,
        1.0,
        1.0,
        1.0,
        1.0,
        -1.0,
        1.0,
        -1.0,
        1.0,
        1.0,
        1.0,
        1.0,
        1.0,
        1.0,
        1.0,
        1.0,
        -1.0,
        1.0,
        1.0,
        -1.0,
        1.0,
        1.0,
        1.0,
        1.0,
        -1.0,
        1.0,
        -1.0,
        1.0,
        1.0,
        -1.0,
        1.0,
        1.0,
        -1.0,
        1.0,
        -1.0,
        -1.0,
        1.0,
        -1.0,
        -1.0,
        1.0,
        -1.0,
        -1.0,
        -1.0,
        1.0,
        1.0,
        1.0,
        1.0,
        1.0,
        1.0,
        1.0,
        1.0,
        1.0,
        -1.0,
        1.0,
        -1.0,
        1.0,
        1.0,
        -1.0,
        1.0,
        1.0,
        -1.0,
        1.0,
        1.0,
        1.0,
        1.0,
        -1.0,
        1.0,
        1.0,
        -1.0,
        1.0,
        1.0,
        -1.0,
        1.0,
        1.0,
        1.0,
        -1.0,
        1.0,
        1.0,
        1.0,
        1.0,
        1.0,
        -1.0,
        1.0,
        1.0,
        -1.0,
        -1.0,
        -1.0,
        -1.0,
        1.0,
        -1.0,
        1.0
    ],
    "Corresponding exp value": [
        0.028080891377302686,
        -0.11637205598136126,
        0.09600023556461627,
        0.07682382102118566,
        0.028152932737993817,
        0.1366202492180978,
        0.09583043164457906,
        -0.08683612511924467,
        0.044342538681050786,
        0.1339250086167564,
        0.09244783890207088,
        -0.052313380955519836,
        -0.03815576211894297,
        0.03077924663878876,
        0.10348958489218803,
        0.230298959805219,
        -0.028962624298646954,
        -0.049753890156987945,
        0.07931345601579264,
        0.1473998440293374,
        0.04828258657019711,
        -0.06391669880130936,
        -0.018158322380432933,
        0.1384045670419994,
        0.060524206625165604,
        0.07422319416780453,
        0.06689102156542778,
        0.1023877580192429,
        0.22419370661080043,
        -0.005741443751397535,
        0.04218170689277423,
        0.036509457959736265,
        0.09187978770769954,
        0.01720621925656205,
        0.021351045678159784,
        -0.10720036303520004,
        0.06741296059998785,
        0.08703163742180538,
        -0.021751108994836163,
        0.05874880396363684,
        -0.059426869263831,
        0.14775848299577396,
        0.013130700807202368,
        0.04948289188150952,
        -0.04041974102652572,
        0.11863987599005686,
        0.12129808594820836,
        0.11536008907243532,
        -0.0225728987730899,
        0.12723942802171356,
        -0.10104758895375503,
        0.1317246873614135,
        0.032115628626338676,
        0.06356404673851117,
        0.022618355050292215,
        0.12336267767768373,
        0.11257447066189528,
        0.17608321986942352,
        0.027956377475169485,
        0.15386264462929947,
        0.05627733399926153,
        0.14329637229358003,
        0.06008434711538182,
        0.10781520458579157,
        0.14712665477535358,
        0.07598305947004065,
        -0.04211946944387798,
        0.18401364364323344,
        0.14336346236430808,
        0.14065819532713267,
        -0.024598260484243146,
        0.07822553688090451,
        0.11817836050220781,
        0.09721057512859281,
        0.10002464528603956,
        -0.036893628949160866,
        0.10886111273116769,
        -0.09666099121976257,
        0.13648013676573162,
        0.07356211341796542,
        0.12016563017149196,
        0.02690243974391125,
        -0.13274472019805694,
        0.03748963305007475,
        0.1039211434865001,
        0.08786740370063445,
        0.04002155525777037,
        0.10288492497288738,
        0.08343352737804402,
        0.028839058410565693,
        0.018261547247593976,
        0.031071833408190776,
        0.06301595351909278,
        0.08707089950843235,
        0.010744548226095062,
        0.05678274296840301,
        -0.01180280099949913,
        0.0794138498623592,
        0.03882726295023166,
        0.04101679994409743,
        0.02177567319726166,
        0.11113684869832537,
        0.039749710655217124,
        -0.09349312312230969,
        0.03991734020228816,
        0.06728267687357356,
        -0.1199936629777404,
        0.1619111464690853,
        0.08304225197265024,
        0.10624760050975417,
        0.06285599130960516,
        0.04244788603167919,
        0.1118234891278652,
        0.03926655163910097,
        0.03913987850390098,
        0.13616916089727862,
        0.05873012874774643,
        0.03789337916184147,
        0.0773467257726372,
        0.07195590050042484,
        0.10488038641722977,
        0.037963681817613636,
        0.1186705272950331,
        0.045561143134208636,
        -0.016497252398157667,
        0.0900699715249128,
        -0.032210824685777746,
        0.03740257010137171,
        0.03664604964811585,
        0.041974812282084155,
        0.03790698130592398,
        0.03169093122406238,
        0.09972409057284269,
        0.07216658650775214,
        0.05222624868824436,
        -0.03849819146461289,
        0.08379466522338784,
        0.11649386986431483,
        -0.06753212322428476,
        0.1169327786227107,
        0.019731553430063855,
        0.05589716304816004,
        0.0587064851035998,
        -0.07009735648817683,
        0.02091791763609615,
        -0.04242947303505993,
        0.14374212008655357,
        0.0211431249522139,
        -0.02579827865930461,
        0.03457220424522376,
        0.07696985881672387,
        -0.029307228680849454,
        0.03882111935257751,
        -0.035416815664494304,
        -0.06309088267200554,
        0.06014280287557126,
        -0.0648331773851552,
        -0.07148686231004063,
        0.04661185888319685,
        -0.03391389226818538,
        -0.06021106697483721,
        -0.06898646416778217,
        0.038507389611545484,
        0.07406237695296293,
        0.04354678906442276,
        0.02216818858115443,
        0.0629895169201948,
        0.032750441163205364,
        0.10268963780788994,
