{
    "Calculated Minimum Energy [norm, row]": [
        0.0003281639841176993,
        -2.232786096447172
    ],
    "Corresponding loss function": 0.00044602497183573276,
    "Solution for Minimum Energy": [
        -1.0,
        1.0,
        1.0,
        1.0,
        1.0,
        1.0,
        1.0,
        -1.0,
        -1.0,
        -1.0,
        -1.0,
        1.0,
        1.0,
        1.0,
        1.0,
        -1.0,
        -1.0,
        -1.0,
        1.0,
        1.0,
        -1.0,
        1.0,
        1.0,
        -1.0,
        1.0,
        1.0,
        1.0,
        -1.0,
        1.0,
        1.0,
        -1.0,
        -1.0,
        1.0,
        1.0,
        1.0,
        1.0,
        1.0,
        1.0,
        -1.0,
        1.0,
        1.0,
        -1.0,
        -1.0,
        1.0,
        1.0,
        -1.0,
        -1.0,
        1.0,
        -1.0,
        -1.0,
        1.0,
        1.0,
        1.0,
        1.0,
        -1.0,
        1.0,
        -1.0,
        1.0,
        1.0,
        -1.0,
        1.0,
        -1.0,
        1.0,
        1.0,
        1.0,
        -1.0,
        -1.0,
        1.0,
        1.0,
        -1.0,
        -1.0,
        1.0,
        -1.0,
        1.0,
        1.0,
        1.0,
        1.0,
        -1.0,
        1.0,
        1.0,
        1.0,
        1.0,
        1.0,
        1.0,
        1.0,
        -1.0,
        1.0,
        1.0,
        1.0,
        1.0,
        -1.0,
        1.0,
        1.0,
        1.0,
        1.0,
        -1.0,
        1.0,
        1.0,
        1.0,
        1.0,
        -1.0,
        1.0,
        1.0,
        1.0,
        -1.0,
        1.0,
        -1.0,
        1.0,
        -1.0,
        -1.0,
        1.0,
        -1.0,
        1.0,
        1.0,
        1.0,
        -1.0,
        -1.0,
        1.0,
        1.0,
        1.0,
        1.0,
        1.0,
        1.0,
        -1.0,
        -1.0,
        1.0,
        1.0,
        -1.0,
        -1.0,
        1.0,
        -1.0,
        1.0,
        1.0,
        1.0,
        1.0,
        1.0,
        1.0,
        1.0,
        1.0,
        -1.0,
        1.0,
        1.0,
        1.0,
        1.0,
        1.0,
        1.0,
        1.0,
        1.0,
        1.0,
        1.0,
        1.0,
        1.0,
        1.0,
        1.0,
        1.0,
        -1.0,
        1.0,
        1.0,
        1.0,
        1.0,
        1.0,
        1.0,
        1.0,
        -1.0,
        1.0,
        1.0,
        1.0,
        1.0,
        1.0,
        -1.0,
        1.0,
        1.0,
        1.0,
        1.0,
        1.0,
        1.0,
        1.0,
        -1.0,
        1.0,
        1.0,
        1.0,
        1.0,
        1.0,
        1.0,
        1.0,
        1.0,
        1.0,
        1.0,
        1.0,
        1.0,
        1.0,
        1.0,
        1.0,
        1.0,
        -1.0,
        1.0,
        1.0,
        1.0,
        1.0,
        1.0,
        -1.0,
        1.0,
        1.0,
        1.0,
        1.0,
        1.0,
        1.0,
        -1.0,
        1.0,
        -1.0
    ],
    "Corresponding exp value": [
        -0.030309148361476593,
        0.02106244330659971,
        0.06062730380813457,
        0.007611477263891284,
        0.07006851858433642,
        0.017440766264857077,
        0.016803459062463062,
        -0.09151507118680433,
        -0.051054520910155124,
        -0.08032995937705098,
        -0.0594513558567956,
        0.015208536023634348,
        0.01350350704555949,
        0.024824092984584274,
        0.037959052087493464,
        -0.042446455837290134,
        -0.038635250962505585,
        -0.055511252151391445,
        0.06263127568014884,
        0.1656405285944668,
        -0.00907635409065785,
        0.03705261412842141,
        0.06227622465237198,
        -0.0853650344258517,
        0.016387592025543136,
        0.011986330779914544,
        0.012560545884498509,
        -0.15124930313050625,
        0.07044981185630743,
        0.03207485665755596,
        -0.0259320362501887,
        -0.1422822313230825,
        0.10118981983403649,
        0.12435153772868424,
        0.07288602523703386,
        0.06262637686620352,
        0.1631943301738606,
        0.1607419120263756,
        -0.09080721043910707,
        0.050890315423339855,
        0.01603056389761845,
        -0.16749481998355908,
        -0.12289945056528964,
        0.06290185628425878,
        0.04179457375363188,
        -0.05994803845586181,
        -0.11277222119289404,
        0.025247795946394987,
        -0.013103288884282584,
        -0.04543988871462877,
        0.13914600678319552,
        0.06309197623680338,
        0.05892889019157324,
        0.019083070151437537,
        -0.03309571402545221,
        0.11856686960722121,
        -0.006840584249935366,
        0.01700126338641102,
        0.10677585835193534,
        -0.022585230454944552,
        0.029409166457036534,
        -0.1593029600414473,
        0.04633767011640551,
        0.11037291174643651,
        0.12298418711863476,
        -0.02939016424868933,
        -0.016241882737234585,
        0.004811007695522512,
        -0.00019406743107778547,
        -0.11826981162639799,
        -0.04390318340583875,
        0.003660372959088858,
        -0.03684526178515926,
        0.0001326570531596659,
        0.010284375590200324,
        0.11375413402268852,
        0.147356777924788,
        -0.0658549970119301,
        0.05772250462215936,
        0.015174305916922398,
        0.031992680228031534,
        0.04850703472555755,
        0.06837567232822934,
        0.05140332611528531,
        0.029365760071625998,
        -0.018209137764610944,
        0.020546357495806047,
        0.1179474611652079,
        0.017562103417074707,
        0.010403927857059304,
        -0.054606732404454565,
        0.06338768169148587,
        0.009765044577201135,
        0.015459702169062204,
        0.1029145989875933,
        -0.049800344175258054,
        0.07411592818390561,
        0.1708888350855412,
        0.026936489005425716,
        0.04270520794347251,
        -0.10896545965003253,
        0.05689552191511876,
        0.06798810828616755,
        0.0036265784622816996,
        -0.06569989296982295,
        0.10742112177783247,
        -0.009866082972996246,
        0.014643770615729555,
        -0.007019007837235228,
        -0.04736466833678336,
        0.030311689918909354,
        -0.04039971304638638,
        0.02368698540073015,
        0.0058139546872934475,
        0.09928250257612221,
        -0.06240746988067589,
        -0.023040347041377016,
        0.10425597836659513,
        0.062261004815910514,
        0.16416071823166742,
        0.10549316179603377,
        0.14718765999067776,
        0.11104490234370117,
        -0.06733831458371978,
        -0.05947281782974379,
        0.12630895457706298,
        0.02126219113126165,
        -0.018373889995588234,
        -0.03863881564711177,
        0.049832007185397514,
        -0.005804458890711996,
        0.026376615533116068,
        0.06700314307878184,
        0.07914892743420367,
        0.010342747646842801,
        0.010191215266799596,
        0.004051322642826754,
        0.012232520233254022,
        0.03313602696213663,
        -0.022880131728591442,
        0.03228061181232744,
        0.050210190215976926,
        0.023461707045801,
        0.10011148622543935,
        0.12281519336377925,
        0.04495731245791082,
        0.018733722676692655,
        0.040206009803359685,
        0.12479026665026038,
        0.03598275106298616,
        0.036529356292347395,
        0.09473610908725684,
        0.09269026997144339,
        0.13558348152787433,
        0.15311234444223978,
        -0.031151945855029804,
        0.1421788574414789,
        0.05908172183712456,
        0.059591196390813735,
        0.0904833929964884,
        0.0579858328172709,
        0.06105287468682629,
        0.07062396218666912,
        -0.029849363521931346,
        0.015615701525565049,
        0.025534013976828022,
        0.14631834895720408,
