{
    "Calculated Minimum Energy [norm, row]": [
        0.0003284127491170808,
        -2.2327822820364585
    ],
    "Corresponding loss function": 0.008725288254208102,
    "Solution for Minimum Energy": [
        -1.0,
        -1.0,
        1.0,
        1.0,
        -1.0,
        1.0,
        1.0,
        -1.0,
        1.0,
        1.0,
        -1.0,
        1.0,
        1.0,
        1.0,
        1.0,
        1.0,
        1.0,
        1.0,
        1.0,
        1.0,
        1.0,
        1.0,
        1.0,
        1.0,
        -1.0,
        1.0,
        1.0,
        1.0,
        -1.0,
        1.0,
        -1.0,
        -1.0,
        1.0,
        1.0,
        -1.0,
        1.0,
        -1.0,
        -1.0,
        1.0,
        -1.0,
        1.0,
        1.0,
        -1.0,
        1.0,
        -1.0,
        1.0,
        -1.0,
        1.0,
        1.0,
        -1.0,
        1.0,
        -1.0,
        1.0,
        -1.0,
        1.0,
        -1.0,
        1.0,
        -1.0,
        1.0,
        1.0,
        1.0,
        -1.0,
        1.0,
        -1.0,
        1.0,
        -1.0,
        1.0,
        1.0,
        1.0,
        1.0,
        -1.0,
        1.0,
        -1.0,
        1.0,
        1.0,
        -1.0,
        1.0,
        1.0,
        1.0,
        1.0,
        1.0,
        1.0,
        1.0,
        1.0,
        1.0,
        1.0,
        1.0,
        1.0,
        1.0,
        1.0,
        1.0,
        -1.0,
        1.0,
        1.0,
        1.0,
        1.0,
        -1.0,
        1.0,
        1.0,
        1.0,
        -1.0,
        -1.0,
        1.0,
        1.0,
        1.0,
        1.0,
        -1.0,
        1.0,
        1.0,
        1.0,
        1.0,
        -1.0,
        -1.0,
        1.0,
        1.0,
        1.0,
        1.0,
        1.0,
        1.0,
        1.0,
        1.0,
        1.0,
        1.0,
        1.0,
        -1.0,
        -1.0,
        1.0,
        -1.0,
        1.0,
        1.0,
        1.0,
        1.0,
        1.0,
        1.0,
        1.0,
        1.0,
        1.0,
        1.0,
        1.0,
        -1.0,
        1.0,
        -1.0,
        -1.0,
        1.0,
        -1.0,
        1.0,
        1.0,
        -1.0,
        1.0,
        1.0,
        -1.0,
        -1.0,
        1.0,
        -1.0,
        1.0,
        1.0,
        -1.0,
        1.0,
        1.0,
        1.0,
        -1.0,
        -1.0,
        1.0,
        1.0,
        -1.0,
        1.0,
        1.0,
        1.0,
        1.0,
        1.0,
        -1.0,
        1.0,
        1.0,
        1.0,
        -1.0,
        1.0,
        1.0,
        -1.0,
        1.0,
        1.0,
        -1.0,
        1.0,
        1.0,
        -1.0,
        1.0,
        1.0,
        1.0,
        1.0,
        1.0,
        -1.0,
        1.0,
        1.0,
        1.0,
        -1.0,
        -1.0,
        -1.0,
        1.0,
        1.0,
        -1.0,
        -1.0,
        -1.0,
        1.0,
        1.0,
        -1.0,
        1.0,
        1.0,
        1.0,
        1.0,
        1.0,
        -1.0
    ],
    "Corresponding exp value": [
        -0.0020555303325577286,
        -0.00046622323210553877,
        0.004099779122676123,
        0.006269243155992837,
        -0.12566940884780234,
        0.05831816401783979,
        0.008649371567667218,
        -0.09142023044763713,
        0.0023675992479878045,
        0.03416534239850002,
        -0.0007636986033839515,
        0.036851628548723536,
        0.052430109240279306,
        0.006215383931219163,
        0.07365952948749833,
        0.06889157515272362,
        0.0006697669040076253,
        0.0003403765548047515,
        0.07974505266541859,
        4.7494500409574376e-05,
        0.09125012132843592,
        0.002334664193518317,
        0.03347455344877837,
        0.10984887451255827,
        -0.06265874855496541,
        0.10651903901984537,
        0.08015860091155912,
        0.004067589783677931,
        -0.00051860253193788,
        0.1343673337715556,
        -0.0007744121452111898,
        -0.009252862988859521,
        0.06447067461966098,
        0.0033360426490064233,
        -0.16959790894952634,
        0.004355047724126892,
        -0.0009877717985474549,
        -0.1387236767225345,
        0.12829066369527758,
        -0.0010618631349580679,
        0.045591074981104804,
        0.05436018212855032,
        -0.059109859885340996,
        0.004870890854409318,
        -0.17543371851756298,
        0.14385227037635645,
        -0.00012075941096389205,
        0.008201753625098122,
        0.00912597727695567,
        -0.00033102265766215503,
        0.002773047138364136,
        -0.042165644730158304,
        0.05335970193424549,
        -0.03777588169182422,
        0.0013551511336858486,
        -0.06026020186331642,
        0.006032803909789212,
        -0.1330740314016454,
        0.0021753980657749994,
        0.042694760520568,
        0.062394206490308954,
        -0.1438288615511724,
        0.05809121261215498,
        -0.0006261620646130861,
        0.00543253169443664,
        -0.0014678027209893635,
        0.0007973148334708613,
        0.005118903005650003,
        0.09914863528245953,
        0.03220383859251043,
        -0.00233790565749663,
        0.08880059791109013,
        -0.06111184443141653,
        0.14411500711413797,
        0.07500961659405768,
        -0.0014936156698897975,
        0.05647719459756669,
        0.10804193417332944,
        0.0650964006192415,
        0.06179820710996584,
        0.08791759523094755,
        0.04356367628637423,
        0.06626114264650033,
        0.05195127018383363,
        0.07824247642884029,
        0.004875038133319236,
        0.11486805859224186,
        0.10926792454174736,
        0.075467245094492,
        0.20204662637136434,
        0.048482076005806785,
        -0.004010002947191685,
        0.052100377685938726,
        0.04346854025486038,
        0.0012459153104199998,
        0.08941990348321696,
        -0.001141483428766939,
        0.07501433517198862,
        0.0012032303343627888,
        0.00038796648980380993,
        -0.055122564842168126,
        -0.00011525084587249424,
        0.034090696706765934,
        0.002573222659679863,
        0.11412443412131269,
        0.08356669146757083,
        -0.0021814558719958294,
        0.11364604879723099,
        0.0004645489486127972,
        0.0018963987737265673,
        0.0014554383824558282,
        -0.002398590027620206,
        -0.03364607128134953,
        0.15739147849213295,
        0.016999815924802437,
        0.09719711987033942,
        0.0044188304458442716,
        0.045153300656484915,
        0.007482823165889774,
        0.10932196848618275,
        0.08166153303432555,
        0.08103040227742675,
        0.07054339399475709,
        0.0018786679496627617,
        -0.0011841920073084862,
        -0.0018217256968646714,
        0.10532322525195743,
        -0.08259073115328523,
        0.050874935340461974,
        0.07714921841008712,
        0.06994010329856892,
        0.10992964806937966,
        0.008485694175036487,
        0.0551608598073739,
        0.0014628257027999572,
        0.05214548707403253,
        0.029643646032964675,
        0.08004257313012278,
        0.08063355484202162,
        -0.029358796766065107,
        0.022954502403316833,
        -0.001270708033326507,
        -0.00022339946076053215,
        0.0026647165037637175,
        -0.01136593278824071,
        0.034717437583721374,
        0.11323027835633988,
        -0.0019088476724454396,
        0.0011979894006646152,
        0.0006559642632612463,
        -0.0752218466060552,
        -0.0005657504183120875,
        0.1383250131396411,
        -0.08183361065345941,
        0.04644033288946245,
        0.05032685620931703,
        -0.002137601873022717,
        0.14775299808149028,
        0.05433820155256387,
        0.0008292916524633449,
        -0.11704615811571487,
        -0.00111649017280545,
        0.0007389060686859338,
        0.00593653730364223,
        -0.09797049071597345,
