{
    "Calculated Minimum Energy [norm, row]": [
        0.01762622775949564,
        -1.967548141152599
    ],
    "Corresponding loss function": -0.004037393026356783,
    "Solution for Minimum Energy": [
        1.0,
        1.0,
        -1.0,
        -1.0,
        -1.0,
        -1.0,
        1.0,
        -1.0,
        1.0,
        1.0,
        1.0,
        1.0,
        1.0,
        -1.0,
        1.0,
        1.0,
        1.0,
        1.0,
        1.0,
        -1.0,
        1.0,
        1.0,
        1.0,
        1.0,
        1.0,
        -1.0,
        1.0,
        1.0,
        -1.0,
        1.0,
        1.0,
        1.0,
        1.0,
        -1.0,
        1.0,
        -1.0,
        1.0,
        1.0,
        -1.0,
        1.0,
        1.0,
        1.0,
        1.0,
        -1.0,
        1.0,
        1.0,
        1.0,
        -1.0,
        1.0,
        1.0,
        -1.0,
        -1.0,
        -1.0,
        -1.0,
        1.0,
        1.0,
        1.0,
        -1.0,
        1.0,
        1.0,
        1.0,
        -1.0,
        1.0,
        1.0,
        -1.0,
        1.0,
        1.0,
        1.0,
        1.0,
        -1.0,
        1.0,
        -1.0,
        1.0,
        1.0,
        -1.0,
        1.0,
        1.0,
        -1.0,
        1.0,
        -1.0,
        1.0,
        1.0,
        1.0,
        1.0,
        1.0,
        1.0,
        1.0,
        -1.0,
        1.0,
        -1.0,
        1.0,
        1.0,
        1.0,
        1.0,
        1.0,
        1.0,
        1.0,
        1.0,
        1.0,
        1.0,
        -1.0,
        1.0,
        -1.0,
        1.0,
        1.0,
        -1.0,
        -1.0,
        1.0,
        1.0,
        1.0,
        -1.0,
        1.0,
        -1.0,
        1.0,
        -1.0,
        1.0,
        1.0,
        -1.0,
        -1.0,
        -1.0,
        1.0,
        -1.0,
        1.0,
        -1.0,
        -1.0,
        1.0,
        1.0,
        -1.0,
        -1.0,
        -1.0,
        1.0,
        -1.0,
        1.0,
        -1.0,
        -1.0,
        1.0,
        1.0,
        -1.0,
        -1.0,
        1.0,
        -1.0,
        -1.0,
        1.0,
        1.0,
        1.0,
        1.0,
        1.0,
        1.0,
        1.0,
        1.0,
        -1.0,
        -1.0,
        1.0,
        -1.0,
        1.0,
        1.0,
        1.0,
        -1.0,
        1.0,
        1.0,
        1.0,
        -1.0,
        1.0,
        -1.0,
        1.0,
        -1.0,
        1.0,
        1.0,
        1.0,
        1.0,
        1.0,
        -1.0,
        1.0,
        -1.0,
        1.0,
        1.0,
        1.0,
        -1.0,
        -1.0,
        1.0,
        -1.0,
        1.0,
        -1.0,
        1.0,
        1.0,
        1.0,
        1.0,
        1.0,
        1.0,
        1.0,
        -1.0,
        1.0,
        1.0,
        1.0,
        1.0,
        1.0,
        -1.0,
        1.0,
        1.0,
        1.0,
        1.0,
        1.0,
        1.0,
        -1.0,
        -1.0,
        1.0,
        1.0,
        1.0,
        1.0,
        1.0
    ],
    "Corresponding exp value": [
        0.06463086475910547,
        0.07369902688458929,
        -0.14096304399907345,
        -0.03182532958416401,
        -0.04950767281399997,
        -0.029589254520942628,
        0.004577075610196479,
        -0.07186936242506395,
        0.009512562099519777,
        0.02902589898448297,
        0.014405203790042669,
        0.038800908412963374,
        0.07023136979214158,
        -0.06979069032175853,
        0.0075757911273827624,
        0.021049334108886437,
        0.06282014970787156,
        0.05905531500257114,
        0.08514327318567802,
        -0.07123614777984613,
        0.05877887660964229,
        0.01621905797367603,
        0.01886188922732008,
        0.025923268871238154,
        0.08766963316944093,
        -0.011782029437719794,
        0.015914963378301977,
        0.07628123224459565,
        -0.004347241258219384,
        0.02059386714326552,
        0.015921152047678196,
        0.2094435237641381,
        0.0004947550206964284,
        -0.02995797404830231,
        0.03263735622107519,
        -0.05999601900334167,
        0.04236499428796609,
        0.011904107992029784,
        -0.024115381290566767,
        0.057800543902167434,
        0.060462335775313666,
        0.028186140401636188,
        0.0948569981153326,
        -0.0911124701892333,
        0.025980845290984825,
        0.11382272753559003,
        0.012386650639836643,
        -0.016943015857840193,
        0.022575181955161127,
        0.023062335723779578,
        -0.04039350893658023,
        -0.02268092495732961,
        -0.004934863418763585,
        -0.14112639400462523,
        0.005605111245740799,
        0.030195111627944016,
        0.0268011209051469,
        -0.17695906296724612,
        0.16784303619688284,
        0.015343270579628365,
        0.09974520259033129,
        -0.04155198880619697,
        0.03608706982093331,
        0.11849055903279868,
        -0.011970458116837824,
        0.07764441139150319,
        0.028472268672205103,
        0.12107058920490263,
        0.11625536361090208,
        -0.35056175993576255,
        0.03564431496269188,
        -0.03722343815407687,
        0.011508001748754462,
        0.021897680149661827,
        -0.4383926971144941,
        0.3730569949823296,
        0.43869493803268905,
        -0.4307061948656929,
        0.005948228280938139,
        -0.4460386609558845,
        0.3633441399912505,
        0.0239025688929588,
        0.43307000469775375,
        0.004109528907579643,
        0.004457584648709283,
        0.43341924774773233,
        0.4158297374956499,
        -0.5029557855560179,
        0.009929034462762644,
        -0.4375692514956484,
        0.3662041253127599,
        0.03223334377107312,
        0.36700074345738914,
        0.015763137478223395,
        0.09432574081781205,
        0.027888121205892756,
        0.010546839721782655,
        0.503452976246435,
        0.033471975222218446,
        0.3960964274889946,
        -0.3971098237830742,
        0.09372317977421153,
        -0.4521088573827506,
        0.38920262708242404,
        0.35578297991204333,
        -0.46749006001919496,
        -0.3372892098022706,
        0.4044110165998942,
        0.046115347074801014,
        0.43502126486073556,
        -0.5034034572179515,
        0.06133267190215,
        -0.49131892949284767,
        0.04566131266302346,
        -0.004207924894754075,
        0.024315203868230783,
        0.07333840379989096,
        -0.48534790407025646,
        -0.06627507455200166,
        -0.49604305001536475,
        0.42396593747263617,
        -0.029571719954974214,
        0.45446164577385323,
        -0.513291532502155,
        -0.40189083295710704,
        0.0004308703358192516,
        0.024710611913120625,
        -0.40875231476773827,
        -0.0023965992956464996,
        -0.4902683687581847,
        0.44860629114577627,
        -0.015250118337952388,
        0.45913178627552864,
        -0.4925050096101656,
        -0.41810200420125765,
        0.3576661295466495,
        0.08286582980992065,
        -0.07243475033658438,
        -0.003163404643098929,
        0.01787890019133774,
        -0.03892947147020981,
        -0.0307728534624891,
        0.03367743863076595,
        0.11028377699746617,
        0.13623019264629962,
        0.03133927409106037,
        0.07481908325407424,
        0.01287030838327909,
        0.05019663579598855,
        0.03552009762652443,
        -0.041924605432064006,
        -0.186264247987778,
        0.02249435380240848,
        -0.06901722957925376,
        0.13455499840092555,
        0.08478048405065745,
        0.10595236071448744,
        -0.05995831766102666,
        0.017975406032812547,
        0.11894430661371762,
        0.05156773921588606,
        -0.007655308578737989,
        0.11354783471646059,
        -0.04016363721369951,
        0.10619491349088077,
        -0.028088639053359607,
        0.14529446700343301,
        0.11252817328743298,
