{
    "Calculated Minimum Energy [norm, row]": [
        0.00015312272111680925,
        -2.23547007237034
    ],
    "Corresponding loss function": 0.00015687478952133572,
    "Solution for Minimum Energy": [
        -1.0,
        1.0,
        -1.0,
        1.0,
        -1.0,
        1.0,
        1.0,
        1.0,
        -1.0,
        -1.0,
        1.0,
        1.0,
        1.0,
        -1.0,
        -1.0,
        -1.0,
        1.0,
        -1.0,
        1.0,
        1.0,
        1.0,
        -1.0,
        1.0,
        1.0,
        1.0,
        1.0,
        1.0,
        -1.0,
        -1.0,
        -1.0,
        -1.0,
        1.0,
        -1.0,
        -1.0,
        1.0,
        -1.0,
        1.0,
        1.0,
        1.0,
        1.0,
        1.0,
        1.0,
        1.0,
        1.0,
        1.0,
        -1.0,
        -1.0,
        -1.0,
        1.0,
        -1.0,
        -1.0,
        1.0,
        1.0,
        1.0,
        1.0,
        1.0,
        1.0,
        1.0,
        -1.0,
        -1.0,
        -1.0,
        -1.0,
        1.0,
        -1.0,
        1.0,
        1.0,
        1.0,
        1.0,
        -1.0,
        1.0,
        -1.0,
        1.0,
        1.0,
        1.0,
        1.0,
        -1.0,
        1.0,
        -1.0,
        1.0,
        1.0,
        -1.0,
        1.0,
        1.0,
        1.0,
        1.0,
        -1.0,
        1.0,
        1.0,
        1.0,
        1.0,
        1.0,
        1.0,
        -1.0,
        1.0,
        1.0,
        1.0,
        1.0,
        -1.0,
        1.0,
        -1.0,
        -1.0,
        1.0,
        1.0,
        -1.0,
        -1.0,
        1.0,
        1.0,
        -1.0,
        -1.0,
        -1.0,
        1.0,
        -1.0,
        1.0,
        1.0,
        1.0,
        1.0,
        1.0,
        1.0,
        1.0,
        1.0,
        1.0,
        -1.0,
        1.0,
        1.0,
        -1.0,
        1.0,
        1.0,
        1.0,
        -1.0,
        1.0,
        1.0,
        1.0,
        -1.0,
        1.0,
        1.0,
        1.0,
        1.0,
        1.0,
        1.0,
        -1.0,
        -1.0,
        1.0,
        -1.0,
        1.0,
        1.0,
        1.0,
        1.0,
        1.0,
        1.0,
        -1.0,
        1.0,
        -1.0,
        1.0,
        -1.0,
        1.0,
        1.0,
        1.0,
        1.0,
        1.0,
        1.0,
        1.0,
        1.0,
        -1.0,
        1.0,
        1.0,
        1.0,
        1.0,
        1.0,
        1.0,
        1.0,
        1.0,
        1.0,
        1.0,
        1.0,
        1.0,
        1.0,
        1.0,
        -1.0,
        1.0,
        1.0,
        1.0,
        1.0,
        1.0,
        1.0,
        1.0,
        1.0,
        -1.0,
        1.0,
        1.0,
        1.0,
        1.0,
        -1.0,
        1.0,
        -1.0,
        1.0,
        1.0,
        -1.0,
        1.0,
        1.0,
        1.0,
        1.0,
        -1.0,
        1.0,
        1.0,
        1.0,
        1.0,
        -1.0,
        1.0,
        -1.0,
        1.0
    ],
    "Corresponding exp value": [
        -0.11629558697262923,
        0.05850870493600182,
        -0.09735603437131343,
        0.08555497610286283,
        -0.06271406916257478,
        0.03253100679730848,
        0.11326714440533939,
        0.013762600763688558,
        -0.06969695630145045,
        -0.17060517971197575,
        0.02388823299947121,
        0.059928826262447984,
        0.0831515715885647,
        -0.08104444047102638,
        -0.06219183412513609,
        -0.06856597906762484,
        0.000460602633220095,
        -0.11779160377441558,
        0.02116174549676194,
        0.05253932601023189,
        0.08410940317225638,
        -0.09962488214729356,
        0.06008311467662836,
        0.09258751601319484,
        0.0755626998414003,
        0.08737552573409008,
        0.07654741773482059,
        -0.07451263407457237,
        -0.09686613866639468,
        -0.062731810682208,
        -0.08418933102243395,
        0.08574349782439189,
        -0.0927191982192597,
        -0.08957220662445728,
        0.06642888704751845,
        -0.0660386621453167,
        0.039997567594811025,
        0.09666037796359003,
        0.04461473189150505,
        0.07713446304468419,
        0.0741252184925899,
        0.050776976716712253,
        0.0763833940821055,
        0.11071224217134287,
        0.1281545533207626,
        -0.04644240196997834,
        -0.058618564905695135,
        -0.08483129936931563,
        0.013115427247924543,
        -0.10136245897182444,
        -0.03239289285030683,
        0.11377233821508803,
        0.038644599753347254,
        0.04354257677909467,
        0.03522415135730264,
        0.06715924208990363,
        0.1446358534762167,
        0.0444428431380478,
        -0.12997349301367364,
        -0.0918334821393463,
        -0.08756104795375519,
        -0.07930994709858244,
        0.07687852191995362,
        -0.09390295881084167,
        0.08304752620412101,
        0.09244780955149848,
        0.07994577405260239,
        0.04634098033522412,
        -0.09977307466013408,
        0.07566128422295129,
        -0.04820802738977204,
        0.12654876037003165,
        0.04115684629328139,
        0.02738789005504142,
        0.07315397622374505,
        -0.06733458818536936,
        0.11186879366889156,
        -0.08599152153965228,
        0.11601299362759702,
        0.10636020761500527,
        -0.09968906550418451,
        0.08685467040050712,
        0.015524506537887861,
        0.07200124664471821,
        0.031180971667304627,
        -0.06995325896395153,
        0.025890506018963005,
        0.05767110640625228,
        0.05009269625203764,
        0.041496929068924084,
        0.08442077978336034,
        0.04874208211387179,
        -0.10996210141826553,
        0.050903281640450236,
        0.04403025788129832,
        0.028956995367492917,
        0.014498907671212407,
        -0.05947999675089666,
        0.05177538992823172,
        -0.053280587963504704,
        -0.09759143510669487,
        0.042608689724287004,
        0.08231257478410245,
        -0.051817000411566054,
        -0.09291367100167468,
        0.09725881851679036,
        0.008785397691088886,
        -0.08364780352062759,
        -0.06267385209730467,
        -0.07635347898339402,
        0.07748265155257858,
        -0.07098533873892457,
        0.06763140768033454,
        0.0766891954515521,
        0.11835109404057065,
        0.01745091965531248,
        0.03332413766203077,
        0.05899313362122598,
        0.12916218484683661,
        0.04488504096404861,
        0.05988194830491865,
        -0.14321172230550294,
        0.10726495864200138,
        0.03020443734442473,
        -0.08785586966623779,
        0.116550418399167,
        0.06786592905303214,
        0.17216437437545723,
        -0.07283320971370498,
        0.06313572222707847,
        0.04837637247317555,
        0.08502476783174938,
        -0.08124131435899501,
        0.04118747225959116,
        0.02759818220807174,
        0.06233244478942311,
        0.06270242347633195,
        0.038237086372114454,
        0.044699774639099174,
        -0.11314240391468751,
        -0.08228627441512122,
        0.06493512253261959,
        -0.06361528662517016,
        0.03737121911129825,
        0.10025669048120141,
        0.04515549989943659,
        0.07280217392157483,
        0.09999502515296259,
        0.06296149213326015,
        -0.054538489658289224,
        0.06794440517828132,
        -0.07733046800073298,
        0.07909435821287387,
        -0.06739645352133372,
        0.06268459202989131,
        0.05003761045910819,
        0.039896074977008186,
        0.0873543903462166,
        0.0375426712466306,
        0.019557935493584335,
        0.055336057542922625,
        0.045809779006095994,
        -0.05652510912274613,
        0.028392090618282472,
        0.03150421297097568,
        0.08005383191382212,
        0.06053096393910495,
        0.046556442339542384,
