{
    "Calculated Minimum Energy [norm, row]": [
        0.0005622586796031341,
        -2.229196631222501
    ],
    "Corresponding loss function": 0.0006434038155798449,
    "Solution for Minimum Energy": [
        1.0,
        1.0,
        1.0,
        1.0,
        -1.0,
        1.0,
        -1.0,
        1.0,
        1.0,
        1.0,
        -1.0,
        1.0,
        1.0,
        1.0,
        1.0,
        -1.0,
        1.0,
        -1.0,
        1.0,
        -1.0,
        -1.0,
        -1.0,
        -1.0,
        1.0,
        1.0,
        -1.0,
        1.0,
        1.0,
        1.0,
        -1.0,
        1.0,
        1.0,
        -1.0,
        -1.0,
        1.0,
        1.0,
        1.0,
        1.0,
        1.0,
        -1.0,
        -1.0,
        -1.0,
        -1.0,
        -1.0,
        -1.0,
        1.0,
        -1.0,
        -1.0,
        1.0,
        1.0,
        1.0,
        1.0,
        1.0,
        1.0,
        1.0,
        -1.0,
        1.0,
        1.0,
        1.0,
        1.0,
        1.0,
        -1.0,
        1.0,
        1.0,
        1.0,
        -1.0,
        -1.0,
        -1.0,
        1.0,
        1.0,
        1.0,
        1.0,
        1.0,
        1.0,
        -1.0,
        1.0,
        1.0,
        1.0,
        -1.0,
        1.0,
        1.0,
        1.0,
        1.0,
        1.0,
        1.0,
        -1.0,
        1.0,
        1.0,
        -1.0,
        1.0,
        1.0,
        1.0,
        1.0,
        1.0,
        1.0,
        1.0,
        -1.0,
        -1.0,
        1.0,
        -1.0,
        -1.0,
        1.0,
        1.0,
        -1.0,
        1.0,
        1.0,
        1.0,
        1.0,
        -1.0,
        -1.0,
        1.0,
        1.0,
        1.0,
        1.0,
        1.0,
        -1.0,
        1.0,
        1.0,
        -1.0,
        1.0,
        -1.0,
        -1.0,
        1.0,
        1.0,
        -1.0,
        1.0,
        1.0,
        -1.0,
        1.0,
        1.0,
        -1.0,
        1.0,
        1.0,
        1.0,
        1.0,
        -1.0,
        1.0,
        1.0,
        1.0,
        1.0,
        1.0,
        1.0,
        1.0,
        1.0,
        -1.0,
        1.0,
        1.0,
        1.0,
        -1.0,
        -1.0,
        1.0,
        1.0,
        1.0,
        1.0,
        -1.0,
        -1.0,
        1.0,
        -1.0,
        1.0,
        -1.0,
        1.0,
        1.0,
        -1.0,
        1.0,
        1.0,
        -1.0,
        1.0,
        1.0,
        1.0,
        1.0,
        1.0,
        1.0,
        1.0,
        1.0,
        1.0,
        1.0,
        1.0,
        1.0,
        1.0,
        1.0,
        1.0,
        1.0,
        -1.0,
        -1.0,
        1.0,
        1.0,
        -1.0,
        1.0,
        1.0,
        1.0,
        1.0,
        1.0,
        1.0,
        -1.0,
        -1.0,
        1.0,
        1.0,
        1.0,
        1.0,
        1.0,
        -1.0,
        1.0,
        1.0,
        -1.0,
        1.0,
        -1.0,
        1.0,
        1.0,
        1.0,
        1.0
    ],
    "Corresponding exp value": [
        0.09958995701387585,
        0.029658039478933557,
        0.028440641158625258,
        0.04746632019321613,
        -0.03444522842888009,
        0.00727029628751946,
        -0.09842929035841297,
        0.01554050701103391,
        0.027789184669554035,
        0.0032510438681961355,
        -0.015520516153975381,
        0.0695094494402784,
        0.06833602126911412,
        0.011640330271454459,
        0.09212439609860584,
        -0.10001743569340682,
        0.05565057115112118,
        -0.0835903906903753,
        0.005616007798005824,
        -0.03616108689760872,
        -0.10600506755840383,
        -0.11449038096241504,
        -0.04296946992118765,
        0.012907968050547511,
        0.046944130096957484,
        -0.1164021207404917,
        0.054848992878486685,
        0.01131667909431885,
        0.07031174291548922,
        -0.028054356143093588,
        0.013228219831948674,
        0.05043138276523887,
        -0.08500100892182219,
        -0.09560783071091292,
        0.0781627300907207,
        0.11943483990070866,
        0.0629728831821049,
        7.667045356422007e-07,
        0.017381518137315238,
        -0.14060315894361936,
        -0.04305865612790871,
        -0.06579508616393329,
        -0.05565382450261927,
        -0.056766281670450155,
        -0.065335195187814,
        0.04948057185649676,
        -0.09472401613404385,
        -0.05141058076286657,
        0.008116074392253978,
        0.007657571778932419,
        0.024850092335653152,
        0.027936996763848882,
        0.05063926230697881,
        0.00615862846995502,
        0.05388394246411493,
        -0.12430493343492852,
        0.07529272945883389,
        0.0719030463951964,
        0.028192604590834665,
        0.06674285408990278,
        0.07571094606228843,
        -0.04008973283389586,
        0.07134041039373203,
        0.04907722444947396,
        0.08020704181317165,
        -0.05389063936972016,
        -0.048267704862449703,
        -0.14430570976698376,
        0.003971721203966881,
        0.07961365703712464,
        0.013054390479477838,
        0.03184985203881807,
        0.09002306490630055,
        0.03302749985525186,
        -0.09245452227062077,
        0.0539690390604059,
        0.01030133687467693,
        0.03408288725659959,
        -0.11870752503870158,
        0.008994619362550808,
        0.12661045817104608,
        0.032369747963558994,
        0.008495632006366962,
        0.010917246070862781,
        0.027391040310131436,
        -0.02275183543408848,
        0.00705744283260374,
        0.10326979193243688,
        -0.041138260070170185,
        0.07333963958659452,
        0.04590622758182259,
        0.07364906394165972,
        0.09646217490635535,
        0.09003815749893562,
        0.015098264800461458,
        0.006767867298396772,
        -0.06647851040291053,
        -0.07193894108668664,
        0.08637327564112857,
        -0.02555114544305322,
        -0.012643134689718635,
        0.0002481859914763192,
        0.05400297477180167,
        -0.08476492459543311,
        0.06977772140996251,
        0.05996249999796492,
        0.04808369403323972,
        0.03792074342320443,
        -0.07623491138587443,
        -0.13572154038555823,
        0.11122179894576174,
        0.02305795793121791,
        0.09133168174717558,
        0.07524347103595,
        0.021125754287550032,
        -0.06852875939447496,
        0.06194823578892853,
        0.06428612545271148,
        -0.04083287914257359,
        0.061165741316344564,
        -0.02706692306538233,
        -0.029261687443039266,
        0.06061044230136214,
        0.025137781733938554,
        -0.09943286597809985,
        0.07747926603006859,
        0.11851076140028151,
        -0.056297574172681525,
        0.08722794819715819,
        0.01982580738693162,
        -0.05996134129679154,
        0.011980381298416335,
        0.02819163303856651,
        0.03443072171127912,
        0.05373337450279985,
        -0.04867238274520456,
        0.02331841567653473,
        0.0344909100593576,
        0.00559879886152711,
        0.06607185480336474,
        0.07017798654148713,
        0.039768800196008605,
        0.025632226155398972,
        0.0978703878960628,
        -0.06856529226147032,
        0.05310785375809293,
        0.042049261351286775,
        0.0157886105051026,
        -0.133535263567058,
        -0.05957060097684414,
        0.06611229396382368,
        0.03516842352039007,
        0.028456649919047304,
        0.10322317566152178,
        -0.11323108800048456,
        -0.005875603007077728,
        0.02145254535123243,
        -0.03706907501037123,
        0.046997488348421795,
        -0.04766700834123341,
        0.06095777078815572,
        0.04387286191139453,
        -0.005542775501653199,
        0.043895915326471496,
        0.05018561729489243,
        -0.007781778690107861,
        0.017677191079729006,
