{
    "Calculated Minimum Energy [norm, row]": [
        0.0003155514384920482,
        -2.232979489526088
    ],
    "Corresponding loss function": -0.005860935645545363,
    "Solution for Minimum Energy": [
        -1.0,
        1.0,
        1.0,
        -1.0,
        1.0,
        1.0,
        -1.0,
        1.0,
        -1.0,
        1.0,
        -1.0,
        1.0,
        -1.0,
        1.0,
        -1.0,
        1.0,
        1.0,
        1.0,
        1.0,
        1.0,
        1.0,
        1.0,
        1.0,
        -1.0,
        1.0,
        1.0,
        -1.0,
        1.0,
        1.0,
        1.0,
        -1.0,
        1.0,
        -1.0,
        1.0,
        -1.0,
        1.0,
        1.0,
        -1.0,
        1.0,
        -1.0,
        1.0,
        1.0,
        1.0,
        1.0,
        -1.0,
        1.0,
        -1.0,
        -1.0,
        1.0,
        1.0,
        1.0,
        1.0,
        1.0,
        1.0,
        1.0,
        -1.0,
        1.0,
        -1.0,
        1.0,
        1.0,
        1.0,
        -1.0,
        1.0,
        1.0,
        -1.0,
        1.0,
        -1.0,
        1.0,
        1.0,
        -1.0,
        1.0,
        1.0,
        1.0,
        1.0,
        1.0,
        1.0,
        1.0,
        1.0,
        1.0,
        1.0,
        1.0,
        1.0,
        1.0,
        1.0,
        1.0,
        1.0,
        1.0,
        1.0,
        1.0,
        1.0,
        1.0,
        -1.0,
        1.0,
        1.0,
        1.0,
        1.0,
        1.0,
        1.0,
        1.0,
        -1.0,
        1.0,
        1.0,
        1.0,
        1.0,
        1.0,
        1.0,
        1.0,
        1.0,
        1.0,
        1.0,
        1.0,
        1.0,
        1.0,
        1.0,
        1.0,
        1.0,
        1.0,
        1.0,
        1.0,
        1.0,
        1.0,
        1.0,
        1.0,
        1.0,
        1.0,
        1.0,
        1.0,
        1.0,
        1.0,
        1.0,
        1.0,
        1.0,
        1.0,
        1.0,
        1.0,
        1.0,
        1.0,
        1.0,
        1.0,
        1.0,
        1.0,
        1.0,
        1.0,
        1.0,
        1.0,
        1.0,
        -1.0,
        1.0,
        -1.0,
        1.0,
        1.0,
        1.0,
        1.0,
        -1.0,
        -1.0,
        1.0,
        1.0,
        1.0,
        1.0,
        1.0,
        -1.0,
        -1.0,
        1.0,
        -1.0,
        1.0,
        1.0,
        1.0,
        1.0,
        1.0,
        1.0,
        -1.0,
        1.0,
        -1.0,
        1.0,
        -1.0,
        1.0,
        1.0,
        1.0,
        1.0,
        -1.0,
        1.0,
        1.0,
        1.0,
        1.0,
        1.0,
        1.0,
        -1.0,
        1.0,
        1.0,
        -1.0,
        1.0,
        -1.0,
        -1.0,
        -1.0,
        -1.0,
        1.0,
        1.0,
        1.0,
        1.0,
        -1.0,
        -1.0,
        -1.0,
        -1.0,
        -1.0,
        -1.0,
        1.0,
        1.0,
        -1.0,
        1.0,
        1.0
    ],
    "Corresponding exp value": [
        -0.10466905147327457,
        0.05723060506807769,
        0.06718947006613515,
        -0.0920856490486063,
        0.1835840688254115,
        0.013524554368021,
        -0.0038268968301751055,
        0.06548781160658407,
        -0.2098805890094962,
        0.07322792469702132,
        -0.07072938465912959,
        0.1133107368821317,
        -0.1653901089659709,
        0.10800645757617883,
        -0.07035219624149083,
        0.026659364779290023,
        0.06365817183580082,
        0.03166871235928348,
        0.0515589620817122,
        0.07141463509514455,
        0.10402997655728613,
        0.07173440873355068,
        0.11083226035921864,
        -0.10516450521357273,
        0.08293228878813814,
        0.11236763561848298,
        -0.15800930791150292,
        0.13276935582963506,
        0.11400684572045555,
        0.031858712629124625,
        -0.12702062349691617,
        0.04895023761276842,
        -0.11450634186114086,
        0.1267431911501769,
        -0.003034480910923086,
        0.1101253337521905,
        0.11404437943355202,
        -0.10167782877615114,
        0.08052433235590581,
        -0.11889516348699715,
        0.12704004500496321,
        0.03532389785001484,
        0.06219660892262303,
        0.018589994273464645,
        -0.09944771055240001,
        0.10078145420998921,
        -0.11070641979940593,
        -0.08470497745709932,
        0.0012784572030650702,
        0.02588911292039917,
        0.07727866366503361,
        0.031654052226600934,
        0.01891748527788944,
        0.06190028953333727,
        0.11752290814222197,
        -0.09798832659462728,
        0.08161166825772634,
        -0.10923468840166474,
        0.10310839426127358,
        0.06259040823971646,
        0.022167443407466472,
        -0.09748545304950265,
        0.07536402118937999,
        0.019753275610005533,
        -0.10583214240467226,
        0.1629629283119871,
        -0.11924811106816481,
        0.14043219365654291,
        0.16215300472735478,
        -0.1323875140759122,
        0.07492992421334972,
        0.05137459455493089,
        0.051737079962753556,
        0.07019714424841601,
        0.0972718122875608,
        0.08964179605032199,
        0.09488417356232366,
        0.09486044088936073,
        0.1693655324052542,
        0.10741466032525128,
        0.09577446430200713,
        0.030117492800613297,
        0.1503750221958403,
        0.13336281516113596,
        0.018332255017483635,
        0.149672622689984,
        0.1105284202265851,
        0.18776217729368302,
        0.1532015895487569,
        0.07480721607990899,
        0.04137162400546326,
        -0.10705684496622184,
        0.08063931078635539,
        0.09332705846453639,
        0.03450683932733785,
        0.07601226030884971,
        0.1273360724061935,
        0.19210945182176709,
        0.10150368228386425,
        -0.08772860099153411,
        0.08911030101118844,
        0.11736945993424537,
        0.17658319872371242,
        0.1773477412662516,
        0.036115725148033094,
        0.061173966058585695,
        0.07056358216256223,
        0.01935680465956511,
        0.13921299345163612,
        0.06410185129029519,
        0.08574289970426927,
        0.07863404797548414,
        0.15876130961732846,
        0.04226316961873966,
        0.07272070689466056,
        0.11748430937959575,
        0.08841683057294875,
        0.056348004482937177,
        0.03264162223310219,
        0.05514901089442231,
        0.05900951792460984,
        0.13216748280758878,
        0.09747464010741902,
        0.025959173465782144,
        0.08355093402844832,
        0.06591535222311927,
        0.05126070251399134,
        0.09592338160049574,
        0.09120402791171482,
        0.0775518605484804,
        0.013860483413378774,
        0.12396753737781842,
        0.08246049892086431,
        0.09547147416158264,
        0.08498682402763158,
        0.021712172226528693,
        0.13089663967913462,
        0.004699199067991891,
        0.11445443093215822,
        0.03768556758662931,
        0.08960875924011368,
        0.19106919526508556,
        0.0933064171182169,
        0.01680323213234689,
        0.10187209252225174,
        0.047818000776871566,
        -0.1089214045054757,
        0.009139103479271257,
        -0.12158904970550924,
        0.02307583373651255,
        0.06488472472727963,
        0.021670874289320387,
        0.004059008280253671,
        -0.08814610158509231,
        -0.13131928489592562,
        0.093487693717036,
        0.08789658092684483,
        0.0474387836372194,
        0.06493045006044282,
        0.036286459361557506,
        -0.09750426818355772,
        -0.08635698745374837,
        0.05395990942812093,
        -0.09417430495793531,
        0.021888103750898842,
        0.029964361138722053,
        0.1456013569706768,
        0.08804846300610557,
        0.07585180758142235,
        0.050992188275358244,
