{
    "Calculated Minimum Energy [norm, row]": [
        0.0008429143662259401,
        -2.2248932281695195
    ],
    "Corresponding loss function": -0.005678720366282999,
    "Solution for Minimum Energy": [
        -1.0,
        1.0,
        1.0,
        1.0,
        1.0,
        -1.0,
        1.0,
        1.0,
        1.0,
        1.0,
        1.0,
        1.0,
        -1.0,
        1.0,
        1.0,
        1.0,
        1.0,
        -1.0,
        1.0,
        -1.0,
        1.0,
        1.0,
        1.0,
        -1.0,
        1.0,
        1.0,
        -1.0,
        1.0,
        1.0,
        1.0,
        -1.0,
        -1.0,
        -1.0,
        1.0,
        1.0,
        1.0,
        1.0,
        -1.0,
        1.0,
        -1.0,
        1.0,
        1.0,
        1.0,
        -1.0,
        1.0,
        1.0,
        -1.0,
        1.0,
        1.0,
        1.0,
        -1.0,
        1.0,
        1.0,
        1.0,
        1.0,
        -1.0,
        1.0,
        1.0,
        1.0,
        1.0,
        1.0,
        1.0,
        1.0,
        1.0,
        1.0,
        1.0,
        1.0,
        1.0,
        1.0,
        -1.0,
        -1.0,
        -1.0,
        1.0,
        1.0,
        1.0,
        1.0,
        1.0,
        1.0,
        -1.0,
        1.0,
        1.0,
        -1.0,
        -1.0,
        1.0,
        1.0,
        1.0,
        -1.0,
        -1.0,
        1.0,
        1.0,
        1.0,
        1.0,
        -1.0,
        1.0,
        1.0,
        -1.0,
        1.0,
        -1.0,
        1.0,
        1.0,
        1.0,
        1.0,
        1.0,
        -1.0,
        -1.0,
        1.0,
        -1.0,
        1.0,
        -1.0,
        -1.0,
        -1.0,
        -1.0,
        1.0,
        1.0,
        1.0,
        1.0,
        -1.0,
        1.0,
        1.0,
        1.0,
        -1.0,
        1.0,
        1.0,
        1.0,
        -1.0,
        -1.0,
        -1.0,
        1.0,
        -1.0,
        1.0,
        -1.0,
        1.0,
        1.0,
        1.0,
        1.0,
        1.0,
        1.0,
        -1.0,
        1.0,
        -1.0,
        1.0,
        1.0,
        1.0,
        1.0,
        -1.0,
        1.0,
        1.0,
        -1.0,
        1.0,
        1.0,
        1.0,
        1.0,
        1.0,
        1.0,
        1.0,
        1.0,
        1.0,
        1.0,
        -1.0,
        1.0,
        1.0,
        -1.0,
        1.0,
        1.0,
        1.0,
        1.0,
        1.0,
        1.0,
        1.0,
        1.0,
        1.0,
        1.0,
        1.0,
        1.0,
        1.0,
        1.0,
        1.0,
        1.0,
        1.0,
        1.0,
        -1.0,
        1.0,
        1.0,
        1.0,
        1.0,
        1.0,
        1.0,
        1.0,
        1.0,
        -1.0,
        1.0,
        1.0,
        1.0,
        1.0,
        1.0,
        1.0,
        1.0,
        -1.0,
        1.0,
        1.0,
        1.0,
        1.0,
        1.0,
        -1.0,
        1.0,
        1.0,
        1.0,
        1.0,
        1.0,
        1.0
    ],
    "Corresponding exp value": [
        -0.07176542113156698,
        0.02549570497816371,
        0.16334110717626488,
        0.021046407493961417,
        0.10017956553296634,
        -0.12380254031921711,
        0.11210574380225966,
        0.039254964811414966,
        0.010329334206343395,
        0.01859866995562958,
        0.06192232098370672,
        0.2235748877486039,
        -0.09130264204417965,
        0.023191566357740667,
        0.009890180872338354,
        0.11846869654856,
        0.1071460750751439,
        -0.12721919673199458,
        0.09677977020434494,
        -0.05056433776086361,
        0.09747000512209134,
        0.03000324356579804,
        0.11872824596808833,
        -0.07359480734060365,
        0.02331187201986113,
        0.18642259787388848,
        -0.03225832541061583,
        0.10072060452555212,
        0.03990498188588312,
        0.029333449160034074,
        -0.04139518198238369,
        -0.03300084112673559,
        -0.05399053327485155,
        0.05572270344348885,
        0.03689117818339932,
        0.06613107763357581,
        0.06843000141032232,
        -0.09166031911311676,
        0.017428573381677748,
        -0.04702874779293117,
        0.16857128899149276,
        0.03277579836921814,
        0.06267140774014827,
        -0.07515075435935084,
        0.13827400379063154,
        0.15304644444565713,
        -0.05263451434802336,
        0.009315126436913563,
        0.006128984908508818,
        0.02035986676854281,
        -0.03943095908971701,
        0.05717040929622259,
        0.09783829193844384,
        0.10794879752468374,
        0.07586234570634579,
        -0.03828462516571324,
        0.041914102261948256,
        0.008426541891762137,
        0.028167780253489635,
        0.08752126498014379,
        0.06020116589561639,
        0.01428498478319384,
        0.11331215507836975,
        0.05269340589326752,
        0.11342916541206599,
        0.19199519103168305,
        0.11101138905374007,
        0.024679912417824287,
        0.10753758838466304,
        -0.13431712545845048,
        -0.029607004162438194,
        -0.052892767537743385,
        0.04119478860363267,
        0.05452721963575113,
        0.02938979344526294,
        0.040161916292506886,
        0.027265151474533372,
        0.09792448880431316,
        -0.05116515518805824,
        0.012404505878179626,
        0.01132569706771243,
        -0.046265919402681044,
        -0.10043947259737172,
        0.06274741892597704,
        0.11140108021104045,
        0.06057310463612134,
        -0.03555114268626356,
        -0.03289256048565588,
        0.05111284089253934,
        0.019068027752360522,
        0.04261901211003876,
        0.011216249682248373,
        -0.14528493442690674,
        0.07235374407428137,
        0.1389941318151966,
        -0.031124700047712624,
        0.049565295744487,
        -0.018998418440787104,
        0.08625022960771113,
        0.045090411219790384,
        0.07847154409835772,
        0.045901014568254746,
        0.10103058707968468,
        -0.01825267150435259,
        -0.031005226187847568,
        0.07959625939164384,
        -0.04190771351978948,
        0.0779653373639395,
        -0.036816243770071325,
        -0.036676853007093405,
        -0.03169959849926386,
        -0.018853491800903063,
        0.08037321872079138,
        0.10547262493301722,
        0.022819341906455664,
        0.02164901075278508,
        -0.029661024950499087,
        0.06745351259611419,
        0.025304397149645916,
        0.027110468769067298,
        -0.05712085768735027,
        0.09616182738158835,
        0.05912239006296039,
        0.07263085844762729,
        -0.018775750219938006,
        -0.015696421923417487,
        -0.05096428844815715,
        0.10582430709322602,
        -0.06546915184733028,
        0.07731605163892434,
        -0.0776152690442102,
        0.135084360584167,
        0.14834759513378534,
        0.14133021536182572,
        0.025828967955275606,
        0.0316151003418766,
        0.04998052694350932,
        -0.07807419929977101,
        0.015286345513504447,
        -0.015681440917911835,
        0.08322234253138322,
        0.013969136004881064,
        0.02182586312852201,
        0.03539910374456298,
        -0.034263570747039424,
        0.04099434840590818,
        0.01915324384033365,
        -0.009803915597332812,
        0.11080137859891166,
        0.0937775302583888,
        0.14169780907847823,
        0.017115932743706604,
        0.024242222663949365,
        0.05403105278597451,
        0.0590808213317699,
        0.036765222859215047,
        0.022674109388923575,
        0.09075944151799067,
        -0.028307070194558095,
        0.06370396780334774,
        0.07520479724764696,
        -0.02752141030356999,
        0.02427111243717916,
        0.05735340822708968,
        0.09995197620654936,
        0.03531188624890017,
        0.044186997413837574,
        0.10289568112901926,
