{
  "iter": 42,
  "loss": 0.07386445728487724,
  "cost": 0.019462664259489778,
  "parameters": [
    0.6034343119677218,
    3.010396532284452,
    1.0895993814997411,
    4.260483353773759,
    2.2841902756824704,
    2.3589731049461813,
    1.988153081342691,
    4.173049590433432,
    2.386215243893063,
    0.7011047831953309,
    0.8004816036787975,
    6.28083448630566,
    5.327446510817011,
    4.281825609184049,
    1.6148633213567787,
    6.097365372787468,
    4.599704965838318,
    4.376610539866768,
    2.6967559879628213,
    1.6515520577589964,
    0.8569755866199985,
    5.613751571639568,
    2.4028343862668375,
    1.4185860398112338,
    1.8765768301833952,
    3.5240432117428035,
    1.4043365318787888,
    5.342203575324572,
    5.082144061962217,
    4.306005313758627,
    2.86118200613195,
    3.9726526116546554,
    3.8591992488480575,
    4.050843394536213,
    0.34532174340868294,
    2.6965291215426874,
    0.5177294886313311,
    3.331607940583963,
    2.1501100007006473,
    0.9385564025592209,
    0.5686854982144315,
    3.8398284853491615,
    0.9368242239006414,
    5.863688912231253,
    3.568763188934185,
    2.1466285000143044,
    3.675407216346327,
    0.060623665964788354,
    6.287280903017191,
    3.1590795446150794,
    5.1028756594699765,
    0.7387630193948492,
    3.006362068226136,
    3.242116262932685,
    6.216015440614646,
    3.881809237030882,
    2.582451382659712,
    1.5248422740423244,
    2.0132577117093113,
    2.7500975613672836,
    2.1997361530299915,
    0.22838096194448063,
    5.088029193158449,
    5.795480927601374,
    0.9534320753688883,
    3.4860023668897933,
    0.780894144736071,
    4.372779643522091,
    1.8451933725445107,
    4.005949237300233
  ],
  "number for cost": 129104
}