{
  "iter": 35,
  "loss": 0.06164965019439349,
  "cost": 0.005082809135050608,
  "parameters": [
    4.861052116047608,
    4.149812050495388,
    5.191429675078064,
    0.7230404364056151,
    3.6171259160438636,
    3.290358545426643,
    5.429377440397238,
    2.991089752812112,
    2.4541595210413965,
    3.8215366028877407,
    1.7208913043888419,
    1.1856744678772,
    2.9572172357214503,
    2.68566205928866,
    1.4038297472209902,
    2.5287463299402293,
    2.511312514833238,
    2.0287305462677967,
    2.303270629677063,
    4.0925813545301635,
    1.9972984655435273,
    6.042566119055083,
    5.785602178115131,
    3.119211560001089,
    1.8654989817860155,
    3.534068515277277,
    5.350471468426449,
    4.399839688806916,
    5.021364756483021,
    3.4661728887199823,
    3.8959173496089425,
    1.8426610014989313,
    4.626919833898695,
    1.306484203233691,
    4.416420572511279,
    5.36727880922263,
    0.9192177778827473,
    3.911755773812285,
    0.5123450282546388,
    4.170806432071036,
    0.4271146033506541,
    6.06656340488774,
    0.592167813567774,
    6.145362353491295,
    4.845360309333348,
    3.4793302270300135,
    5.147668811018424,
    4.753338480379655,
    6.033194371423253,
    1.534726308107936,
    3.8510808318614487,
    0.7281329272812692,
    3.915844836588142,
    0.8451366939164185,
    3.261881262454306,
    3.5964598530678806,
    2.572795893466087,
    3.1207707419118615,
    4.559878426512442,
    4.992940752803432,
    2.829606144717976,
    3.990659743277732,
    5.971057820728068,
    0.6531396405672011,
    0.7462604740595036,
    0.6409530211443045,
    3.953371304486726,
    3.0365645730635027,
    4.740239173883487,
    4.202061864114185
  ],
  "number for cost": 180952
}