{
  "iter": 27,
  "loss": 0.061808506189437916,
  "cost": 0.004997646304257023,
  "parameters": [
    4.434064430511396,
    4.803695376141988,
    0.465953918043186,
    5.951664449146717,
    1.7063891438192362,
    0.12856206406437382,
    3.351730434175285,
    2.1388008702506105,
    5.107892228502914,
    5.277628362617105,
    2.0247453234626414,
    5.929042822176353,
    1.5516028640885668,
    3.2854708258432668,
    1.521954691947446,
    5.665417710417409,
    1.0773713338305995,
    0.4013824666577916,
    2.601054830464111,
    6.354849102183614,
    5.157628674019811,
    4.423420189612994,
    5.594023431693168,
    5.397968011991686,
    3.216402311424712,
    2.0170682593726688,
    4.864828668356101,
    3.7791893376365393,
    2.314534890580541,
    0.6797518515525746,
    4.374579698250528,
    1.6363116346715978,
    5.916533511534694,
    1.5730634526643035,
    1.140441435524588,
    5.33378468184175,
    0.9705588904298477,
    1.4586140880119065,
    3.626865165403472,
    5.440065287129287,
    0.9844642654014436,
    1.9151789533223371,
    5.1228452289224,
    6.092545387423663,
    3.000338815543686,
    0.9361894454441301,
    0.4280587296603513,
    1.5308955304022938,
    0.9190776922276344,
    4.123933822501252,
    0.7967384261260876,
    3.1306110444865896,
    4.442264198996955,
    3.58993255912439,
    1.2052867332864952,
    5.016506805127708,
    4.637002026148689,
    4.816229800203803,
    0.7390442601873567,
    0.9301091976028544,
    5.549690372725793,
    2.742064731033714,
    1.986463698851487,
    2.939173697560207,
    4.1836510710985975,
    5.891354430411315,
    1.8445221634223974,
    5.804739460370412,
    0.14424375192846742,
    3.4561820376399632
  ],
  "number for cost": 182992
}