{
  "iter": 35,
  "loss": 0.06164953487201977,
  "cost": 0.005082809135050608,
  "parameters": [
    4.86105087280325,
    4.149810598134968,
    5.191434985802964,
    0.7230384601740525,
    3.6171172317011755,
    3.2903546241370294,
    5.429367330475404,
    2.991099246116222,
    2.45415695846318,
    3.8215338743813434,
    1.7208844744373193,
    1.1856768325815392,
    2.9572161010382967,
    2.685659387603963,
    1.4038299234932772,
    2.5287569949342843,
    2.5113122152122025,
    2.028735947826233,
    2.303268396788292,
    4.092577687547637,
    1.9973002555305848,
    6.042579203809076,
    5.7856003642509535,
    3.119203127831027,
    1.8655038889654838,
    3.5340707476218585,
    5.350460139659235,
    4.399852464631522,
    5.021381565056644,
    3.4661750637456565,
    3.8959047938635534,
    1.8426757450453053,
    4.626926333258958,
    1.306486838570338,
    4.416439486861859,
    5.367271231294303,
    0.919202845028109,
    3.9117504111699004,
    0.5123548015841272,
    4.17078195075692,
    0.42709969819440063,
    6.066579955622676,
    0.5921609956550836,
    6.14536221072275,
    4.845355569647976,
    3.4792936666686085,
    5.147663121486202,
    4.753357522229688,
    6.0331969709957525,
    1.5347229413033654,
    3.8510899372085765,
    0.7281324160164518,
    3.915846627945752,
    0.8451161703764578,
    3.2618666704936676,
    3.5964662262916867,
    2.5727868042110313,
    3.120773089945154,
    4.559855658270127,
    4.99294388852451,
    2.8295883513877786,
    3.9906393936673767,
    5.971041842550346,
    0.6531282845444933,
    0.7462606519050236,
    0.6409600342478373,
    3.953360342928004,
    3.0365738689083077,
    4.740214991805428,
    4.202052202415278
  ],
  "number for cost": 180952
}