{
    "Calculated Minimum Energy [norm, row]": [
        0.005082809135050608,
        -0.10845715040000364
    ],
    "Corresponding loss function": 0.06164957642059857,
    "Solution for Minimum Energy": [
        1.0,
        1.0,
        1.0,
        -1.0,
        -1.0,
        1.0,
        -1.0,
        -1.0,
        1.0,
        -1.0,
        1.0,
        1.0,
        1.0,
        1.0,
        -1.0,
        -1.0,
        1.0,
        -1.0
    ],
    "Corresponding exp value": [
        0.0014926944535694209,
        0.32464305685156114,
        0.006112037642299839,
        -0.01007253183720902,
        -0.043603758769426626,
        0.31522890542471116,
        -0.006219526078347401,
        -0.415483451721855,
        0.004229125710873697,
        -0.0036420461389571473,
        0.006889464135025947,
        0.0033998391912308384,
        0.3232692314246537,
        0.09763896988998014,
        -0.03522914755258781,
        -0.4537481596915507,
        0.5208850249970369,
        -0.4104714436550495
    ],
    "Number for Minimum Energy": 180952,
    "Elapsed Time [seconds]": 0.23637819290161133,
    "Elapsed Time [hours, minutes, seconds]": [
        0,
        0,
        0.24
    ],
    "Current function value": -0.055798917280177794,
    "Iterations": 155,
    "Function Evaluations, Estimation": [
        164,
        11644
    ],
    "Gradient Evaluations": 164,
    "Number of Parameters": 70,
    "Minimum Parameters": [
        4.861051421611664,
        4.149811243912274,
        5.191433022545515,
        0.7230393370446165,
        3.617120616294752,
        3.2903559912543714,
        5.429371253094985,
        2.9910957570323458,
        2.454157934105373,
        3.821535230148348,
        1.720887016121579,
        1.1856760666578041,
        2.957216642979471,
        2.685660432076666,
        1.4038298513961749,
        2.528753251718938,
        2.5113123596235885,
        2.02873415538551,
        2.303269285379601,
        4.092579175629935,
        1.9972997547177853,
        6.0425745761375635,
        5.785601135873483,
        3.119206282697847,
        1.8655022121357725,
        3.534070139171463,
        5.350464010133092,
        4.399847938096657,
        5.021375604579044,
        3.466174441313075,
        3.895909435166144,
        1.842670486051995,
        4.626923984772672,
        1.3064859174775516,
        4.416432908637402,
        5.367274040655324,
        0.9192082207741351,
        3.9117524262876637,
        0.512351355529106,
        4.1707908101698665,
        0.42710514749683526,
        6.066574167005551,
        0.592163662329135,
        6.1453622868984015,
        4.845357352760148,
        3.4793068649859404,
        5.147665283149713,
        4.75335071917971,
        6.033196087398965,
        1.534724275360113,
        3.851086698693249,
        0.7281326172928695,
        3.915845921232161,
        0.8451236241541334,
        3.2618720613643593,
        3.5964640641956733,
        2.572789988087071,
        3.1207724258390854,
        4.559864004096525,
        4.992943066614969,
        2.829594841745468,
        3.9906466890628534,
        5.971047609013042,
        0.6531324231353862,
        0.7462606519870876,
        0.6409576998807198,
        3.953364521792983,
        3.036570651820271,
        4.74022376355232,
        4.202055759744059
    ],
    "Cmin, Cmax, frob_norm, shift": [
        12.354853779031828,
        1233.7771832020087,
        1297.716113337376,
        159.3097020335177
    ]
}