{
    "Calculated Minimum Energy [norm, row]": [
        0.00193545169773553,
        -0.11141947213825018
    ],
    "Corresponding loss function": 0.05571241019914179,
    "Solution for Minimum Energy": [
        1.0,
        1.0,
        1.0,
        1.0,
        1.0,
        -1.0,
        1.0,
        1.0,
        1.0,
        1.0,
        1.0,
        -1.0,
        1.0,
        -1.0,
        -1.0,
        -1.0,
        1.0,
        -1.0
    ],
    "Corresponding exp value": [
        0.00032385711102837084,
        0.2825374273824299,
        0.002937241501065342,
        0.004403634227108093,
        0.010011054361120326,
        -0.36993675971193235,
        0.003641352213814234,
        0.372625383982337,
        0.0063514632737934704,
        0.002843148472058077,
        0.0035255900596287554,
        -0.007438881674611174,
        0.2816975203200716,
        -0.028497780793374256,
        -0.002247754733744117,
        -0.46824955851735717,
        0.4850885867413443,
        -0.40227269905267915
    ],
    "Number for Minimum Energy": 190496,
    "Elapsed Time [seconds]": 1.3641321659088135,
    "Elapsed Time [hours, minutes, seconds]": [
        0,
        0,
        1.36
    ],
    "Current function value": -0.06128601575080343,
    "Iterations": 118,
    "Function Evaluations, Estimation": [
        8520,
        8520
    ],
    "Gradient Evaluations": 120,
    "Number of Parameters": 70,
    "Minimum Parameters": [
        5.15623525169864,
        3.8061190479704625,
        4.8756145682181975,
        2.2068626736755568,
        5.897235997095094,
        5.588917312274408,
        4.976769182261548,
        1.118248647878521,
        3.1161986575141607,
        0.13098998385904723,
        0.9090472381791822,
        4.203837399562274,
        4.513326947813458,
        5.955172003378049,
        2.0337913014848548,
        2.4633269523704615,
        2.9817098460593487,
        1.2636799701004808,
        0.8387903585333578,
        2.8630194882552087,
        1.566556707631869,
        4.321223018510771,
        2.5054091275237087,
        5.230435132541497,
        4.361494816235333,
        2.041228384272851,
        5.302209956867406,
        4.938107192347734,
        2.246919968277782,
        1.8343839734412843,
        4.446682200705655,
        1.0280660182183055,
        1.135982889440472,
        -0.23605724759723007,
        4.988305637322941,
        4.003789926381207,
        4.263346894413354,
        5.1741824137665695,
        2.886190062038656,
        3.1351677741750605,
        0.959389597067419,
        0.7072326632858627,
        4.018693018547494,
        2.9083459323937384,
        3.388860294701938,
        4.701917363323432,
        4.090409442926827,
        3.667809097675951,
        3.5518202881033987,
        2.087249901427965,
        0.07093822450623263,
        2.727628698904463,
        1.1808721571728906,
        2.4432473815736278,
        5.511456760179452,
        1.5128431880492932,
        0.4052691497913352,
        1.7238364834549913,
        1.6531446157197933,
        4.205271134490077,
        3.519408997360733,
        4.732405587314175,
        4.221403217078393,
        2.5032052560045908,
        5.317688928174634,
        0.9991532846999721,
        0.1891096749804107,
        0.5880304582656739,
        4.456292421642124,
        2.797798271346573
    ],
    "Cmin, Cmax, frob_norm, shift": [
        12.354853779031828,
        1233.7771832020087,
        1297.716113337376,
        159.3097020335177
    ]
}