Iteration,Energy,Loss Function,Bias
0,0.15186085520252576,0.14374668613666358,0.0
1,0.06200531754336294,0.009170572684821318,0.9944694402927651
