Iteration,Energy,Loss Function,Bias
0,0.15756890614717306,0.14904428263790395,0.0
1,0.08398776860666654,0.08634474764809369,0.26571942769694856
2,0.023502197235194793,0.03617824326914498,0.4916236709263262
3,0.012309542338643231,0.018569428352986243,0.8633876486685598
4,0.003474161397665336,0.009581206790617228,1.0986128207620316
5,0.000591271133908647,0.005929938295825776,1.3451086466990059
6,0.0008991404006537418,0.005663237932168274,1.5449412250069625
7,0.0005994215546398227,0.005619578352788278,1.9544596970887689
8,0.00045060770616084535,0.005509234623810242,2.084804737360213
