Iteration,Energy,Loss Function,Bias
0,0.14418921698030482,0.14721373258564607,0.0
1,0.11655042109910106,0.11900423891108788,0.06273651511960107
2,0.09600765305935656,0.09485647679313967,0.07529209812037384
3,0.08802794758837888,0.08885801519006885,0.09073521705255536
4,0.07753712937095111,0.07781505381647148,0.09723544422175903
5,0.06768104864382722,0.06762049358012905,0.1095273355248732
6,0.05458121015389387,0.056360331688615865,0.12598029901456184
7,0.043603030177670705,0.04517591185783481,0.1493096675133054
8,0.037935038110724704,0.038896114607242446,0.1779102045564042
9,0.029152246733267405,0.03118846947903306,0.19907697324643692
10,0.02645703785115268,0.030013174325848893,0.23623171682747213
11,0.025218730948569416,0.028004912099048224,0.24386398804703147
12,0.022891022386364895,0.024673206400109563,0.2573258732373513
13,0.019762724261636024,0.02112890016830702,0.28583524895611145
14,0.01583515696140028,0.017166580693573956,0.322931374361006
15,0.010904237351477315,0.01292980623949619,0.3687134736650589
16,0.01242566344666361,0.011970919497185428,0.43233776702185245
17,0.007977588877006739,0.008142771151917555,0.5108014685373818
18,0.005946748131021653,0.0061804241200870335,0.5932473508311126
19,0.003887561133762143,0.0043029578174109745,0.6423962881322872
20,0.0025752432111243646,0.002802842696487987,0.7038086162470767
21,0.0016360875956761133,0.0019336497885877736,0.7657497124957912
22,0.000769605013380487,0.001080171233001517,0.8187071856910985
23,0.00046789958383401485,0.00063543065067828,0.9018398352972958
24,0.0003323114222712952,0.00038183146887450634,0.968638936092701
25,0.0002996779225321493,0.0003152773890427019,1.2378451262050625
