Iteration,Energy,Loss Function,Bias
0,0.16392112465764358,0.16208982995524485,0.0
1,0.06239263987498797,0.07430642443320444,0.2818552080210329
2,0.014174965387929287,0.018146742466875258,0.59138822687793
3,0.0008344970699606968,0.0053194925637186355,1.1670792450996257
4,0.0018929174688514204,0.003653424670400138,1.5175310564724211
5,0.0005907577556245185,0.003244300098140528,2.032992429619702
