Iteration,Energy,Loss Function,Bias
0,0.14418921698030482,0.1389165059815071,0.0
1,0.0561538498066559,0.05624099005681606,0.3190276259395174
2,0.017554321875114857,0.017864862615315898,0.7199101090365319
3,0.000989957198904939,-0.0015413783733133383,1.1814317095324447
4,0.001891217164367612,-0.0018755698894164995,1.3528768778052205
5,0.001964282179229422,-0.0019836533504882094,1.454443811889667
