Iteration,Energy,Loss Function,Bias
0,0.15186085520252576,0.15393507960834804,0.0
1,0.05172067867966873,0.05156699455746269,0.32614629938265904
2,0.019459809905197085,0.021841219584592033,0.828172347303482
3,0.004404741709930782,0.0062730411449692354,1.124075822830412
4,0.0004984037691410751,0.0005950051570779089,1.4433163578133166
5,0.00035302154996641813,0.000485894313300714,1.5208143447768463
