Iteration,Energy,Loss Function,Bias
0,0.14418921698030482,0.14963915562541627,0.0
1,0.09297797240990636,0.09774432076804514,0.18763494330474778
2,0.054034822684762944,0.058327125228438026,0.2844175622076797
3,0.032383296252722696,0.036850235771690824,0.4162682925531659
4,0.017855080554337564,0.024644492545021664,0.5474818511197036
5,0.005078522347286555,0.013511841481932737,0.6717433611252657
6,0.002417597482926949,0.008433973563594927,0.8419264147989547
7,0.00035374881766440475,0.006145726977770359,0.983783272619298
8,0.0007388422758979121,0.005878977228467878,1.1702183415366842
