Iteration,Energy,Loss Function,Bias
0,0.16392112465764358,0.14980429109010096,0.0
1,0.059115402001048,0.00810431473903016,0.9841127012009085
