Iteration,Energy,Loss Function,Bias
0,0.13578123357938934,0.13985891650861945,0.0
1,0.0678266448148051,0.07093575196535747,0.31081676792865953
2,0.012925425597936253,0.017716713931549756,0.5744254257064052
3,0.005025443232276731,0.00978331924010607,1.1724963794829748
4,0.0003939237622271764,0.006247890236993409,1.36222924192438
