Iteration,Energy,Loss Function,Bias
0,0.16392112465764358,0.1595781094927264,0.0
1,0.06182774576877385,0.07180347488790612,0.28173942482310455
2,0.014846197998792138,0.015792050189969313,0.5911478284919307
3,0.000980138286517673,0.0027196574718456124,1.1641017721449014
4,0.0016537805893002012,0.0011484774299537507,1.5206494892077478
5,0.0006004311168668211,0.0006299907594604292,2.0079760562918905
