Iteration,Energy,Loss Function,Bias
0,0.15186085520252576,0.16080286956410975,0.0
1,0.07266481814617005,0.08233289505647245,0.11721078271542097
2,0.05099769572985131,0.05979370698479705,0.1996441044549026
3,0.031092453285033808,0.04198950336693159,0.2562040187925524
4,0.024359813362088065,0.03189869866448431,0.3328494499619019
5,0.017238828093233457,0.025474035815288707,0.40102155764323677
6,0.012567534132781426,0.01933754833840419,0.47243776961612094
7,0.00846858880698175,0.015443846689795194,0.5612420558206898
8,0.007197454345522883,0.012833417764029745,0.6390361944062871
9,0.0036745750240420867,0.010480744099352093,0.7107668818562246
10,0.0026879363009165496,0.008906688950895305,0.8204697484430671
11,0.0014636853489008784,0.00787910327379703,0.9129894162110336
12,0.00046778481567191283,0.006917428645069701,0.9892233833866948
13,0.00037629623074799697,0.006381923236102864,1.0865545719687297
14,0.00029655710409380977,0.006113341699523878,1.1547552263563412
