Iteration,Energy,Loss Function,Bias
0,0.14418921698030482,0.14684113647442226,0.0
1,0.09376185663995319,0.09527605648216533,0.18778730227049578
2,0.05261677939464513,0.05539215139601368,0.2847855757430327
3,0.03207953080733154,0.03478407736136525,0.41932063771474304
4,0.01814444003758934,0.022074165869250362,0.5437465594231831
5,0.007891439058773158,0.011191488876595981,0.6693415591414608
6,0.0014925354258465606,0.005175397323214497,0.8633773763292102
7,0.00034905647511090563,0.0033645769784799344,1.0757233748136428
8,0.000823702516580667,0.0033283013715240412,1.2308696927937217
