Iteration,Energy,Loss Function,Bias
0,0.16392112465764358,0.15706638903020795,0.0
1,0.06182774576877385,0.06930143591996074,0.2816197722955122
2,0.014492226920687183,0.01343014747482361,0.5908929276949884
3,0.0012128403788051326,9.228609010339918e-05,1.1616334409641063
4,0.0019648371422511485,-0.0013453211464966597,1.5268716599062153
5,0.0006296568346544018,-0.0019608458344620647,1.9672486024917804
