Iteration,Energy,Loss Function,Bias
0,0.15186085520252576,0.15281326461936995,0.0
1,0.0032349096268002387,0.013365778370576384,0.6772877658670925
2,0.009422294328041404,0.006615550937502751,1.2625753665190151
3,0.008135789260948156,0.006569994619700208,1.5210714985035168
4,0.005011124323042908,0.0063224790255441785,2.056069513914737
