Iteration,Energy,Loss Function,Bias
0,0.13578123357938934,0.12937733150985395,0.0
1,0.0038556533975408307,0.005119939221922903,0.6422473038495549
2,0.0013965034469068855,-0.0012349457102832607,0.8135495125192801
