Iteration,Energy,Loss Function,Bias
0,0.14418921698030482,0.14398177266289658,0.0
1,0.05397268848870347,0.06143711375908844,0.3185521755558192
2,0.01766221305347484,0.023427124694504073,0.7199443312100944
3,0.0006181265172174109,0.003720099211174208,1.1757275468890815
4,0.0003110359989141229,0.003220781974080071,1.2235320767931102
