Iteration,Energy,Loss Function,Bias
0,0.13578123357938934,0.13119427566353284,0.0
1,0.0038556533975408307,0.007232053900304467,0.6420512817239656
2,0.0013965034469068855,0.001003400708833965,0.810742349629666
