Iteration,Energy,Loss Function,Bias
0,0.15756890614717306,0.1448757971147473,0.0
1,0.05698249248777618,0.007803086307218632,0.9873617697505391
