Iteration,Energy,Loss Function,Bias
0,0.16392112465764358,0.16321779538878028,0.0
1,0.005332622757319229,0.013770643896646749,0.6239370611264284
2,0.00857740092156626,0.0068373629479003065,1.2182982881264914
