Iteration,Energy,Loss Function,Bias
0,0.16392112465764358,0.16321779538878028,0.0
1,0.005332622757319229,0.01410983153073237,0.6239370611264283
2,0.007659806462952032,0.007743115090511263,1.211404585390411
