Iteration,Energy,Loss Function,Bias
0,0.15756890614717306,0.14129588534135484,0.0
1,0.079880842731331,0.07856249684580931,0.26546833061891667
2,0.023125227856727132,0.02911670089322435,0.4928476230036055
3,0.01099394629517693,0.011896360746781458,0.8296083465995026
4,0.0027458518340301823,0.0014562338017414002,1.0518547374261438
5,0.0005527229940804296,-0.002154853949137414,1.3723026754122327
6,0.00082150239794934,-0.0021595084302815657,1.5426993559831363
7,0.0005299269950426794,-0.002276055712170347,1.8635534886789369
