Iteration,Energy,Loss Function,Bias
0,0.14418921698030482,0.14144913932220182,0.0
1,0.0563098581605782,0.05883531982403338,0.31879315226254024
2,0.018083751866130468,0.020624115478375376,0.7200438124669326
3,0.0006906341281751927,0.0010897331658540448,1.178910014536008
4,0.002002212253263722,0.000921120535125744,1.3532414647875886
5,0.0015957587942981835,0.0008859782429269763,1.5737298766381465
6,0.0007873311393973867,0.0006200058873813716,1.8992287204105007
