Iteration,Energy,Loss Function,Bias
0,0.15756890614717306,0.14448571938293728,0.0
1,0.1125487298092349,0.11188786839143872,0.06596660887042106
2,0.07816514351300899,0.08541745031398666,0.0811356111366632
3,0.07143262216883131,0.06611838308961636,0.09972214960560637
4,0.05487117265575268,0.04997379272255308,0.12887791364167872
5,0.03703849558382329,0.03825579697152312,0.16240855649761424
6,0.03460821764670092,0.03290232616448663,0.19630951223083762
7,0.028674167185853718,0.02611150347233224,0.21794163919890824
8,0.020173619310250062,0.0188495615040779,0.2565858573431039
9,0.01819956392149199,0.01686122001428225,0.30456661077043085
10,0.016027447266981375,0.014837198359997545,0.32566549582075166
11,0.014201273446336505,0.012394321284296005,0.35550705634511454
12,0.010912389505719157,0.00984045058893777,0.39905963494261654
13,0.010380338878138367,0.008338712679859184,0.45526879966475164
14,0.009214308594261242,0.0073786917034844995,0.5033376388592605
15,0.009274641432254174,0.006709724996861871,0.5405826946609065
16,0.008245890583029542,0.005723804690909313,0.5742133189873406
17,0.007452714648029534,0.004958599390308027,0.6439378708162437
18,0.006140770005235691,0.004102495773258131,0.7080141279565506
19,0.004878175046722031,0.0030801370960639937,0.7832508657691053
20,0.004534683240095454,0.002818525728421139,0.8148734232036001
21,0.004544611456106699,0.002543347608338415,0.8400746962365852
22,0.0032798607420654797,0.001372015900855825,0.9788686172864145
23,0.0035906118449255224,0.0011857719680573168,1.101602948900726
24,0.0031233373493350447,0.0006274898884242438,1.2115924900044364
25,0.0022354674352396344,0.0002696072538611495,1.2805607176925575
26,0.0021323566694620936,-9.162774960820484e-06,1.3266398887617064
27,0.001581512593090466,-0.000849400745455077,1.5225111882463689
28,0.0011915985473735,-0.0013647726745370113,1.659476219201916
29,0.0013210370674148146,-0.0013954427503189949,2.1977922267592955
