Iteration,Energy,Loss Function,Bias
0,0.16392112465764358,0.16208982995524487,0.0
1,0.06239263987498797,0.0743242442950627,0.28185520802103287
2,0.014174965387929287,0.01816495289144206,0.5913253922726451
3,0.0008344970699606968,0.005378071587617356,1.1670056553223758
4,0.0018929174688514204,0.003871984789763919,1.516274329179538
5,0.0005230321762162548,0.003460550597185607,1.9823886689085963
