Iteration,Energy,Loss Function,Bias
0,0.15756890614717306,0.1410372535891788,0.0
1,0.014747037445462796,0.018774861076405518,0.5928631173727973
2,0.02160454057437889,0.007681206839762533,1.8648909883936602
3,0.004438445787234454,0.0013337080348662183,2.0777663689619725
4,0.002247862377477664,-2.658834252948884e-05,2.294748538746412
