Iteration,Energy,Loss Function,Bias
0,0.13578123357938934,0.13231386903450637,0.0
1,0.06787847258816117,0.06356190248794372,0.31091438942449917
2,0.01341273674890429,0.009997411777750374,0.5738472882893562
3,0.004024695701653139,0.0015399685600222587,1.2076890471659727
4,0.0006449668633478363,-0.001977781529391275,1.3969930800455197
