Iteration,Energy,Loss Function,Bias
0,0.15186085520252576,0.15220692776626596,0.0
1,0.05883198470709945,0.061496768792380384,0.18383308119788547
2,0.04118910093771026,0.03825382706493856,0.40348232810108897
3,0.01615174617153912,0.01596971347916257,0.5225947189636264
4,0.019467931784499615,0.014556140585039392,0.7368631940415462
5,0.005466265742171923,0.004762324660524098,0.8270997087351442
6,0.0021107170989377515,-0.00017815276841054035,1.0002862224821851
7,0.0004792154747393179,-0.0016117309811873714,1.1753645451585084
8,0.0003224456160136202,-0.00232777189747895,1.2717354008415513
