Iteration,Energy,Loss Function,Bias
0,0.14418921698030482,0.14374618616274612,0.0
1,0.06138722435824741,0.008218607926201145,0.9886146356668809
