Iteration,Energy,Loss Function,Bias
0,0.16392112465764358,0.15775036201802606,0.0
1,0.005747892047812829,0.008144839943797999,0.6238353436491237
2,0.007144613032199035,0.0007988257462391281,1.2257073666399143
