Iteration,Energy,Loss Function,Bias
0,0.15186085520252576,0.15642569824682967,0.0
1,0.05172067867966873,0.05406795984205987,0.3262140962867285
2,0.0175869817882671,0.024714329815614777,0.8269030786381942
3,0.003534725237196317,0.008862256135360451,1.1186252949906992
4,0.00039752085599054494,0.003298204377835457,1.4504196553366657
5,0.0004662691105361652,0.0032842744577410835,1.5599579652016002
