Iteration,Energy,Loss Function,Bias
0,0.15186085520252576,0.15100771274553476,0.0
1,0.0032349096268002387,0.011726048822054996,0.6774006412830197
2,0.009422294328041404,0.00539923420403239,1.2607382860791398
3,0.008135789260948156,0.005359612068109967,1.5027839819156337
4,0.0037803080563695857,0.004527748683042047,1.965505469194785
