Iteration,Energy,Loss Function,Bias
0,0.16392112465764358,0.15775036201802606,0.0
1,0.005747892047812829,0.008314093580266056,0.6238353436491237
2,0.0067712744399209025,0.001248376276700197,1.222234793711131
