Iteration,Energy,Loss Function,Bias
0,0.13578123357938934,0.14192984108258097,0.0
1,0.10712036087321611,0.11167209609967578,0.1712901541768779
2,0.06817832818243658,0.07563872374233858,0.21295795006959664
3,0.026913642185210432,0.03552628805615599,0.31286106551754617
4,0.010922775309997081,0.021364884606801915,0.5019859713236026
5,0.0068500379519186045,0.013801732316955235,0.6210407667407667
6,0.0018556042338724096,0.008134268813886845,0.7202808906848779
7,0.000671399855156587,0.006239136410397656,0.892033282915676
8,0.00038358305741162656,0.0061729653796686575,1.094939450897747
