Iteration,Energy,Loss Function,Bias
0,0.13578123357938934,0.1391404013975922,0.0
1,0.10777306627096724,0.10890789067460725,0.17124478445810426
2,0.06927613653130847,0.07302099207093257,0.21287635537604077
3,0.02532164354963258,0.032720508314670285,0.3146763937849786
4,0.010599278406555364,0.017805220194906414,0.5080622567877815
5,0.0080212719427888,0.010929783021179671,0.6324321039975301
6,0.0021235533956591324,0.005546690681065693,0.7201226162006629
7,0.0005764597032235522,0.003438603255767191,0.8733059506702627
