Iteration,Energy,Loss Function,Bias
0,0.15756890614717306,0.1445366626103655,0.0
1,0.05698249248777618,0.005942692145028218,0.9873708517448047
