Iteration,Energy,Loss Function,Bias
0,0.15756890614717306,0.1468814253057348,0.0
1,0.014684498276949277,0.02443315689790926,0.5933367284451967
2,0.0193397654850465,0.013083515606204998,1.8538497954064088
3,0.006178504541392886,0.007219303728435432,2.0733784163219444
4,0.0027310660756928898,0.006083214756497372,2.2792297258850764
