Iteration,Energy,Loss Function,Bias
0,0.16392112465764358,0.1620258813778453,0.0
1,0.10891698016193312,0.11226334376024066,0.15083886095546792
2,0.06849485577919771,0.07335448100787319,0.21525600476645462
3,0.04247421291855962,0.04463583573215444,0.34106838140564877
4,0.026442439469547576,0.02610985282904589,0.4766626492379509
5,0.005491636550200143,0.010749256028934739,0.6114065121527239
6,0.0015877655011237429,0.004589968584987334,0.9105870276206207
7,0.0006336869143005191,0.0034059136907691684,1.1437567205260544
8,0.0003969266252854913,0.0033642250563049965,1.6322204841943604
