Iteration,Energy,Loss Function,Bias
0,0.15186085520252576,0.1539350796083481,0.0
1,0.05172067867966873,0.051566994557462706,0.326146299382659
2,0.019459809905197085,0.021841219584592245,0.8281723473034825
3,0.004404741709930782,0.006273041144969296,1.1240758228304109
4,0.0004984037691410751,0.0005950051570778183,1.4433163578133248
5,0.0003530215499664483,0.00048589431330074413,1.5208143447768552
