Iteration,Energy,Loss Function,Bias
0,0.14418921698030482,0.14374618616274612,0.0
1,0.061387224358247346,0.00821860792620116,0.988614635666881
