Iteration,Energy,Loss Function,Bias
0,0.15186085520252576,0.1539350796083481,0.0
1,0.05172067867966873,0.05156699455746275,0.32614629938265904
2,0.019459809905197085,0.02184121958459217,0.8281723473034818
3,0.004404741709930782,0.006273041144969296,1.1240758228304104
4,0.0004984037691410751,0.0005950051570778183,1.4433163578133212
5,0.00035302154996641813,0.0004858943133006536,1.520814344776853
