Iteration,Energy,Loss Function,Bias
0,0.15756890614717306,0.1468814253057348,0.0
1,0.014684498276949277,0.024433156897909362,0.5933367284451967
2,0.0193397654850465,0.013083515606204908,1.853849795406406
3,0.006178504541392886,0.007219303728435341,2.0733784163219457
4,0.0027310660756928898,0.006083214756497221,2.2792297258850795
