Iteration,Energy,Loss Function,Bias
0,0.13578123357938934,0.13119427566353284,0.0
1,0.0038556533975408307,0.007232053900304406,0.6420512817239655
2,0.0013965034469068855,0.0010034007088340255,0.810742349629666
