Iteration,Energy,Loss Function,Bias
0,0.14418921698030482,0.14684113647442226,0.0
1,0.09376185663995319,0.09527150183689133,0.18778730227049586
2,0.05261677939464513,0.05539100660894679,0.2847941434157277
3,0.03207953080733154,0.0348071939785794,0.4193154317658351
4,0.01814444003758934,0.022116035252506543,0.5436073913541204
5,0.007891439058773158,0.011251445773598295,0.669024077066964
6,0.0014925354258465606,0.005300646939407902,0.8626542280529901
7,0.0003488266417671299,0.0034814581246228834,1.072478058740632
8,0.00037728475390976147,0.003359551624370585,1.1143409180147184
