Iteration,Energy,Loss Function,Bias
0,0.15186085520252576,0.16048873385051712,0.0
1,0.05720052630191598,0.06956680921786342,0.18416287801522693
2,0.03900882316355078,0.046126967536010526,0.4061738636506896
3,0.015686887685316463,0.024917369949606034,0.5192257882403538
4,0.018513549583610737,0.024340202779568894,0.7020845603710686
5,0.014121003869832047,0.019927819776994943,0.7356604853923671
6,0.00554385562208675,0.0136447255242991,0.7979857557813194
7,0.0023865859964503984,0.009252417389086044,0.9220558322351178
8,0.0005175284078329905,0.006627739967303193,1.085233372210295
9,0.00029642390587778124,0.005903283519939635,1.2636543547759542
10,0.00031034526410639437,0.005752700930216712,1.3472096130147677
