Iteration,Energy,Loss Function,Bias
0,0.14418921698030482,0.14678216057830867,0.0
1,0.10076036794252524,0.107004531180989,0.08524193986021687
2,0.08957382047938599,0.09074496616646283,0.10949856093480956
3,0.07403986690955044,0.07808047034582152,0.12970085610365997
4,0.06260248403511229,0.06637999657390112,0.1557481652684333
5,0.05809811153018105,0.05719180356843364,0.18261331391272975
6,0.0436470279227677,0.046120313818066014,0.21249897003642143
7,0.03550188156801617,0.0344978249010892,0.26129193591632116
8,0.024238980594918916,0.02594448917005993,0.31691573612931323
9,0.02092950560212156,0.02400879920115651,0.36952015994338594
10,0.019408768477085447,0.021250006030127534,0.38652738875807713
11,0.015371561627962745,0.016695120422684534,0.4138443830390359
12,0.011833136886031267,0.012383022198905833,0.4668142416973711
13,0.006868347947860183,0.007787942680278617,0.5390419526479131
14,0.004093579720281647,0.0045578461224170695,0.6411564844810121
15,0.0019959244692477024,0.0018540755087368926,0.7284258795353034
16,0.0003292655689811621,0.0004474662270047178,0.8445506042592632
17,0.0002550502137132479,0.00027115353900958073,1.0051613772636787
