Iteration,Energy,Loss Function,Bias
0,0.16392112465764358,0.16202588137784527,0.0
1,0.10891698016193312,0.11226157563884002,0.15083886095546792
2,0.06849485577919771,0.07333868585198511,0.21525829358322285
3,0.04247421291855962,0.04460881311279316,0.3411140068464128
4,0.026442439469547576,0.026087099429641134,0.4767418485789603
5,0.005491636550200143,0.010671948089530299,0.6113841060246374
6,0.0015877655011237429,0.004469215096734251,0.9113246878505608
7,0.0006165667952321464,0.0032150332458651593,1.1454185469195797
8,0.0003969266252854913,0.0031111766873299722,1.6584803858441393
