Iteration,Energy,Loss Function,Bias
0,0.16392112465764358,0.1620258813778453,0.0
1,0.10891698016193312,0.11226157563883984,0.15083886095546797
2,0.06849485577919771,0.0733386858519851,0.21525829358322346
3,0.04247421291855962,0.04460881311279355,0.34111400684641136
4,0.026442439469547576,0.026087099429640864,0.4767418485789572
5,0.005491636550200143,0.010671948089529544,0.6113841060246437
6,0.0015877655011237429,0.004469215096734222,0.9113246878506388
7,0.0006165667952321464,0.0032150332458650687,1.1454185469196658
8,0.0003969266252854913,0.0031111766873300325,1.6584803858447479
