Iteration,Energy,Loss Function,Bias
0,0.15756890614717306,0.14387868444020457,0.0
1,0.08025920501138174,0.08116354607610067,0.2655549091357402
2,0.02389937466195208,0.03144590300103885,0.49246085596078537
3,0.013443144236760901,0.014349193204125896,0.840664963677398
4,0.00208186508803395,0.004291345028125334,1.0603807972048707
5,0.000466130817542659,0.0006754708414749906,1.3555314544015806
6,0.0008891185878150019,0.0006658894132906764,1.5349648253318036
7,0.00048567061459193464,0.0005758860091141354,1.7802562043147976
