Iteration,Energy,Loss Function,Bias
0,0.15186085520252576,0.14739660899786436,0.0
1,0.003279945144629726,0.007690648463159056,0.6776061815242203
2,0.009422294328041404,0.0006926628925516503,1.2721871124398212
3,0.007721066347996444,0.0003397985044549997,1.495907102058568
4,0.0030268744666434545,-0.0008295582127214543,1.9100334658681812
