Iteration,Energy,Loss Function,Bias
0,0.15756890614717306,0.1449333680668828,0.0
1,0.014816844699072018,0.022547778597864287,0.5931851785213669
2,0.019721585238624103,0.011285780091392162,1.8576881191936094
3,0.005271597944149153,0.00525196967700653,2.074931279583027
4,0.0027190794652074877,0.004050476176080402,2.2853853904032135
