Iteration,Energy,Loss Function,Bias
0,0.15756890614717306,0.1426696859602272,0.0
1,0.09624034866492434,0.09824460035881544,0.1445724003230551
2,0.0697820666857516,0.0668730363726389,0.2032681228889281
3,0.039159494122306376,0.03786145218147704,0.2996007894423916
4,0.02771035654420759,0.026805014841471138,0.4494623823991122
5,0.01845078496715356,0.017117080964464744,0.5355216925742876
6,0.011799838019940006,0.010827665961655086,0.6436439773214858
7,0.006482191285075433,0.0054499231853968036,0.7543937658291693
8,0.002534775364047961,0.000504474884930062,0.910472176663014
9,0.0005333370288627122,-0.0020252163412539143,1.1393699676219073
10,0.0006781312790909916,-0.002264078683991966,1.3755690474796824
