Iteration,Energy,Loss Function,Bias
0,0.14418921698030482,0.15168851509314707,0.0
1,0.10207678589287959,0.11068760055979386,0.12238845839172649
2,0.06874119005262422,0.07753377212590604,0.1803548135661846
3,0.04684559238323205,0.052371139265856806,0.27193002369439134
4,0.030322139641797707,0.03897336986408075,0.35925078449446074
5,0.02156999133691933,0.02947954078132366,0.42386734334690745
6,0.01236227627245498,0.018650492704202253,0.4906705227447668
7,0.002927880906125597,0.009935840376758166,0.5892267128900711
8,0.0020009310055906595,0.009445424846039949,0.7703716508273698
9,0.0019408757893057125,0.008829147054932023,0.7866736459682225
10,0.0015258274748523812,0.008095593649726961,0.8137719022771699
11,0.0002648739536112802,0.006277680322315043,0.9930246641294159
12,0.00046691272108377813,0.006133339045172622,1.2043424771162703
13,0.0002204659116213019,0.006070978336195053,1.6569588863015503
14,0.0002364733639604507,0.00599031122665672,1.8701125666078795
15,0.0002169870297390221,0.00596055719535508,2.176695933943913
