Iteration,Energy,Loss Function,Bias
0,0.14418921698030482,0.14206831579504026,0.0
1,0.003933566672085351,0.01579064429353206,0.6405252112973842
2,0.001505148091427618,0.0027811255863839047,1.157655230463997
