Iteration,Energy,Loss Function,Bias
0,0.14418921698030482,0.14393981188376423,0.0
1,0.004687468012198375,0.018025213395596557,0.6403746679952628
2,0.0012808560711955969,0.0054560340302063125,1.1491464105787588
