Iteration,Energy,Loss Function,Bias
0,0.15756890614717306,0.14904428263790395,0.0
1,0.08398776860666654,0.08635959152847644,0.26571942769694856
2,0.023502197235194793,0.03625085172175771,0.4915701889417298
3,0.012309542338643231,0.01875051517378894,0.8628487443581863
4,0.003474161397665336,0.009927124425821499,1.0964595000566835
5,0.000685121906831346,0.006402930403702363,1.3383304320735812
6,0.0008826103319155409,0.006354281698241225,1.5297001048823826
