Iteration,Energy,Loss Function,Bias
0,0.15186085520252576,0.1514444609698665,0.0
1,0.05172067867966873,0.049066221902220264,0.3260715074898832
2,0.021380962059012694,0.01903596017339152,0.8293958486609041
3,0.004002575994676957,0.0037911010014286244,1.128921376579958
4,0.00038495808077791915,-0.0019016325177340812,1.4350577708184071
5,0.0003827374139315061,-0.002040622454139984,1.5137738822390219
