Iteration,Energy,Loss Function,Bias
0,0.14418921698030482,0.14963915562541627,0.0
1,0.09297797240990636,0.0977443207680451,0.1876349433047477
2,0.054034822684762944,0.058327125228438026,0.2844175622076801
3,0.032383296252722696,0.03685023577169,0.4162682925531675
4,0.017855080554337564,0.024644492545020578,0.5474818511197133
5,0.005078522347286555,0.013511841481932556,0.6717433611252766
6,0.002417597482926949,0.008433973563597373,0.8419264147989498
7,0.00035374881766440475,0.0061457269777707825,0.9837832726191564
8,0.0007388422758979121,0.0058789772284676975,1.1702183415366358
