Iteration,Energy,Loss Function,Bias
0,0.16392112465764358,0.15645289040931606,0.0
1,0.11187588641124896,0.10627351175458327,0.15069004358756827
2,0.06809396419823617,0.0678988609735939,0.21544347511036144
3,0.043339935281222076,0.03933844593295618,0.33790431139262156
4,0.02501007287470636,0.022492668361662485,0.46405698865138023
5,0.008164987946152355,0.007647414223165398,0.5917491731893618
6,0.0052482797658352015,0.0019254429773416738,0.8073215381589139
7,0.0006331192512466046,-0.001892281181064028,0.9441800401906173
8,0.0004468108976034408,-0.002373795589396707,1.1613126474824162
