Iteration,Energy,Loss Function,Bias
0,0.13578123357938934,0.13635096171260339,0.0
1,0.10777306627096724,0.10612431325151955,0.17119681396488237
2,0.06953775142581253,0.07034881518733442,0.21281809346005887
3,0.026029567897776267,0.029908118183333877,0.3162857356344449
4,0.01205017553105765,0.013912013519248584,0.5122383306196258
5,0.005260372415489043,0.0069983607369515696,0.6497778039741344
6,0.0007336580558057009,0.0013343632414999694,0.7451234709493004
7,0.0005042387606759065,0.0005426861019746999,1.037647015688577
