Iteration,Energy,Loss Function,Bias
0,0.14418921698030482,0.14651440600359134,0.0
1,0.05567963370877973,0.06401196462816422,0.3183047415737146
2,0.018474723987068124,0.0261853639001676,0.7197847507064814
3,0.000595571463868358,0.006026399828647245,1.1729911158362964
4,0.00027154678381027407,0.0054935335685218165,1.2224621878708162
