Iteration,Energy,Loss Function,Bias
0,0.16392112465764358,0.15819979275205748,0.0
1,0.13169878526086803,0.12782709743017334,0.0484776742864665
2,0.09832594262537557,0.10058050117276852,0.062194502438327796
3,0.07356947121069846,0.0763162560429368,0.08231762372714213
4,0.05401595795411676,0.05885020377575162,0.10695773074643315
5,0.043243063661671494,0.04506526218578816,0.13523184181356118
6,0.033252844375246796,0.03716994747223717,0.16514846003754305
7,0.029595702067078518,0.03202319847176823,0.18747835027564186
8,0.02081154817873399,0.024352474999409887,0.2070583382885851
9,0.02267505497656946,0.02218631743402002,0.24228765542109043
10,0.018079935040576964,0.01918062917454736,0.2556785505311461
11,0.014773956397897177,0.01604530025350775,0.2797836973910691
12,0.014851072790886422,0.01487400718614928,0.31652180044739503
13,0.01178376818781239,0.012558448270300861,0.3339152718065465
14,0.008561520970998713,0.009168278249440064,0.3685607904547108
15,0.006590719165450683,0.007569584025942936,0.4370115475967715
16,0.005975496414403559,0.006527840284791549,0.4795801272761009
17,0.003983341985235928,0.005017559156319651,0.5134413083418484
18,0.0038222688665076527,0.004338969781803625,0.5746395350283533
19,0.0032127980072689166,0.0034964320205046057,0.6118352873246284
20,0.0024615101562159157,0.0026591424401768778,0.666531921845778
21,0.0014267688932370697,0.0016609609086016088,0.7561776771998042
22,0.0010302526183969866,0.0011063538820992249,0.8879268767431547
23,0.000757693096484025,0.0008097089971810349,0.9645830620407063
24,0.0006374235125628105,0.0007539629074573081,1.0087301633718235
25,0.0004369881984015164,0.0005530968918541085,1.0845662039978456
