Iteration,Energy,Loss Function,Bias
0,0.15756890614717306,0.14832229312101325,0.0
1,0.09624034866492434,0.10387841371558683,0.14465062597840467
2,0.06683117927868794,0.07241097881676405,0.20358617903166804
3,0.036631912980344516,0.043093287406944986,0.30129391930618094
4,0.02531893539271169,0.03182978931032515,0.45588579770485693
5,0.01721948638819911,0.022538973783123608,0.5537849315897232
6,0.014385796027378816,0.01805471672452423,0.683674556140942
7,0.008191545755435159,0.012334173869957223,0.7635890286743409
8,0.006446373622968441,0.00909816404264409,0.8794574991072396
9,0.002358377249388337,0.005884659274824451,0.9741355340004457
10,0.000655847573009134,0.0039010054676698763,1.0967378436852573
11,0.00045900802177671705,0.0033365798081643728,1.2611426520456137
