Iteration,Energy,Loss Function,Bias
0,0.15186085520252576,0.1473966089978644,0.0
1,0.003279945144629726,0.007879732510948917,0.6776061815242203
2,0.009344928538445941,0.0012510180322497513,1.26820971096745
3,0.0068667037491441756,0.0009522848728602582,1.6636611782399644
4,0.0023633464750774293,4.554281668623145e-05,2.0300715652832184
