Iteration,Energy,Loss Function,Bias
0,0.15186085520252576,0.15281326461936995,0.0
1,0.0032349096268002387,0.013365778370576429,0.6772877658670925
2,0.009422294328041404,0.0066155509375027816,1.2625753665190147
3,0.008135789260948156,0.006569994619700208,1.5210714985035176
4,0.005011124323042908,0.006322479025546593,2.0560695139150886
