Iteration,Energy,Loss Function,Bias
0,0.15186085520252576,0.15100771274553476,0.0
1,0.0032349096268002387,0.011537039754709988,0.6774006412830197
2,0.009422294328041404,0.004838256585861123,1.2646029235509757
3,0.007066668332082493,0.004813163364434288,1.666139015414117
4,0.0038627147601161664,0.004029123654170117,1.973150752186401
5,0.0029465731695885794,0.003980416077006259,2.0931508696589636
