Iteration,Energy,Loss Function,Bias
0,0.15756890614717306,0.1410372535891788,0.0
1,0.014747037445462796,0.01877486107640555,0.5928631173727972
2,0.02160454057437889,0.007681206839762442,1.86489098839366
3,0.004438445787234454,0.0013337080348662183,2.0777663689619748
4,0.002247862377477664,-2.6588342529519024e-05,2.2947485387464113
