Iteration,Energy,Loss Function,Bias
0,0.15756890614717306,0.15122873550180688,0.0
1,0.12453487816958782,0.12510587266910456,0.05054343822155421
2,0.09292499572228549,0.09519717234703994,0.06096879655605515
3,0.05954490989611323,0.06616117352138691,0.08237453713846196
4,0.05408312868300132,0.060149559962281794,0.09337321874542415
5,0.04815231382432283,0.0533961043860398,0.1032592031360284
6,0.04687339080049402,0.052481601141283606,0.11667678473170713
7,0.04224133785707552,0.04743446369816536,0.1287528920366841
8,0.036581971447343674,0.041657155348703345,0.149971997135361
9,0.03355348928668253,0.036781455281196,0.1793809354343216
10,0.029129019744729676,0.033566537555757094,0.21457589937967805
11,0.025271150087243118,0.028622678834813082,0.24229196646898893
12,0.02216827664457325,0.025422340078255525,0.2929648066374608
13,0.0188051413864386,0.022037542479591186,0.3335990106930045
14,0.015242937106328413,0.01900763812139122,0.3786915799219066
15,0.013533701932274978,0.017805693807106882,0.4253684657855519
16,0.01150868202283885,0.016114380329726303,0.4467468319032006
17,0.009386606145314115,0.014589049224042427,0.4791338282209289
18,0.007846295979240836,0.012481196570224833,0.5121531877973902
19,0.0058421501672295765,0.01019582259514256,0.5611402601706608
20,0.004284874854266964,0.008237349620111883,0.6212038276195088
21,0.0031761070840065726,0.006683941790257489,0.6854488567531573
22,0.0022375127661778977,0.005796671910880131,0.7667319456374413
23,0.0019295451045623683,0.005162833500690894,0.8358644758182041
24,0.0007825593044088255,0.004199882969038767,0.8977161315473342
25,0.0008452847925057699,0.004160331575935249,0.9996138818789149
26,0.0006279161462681183,0.004000854457888926,1.026991526722376
27,0.0005478624801008078,0.0038548033351616983,1.0513486232666802
28,0.0004992291459988646,0.003767093156275551,1.0773452238754142
29,0.0004805154412897275,0.003698270624203215,1.1841991297247054
