Iteration,Energy,Loss Function,Bias
0,0.15186085520252576,0.1432283806131582,0.0
1,0.06200531754336294,0.00864053481297314,0.9944637589716576
