Iteration,Energy,Loss Function,Bias
0,0.15756890614717306,0.14904428263790398,0.0
1,0.08398776860666654,0.08634474764809377,0.26571942769694856
2,0.023502197235194793,0.03617824326914492,0.49162367092632514
3,0.012309542338643231,0.018569428352986635,0.8633876486685645
4,0.003474161397665336,0.009581206790617275,1.098612820762032
5,0.000591271133908647,0.005929938295825807,1.3451086466990292
6,0.0008991404006537418,0.005663237932168425,1.5449412250070071
7,0.0005994215546398227,0.0056195783527883385,1.9544596970886943
8,0.00045060770616084535,0.005509234623810302,2.084804737360296
