Iteration,Energy,Loss Function,Bias
0,0.14418921698030482,0.14398177266289658,0.0
1,0.05397268848870347,0.06142006331017759,0.3185521755558193
2,0.01766221305347484,0.02338407044577848,0.7200272428912882
3,0.0006478165584480009,0.003554599086097394,1.1761546633154534
4,0.0016667871119293949,0.0035242953296501242,1.356556437480488
5,0.0010433760890273085,0.0033679736564039804,1.6290380723465883
