Iteration,Energy,Loss Function,Bias
0,0.16392112465764358,0.15645289040931612,0.0
1,0.11187588641124896,0.10627351175458373,0.15069004358756816
2,0.06809396419823617,0.06789886097359402,0.2154434751103605
3,0.043339935281222076,0.039338445932956115,0.3379043113926215
4,0.02501007287470636,0.02249266836166487,0.4640569886513744
5,0.008164987946152355,0.007647414223165804,0.5917491731893424
6,0.0052482797658352015,0.0019254429773438169,0.8073215381589285
7,0.0006331192512466046,-0.001892281181063092,0.9441800401906115
8,0.0004468108976034408,-0.0023737955893966167,1.1613126474823652
