Iteration,Energy,Loss Function,Bias
0,0.15756890614717306,0.14372556231434758,0.0
1,0.10898035019256688,0.10567208712780947,0.09250322473214101
2,0.07376575259637262,0.07351465936082414,0.12451533871248288
3,0.05697337474344962,0.05217184934341087,0.16644939019433835
4,0.04376407698700494,0.03813075868453995,0.2079872916175161
5,0.0309217257924953,0.030336339327572997,0.2437812491428772
6,0.023120812352851718,0.021187553838372016,0.2780433016435449
7,0.019505512923226522,0.018746902211543837,0.3429149843088181
8,0.016610487856946726,0.015891650377661208,0.3691323640455253
9,0.014822863683002695,0.013098164731199494,0.4088630290775065
10,0.012422434819597051,0.009615243755710764,0.4622640737582206
11,0.006926729200593295,0.005345730191908304,0.5393520206763264
12,0.0033822487481162673,0.0014393849706884146,0.6498889829198725
13,0.001163734390067318,-0.0012724314175933064,0.7783704858697906
14,0.0006633939203607922,-0.0020423646003481853,0.9105275338321721
15,0.0005385699770404835,-0.0023960997291608216,0.9822910372590933
