Iteration,Energy,Loss Function,Bias
0,0.16392112465764358,0.15007225551913986,0.0
1,0.059115402001048,0.009967670163563877,0.9841213548865512
