Iteration,Energy,Loss Function,Bias
0,0.15756890614717306,0.14646148353905428,0.0
1,0.0817240392254935,0.08376260702871596,0.26563861091865476
2,0.023502197235194793,0.03382437772438666,0.4920345601317491
3,0.01343893723763726,0.01662623586131053,0.8518411714834431
4,0.0015157202887625019,0.007094586906671953,1.0757878210789102
5,0.0004940720292190633,0.0035337386059192642,1.3447434570319823
6,0.0006016909985879685,0.0033896072770035588,1.3968891767042293
