Iteration,Energy,Loss Function,Bias
0,0.13578123357938934,0.13985891650861945,0.0
1,0.0678266448148051,0.07095675009072798,0.3108167679286595
2,0.012925425597936253,0.017669419373890688,0.5743451147154421
3,0.005025443232276731,0.009428826121860035,1.1731061800807456
4,0.0003939237622271764,0.005934287232724918,1.369900473516006
5,0.0004769383585840131,0.005741525047587617,1.6511181429566428
