Iteration,Energy,Loss Function,Bias
0,0.15186085520252576,0.16060630343107798,0.0
1,0.09940761012422904,0.10436179763176233,0.060924627849733216
2,0.06635302477701256,0.07739997772546124,0.08296593971667306
3,0.047040464166008676,0.053599958688606765,0.09996225626512235
4,0.0413651710171104,0.04562826242706652,0.12448258916525745
5,0.028684254862087907,0.03713705772211719,0.14485424969784044
6,0.02284168543004495,0.03143663688304251,0.17538533831622458
7,0.020527596110571856,0.028453424646848583,0.20769604681388626
8,0.017581677531542026,0.025542004657643006,0.23092217074204283
9,0.015866775075358674,0.022955904142938462,0.2618394150239688
10,0.013001507370373193,0.02082953374941261,0.2969561303417608
11,0.013073871317252305,0.02009336610294128,0.33606173599000916
12,0.010749404146002855,0.018896005802917983,0.3535227655736423
13,0.009902616372649012,0.01819422252516246,0.38422561222130164
14,0.009632543655347377,0.01743496294592955,0.403866686878522
15,0.009002056783554934,0.016142900396103457,0.42831103315172275
16,0.008055701328085023,0.015200565080967156,0.47034643042459623
17,0.0067106238602801975,0.01413163707154498,0.5046822332747356
18,0.005762805097835976,0.012960377587735166,0.5495132876593851
19,0.004493800468757072,0.011601895046160323,0.6070880612569329
20,0.00331863009834225,0.01014787367656501,0.6865993399266719
21,0.0017336786763735808,0.008568391841257024,0.7794689698425398
22,0.0011445335362362365,0.007547341931485266,0.8982212148574953
23,0.0008087776490111021,0.007100014745356077,0.999112818013641
24,0.0004306222146134242,0.006737329044380262,1.0541735146287312
25,0.0003358960567021619,0.006439730315175933,1.1497200125240543
26,0.00034529761479232284,0.006384110041970217,1.1939932433070366
