Iteration,Energy,Loss Function,Bias
0,0.16392112465764358,0.15957810949272644,0.0
1,0.06182774576877385,0.0718034748879063,0.2817394248231045
2,0.014846197998792138,0.015792050189969466,0.59114782849193
3,0.000980138286517673,0.002719657471845492,1.1641017721448965
4,0.0016537805893002012,0.001148477429953962,1.520649489207771
5,0.0006004311168668211,0.0006299907594603991,2.007976056291786
