Iteration,Energy,Loss Function,Bias
0,0.14418921698030482,0.14393981188376423,0.0
1,0.004687468012198375,0.01773701263008686,0.6403746679952627
2,0.001288330594228581,0.004705608082743847,1.156334376077871
