Iteration,Energy,Loss Function,Bias
0,0.15186085520252576,0.15477829923523034,0.0
1,0.0844478122930811,0.08946517745127187,0.08152079366125056
2,0.06687940244021584,0.06447332009735426,0.1103822580227005
3,0.051362641953886075,0.05131584190150525,0.13387820519794422
4,0.035602529803175166,0.039036555814715206,0.16350738603915488
5,0.03442222516805792,0.03583294569475829,0.2083747978600875
6,0.030270536229527602,0.03151528417592343,0.22642561324014573
7,0.020128980421898594,0.02365666225344562,0.2548895178991679
8,0.021236783904473176,0.023049060496813923,0.3123134675792892
9,0.019300690147174854,0.021940643187574122,0.3186346155466849
10,0.017790816951283584,0.019983301040648195,0.33236146462174965
11,0.01390193585948714,0.01641210875801016,0.3574805877802491
12,0.012571277275339807,0.013683623153200326,0.4087254920989072
13,0.008938851963290854,0.010165105579200466,0.4594324652973461
14,0.007328118448641546,0.008399705916081001,0.5374148320784353
15,0.0060957417840100305,0.006776612870346708,0.5894211218674398
16,0.00415359013261305,0.005436622402912409,0.6509707103274516
17,0.0035732469883099738,0.004628548076045038,0.7122728350598038
18,0.001645552338919572,0.0020798369457789585,0.9612263327312689
19,0.0008280326361726457,0.00127330213990111,1.1480506544958418
20,0.0005064319710722973,0.0008707155257319727,1.2212519527931727
21,0.00030392859843070947,0.0006616100710894967,1.4261668992089578
22,0.0003143448613120694,0.0003818920482127162,1.8039487613298106
