Iteration,Energy,Loss Function,Bias
0,0.16392112465764358,0.15550052196671743,0.0
1,0.11974860437931983,0.12245509368062525,0.06574928922741356
2,0.10116158002202957,0.09826767606108111,0.08494388999280111
3,0.07204383057167754,0.0738223894363601,0.10500323200891216
4,0.06482663666672248,0.06005148816763741,0.14090611095860503
5,0.04745583521703621,0.04646141414721375,0.1693088294917495
6,0.03712347785908017,0.03811305420529189,0.20609898106404048
7,0.03332971008648252,0.03010399535799552,0.23786694590186303
8,0.02068859519117628,0.019932976466875637,0.28593942180997756
9,0.01458858622925221,0.014982451547408203,0.35625298060593674
10,0.0160783186572396,0.012993350887209917,0.40039826651448845
11,0.011501883779287207,0.010085723634611576,0.42149877332551683
12,0.008910775142250235,0.006707247525644251,0.4665522738643899
13,0.008220363305883119,0.005865576345672797,0.5313771579705147
14,0.00696336578873564,0.004528985633306117,0.5538249381170516
15,0.004917324674434965,0.0021683176047777807,0.591454441457864
16,0.0034998116667164887,0.000741170579376559,0.6733988535672164
17,0.0023938566054440657,-0.00021208368716369388,0.7383452893673265
18,0.0020653876288265365,-0.0009288160247136909,0.8006098055836361
19,0.0013756285447976983,-0.0017886312857099693,0.8657767960123546
20,0.000602329450624604,-0.002332601578511439,0.9493051363786761
21,0.00038716553530179906,-0.0026813831847865527,1.0185381556701874
