Iteration,Energy,Loss Function,Bias
0,0.15756890614717306,0.14129588534135484,0.0
1,0.079880842731331,0.07857049259689115,0.2654683306189166
2,0.023125227856727132,0.029153665776473877,0.4928186421328661
3,0.011351061164637525,0.011954563881496148,0.8293566005747197
4,0.0025507454690454076,0.001626144069143262,1.0512572619413711
5,0.0005447720920778745,-0.0019393585305263628,1.368384874706836
6,0.0008420462121498503,-0.001968363588450731,1.5051253707257977
