Iteration,Energy,Loss Function,Bias
0,0.13578123357938934,0.1354065430017678,0.0
1,0.06200531754336294,0.010622126014141624,0.9916848768405071
