Iteration,Energy,Loss Function,Bias
0,0.14418921698030482,0.14405060900093408,0.0
1,0.061387224358247346,0.011624203775113974,0.9886149436113353
