Iteration,Energy,Loss Function,Bias
0,0.14418921698030482,0.14651440600359134,0.0
1,0.05567963370877973,0.06404622095632384,0.31830474157371463
2,0.018474723987068124,0.026272410929973167,0.7196180498099607
3,0.000614005896574554,0.006359784723959983,1.1721249583922155
4,0.0003130980982003479,0.0059107733118049476,1.2187036646704734
