Iteration,Energy,Loss Function,Bias
0,0.13578123357938934,0.13482816397089056,0.0
1,0.0038556533975408307,0.01109756113399741,0.641639020318514
2,0.001566352809684517,0.004798729724182019,0.8102245469054311
