Iteration,Energy,Loss Function,Bias
0,0.14418921698030482,0.14144913932220185,0.0
1,0.0563098581605782,0.05883531982403336,0.3187931522625403
2,0.018083751866130468,0.02062411547837542,0.7200438124669339
3,0.0006906341281751927,0.0010897331658541352,1.1789100145360079
4,0.002002212253263722,0.0009211205351256234,1.3532414647875866
5,0.0015957587942981835,0.0008859782429273687,1.5737298766383203
6,0.0007873311393973867,0.0006200058873821564,1.8992287204074265
