Iteration,Energy,Loss Function,Bias
0,0.16392112465764358,0.16457621276928447,0.0
1,0.11829186507973687,0.13201569117944756,0.06582521939564152
2,0.09837119356397993,0.10661576520861518,0.0845381328224109
3,0.07363389918940628,0.0838311647902473,0.10569770727244453
4,0.05986435483564067,0.0693726065990177,0.1385465917420769
5,0.047102595061007925,0.05457200849413156,0.16818603641298643
6,0.039086587790800924,0.047155258924985954,0.20801075802976163
7,0.03363594856262494,0.038984373260552735,0.23629656000271654
8,0.021214895673208112,0.029852988070483793,0.2745363897651049
9,0.01822911629001062,0.025685509598298895,0.33289975890348494
10,0.015372059034495216,0.022933505047144358,0.36456060737526064
11,0.011145464663106366,0.01874707481611836,0.398714903801945
12,0.00993831409946022,0.016592336393025552,0.45242960730960297
13,0.007100978901398298,0.014269704388778417,0.49070080331250404
14,0.004729659664055871,0.011864443862015203,0.5468496698601517
15,0.0028688213068491677,0.010484004267742056,0.622618415696169
16,0.0026825657704710078,0.009358433793095089,0.6766019830051194
17,0.0016725216803128663,0.008332880292777284,0.7345133960471938
18,0.0008975522237701015,0.007377358089489509,0.8053748985579695
19,0.0005788584522027945,0.0069616490007354806,0.8918815414771246
20,0.0004346024217088201,0.006624717842325879,0.9490816065452976
21,0.00041609957893091424,0.006460923779676955,1.00818688753938
