Iteration,Energy,Loss Function,Bias
0,0.16392112465764358,0.157066389030208,0.0
1,0.06182774576877385,0.06928319151793022,0.2816197722955122
2,0.014492226920687183,0.013413898530304521,0.5909572187768416
3,0.0012128403788051326,4.50444730319841e-05,1.1616790634455918
4,0.0019648371422511485,-0.0015654722316895081,1.5278290616251111
5,0.0008206820238164374,-0.0021194836958218772,2.0208854113800245
