Iteration,Energy,Loss Function,Bias
0,0.13578123357938934,0.1330112198172117,0.0
1,0.0038556533975408307,0.009344920059777434,0.6418485140833355
2,0.001345324186356189,0.003239240776679038,0.8079543946154201
