Iteration,Energy,Loss Function,Bias
0,0.14418921698030482,0.1496391556254163,0.0
1,0.09297797240990636,0.09773569794978665,0.18763494330474775
2,0.053416137108540186,0.05832669900815514,0.2844336435563474
3,0.032383296252722696,0.0368739112759039,0.4162485874952754
4,0.017855080554337564,0.024730068574582115,0.5473239770091447
5,0.005042235051659053,0.013628618644394642,0.6709723970758976
6,0.0022357877715792206,0.008637784843675035,0.8401565844173781
7,0.0003543863667010172,0.0063610092030795245,0.979085143620492
8,0.0007371377125031231,0.0063181099393776145,1.1614347277841304
