Iteration,Energy,Loss Function,Bias
0,0.16392112465764358,0.1615509825017621,0.0
1,0.12105700607081511,0.1288239460560366,0.06580110382105306
2,0.09971539555103778,0.1038234000812976,0.08465697724485317
3,0.07193005349246849,0.08051900508437325,0.10540774463841349
4,0.059073932860481446,0.06661276623015937,0.1390203361187154
5,0.046729643834347565,0.05266614558259286,0.16721743775984962
6,0.040746496268027746,0.04544920503148799,0.20463024212263237
7,0.03421213277008352,0.037742336776685335,0.2309214343503032
8,0.023821061408240075,0.027499415407659135,0.2669496187332663
9,0.020686200713203436,0.023308928750288366,0.32890259435283836
10,0.011611109256661999,0.016506189289575746,0.37218588794444835
11,0.01082835230928005,0.015514853721157771,0.4454520252422167
12,0.007074011976328057,0.011211040961550223,0.5205774016772492
13,0.004890776139303688,0.008527968799155959,0.6063681900587679
14,0.0030707967878855916,0.006957146724929683,0.6774678557972686
15,0.002634312354755212,0.005901331861961847,0.7358856596741673
16,0.0007675220390758045,0.003951636127029081,0.7935244806466119
17,0.00048549288892774155,0.0035977815018459094,1.0104419716853168
