Iteration,Energy,Loss Function,Bias
0,0.15756890614717306,0.14667674084913293,0.0
1,0.10921042612287224,0.10849452510542901,0.09252274101118602
2,0.07349888051809411,0.07635543444393533,0.12481672100768079
3,0.058229506523453385,0.05513939320440784,0.167242325632253
4,0.04219562551718483,0.04033496533972122,0.2092631675661889
5,0.03215798875439501,0.03317978814630292,0.24816661767237752
6,0.02393479808109316,0.02452668680016639,0.27931913800711494
7,0.015874755994474143,0.019430081900588397,0.3400735902665209
8,0.01869305876942031,0.018534000911950035,0.39408055009841686
9,0.011617704382306662,0.013300246747489017,0.45554861709235506
10,0.006621041371515619,0.007354457931260877,0.5375434691636591
11,0.0033808859777109753,0.003927447779624937,0.6640172836424795
12,0.0020752614572265757,0.0018975267812693618,0.790305974406392
13,0.000547723659321591,0.000645919318780929,0.8940388276987276
14,0.000734588640871762,0.0005309418922553157,1.0259951187897485
15,0.00039120679443071024,0.0004496772608008329,1.3508738237579077
