Iteration,Energy,Loss Function,Bias
0,0.13578123357938934,0.13635096171260344,0.0
1,0.10777306627096724,0.10612431325151958,0.17119681396488245
2,0.06953775142581253,0.07034881518733443,0.2128180934600587
3,0.026029567897776267,0.02990811818333412,0.3162857356344443
4,0.01205017553105765,0.013912013519248131,0.5122383306196246
5,0.005260372415489043,0.006998360736951539,0.6497778039741438
6,0.0007336580558057009,0.001334363241499879,0.7451234709493073
7,0.0005042387606759065,0.0005426861019749112,1.0376470156886144
