Iteration,Energy,Loss Function,Bias
0,0.16392112465764358,0.15645289040931612,0.0
1,0.11187588641124896,0.1062713968878063,0.15069004358756818
2,0.06809396419823617,0.06788325361793575,0.21544620421711191
3,0.043339935281222076,0.03931245015628019,0.33794811831222743
4,0.02501007287470636,0.022466108211759157,0.46413301570206955
5,0.008164987946152355,0.007582029089468602,0.5917352547949882
6,0.004639152169396306,0.0018629421794639873,0.8078395365452247
7,0.0006331192512466046,-0.0019952892925155325,0.9446608967636858
8,0.0004468108976034408,-0.0025991051667929635,1.1637032524280881
