Iteration,Energy,Loss Function,Bias
0,0.15756890614717306,0.14521493161912916,0.0
1,0.05698249248777618,0.00966360612511971,0.9873519904519792
