Iteration,Energy,Loss Function,Bias
0,0.14418921698030482,0.14404311732342825,0.0
1,0.09687440193335146,0.09279597361656687,0.1879354570093476
2,0.05271489369422022,0.0524572879307117,0.28511285329684727
3,0.030265317857062404,0.03325681083749157,0.42160144206052363
4,0.017840534138818732,0.019487828504811112,0.5328891173579059
5,0.008483363124847139,0.009839321470159196,0.6821909406948117
6,0.002387270461588273,0.002871875423036076,0.8664232148016217
7,0.00036899946224331037,0.0003712235718909166,1.1027842647883996
8,0.0005874351625505093,0.0003651397959688303,1.1661934701810832
