Iteration,Energy,Loss Function,Bias
0,0.15186085520252576,0.15499851842547774,0.0
1,0.07160055828623815,0.07670120699978257,0.11701948018148955
2,0.054071280385734374,0.053114461396339185,0.1982506797645789
3,0.03277147934398943,0.03820955908419498,0.2542722100750843
4,0.0243629736648538,0.026643242593170652,0.3115321405613237
5,0.019358226452833846,0.022043049311764845,0.3783892121575506
6,0.016564497442939786,0.01780486485076549,0.41853283515490164
7,0.012423052578691656,0.013035274297431614,0.47299488650907323
8,0.009477322707043294,0.010081311599677704,0.55056045589816
9,0.005399597544189742,0.006992265808058325,0.61548561715603
10,0.00486261956093115,0.005267986572431326,0.7071018666968454
11,0.0028623351692880815,0.0034030956671781206,0.774961608456598
12,0.0012063833792128266,0.001773962111789567,0.893821528159509
13,0.0009079890899129435,0.0012188647009038123,1.0237438727203054
14,0.0005987108225615073,0.0008514324296926149,1.0936955825114962
15,0.0004736973055872228,0.0006252884657647236,1.1544034332414135
16,0.00040050474849379997,0.0005346175746384066,1.1991572546857863
