Iteration,Energy,Loss Function,Bias
0,0.15756890614717306,0.1468814253057348,0.0
1,0.014684498276949277,0.024670364060784003,0.5933367284451967
2,0.017895072434433855,0.014418775601846767,1.8514079256089142
3,0.0059021834825295095,0.008736077082948228,2.0501980673457973
4,0.0027190794652074877,0.007583611362635516,2.2454426755126233
