Iteration,Energy,Loss Function,Bias
0,0.13578123357938934,0.13514880588606473,0.0
1,0.06200531754336294,0.010360675032307863,0.9916911976788221
