Iteration,Energy,Loss Function,Bias
0,0.13578123357938934,0.1391404013975922,0.0
1,0.10777306627096724,0.10890156879137075,0.17124478445810426
2,0.06927613653130847,0.07300554492475489,0.21288506090277365
3,0.02532164354963258,0.0326998600560745,0.3147123140094518
4,0.010599278406555364,0.01776327018314405,0.508124128076206
5,0.00796451801174781,0.010876237379520568,0.6327356580717916
6,0.0021235533956591324,0.005478987749294972,0.7206901775424948
7,0.0005076589320300238,0.003343210929870602,0.8743605494821989
8,0.0007373326763685803,0.003330293979423909,0.9495248005108261
9,0.00039837347277081673,0.0032505393944864854,1.4613957018816732
10,0.0003666839355135724,0.003203491868376051,1.6885520878257219
