Iteration,Energy,Loss Function,Bias
0,0.15756890614717306,0.1449333680668828,0.0
1,0.014816844699072018,0.022547778597864256,0.593185178521367
2,0.019721585238624103,0.011285780091392191,1.8576881191936119
3,0.005271597944149153,0.0052519696770066205,2.0749312795830273
4,0.0027190794652074877,0.004050476176080402,2.28538539040321
