Iteration,Energy,Loss Function,Bias
0,0.15756890614717306,0.1449333680668828,0.0
1,0.014816844699072018,0.022665881102583076,0.593185178521367
2,0.019721585238624103,0.011958531912027837,1.8564678696105874
3,0.005233982206286076,0.006015652950168716,2.0632635670788
4,0.0027190794652074877,0.004795064482191105,2.2682202676756007
