Iteration,Energy,Loss Function,Bias
0,0.14418921698030482,0.13832532361759234,0.0
1,0.003542481015464915,0.011753351673439655,0.6408042998583817
2,0.0023426755082854227,-0.0014557637837651343,1.1635895807416343
