Iteration,Energy,Loss Function,Bias
0,0.15186085520252576,0.1514444609698665,0.0
1,0.05172067867966873,0.049067974281645145,0.32607150748988334
2,0.021380962059012694,0.018962524977010998,0.8293872334002048
3,0.004002575994676957,0.0036516601134437858,1.1296644740935249
4,0.00038495808077791915,-0.0021171533523137863,1.4369992150864257
5,0.0003832259968478365,-0.0022692274844377685,1.517547603424235
