Iteration,Energy,Loss Function,Bias
0,0.15186085520252576,0.15891631688531124,0.0
1,0.05200622325513682,0.05657076656340035,0.32627488506970476
2,0.019072826313092595,0.027577512539764478,0.8255981556214675
3,0.005095833290882099,0.0114375085840326,1.1131670779384812
4,0.0003831269888100528,0.0059985149047094835,1.4570882011431197
