Iteration,Energy,Loss Function,Bias
0,0.13578123357938934,0.13991735165597607,0.0
1,0.1356726595743137,0.12835405900764985,0.1067734888700577
2,0.09599138699991204,0.10928599528124143,0.11401365372391
3,0.07975673672904084,0.08949481157666916,0.1324746931834176
4,0.06570868584525631,0.0716561343943898,0.16055417358952712
5,0.04276184230654876,0.049148982793291725,0.20250739549139415
6,0.027718064592044223,0.03550973925743394,0.26828895663088304
7,0.01921968276434986,0.022369276717018646,0.3328876928709218
8,0.010323911086846872,0.01358977426770004,0.4290308944431924
9,0.002294638810564429,0.006967312768152846,0.531675515578561
10,0.0008270147320243561,0.003900471727878452,0.6466103093909538
11,0.0008176617358277277,0.0036836163933547388,0.818671636107348
12,0.00025188494895337716,0.0033218305042345456,0.937874454025677
