Iteration,Energy,Loss Function,Bias
0,0.13578123357938934,0.1354065430017678,0.0
1,0.06200531754336294,0.013933583804181332,0.9916848768405071
