Iteration,Energy,Loss Function,Bias
0,0.13578123357938934,0.13463333165465854,0.0
1,0.06200531754336294,0.009836936116606973,0.9917029249917163
