Iteration,Energy,Loss Function,Bias
0,0.15186085520252576,0.15642569824682967,0.0
1,0.05172067867966873,0.05407049451203441,0.3262140962867285
2,0.0175869817882671,0.024637355150816075,0.8268906801488366
3,0.003591627821118599,0.008708529041835146,1.119406772733774
4,0.00039752085599054494,0.0030603119020984927,1.4527920432389902
5,0.0004662691105361652,0.0030010987704905284,1.565791824164795
