Iteration,Energy,Loss Function,Bias
0,0.14418921698030482,0.14404311732342825,0.0
1,0.09687440193335146,0.09279597361656691,0.18793545700934766
2,0.05271489369422022,0.05245728793071184,0.2851128532968471
3,0.030265317857062404,0.033256810837492386,0.4216014420605224
4,0.017840534138818732,0.019487828504811622,0.5328891173579035
5,0.008483363124847139,0.009839321470161293,0.6821909406948103
6,0.002387270461588273,0.0028718754230328465,0.866423214801699
7,0.00036899946224331037,0.00037122357189097696,1.1027842647888209
8,0.000587435162550479,0.000365139795968951,1.1661934701814558
