Iteration,Energy,Loss Function,Bias
0,0.14418921698030482,0.14684113647442226,0.0
1,0.09376185663995319,0.0952760564821656,0.18778730227049575
2,0.05261677939464513,0.05539215139601404,0.2847855757430321
3,0.03207953080733154,0.03478407736136546,0.4193206377147406
4,0.01814444003758934,0.02207416586924941,0.5437465594231743
5,0.007891439058773158,0.011191488876594035,0.6693415591414801
6,0.0014925354258465606,0.005175397323215281,0.8633773763292527
7,0.00034905647511090563,0.0033645769784771875,1.075723374813873
8,0.000823702516580667,0.003328301371526486,1.2308696927948193
