Iteration,Energy,Loss Function,Bias
0,0.13578123357938934,0.1369889467994157,0.0
1,0.13552427435547915,0.12562294701056878,0.10673193916942289
2,0.09599138699991204,0.10653955847934594,0.11392947564022762
3,0.07929191316683921,0.08676842451283431,0.13147168914010332
4,0.0663402518400115,0.06644025661902159,0.16019104641066118
5,0.0385758775514069,0.0425565228413265,0.20784840298943516
6,0.024579351567260134,0.02983457192843357,0.308184864404038
7,0.01692351041661331,0.01928356842898255,0.3819264613706208
8,0.013707598649357037,0.013672994354547038,0.46733871491877127
9,0.005379431511828585,0.007106537444840937,0.5210297383402782
10,0.003144637527836864,0.003993517992844061,0.5916522095731046
11,0.0009241634881943303,0.0016447537432475055,0.6571204497431158
12,0.0003616934072751812,0.0005037120081142024,0.7481127215556883
13,0.0004895991623354613,0.00040356164212389315,0.9037124306392474
