Iteration,Energy,Loss Function,Bias
0,0.13578123357938934,0.14192984108258097,0.0
1,0.10712036087321611,0.11167209609967581,0.17129015417687776
2,0.06817832818243658,0.07563872374233853,0.21295795006959656
3,0.026913642185210432,0.03552628805615595,0.3128610655175453
4,0.010922775309997081,0.02136488460680243,0.5019859713235951
5,0.0068500379519186045,0.0138017323169543,0.6210407667407601
6,0.0018556042338724096,0.008134268813886016,0.7202808906848968
7,0.000671399855156587,0.006239136410397747,0.892033282915693
8,0.00038358305741162656,0.006172965379668929,1.0949394508975976
