Iteration,Energy,Loss Function,Bias
0,0.13578123357938934,0.13734390068391508,0.0
1,0.0678266448148051,0.06848276212892157,0.3108542975110539
2,0.01269888932832916,0.01514521844849032,0.5742836359186017
3,0.003123526612923233,0.007078555957950511,1.1860233915284226
4,0.0004773922371217013,0.003390127207740989,1.371944028791376
