Iteration,Energy,Loss Function,Bias
0,0.14418921698030482,0.14404311732342825,0.0
1,0.09687440193335146,0.09279597361656675,0.18793545700934755
2,0.05271489369422022,0.05245728793071181,0.2851128532968472
3,0.030265317857062404,0.03325681083749223,0.421601442060521
4,0.017840534138818732,0.019487828504811035,0.5328891173579009
5,0.008483363124847139,0.009839321470159694,0.6821909406948184
6,0.002387270461588273,0.002871875423035382,0.8664232148016334
7,0.00036899946224331037,0.00037122357189073546,1.1027842647884716
8,0.000587435162550479,0.0003651397959688001,1.1661934701811694
