Iteration,Energy,Loss Function,Bias
0,0.15186085520252576,0.1429692278514055,0.0
1,0.06200531754336294,0.006747968265998001,0.9944605470985388
