Iteration,Energy,Loss Function,Bias
0,0.14418921698030482,0.14206831579504026,0.0
1,0.003933566672085351,0.015934435755911268,0.6405252112973843
2,0.0014690183251713917,0.0031554435260612063,1.1540269477417888
