Iteration,Energy,Loss Function,Bias
0,0.15756890614717306,0.145554066123511,0.0
1,0.05698249248777618,0.011524247179274522,0.9873415139112912
