Iteration,Energy,Loss Function,Bias
0,0.13578123357938934,0.13231386903450637,0.0
1,0.06787847258816117,0.06357195894846084,0.31091438942449906
2,0.01341273674890429,0.009973034505518327,0.5738088286721421
3,0.004024695701653139,0.0013797190238626661,1.2080072556523311
4,0.0007307597400266387,-0.002164229591498515,1.400046603412812
