Iteration,Energy,Loss Function,Bias
0,0.16392112465764358,0.15957283980827744,0.0
1,0.005903790835886067,0.01013337605786588,0.6238742408719453
2,0.007144613032199035,0.003121426798069035,1.221029865222631
