Iteration,Energy,Loss Function,Bias
0,0.16392112465764358,0.15775036201802606,0.0
1,0.005747892047812829,0.008314093580266087,0.6238353436491239
2,0.0067712744399209025,0.0012483762767001064,1.222234793711131
