Iteration,Energy,Loss Function,Bias
0,0.15186085520252576,0.1434875333749109,0.0
1,0.06200531754336294,0.008905670443430477,0.9944667233719464
