Iteration,Energy,Loss Function,Bias
0,0.15186085520252576,0.15281326461936995,0.0
1,0.0032349096268002387,0.013743727088571047,0.6772877658670923
2,0.009254787066860722,0.007739352755867241,1.2549604429013872
