Iteration,Energy,Loss Function,Bias
0,0.16392112465764358,0.15957810949272644,0.0
1,0.06182774576877385,0.0718034748879062,0.2817394248231046
2,0.014846197998792138,0.01579205018996921,0.5911478284919313
3,0.000980138286517673,0.0027196574718454615,1.1641017721449054
4,0.0016537805893002012,0.001148477429953962,1.520649489207776
5,0.0006004311168668211,0.0006299907594602783,2.0079760562918096
