Iteration,Energy,Loss Function,Bias
0,0.16392112465764358,0.16139531759852888,0.0
1,0.005332622757319229,0.011952224761178605,0.623908147511977
2,0.00857740092156626,0.0049844345976681635,1.2197159665148503
