Iteration,Energy,Loss Function,Bias
0,0.16392112465764358,0.15034021994817875,0.0
1,0.059115402001048,0.01183107131470491,0.9841297816471859
