Iteration,Energy,Loss Function,Bias
0,0.16392112465764358,0.16437557947737172,0.0
1,0.12998473592392565,0.1340127225632279,0.04850673685289671
2,0.0956968000978487,0.10680700880621205,0.0616718984378718
3,0.07497973689119737,0.08469622542811499,0.08048177988950497
4,0.060571089175461515,0.06726027126888459,0.10252832200221676
5,0.045442707985438806,0.05327320170961983,0.1273645106954194
6,0.032790923165885076,0.04074463953452447,0.15424349318739672
7,0.026703563628289986,0.03380767850876711,0.19559008047165938
8,0.019804117723030753,0.028460478946765896,0.2293335760148867
9,0.01893617711367351,0.026081786858268945,0.26686539008387217
10,0.016068194921047982,0.022749095209639785,0.29122058832754
11,0.013210150379594162,0.0203411996764195,0.33409738728227173
12,0.010770544924829682,0.018226267297272305,0.3738912729821765
13,0.009355336067939105,0.016577400051779552,0.4189226548367522
14,0.007334681285179878,0.014407693915415323,0.46304475461560696
15,0.008598432318905159,0.014211701800577254,0.5231098017915689
16,0.0057882136849896,0.012453375818109054,0.5529514302435625
17,0.002494187546748227,0.009719237387403568,0.609773820131719
18,0.00300194125390817,0.00939504082643799,0.6367345511846123
19,0.0018036287783949143,0.008884992984941862,0.6495764380320639
20,0.001740512195423313,0.008099432080303321,0.6711914672839298
21,0.0009933021157089107,0.007464584251442851,0.7048667206745634
22,0.00041888571053190477,0.006698947825837613,0.7448818032161264
23,0.0005522034000909356,0.0065389828728160395,0.7979452680277664
