Iteration,Energy,Loss Function,Bias
0,0.16392112465764358,0.14953632666106206,0.0
1,0.059115402001048,0.007830228621656735,0.9841038206082245
