Iteration,Energy,Loss Function,Bias
0,0.14418921698030482,0.14313734048637014,0.0
1,0.06138722435824741,0.007602371035618167,0.9886129084579741
