Iteration,Energy,Loss Function,Bias
0,0.15186085520252576,0.15220692776626593,0.0
1,0.05883198470709945,0.061496768792380425,0.1838330811978855
2,0.04118910093771026,0.03825382706493889,0.40348232810108864
3,0.01615174617153912,0.015969713479162873,0.5225947189636215
4,0.019467931784499615,0.014556140585039649,0.7368631940415256
5,0.005466265742171923,0.004762324660523766,0.8270997087351215
6,0.0021107170989377515,-0.00017815276841072147,1.0002862224822624
7,0.0004792154747393179,-0.0016117309811923518,1.1753645451587171
8,0.0003224456160136202,-0.0023277718974813646,1.271735400842131
