Iteration,Energy,Loss Function,Bias
0,0.15756890614717306,0.14646148353905428,0.0
1,0.0817240392254935,0.0837549932302325,0.26563861091865476
2,0.023502197235194793,0.03378765199948706,0.49206205238090384
3,0.01343893723763726,0.016548334342553803,0.8521066595658087
4,0.0015157202887624717,0.006918275848109188,1.0766652152411031
5,0.0004877874628833167,0.003307223414500583,1.3483488547983642
6,0.000673056551128738,0.003124413070978466,1.4030323134907505
