Iteration,Energy,Loss Function,Bias
0,0.16392112465764358,0.1646015504177633,0.0
1,0.06239263987498797,0.07681031086190493,0.2819671073197628
2,0.014110089830283098,0.020495294014008784,0.5916115561958355
3,0.0009801876046512453,0.007889855330323608,1.1706068365694975
4,0.0013596549431220148,0.006163994900278998,1.5172582470642588
5,0.0008471413977352329,0.005809944657426974,2.0455621464131557
