Iteration,Energy,Loss Function,Bias
0,0.14418921698030482,0.13832532361759234,0.0
1,0.003542481015464915,0.011896496330645236,0.6408042998583815
2,0.0023426755082854227,-0.0010832151287635372,1.15989774505504
