Iteration,Energy,Loss Function,Bias
0,0.13578123357938934,0.13119427566353284,0.0
1,0.0038556533975408307,0.0072320539003044365,0.6420512817239659
2,0.0013965034469068855,0.0010034007088339954,0.8107423496296665
