Iteration,Energy,Loss Function,Bias
0,0.16392112465764358,0.16202588137784527,0.0
1,0.10891698016193312,0.11226157563883973,0.15083886095546792
2,0.06849485577919771,0.07333868585198519,0.21525829358322346
3,0.04247421291855962,0.0446088131127937,0.3411140068464108
4,0.026442439469547576,0.026087099429639958,0.47674184857895696
5,0.005491636550200143,0.010671948089529483,0.611384106024651
6,0.0015877655011237429,0.0044692150967342815,0.9113246878506269
7,0.0006165667952321464,0.0032150332458653103,1.1454185469197313
8,0.0003969266252854913,0.003111176687330002,1.6584803858449664
