Iteration,Energy,Loss Function,Bias
0,0.14418921698030482,0.14144913932220182,0.0
1,0.0563098581605782,0.05883531982403327,0.3187931522625401
2,0.018083751866130468,0.02062411547837539,0.7200438124669339
3,0.0006906341281751927,0.001089733165854075,1.1789100145360056
4,0.002002212253263722,0.0009211205351257139,1.3532414647875879
5,0.0015957587942981835,0.0008859782429273084,1.573729876638255
6,0.0007873311393973867,0.0006200058873821564,1.8992287204073706
