Iteration,Energy,Loss Function,Bias
0,0.16392112465764358,0.16208982995524485,0.0
1,0.06239263987498797,0.07430642443320434,0.28185520802103287
2,0.014174965387929287,0.018146742466875122,0.5913882268779309
3,0.0008344970699606968,0.005319492563718695,1.1670792450996283
4,0.0018929174688514204,0.0036534246703999566,1.5175310564724067
5,0.0005907577556245185,0.0032443000981404674,2.032992429619762
