Iteration,Energy,Loss Function,Bias
0,0.14418921698030482,0.1389165059815071,0.0
1,0.0561538498066559,0.056257925159700684,0.31902762593951717
2,0.01755432187511487,0.017910100628104716,0.7198279929950409
3,0.000989957198904939,-0.0014035673329455126,1.1809833483432337
4,0.001891217164367642,-0.0016931930301629305,1.3511744164621178
5,0.0019344579879411355,-0.0018147347402433932,1.4393277703219283
