Iteration,Energy,Loss Function,Bias
0,0.15186085520252576,0.15642569824682967,0.0
1,0.05172067867966873,0.05407049451203441,0.32621409628672854
2,0.0175869817882671,0.024637355150815984,0.8268906801488396
3,0.003591627821118599,0.008708529041835191,1.1194067727337793
4,0.00039752085599054494,0.0030603119020984927,1.452792043238994
5,0.0004662691105361652,0.003001098770490498,1.5657918241648012
