Iteration,Energy,Loss Function,Bias
0,0.13578123357938934,0.1330112198172117,0.0
1,0.0038556533975408307,0.00916447411316134,0.6418485140833354
2,0.0015146104480924176,0.0029030621548742468,0.8104809205111958
