Iteration,Energy,Loss Function,Bias
0,0.15186085520252576,0.15220692776626596,0.0
1,0.05883198470709945,0.06149676879238046,0.18383308119788552
2,0.04118910093771026,0.03825382706493889,0.40348232810108775
3,0.01615174617153912,0.015969713479162827,0.5225947189636239
4,0.019467931784499615,0.014556140585039469,0.7368631940415299
5,0.005466265742171923,0.004762324660522589,0.8270997087351339
6,0.0021107170989377515,-0.00017815276841020834,1.0002862224823728
7,0.0004792154747393179,-0.0016117309811952193,1.175364545158841
8,0.0003224456160136202,-0.002327771897482904,1.271735400842607
