Iteration,Energy,Loss Function,Bias
0,0.15186085520252576,0.15891631688531127,0.0
1,0.05200622325513682,0.05657658938891695,0.32627488506970465
2,0.019072826313092595,0.02742124207013093,0.8255697472317307
3,0.005144170562932691,0.011122450958942383,1.1147557005662794
4,0.0003831269888100528,0.005508643251541409,1.462199853560116
5,0.0005805911923198015,0.005454695765753176,1.5744084760581079
