Iteration,Energy,Loss Function,Bias
0,0.16392112465764358,0.15706638903020795,0.0
1,0.06182774576877385,0.06930143591996069,0.2816197722955122
2,0.014492226920687183,0.01343014747482376,0.5908929276949878
3,0.0012128403788051326,9.22860901035501e-05,1.1616334409640978
4,0.0019648371422511485,-0.0013453211464968407,1.5268716599061911
5,0.0006296568346544018,-0.0019608458344620343,1.9672486024918712
