Iteration,Energy,Loss Function,Bias
0,0.15756890614717306,0.14904428263790398,0.0
1,0.08398776860666654,0.08634474764809368,0.26571942769694856
2,0.023502197235194793,0.036178243269144705,0.4916236709263259
3,0.012309542338643231,0.01856942835298665,0.8633876486685717
4,0.003474161397665336,0.00958120679061744,1.0986128207620407
5,0.000591271133908647,0.005929938295825897,1.345108646699022
6,0.0008991404006537418,0.0056632379321683345,1.5449412250069756
7,0.0005994215546398227,0.005619578352788429,1.9544596970889752
8,0.00045060770616084535,0.0055092346238104235,2.0848047373600034
