Iteration,Energy,Loss Function,Bias
0,0.13578123357938934,0.13734390068391508,0.0
1,0.0678266448148051,0.06849313775482424,0.31085429751105387
2,0.01269888932832916,0.015121516950367977,0.5742439438030704
3,0.003123526612923233,0.006891007720267509,1.1863316843276985
4,0.000692033416349938,0.0032289094842770025,1.3758497389518243
