Iteration,Energy,Loss Function,Bias
0,0.14418921698030482,0.14651440600359134,0.0
1,0.05567963370877973,0.06401196462816408,0.3183047415737146
2,0.018474723987068124,0.026185363900167555,0.7197847507064818
3,0.000595571463868358,0.006026399828647305,1.1729911158362982
4,0.00027154678381027407,0.005493533568521786,1.222462187870818
