Iteration,Energy,Loss Function,Bias
0,0.14418921698030482,0.1434417633245581,0.0
1,0.06138722435824741,0.007910646563233401,0.9886139572816649
