Iteration,Energy,Loss Function,Bias
0,0.15756890614717306,0.14129588534135487,0.0
1,0.079880842731331,0.07857049259689121,0.26546833061891656
2,0.023125227856727132,0.029153665776473697,0.4928186421328654
3,0.011351061164637525,0.011954563881495637,0.8293566005747266
4,0.0025507454690454076,0.0016261440691432319,1.0512572619413891
5,0.0005447720920778745,-0.0019393585305264532,1.368384874706833
6,0.0008420462121498503,-0.001968363588450731,1.5051253707258065
