Iteration,Energy,Loss Function,Bias
0,0.13578123357938934,0.13635096171260344,0.0
1,0.10777306627096724,0.10612431325151946,0.17119681396488237
2,0.06953775142581253,0.07034881518733466,0.21281809346005864
3,0.026029567897776267,0.029908118183333696,0.3162857356344432
4,0.01205017553105765,0.013912013519248539,0.5122383306196163
5,0.005260372415489043,0.006998360736951177,0.6497778039741313
6,0.0007336580558057009,0.0013343632414995771,0.7451234709493106
7,0.0005042387606759065,0.0005426861019747602,1.0376470156886266
