Iteration,Energy,Loss Function,Bias
0,0.13578123357938934,0.12937733150985398,0.0
1,0.0038556533975408307,0.005300296568304988,0.6422473038495551
2,0.0013965034469068855,-0.0009003093307749948,0.8110124001452089
