Iteration,Energy,Loss Function,Bias
0,0.15756890614717306,0.14646148353905428,0.0
1,0.0817240392254935,0.0837549932302325,0.26563861091865476
2,0.023502197235194793,0.033787651999487106,0.4920620523809038
3,0.01343893723763726,0.01654833434255427,0.8521066595658067
4,0.0015157202887624717,0.006918275848109127,1.0766652152410936
5,0.0004877874628833167,0.0033072234145005526,1.3483488547983742
6,0.000673056551128738,0.0031244130709784964,1.403032313490763
