Iteration,Energy,Loss Function,Bias
0,0.15186085520252576,0.15100771274553476,0.0
1,0.0032349096268002387,0.011537039754710002,0.6774006412830197
2,0.009422294328041404,0.004838256585861153,1.2646029235509753
3,0.007066668332082464,0.004813163364434228,1.6661390154141147
4,0.0038627147601161664,0.004029123654170358,1.9731507521874911
5,0.0029465731695885794,0.003980416077009398,2.0931508696600543
