Iteration,Energy,Loss Function,Bias
0,0.16392112465764358,0.15957283980827744,0.0
1,0.005903790835886067,0.01013337605786591,0.6238742408719452
2,0.007144613032199035,0.0031214267980689747,1.2210298652226301
