Iteration,Energy,Loss Function,Bias
0,0.15756890614717306,0.1449333680668828,0.0
1,0.014816844699072018,0.022547778597864256,0.593185178521367
2,0.019721585238624103,0.011285780091392313,1.8576881191936132
3,0.005271597944149153,0.0052519696770066205,2.0749312795830264
4,0.0027190794652074877,0.0040504761760803715,2.2853853904032118
