Iteration,Energy,Loss Function,Bias
0,0.13578123357938934,0.13489106877036164,0.0
1,0.06200531754336294,0.01009894513380849,0.9916972137347732
