Iteration,Energy,Loss Function,Bias
0,0.13578123357938934,0.14192984108258097,0.0
1,0.10712036087321611,0.1116720960996757,0.17129015417687785
2,0.06817832818243658,0.07563872374233842,0.21295795006959675
3,0.026913642185210432,0.03552628805615577,0.31286106551754606
4,0.010922775309997081,0.021364884606803938,0.5019859713235987
5,0.0068500379519186045,0.013801732316956625,0.6210407667407354
6,0.0018556042338724096,0.008134268813888158,0.7202808906848288
7,0.000671399855156587,0.006239136410396993,0.8920332829155609
8,0.00038358305741162656,0.006172965379668205,1.094939450898017
