Iteration,Energy,Loss Function,Bias
0,0.13578123357938934,0.13231386903450637,0.0
1,0.06787847258816117,0.06356190248794358,0.3109143894244993
2,0.01341273674890429,0.009997411777750388,0.5738472882893566
3,0.00402469570165317,0.0015399685600225909,1.2076890471659705
4,0.0006449668633478363,-0.0019777815293914257,1.3969930800455024
