Iteration,Energy,Loss Function,Bias
0,0.15186085520252576,0.1514444609698665,0.0
1,0.05172067867966873,0.04906622190222022,0.32607150748988334
2,0.021380962059012694,0.019035960173391733,0.8293958486609019
3,0.004002575994676957,0.0037911010014286244,1.1289213765799555
4,0.00038495808077791915,-0.0019016325177341113,1.4350577708184087
5,0.0003827374139315061,-0.0020406224541400144,1.5137738822390228
