Iteration,Energy,Loss Function,Bias
0,0.16392112465764358,0.1595781094927264,0.0
1,0.06182774576877385,0.07180347488790617,0.28173942482310455
2,0.014846197998792138,0.01579205018996945,0.5911478284919303
3,0.000980138286517673,0.002719657471845552,1.1641017721448947
4,0.0016537805893002012,0.001148477429953992,1.5206494892077567
5,0.0006004311168668211,0.0006299907594604292,2.007976056291804
