Iteration,Energy,Loss Function,Bias
0,0.15186085520252576,0.14920216087169957,0.0
1,0.003279945144629726,0.00970836259024962,0.6775067830130763
2,0.009422294328041404,0.003050243706544656,1.266481505320943
3,0.007066668332082464,0.0028912969698966884,1.6649058647091342
4,0.0043008140443804585,0.00263077241920335,2.1490582170214334
