Iteration,Energy,Loss Function,Bias
0,0.15186085520252576,0.15281326461936995,0.0
1,0.0032349096268002387,0.01336577837057646,0.6772877658670924
2,0.009422294328041404,0.006615550937502722,1.2625753665190138
3,0.008135789260948156,0.006569994619700147,1.5210714985035194
4,0.005011124323042908,0.006322479025546593,2.0560695139150886
