Iteration,Energy,Loss Function,Bias
0,0.14418921698030482,0.14019681970631628,0.0
1,0.003625700550246071,0.013843814568308615,0.640668426866668
2,0.001440492102309229,0.0008514830148843769,1.15883587564713
