Iteration,Energy,Loss Function,Bias
0,0.16392112465764358,0.16460155041776325,0.0
1,0.06239263987498797,0.076810310861905,0.2819671073197628
2,0.014110089830283085,0.020495294014008847,0.5916115561958348
3,0.0009801876046512453,0.007889855330323759,1.1706068365694955
4,0.0013596549431219847,0.006163994900278908,1.5172582470642504
5,0.0008471413977352329,0.0058099446574270035,2.0455621464132316
