Iteration,Energy,Loss Function,Bias
0,0.14418921698030482,0.14398177266289658,0.0
1,0.05397268848870347,0.06142006331017764,0.3185521755558192
2,0.017662213053474853,0.023384070445778584,0.7200272428912882
3,0.0006478165584479708,0.003554599086097394,1.1761546633154512
4,0.0016667871119293949,0.0035242953296501845,1.3565564374804844
5,0.0010433760890273085,0.003367973656403226,1.6290380723455746
