Iteration,Energy,Loss Function,Bias
0,0.15756890614717306,0.1410372535891788,0.0
1,0.014747037445462796,0.018774861076405518,0.5928631173727971
2,0.02160454057437889,0.007681206839762442,1.8648909883936602
3,0.004438445787234454,0.0013337080348662786,2.077766368961973
4,0.002247862377477664,-2.658834252942847e-05,2.29474853874641
