Iteration,Energy,Loss Function,Bias
0,0.16392112465764358,0.16139531759852885,0.0
1,0.005332622757319229,0.01195222476117862,0.6239081475119771
2,0.00857740092156626,0.004984434597668103,1.2197159665148503
