Iteration,Energy,Loss Function,Bias
0,0.15756890614717306,0.14298531082803081,0.0
1,0.014747037445462796,0.02066167715549292,0.5930273030740489
2,0.02135715162334514,0.009484971704464624,1.8613694695318692
3,0.004498984371877526,0.003289441948774059,2.076407682845462
4,0.0023917846151163243,0.002014900834351261,2.2907080237899047
