Iteration,Energy,Loss Function,Bias
0,0.15186085520252576,0.1539350796083481,0.0
1,0.05172067867966873,0.05156699455746276,0.32614629938265904
2,0.019459809905197085,0.02184121958459217,0.8281723473034845
3,0.004404741709930782,0.006273041144969266,1.1240758228304157
4,0.0004984037691410751,0.0005950051570778183,1.4433163578133277
5,0.0003530215499664483,0.00048589431330074413,1.5208143447768578
