Iteration,Energy,Loss Function,Bias
0,0.13578123357938934,0.1348288848592107,0.0
1,0.0678266448148051,0.06602812844824911,0.31088683957809293
2,0.013065946647320812,0.01256362331432626,0.5740769411925437
3,0.0030187686749012983,0.004322913523944888,1.1980276554697296
4,0.00043520269126760326,0.0005817602147816066,1.383395061763254
