Iteration,Energy,Loss Function,Bias
0,0.059681695447071206,0.1868413681936683,0.0
1,0.059681695447071206,0.028596984275446928,0.9924138478826898
2,0.059681695447071206,0.028015834798144273,0.9687332567837461
3,0.059681695447071206,0.02630480785365965,0.8702438385626984
