Iteration,Energy,Loss Function,Bias
0,0.19350746208804312,0.25060050737357503,0.0
1,0.0008711235575124076,0.042132218408307366,0.04968770336018501
2,0.0012373613681519284,0.037812574380394995,0.05610772676161124
3,0.0006006390983495115,0.036017652602278905,0.08901319737654861
4,0.0008711235575124076,0.03588622046966367,0.1534470016753498
5,0.0008711235575124076,0.03572151394610041,0.1580481256964976
6,0.0006006390983495115,0.034864763771672226,0.1898253207614502
7,0.0006006390983495115,0.034859510525276916,0.209445057619978
