Iteration,Energy,Loss Function,Bias
0,0.059681695447071206,0.25318110456706916,0.0
1,0.04347244747175822,0.036149254323626985,0.40269728672271804
2,0.0006006390983495115,0.025377813264866052,0.29839907348955874
3,0.0007713623752417601,0.019021128415269335,0.3359112389013712
4,0.000889404712337867,0.017226880026217414,0.3927914175487066
5,0.000889404712337867,0.016535277114358093,0.43286004406787115
6,0.0011345201313029166,0.01578652029707511,0.49923927460425965
7,0.0011345201313029166,0.015365837639785085,0.5480028635309121
8,0.0011345201313029166,0.015077718231163046,0.5939337188445024
9,0.0011345201313029166,0.01499477048864253,0.6191068553241105
