Iteration,Energy,Loss Function,Bias
0,0.26696593626859605,0.26396342918771915,0.0
1,0.026761344800326718,0.027520120175696668,0.8247192271555306
