Iteration,Energy,Loss Function,Bias
0,0.26696593626859605,0.3077781880108704,0.0
1,0.04579710764251261,0.06897590140469102,0.5192528545804518
2,0.014474144917270265,0.034806954557145504,0.8088008485336352
3,0.014474144917270265,0.03465589952937739,0.9400884518766983
