Iteration,Energy,Loss Function,Bias
0,0.059681695447071206,0.19958531532714888,0.0
1,0.059681695447071206,0.028385986301314583,0.98758999289423
2,0.059681695447071206,0.027953744704185397,0.9683740349601785
3,0.059681695447071206,0.026767464522928653,0.8972297559382155
