Iteration,Energy,Loss Function,Bias
0,0.3246518017687675,0.3291698950163721,0.0
1,0.07164097439043578,0.12016184351585737,0.0315283910512375
2,0.04796256439212429,0.06719551304076947,0.06428340351578916
3,0.004961279765117922,0.04223897285750499,0.08174794790064982
4,0.004781653989327706,0.04159210199004298,0.08736244118944911
5,0.004781653989327706,0.04136380044077589,0.08793525566248492
6,0.004781653989327706,0.041353843053736385,0.09529653753371224
