Iteration,Energy,Loss Function,Bias
0,0.059681695447071206,0.1394614980035252,0.0
1,0.019030598816481274,0.04192049366395956,0.5148011556920792
2,0.013888199524779295,0.03797977211339335,0.47632931577490106
3,0.015094468999372848,0.035953219015809716,0.48002563301475454
4,0.011851975810864637,0.03555943999433335,0.4728488796409302
5,0.01229580697042585,0.03372865574390616,0.4490490190467331
6,0.01229580697042585,0.033200494647460485,0.4457908323987432
7,0.01229580697042585,0.03210431970701899,0.450309901087125
8,0.012643369439748876,0.030662007794399242,0.4534768027018323
9,0.01005325940507562,0.03024806870623772,0.4531668084743544
