Iteration,Energy,Loss Function,Bias
0,0.19350746208804312,0.2306295043136719,0.0
1,0.05188591287882145,0.02342015390109716,0.6895391639139457
