Iteration,Energy,Loss Function,Bias
0,0.08674750121662653,0.07723154547102719,0.0
1,0.019030598816481274,0.018880568795957293,0.20689215736687586
2,0.019497258295815195,0.018005329130980643,0.4415058556243647
3,0.012702920266402885,0.015245864773642445,0.6242295000004774
4,0.012702920266402885,0.014639029021565003,0.7803416529236593
