Iteration,Energy,Loss Function,Bias
0,0.3246518017687675,0.1918457291430496,0.0
1,0.059681695447071206,0.04027219740412146,0.7177858480966418
