Iteration,Energy,Loss Function,Bias
0,0.059681695447071206,0.33167052745527287,0.0
1,0.04223127035417127,0.04812097373694325,0.29166305345815624
2,0.032382801409007435,0.0353586908576411,0.4926848991522613
3,0.0019059075961130568,0.022003259076582828,0.5196450411137695
4,0.0019059075961130568,0.018852562264782678,0.55002360799965
5,0.001434453809267165,0.01759681742435546,0.5518583050963008
6,0.002845206711251125,0.01521991256451789,0.5835772246535804
7,0.002845206711251125,0.015191628552822597,0.5885593978994653
