Iteration,Energy,Loss Function,Bias
0,0.059681695447071206,0.2962895306637505,0.0
1,0.059681695447071206,0.01887060884263919,0.7565752588610642
2,0.002258897996402416,0.015247107365974634,0.7567836233099842
3,0.002258897996402416,0.013910326022607927,0.8049089833292905
4,0.002258897996402416,0.011737286960995233,0.819451107704862
5,0.002258897996402416,0.008230448974462208,0.837225891204235
6,0.002258897996402416,0.005559167670705607,0.8812551250439081
7,0.002258897996402416,0.005110788251931008,0.8921749141797773
8,0.002258897996402416,0.004616260148273703,0.9307165190339264
9,0.002258897996402416,0.0046029777498717015,0.9585499085693227
