Iteration,Energy,Loss Function,Bias
0,0.009581793357421589,0.3293631726607473,0.0
1,0.04223127035417127,0.07290614544277722,0.19673407938678195
2,0.001434453809267165,0.041089607228580224,0.34305576351320377
3,0.001434453809267165,0.038249078422160784,0.3439981486353702
4,0.001434453809267165,0.033864692530122815,0.36129707729518556
5,0.0008469332402140399,0.032650031276063834,0.407283438565714
6,0.0009666964810772036,0.02983820697063856,0.41352233371582325
7,0.0008427088296262305,0.02978101514899516,0.41118357593074845
8,0.0008427088296262305,0.028773676981530945,0.4003331391824025
9,0.0012241145095265357,0.027997884739758373,0.39950779333171704
10,0.0008328157784326985,0.02769016029435056,0.4045501413470839
11,0.0012988211208140876,0.02730535622897144,0.41462092431201164
12,0.0007454468493320832,0.027092541346499417,0.4277262645960167
13,0.0007208211145471801,0.027018623774146783,0.4367948566512898
14,0.0007208211145471801,0.02669362502221969,0.4405441926663129
15,0.0003401187214680616,0.026578880495158528,0.4616045112003244
16,0.0010667096578452894,0.026384289067314725,0.4737011529731611
