Iteration,Energy,Loss Function,Bias
0,0.31715481742193236,0.30630037879549393,0.0
1,0.04223127035417127,0.06744555656666887,0.12826161050502827
2,0.06992914918267945,0.06199475885302713,0.26567548719703893
3,0.007328302011172493,0.033930109337229064,0.3476363566153704
4,0.00556123635441598,0.022664314975654843,0.718754917874466
5,0.006286197901476103,0.021727618275751922,1.1464535071795825
6,0.007328302011172493,0.021154651064081622,1.3822422957083136
