Iteration,Energy,Loss Function,Bias
0,0.059681695447071206,0.2061779950784753,0.0
1,0.0022567225293715766,0.006214424277084353,0.2574891035481369
2,0.006066756436421758,-0.004759091038995465,0.3357166732459918
3,0.006066756436421758,-0.00937781348497759,0.3376866490873745
4,0.006066756436421758,-0.00986847610229969,0.3353952535535573
5,0.0054379665548565746,-0.01052723876795144,0.3395424295012989
6,0.0054379665548565746,-0.011300385030025294,0.3446057307354169
7,0.0054379665548565746,-0.011870129706484964,0.3493817762863898
8,0.0054379665548565746,-0.011948193255586463,0.35504323396907395
9,0.0054379665548565746,-0.012099684680733292,0.3607470735440703
10,0.0054379665548565746,-0.012368581506085373,0.3742478231859031
11,0.0054379665548565746,-0.012592434718182725,0.39904147699346054
12,0.0054379665548565746,-0.012630711485055972,0.4157804813122641
13,0.0054379665548565746,-0.01264023375469395,0.4308210184000767
14,0.0054379665548565746,-0.012651291207030185,0.44168846286305086
15,0.0054379665548565746,-0.012670810034277264,0.4540774309452075
16,0.0054379665548565746,-0.01270882005371513,0.4762851610105821
17,0.0054379665548565746,-0.012755107121448691,0.5160463850247403
18,0.0054379665548565746,-0.0127698170176553,0.5345180587972213
19,0.0054379665548565746,-0.012780718804538413,0.5462543114877321
20,0.0054379665548565746,-0.012791617226430909,0.5518775175331794
21,0.0054379665548565746,-0.012803939870547062,0.554472072170031
22,0.0054379665548565746,-0.012814426971257072,0.5573078535065896
23,0.0054379665548565746,-0.012820656553042629,0.5649390669016897
24,0.0054379665548565746,-0.012821214641101558,0.5685055896083349
25,0.0054379665548565746,-0.01282173625303476,0.5789036626833463
26,0.0054379665548565746,-0.012821762045613312,0.5878432160694793
27,0.0054379665548565746,-0.012821803039382195,0.5981551083736272
