Iteration,Energy,Loss Function,Bias
0,0.059681695447071206,0.2547462935502801,0.0
1,0.022464952372798677,0.03021347519169347,0.1498067305552145
2,0.0006006390983495115,0.024766569070819887,0.13549764540183662
3,0.0008711235575124076,0.02067992808096746,0.1603278580838504
4,0.0006006390983495115,0.01707271768055627,0.19741662258124135
5,0.0007713623752417601,0.016476199902332504,0.20591598741184583
6,0.000889404712337867,0.015490875355551503,0.2086716223441496
7,0.0002072936700066268,0.0152288150221092,0.2060640618793657
8,0.00025134748184204187,0.015020862629563531,0.2056171727312563
9,0.0004843380672465227,0.014898736228167928,0.2097468800841628
10,0.0002510570335184976,0.014790758808843904,0.21578056633481754
11,0.0003324228794343533,0.014743174243299427,0.2210893711171939
12,0.0003324228794343533,0.014698272007750573,0.23434790661987234
13,0.0003324228794343533,0.01469808376423008,0.2373368603209578
