Iteration,Energy,Loss Function,Bias
0,0.08674750121662653,0.07134711800876141,0.0
1,0.022686566071034617,0.019407123494277773,0.1575641224849176
2,0.019554982078909117,0.017885474997001518,0.3406642799035916
3,0.012702920266402885,0.014813985870099933,0.5858854265276925
4,0.012702920266402885,0.013949800949375757,0.8077782644721331
5,0.013966512485084804,0.01379190856966413,1.22160437230118
