Iteration,Energy,Loss Function,Bias
0,0.31715481742193236,0.21377052203434374,0.0
1,0.059681695447071206,0.027304665275750085,0.9945171513849194
