Iteration,Energy,Loss Function,Bias
0,0.04480338406309528,0.2699702566255969,0.0
1,0.19384138473392595,0.16340100516712366,0.150076083583416
2,0.1574176978740684,0.14522896619807096,0.17322437037994942
3,0.14731540900373766,0.13024494550789653,0.24139432693977123
4,0.04579710764251261,0.049885089048002235,0.4244429238104782
5,0.05253465591715471,0.044847775861834284,0.49959868707977956
6,0.05253465591715471,0.036898869813013324,0.5406849628008817
7,0.015219442232960088,0.0020063818245472965,0.6296036376811265
8,0.015219442232960088,-0.0003462394608361346,0.6890862713438642
9,0.015219442232960088,-0.002875336693162767,0.6960165201369997
10,0.015219442232960088,-0.0033479347256293026,0.697322110935845
11,0.015219442232960088,-0.0036804356742872867,0.701667104981105
12,0.015219442232960088,-0.004039707214388297,0.7099103753452116
13,0.015219442232960088,-0.005532145651016886,0.7431187130438561
