Iteration,Energy,Loss Function,Bias
0,0.26696593626859605,0.3008892068764383,0.0
1,0.1574176978740684,0.19086411397426956,0.17167338576575325
2,0.1574176978740684,0.17450501360703044,0.2165153760933684
3,0.14731540900373766,0.1534161841195838,0.2683603006935565
4,0.013297457501968625,0.03687374465368224,0.6281194680423747
5,0.013425158787407198,0.03073615532275421,0.9185144059215109
6,0.013425158787407198,0.029894277631677794,1.0430117931747487
