Iteration,Energy,Loss Function,Bias
0,0.01113387137290198,0.266989547987874,0.0
1,0.0008711235575124076,0.04169722637323373,0.12048763515567673
2,0.0006006390983495115,0.038253742713727196,0.11514592046319788
3,0.0006006390983495115,0.035406343779719976,0.1295180181529119
4,0.0002959022389133111,0.033695609681674545,0.1490029450292307
5,0.0009741103500218012,0.0317827508526747,0.151497387071095
6,0.0006240224045682185,0.0316819249332375,0.149013660801354
7,0.0006240224045682185,0.0315803954207904,0.14840069659133298
8,0.0009027196301556787,0.03017383861765861,0.14144606375245303
9,0.001487038313135581,0.0301701634294609,0.14095326716441026
10,0.001487038313135581,0.02950616634699259,0.1440865641864976
11,0.0002948334668804188,0.027799638344451854,0.14837600979275012
12,0.0002948334668804188,0.026522562727082394,0.151915531725018
13,0.0003324228794343533,0.02599497917515886,0.157124812171279
14,0.0002510570335184976,0.02563498091589681,0.16119901139667703
15,0.0011345201313029166,0.025512031906020638,0.1622408102494656
16,0.0011345201313029166,0.025438891612252906,0.1630245973399857
