Iteration,Energy,Loss Function,Bias
0,0.3246518017687675,0.31817426261213094,0.0
1,0.0680161371865412,0.12712980002663812,0.057245951546846745
2,0.025543013458342645,0.04645515747582916,0.10866340188086893
3,0.004588870477009285,0.04067231281796156,0.177007933472204
4,0.0054379665548565746,0.03920581866553073,0.2299083311395893
5,0.006066756436421758,0.03916326323090128,0.2586195844910806
6,0.0029024883773433423,0.034242688136275616,0.3789288941397317
7,0.005837216305330649,0.033683392436918015,0.4134371071530487
8,0.006896337308748698,0.03335479771101897,0.5866549496498158
