Iteration,Energy,Loss Function,Bias
0,0.31715481742193236,0.345578665340393,0.0
1,0.04223127035417127,0.04091116520027194,0.4093422332635322
2,0.03621541784707759,0.03735115186432592,0.5876806613613528
