Iteration,Energy,Loss Function,Bias
0,0.08674750121662653,0.08660440693154521,0.0
1,0.015340948064083296,0.017983131571088985,0.271487008357038
2,0.019030598816481274,0.01765755617831541,0.3459563857592759
3,0.00924424938017942,0.015284502901558318,0.6277212698216585
4,0.00924424938017942,0.012524808557580255,1.2024686160718512
5,0.009696159913949906,0.01173078998934046,1.3590804395440559
6,0.009696159913949906,0.011609217016553272,1.4777834683428204
