Iteration,Energy,Loss Function,Bias
0,0.08674750121662653,0.06188151350041322,0.0
1,0.019880790788966176,0.005170388846282364,0.20626144825339549
2,0.019030598816481274,0.002999174908648886,0.4567581688400761
3,0.01772135103852189,0.0017237701512899184,1.0856956833636497
