Iteration,Energy,Loss Function,Bias
0,0.08674750121662653,0.08889213382889623,0.0
1,0.019030598816481274,0.003992170799885363,0.3628979072690798
2,0.019030598816481274,0.0006224852637316956,0.614440148800943
3,0.011448144155327557,-0.0030262391178507895,0.7288124625404518
4,0.011448144155327557,-0.0047079726691966126,0.9449546808085368
5,0.011448144155327557,-0.004802262414299422,1.0706539714993906
