Iteration,Energy,Loss Function,Bias
0,0.059681695447071206,0.2140753906901864,0.0
1,0.059681695447071206,0.027549476727191623,0.995308535615809
2,0.059681695447071206,0.026686395868415008,0.9382159108221646
3,0.059681695447071206,0.026304479654183074,0.8675792612680583
