Iteration,Energy,Loss Function,Bias
0,0.05188591287882145,0.2712270730062781,0.0
1,0.029607387673662108,0.053572242021768066,0.13698669505876504
2,0.019050185375315543,0.032382717768948355,0.38849522378304524
3,0.004037253673810882,0.02361588360055461,0.4593009360117041
4,0.004037253673810882,0.02167842284095014,0.4624265815555284
