Iteration,Energy,Loss Function,Bias
0,0.26696593626859605,0.31660803179788977,0.0
1,0.1574176978740684,0.2022031172161789,0.22439669026042866
2,0.05049479659658174,0.09261073541125688,0.45106874414942255
3,0.013297457501968625,0.03967377932379056,0.8683478036498206
4,0.013297457501968625,0.038687373602132424,1.0110476137501123
5,0.014474144917270265,0.03409156180090539,1.5966636843400788
6,0.014474144917270265,0.03269184889476901,1.9393016997348649
7,0.014474144917270265,0.03245862986010011,2.08162359349176
