Iteration,Energy,Loss Function,Bias
0,0.08674750121662653,0.09996989499650828,0.0
1,0.011074960493673593,0.04769087615789126,0.09220746274752702
2,0.011914476181368863,0.04569717060148136,0.1459271410299729
3,0.01155587169400017,0.04471824245632211,0.19141078920207266
4,0.01155587169400017,0.04379856241196462,0.22947140537672783
5,0.014270635191387852,0.04280011807099709,0.42911306333020605
6,0.010753668040385304,0.0414207113966527,0.7126310778795708
7,0.007127426149839745,0.03304450105246042,1.5412286415739058
