Iteration,Energy,Loss Function,Bias
0,0.059681695447071206,0.2869595081137093,0.0
1,0.1574176978740684,0.13248914270893564,0.3459932422814792
2,0.04943393087018607,0.014742243659363836,0.6374291906628382
3,0.013303197463433626,0.009015283803383362,0.8652428427522312
4,0.013303197463433626,0.0018766399076196765,0.8978992133049333
5,0.013303197463433626,-0.0010911015834306243,0.9185996530786836
6,0.013303197463433626,-0.0020743680765611993,0.9382264891239273
7,0.013303197463433626,-0.0028072637229977888,0.9696256636462031
8,0.013303197463433626,-0.003164487583196224,1.0077108856489625
9,0.013303197463433626,-0.00384185185802861,1.0698207820366084
10,0.003151209456829263,-0.009772357566575558,1.3362644650340487
