Iteration,Energy,Loss Function,Bias
0,0.3246518017687675,0.2165074070472494,0.0
1,0.0027533742336434716,0.017305266059355496,0.248718444487449
2,0.006066756436421758,0.014776015511059126,0.3723260104886733
3,0.006066756436421758,0.00843470922380949,0.587845664142227
4,0.006066756436421758,0.006155122926812097,0.7915452665171139
5,0.0021563983444184225,0.003441818925126884,1.5131634668426983
6,0.002436721016113512,0.0034372294024139433,1.7401898373969507
