Iteration,Energy,Loss Function,Bias
0,0.059681695447071206,0.23291885512783617,0.0
1,0.04347244747175822,0.00691512265007694,0.19408757203659757
2,0.0006006390983495115,0.006488913666012301,0.13274689197689377
3,0.0006006390983495115,0.002473418054087292,0.1369332934530342
4,0.0007304087976662891,-0.004842738892104888,0.14845835266435112
5,0.0008504277536919226,-0.012349323303904045,0.1668394887345161
6,0.0007304087976662891,-0.014087612705349814,0.18892111351051308
7,0.0007304087976662891,-0.015613295222584101,0.200963926794735
8,0.0007304087976662891,-0.016193006001712446,0.2195390854927191
9,0.0007304087976662891,-0.01658291058608679,0.2254897967104002
10,0.0007304087976662891,-0.016866598752051338,0.23684872442270413
11,0.0007304087976662891,-0.016988936137132905,0.25044040031721176
12,0.0007304087976662891,-0.017065939505244994,0.2705686368513924
13,0.0007304087976662891,-0.01710130701825885,0.2892511925264696
14,0.0007304087976662891,-0.0171323364948624,0.31121889048440216
15,0.0007304087976662891,-0.01715535518128977,0.33282554478876464
16,0.0007304087976662891,-0.017177341518705206,0.35183774201981877
17,0.0007304087976662891,-0.017211097975912942,0.375146343297338
18,0.0007304087976662891,-0.017264246939550875,0.40886431799424117
19,0.0007304087976662891,-0.0173240076991727,0.45070513351131786
20,0.0007304087976662891,-0.017361587689699615,0.5000105884288448
21,0.0007304087976662891,-0.017362445150518976,0.5103709126892103
