Iteration,Energy,Loss Function,Bias
0,0.059681695447071206,0.3050989347834439,0.0
1,0.059681695447071206,0.030532271866273577,0.7575346822453033
2,0.03931232316894737,0.029096657107551674,0.698092076842554
3,0.03931232316894737,0.029028108441987152,0.6865475359810879
4,0.03931232316894737,0.028985671994327052,0.6744163875485492
