Iteration,Energy,Loss Function,Bias
0,0.059681695447071206,0.3077781880108704,0.0
1,0.04579710764251261,0.06598343196121108,0.556834248590537
2,0.014474144917270265,0.03460611131111176,0.7460083072894841
3,0.0106151198388374,0.03448553112585676,0.7276974381208947
4,0.0106151198388374,0.034420500484303,0.7275300171931485
5,0.010956451888866786,0.03436187880755242,0.7298000912374103
6,0.011436273110529069,0.033899257488249984,0.7354915033726446
7,0.011436273110529069,0.03382331069221844,0.7297460421481222
