Iteration,Energy,Loss Function,Bias
0,0.059681695447071206,0.19987129584631746,0.0
1,0.059681695447071206,0.028696135200735988,0.9875060244737166
2,0.059681695447071206,0.027459111084990957,0.922181426092288
3,0.059681695447071206,0.02667649111699098,0.8324286875269818
4,0.059681695447071206,0.02667569765569101,0.8140177212812096
