Iteration,Energy,Loss Function,Bias
0,0.059681695447071206,0.23062950431367188,0.0
1,0.05188591287882145,0.023296691988416957,0.6836096425453384
2,0.04347244747175822,0.013520694507472982,0.5203769804633304
3,0.0006006390983495115,0.012230862799151707,0.4835633864649697
4,0.002258897996402416,0.010020215594347872,0.5450221040007879
5,0.002258897996402416,0.007165086605950487,0.6313555604570762
6,0.002258897996402416,0.006237964131182002,0.8332318964734285
7,0.002258897996402416,0.005016053165185132,0.8830121917551994
8,0.002258897996402416,0.004844311557774957,0.9313131634893305
9,0.002258897996402416,0.004712835300469628,0.9569368140048563
10,0.002258897996402416,0.004616141971088365,0.9747573942988629
11,0.002258897996402416,0.004551087701854126,0.9875613515146229
12,0.002258897996402416,0.0045110610006505346,0.996461816477832
13,0.002258897996402416,0.00448578607763739,1.0021708836450296
14,0.002258897996402416,0.004466639254557635,1.005767278717934
15,0.002258897996402416,0.004448472147093891,1.0083337454875636
16,0.002258897996402416,0.004427794328361196,1.0105521353317974
17,0.002258897996402416,0.004401284343330814,1.0128259049179464
18,0.002258897996402416,0.004365900432725883,1.0154336050017096
19,0.002258897996402416,0.004323955615322623,1.0181609813431545
20,0.002258897996402416,0.004284244913781561,1.0174438095045255
21,0.002258897996402416,0.0041623705173282005,1.0130269892948076
22,0.002258897996402416,0.0040963988785402,1.0101285103845985
23,0.002258897996402416,0.004037385244954799,1.0077199219636395
24,0.002258897996402416,0.00398645209161777,1.005891587799221
25,0.002258897996402416,0.003935753650729721,1.0042053958240642
26,0.002258897996402416,0.003898214477458851,1.0030009457845386
27,0.002258897996402416,0.0038640393096882157,1.0019146017882314
28,0.002258897996402416,0.0038209230661025093,1.0006203740598345
29,0.002258897996402416,0.0037677166228204033,0.9993541135409592
30,0.002258897996402416,0.0037296263592938,0.9992217025033263
31,0.002258897996402416,0.0037221823263931353,1.0005621283481776
