Iteration,Energy,Loss Function,Bias
0,0.08674750121662653,0.10091195649176388,0.0
1,0.019030598816481274,0.016867056899293773,0.36760974246386274
2,0.011448144155327557,0.015790205932732726,0.5931014144697645
3,0.011448144155327557,0.013303164887639546,0.8300386191708902
4,0.011448144155327557,0.013003745308757222,1.0335486508581084
