Iteration,Energy,Loss Function,Bias
0,0.26696593626859605,0.28976790832176685,0.0
1,0.19165838779354885,0.20359042672978903,0.023012282237489266
2,0.011651794679982702,0.03005824849168439,0.10842852469195458
3,0.011651794679982702,0.03000027812238278,0.10930569073673735
4,0.011651794679982702,0.028801104231045305,0.1356540512661434
5,0.011375889276821932,0.028308688440246182,0.18172232570079147
6,0.011375889276821932,0.02830858605087711,0.18296206914963242
