Iteration,Energy,Loss Function,Bias
0,0.19350746208804312,0.23731583287467695,0.0
1,0.04347244747175822,0.010523611399924878,0.29041088192694414
2,0.0006006390983495115,-0.006859088261416659,0.7703145849761552
3,0.0006006390983495115,-0.011024110310683972,1.1651883504799723
4,0.0006006390983495115,-0.011792642807493342,1.3586606296506476
5,0.0010952617698378737,-0.012256251222994442,1.5839661238298124
6,0.002258897996402416,-0.01248661945727541,1.7533803816657294
7,0.002258897996402416,-0.013080769707938266,2.155550532981341
8,0.002258897996402416,-0.013184385628810677,2.2796430811580284
