Iteration,Energy,Loss Function,Bias
0,0.26696593626859605,0.3002604926146077,0.0
1,0.04579710764251261,0.0621116416427407,0.5184215531291574
2,0.014474144917270265,0.026148203342953282,0.8205228125593368
3,0.014474144917270265,0.026123184012221863,0.9448243188948869
4,0.014474144917270265,0.026116624626807118,1.1909014149398403
5,0.014474144917270265,0.02611038762532574,1.4061210166337146
