Iteration,Energy,Loss Function,Bias
0,0.31715481742193236,0.3050989347834439,0.0
1,0.059681695447071206,0.03081859478013165,0.7156073720947592
