Iteration,Energy,Loss Function,Bias
0,0.059681695447071206,0.26786080244122545,0.0
1,0.022464952372798677,0.043789130611664485,0.14935755830524627
2,0.0006006390983495115,0.03880724558661432,0.13869709178516923
3,0.0006006390983495115,0.035696479526838604,0.15942929974016568
4,0.0002959022389133111,0.03266132690025594,0.18260265495925476
5,0.0009741103500218012,0.029531304718136586,0.1891731757578154
6,0.0006240224045682185,0.029358719848709136,0.18995106571745915
7,0.0006240224045682185,0.02909571097404431,0.19178285380842702
8,0.0006240224045682185,0.02870595672903634,0.19362573236575098
9,0.0006240224045682185,0.028299021138539313,0.19822767282340673
