Iteration,Energy,Loss Function,Bias
0,0.05459144399225682,0.10365481277763061,0.0
1,0.018444663540490083,0.04759570943806877,0.12978007018184007
2,0.01484246118874262,0.04322527106027501,0.12417364185914194
3,0.017173597597679634,0.0414822016929999,0.11829267964739795
4,0.010926315979032847,0.041398213323013876,0.10036516374816445
5,0.011183215817369715,0.04123002746904853,0.10053082186500503
6,0.011183215817369715,0.04088227064439013,0.10072388089090988
7,0.011183215817369715,0.04011178193276205,0.10028381789866932
8,0.011183215817369715,0.03974300276826356,0.09897021062970378
9,0.01777064812506735,0.039133151734969694,0.09929401269963505
10,0.010578735344519195,0.038342291694079704,0.1009613342908234
11,0.010753668040385304,0.037918187004556556,0.10199159489062692
12,0.009808767952063101,0.037837682691688704,0.10158099860803713
13,0.009808767952063101,0.03783090399904179,0.10165409950260845
14,0.009808767952063101,0.03782290919610805,0.10173000652041717
15,0.009808767952063101,0.03782081735362575,0.1020069140852283
16,0.009808767952063101,0.03780999909925737,0.10266317919831772
17,0.01033140880273012,0.037788459901307504,0.1070174663547796
18,0.010999694410278309,0.0377696878070958,0.11012220711109363
19,0.01242643194283147,0.03771636937260233,0.12431836900732769
20,0.013783862566690779,0.03744669383120909,0.15484895920133424
