Iteration,Energy,Loss Function,Bias
0,0.3246518017687675,0.27251784613699737,0.0
1,0.029607387673662108,0.0639242256068532,0.08991211770192806
2,0.0029094306421467864,0.004445892860166237,0.19814114243380548
3,0.0029094306421467864,0.003360844565490949,0.3149241352967293
4,0.0029094306421467864,0.00295028354415109,0.4216182203560608
5,0.0021563983444184225,0.0022694281713088985,0.7846796489541727
6,0.0021563983444184225,0.002242374196396904,0.8688131715342993
