Iteration,Energy,Loss Function,Bias
0,0.05574092529075478,0.09258157744164115,0.0
1,0.019030598816481274,0.03262880557620705,0.17772619228008613
2,0.015340948064083296,0.032070381874140165,0.1756800567607312
3,0.015725463373792034,0.030979060660358975,0.17308322275523433
4,0.012702920266402885,0.029293488268035885,0.16413370906177183
5,0.007825402831005267,0.02568867864606057,0.1483660464060132
6,0.00799259457785973,0.02478462582703953,0.11377137128721766
7,0.0072168425295952455,0.02375524823662795,0.11645241217439818
8,0.0069690991203266986,0.022711751310936754,0.12241752344266195
9,0.0072168425295952455,0.022158722478378058,0.12499093791715489
10,0.006521816071504041,0.021443506136100722,0.12113018380253085
11,0.006521816071504041,0.020361926342374097,0.12244997287244909
12,0.005854639771532802,0.019371033579584567,0.12490494209189179
13,0.004953865613356469,0.01914449350693562,0.13319814567754995
14,0.005037846460861787,0.018956034808725312,0.1365604096346743
15,0.005037846460861787,0.018904587534769327,0.13770200771567997
16,0.005037846460861787,0.018852304587372297,0.14217665275619165
17,0.005842990814503149,0.018321778503329292,0.21711426064236228
18,0.004940035862138316,0.018264783237049356,0.2257502088847937
19,0.004940035862138316,0.018238241993017493,0.23246345934554943
20,0.005037846460861787,0.018237004301833476,0.2343837358950232
