Iteration,Energy,Loss Function,Bias
0,0.19350746208804312,0.2574419073847923,0.0
1,0.0008711235575124076,0.04060932884536147,0.06827465387230687
2,0.0008711235575124076,0.0386976739841828,0.0925094060310328
3,0.0006006390983495115,0.03646350276938718,0.111598502190596
4,0.0006006390983495115,0.03475243925612912,0.16315934104567065
5,0.0006006390983495115,0.032969472510711965,0.20839937840827163
6,0.0006006390983495115,0.03281470563871249,0.3076099264850911
7,0.0006006390983495115,0.0328132177652497,0.38672221466527573
8,0.0006006390983495115,0.03282575985700402,0.48645122907567695
