Iteration,Energy,Loss Function,Bias
0,0.08674750121662653,0.09258157744164115,0.0
1,0.019030598816481274,0.03276217858490058,0.20724949932495665
2,0.01970746106917295,0.03250045867464364,0.2539300538867427
3,0.015216417529358756,0.031222842782726655,0.43773009248906
4,0.015216417529358756,0.029298947216399304,0.692843146792691
