Iteration,Energy,Loss Function,Bias
0,0.03455429007753724,0.25897128227219074,0.0
1,0.025543013458342645,0.050679319897453196,0.1050753059819719
2,0.0029094306421467864,-0.012299593325235674,0.19484252709866712
3,0.0029094306421467864,-0.015580671305431804,0.18742406066455147
4,0.0029094306421467864,-0.0157408498033897,0.1840183906502607
5,0.0029094306421467864,-0.01581611134931141,0.18129494456966247
6,0.0029094306421467864,-0.015843631245491804,0.17897588972556994
7,0.0029094306421467864,-0.015853799787421356,0.17784019057859896
8,0.0029094306421467864,-0.015867479175409538,0.1768813860828235
9,0.0029094306421467864,-0.015878852978794215,0.17646511231103107
10,0.0029094306421467864,-0.015885761700085092,0.17679908755247345
11,0.0029094306421467864,-0.01589601902280679,0.17782187769542876
12,0.0029094306421467864,-0.015905964680720974,0.17933623679044322
13,0.0029094306421467864,-0.015913028105928328,0.18114416075207515
14,0.0029094306421467864,-0.01591577408486311,0.1824801486882257
15,0.0029094306421467864,-0.015917509101765474,0.1834842406433865
16,0.0029094306421467864,-0.015918804865860132,0.18418311117119154
17,0.0029094306421467864,-0.015919962036136576,0.18495290128413108
18,0.0029094306421467864,-0.01592119274806396,0.18596995944158393
19,0.0029094306421467864,-0.01592276251275331,0.18743414732873762
20,0.0029094306421467864,-0.01592509581902876,0.18979582510483875
21,0.0029094306421467864,-0.015928888536586763,0.19419539608972036
22,0.0029094306421467864,-0.015932917453551704,0.19864347031640753
23,0.0029094306421467864,-0.015936416216976605,0.20114511475808106
24,0.0029094306421467864,-0.01593890210510826,0.20195095836705546
25,0.0029094306421467864,-0.015940208509624854,0.20214687539884305
26,0.0029094306421467864,-0.01594185264291388,0.20295993143938967
27,0.0029094306421467864,-0.015944046588990474,0.2057018849846893
28,0.0029094306421467864,-0.015946633921720927,0.21218198511039665
29,0.0029094306421467864,-0.0159482538450226,0.2217234067680977
30,0.0029094306421467864,-0.015948280427331336,0.22306025458722215
