Iteration,Energy,Loss Function,Bias
0,0.31715481742193236,0.33167052745527287,0.0
1,0.04223127035417127,0.049314062667900976,0.2583532174242673
2,0.032382801409007435,0.04097629669364489,0.775728131493559
3,0.0014908905784054962,0.019474977429269683,1.287109442594578
4,0.0014908905784054962,0.015303506345999106,1.4634062174878664
5,0.0014908905784054962,0.014966704701783594,1.7334987415047023
