Iteration,Energy,Loss Function,Bias
0,0.3246518017687675,0.32631648698143095,0.0
1,0.15450777606473248,0.19881463403170363,0.016229729350391367
2,0.033225419542498004,0.059405248822298654,0.040255348178300454
3,0.006169294370687224,0.04057888902455752,0.06084225539042602
4,0.0007792621375355841,0.03191705948803169,0.07909978777616403
5,0.0005875937861767118,0.03162762964472525,0.08086836505095056
6,0.00046460090377480236,0.031471907964024624,0.08531490291345033
7,0.00046460090377480236,0.03145729400536798,0.08730521510147671
