Iteration,Energy,Loss Function,Bias
0,0.059681695447071206,0.1918457291430496,0.0
1,0.059681695447071206,0.040100446522782135,0.7085137158518228
2,0.045480426008838344,0.03238165700504614,0.5706526493295471
3,0.045480426008838344,0.030880813079717642,0.5172661062658552
4,0.045480426008838344,0.03084314471725857,0.5064863050917466
5,0.028111367758667998,0.030835002242766252,0.49493547411596117
