Iteration,Energy,Loss Function,Bias
0,0.3246518017687675,0.2512614187709258,0.0
1,0.02601872594384867,0.03921399402643543,0.16472460608822564
2,0.006066756436421758,0.03177943698640224,0.30181980702217887
3,0.006066756436421758,0.024240060140505757,0.3610819089061914
4,0.006066756436421758,0.02232572656186587,0.43643317422230626
5,0.0022567225293715766,0.01674730323786688,0.9861613931221831
6,0.0021519171430366417,0.016726170813022297,1.4043074467162815
7,0.0021519171430366417,0.016453957770219227,1.573959770949215
8,0.0021519171430366417,0.016223284313683,1.8769925136346177
