Iteration,Energy,Loss Function,Bias
0,0.19350746208804312,0.23614892857201505,0.0
1,0.05188591287882145,0.03503351422907257,0.6894991462802442
