Iteration,Energy,Loss Function,Bias
0,0.31715481742193236,0.34150673354115346,0.0
1,0.04223127035417127,0.06189635776284786,0.2572238301424563
2,0.032382801409007435,0.05343526386238888,0.7876025073484174
3,0.0014908905784054962,0.03112970825625936,1.288028412759224
4,0.0014908905784054962,0.02594704758560274,1.4358554875373288
5,0.0014908905784054962,0.02492359172623493,1.6102544680543016
6,0.0014908905784054962,0.02427228078649151,1.6765644036674217
7,0.0014908905784054962,0.023297301390825247,1.9172710818388443
