Iteration,Energy,Loss Function,Bias
0,0.26696593626859605,0.25766037365734523,0.0
1,0.026761344800326718,0.021517787144945472,0.8288154099667663
