Iteration,Energy,Loss Function,Bias
0,0.08674750121662653,0.08750096539319599,0.0
1,0.022686566071034617,0.0331350676527527,0.15640006967969994
2,0.01484246118874262,0.03118652208446533,0.17999850741135998
3,0.015216417529358756,0.030813134941489115,0.23921475807586667
4,0.013330742350842447,0.029298551331871956,0.5016649824759394
5,0.013330742350842447,0.02806076638240841,0.7987214709959682
