Iteration,Energy,Loss Function,Bias
0,0.19350746208804312,0.2176346231595106,0.0
1,0.0008711235575124076,-0.003523775831733362,0.10419457808222249
2,0.013321406643675341,-0.004078219967065236,0.2693088039104225
3,0.0006006390983495115,-0.014090971565759912,0.8152710710309907
4,0.0006006390983495115,-0.01717903707898731,0.9643290359958117
5,0.0006006390983495115,-0.017847114445926692,1.0605023607338573
