Iteration,Energy,Loss Function,Bias
0,0.31715481742193236,0.2819419079701329,0.0
1,0.0656253366387351,0.17404310113729304,0.03141538382424973
2,0.0656253366387351,0.0871254825422003,0.03617643899867951
3,0.03994867735718619,0.04718075648919304,0.1306997339393056
4,0.02501389346946077,0.03849363732435231,0.19241528295775678
5,0.011054364072176616,0.03270910318031591,0.2613629961283962
6,0.011054364072176616,0.02920551281705813,0.3121633642193765
7,0.008656531142974273,0.027508914004782514,0.3371773154301154
8,0.008872235871145545,0.02665988604397543,0.39962614207718766
