Iteration,Energy,Loss Function,Bias
0,0.05188591287882145,0.2630117845834367,0.0
1,0.02601872594384867,0.050629958221008346,0.18285742477752603
2,0.006066756436421758,0.04738009302306023,0.24646199068522026
3,0.006066756436421758,0.04202241338408334,0.24396209678988293
4,0.0054379665548565746,0.036498589218744444,0.20848003948375224
5,0.004197998549077329,0.03385873881864843,0.18204432887862537
6,0.0025715637135008485,0.032900517642409415,0.1532963948122265
7,0.0037926410175279867,0.030444327991350047,0.16954105390746496
8,0.0026949476366353435,0.028859610601052684,0.2393161125328636
9,0.002934574845224631,0.02739529218015498,0.23906893348419292
10,0.0021932206485759677,0.02680763435412492,0.23991721990506013
11,0.00223531424486237,0.026551527957287914,0.24380667845006732
12,0.00205269850095018,0.026489062866825206,0.24084625005047067
13,0.002718125184284069,0.02631077268657564,0.2443041836436679
