Iteration,Energy,Loss Function,Bias
0,0.3246518017687675,0.1868413681936683,0.0
1,0.059681695447071206,0.028596713455808075,0.992617893437043
