Iteration,Energy,Loss Function,Bias
0,0.14378481944339802,0.3114437687398249,0.0
1,0.04223127035417127,0.08770132076165742,0.10584075089812921
2,0.004681031680585729,0.06602539448195617,0.14259491129375615
3,0.013155199470552565,0.0444740964486312,0.17218343364315808
4,0.005155688582135659,0.0431680445434879,0.2498336699925108
5,0.005155688582135659,0.041184750527377634,0.25084814962737634
6,0.002729047992686711,0.03430891330193517,0.25853204754180453
7,0.002729047992686711,0.03077412883736518,0.26433194176242175
8,0.004798192808891978,0.029660770891879813,0.2625753402527475
9,0.004653496969949005,0.02929816432737915,0.26206040514371126
10,0.006164468033001819,0.029287695531057794,0.2621696946453075
11,0.0016374098561521837,0.028725032200588668,0.2651563137091961
12,0.003461714367012691,0.02849251319130464,0.2685887734979814
13,0.006341908011989747,0.028010504372122394,0.2704245235029346
14,0.00329893450126236,0.024992111461324018,0.2822212720367401
15,0.00329893450126236,0.02499193040043422,0.2822416563409623
16,0.0011916528108411614,0.02487118994498212,0.280751594770549
17,0.0004299365528634591,0.024583485818004885,0.2789823393375299
