Iteration,Energy,Loss Function,Bias
0,0.26696593626859605,0.313795054565102,0.0
1,0.1574176978740684,0.20416895300956162,0.17191607043667723
2,0.14731540900373766,0.1855837045142863,0.3840682372945604
3,0.014258134830297363,0.051176385054142244,0.6168373816309033
4,0.013425158787407198,0.04641254161845473,1.0147161796927966
5,0.021260847965919212,0.045537467797154896,1.1476849923871615
