Iteration,Energy,Loss Function,Bias
0,0.19350746208804312,0.24756737921300667,0.0
1,0.0008711235575124076,0.04302318530824027,0.04355712515994272
2,0.0012373613681519284,0.03741909962730189,0.049415683193483766
3,0.0006006390983495115,0.03677029126986133,0.0810138761885555
4,0.0006006390983495115,0.03646508896534283,0.08952731737966295
5,0.0006006390983495115,0.034745115790614456,0.13548311782590705
6,0.0006006390983495115,0.03474435645462263,0.1374811214376813
7,0.0006006390983495115,0.03473175892910372,0.17749123179207216
