Iteration,Energy,Loss Function,Bias
0,0.3246518017687675,0.2104752582713951,0.0
1,0.045480426008838344,0.039649529458711884,0.4023209348307687
2,0.0021563983444184225,0.035368351093677516,0.7956239231280801
3,0.009216954825139222,0.03051916727849936,1.256529176704742
4,0.01113387137290198,0.026666701055122484,1.85508750785996
5,0.01113387137290198,0.02656716037748875,2.0095011503008653
6,0.01113387137290198,0.026398079087840507,2.154903336942373
7,0.01113387137290198,0.026007436452988357,2.313862918896799
8,0.01113387137290198,0.02524552003833822,2.701779154459654
