Iteration,Energy,Loss Function,Bias
0,0.19350746208804312,0.24488384050248505,0.0
1,0.0008711235575124076,0.04390875731999752,0.03873315712065659
2,0.0012373613681519284,0.03691942510400353,0.04322128840739712
3,0.0006006390983495115,0.03578442181722673,0.054209694682576456
4,0.0006006390983495115,0.03553467682084954,0.06098119492268441
5,0.0006006390983495115,0.035346027916429275,0.07492367890284443
6,0.0006006390983495115,0.03518787191091437,0.15217824260352744
