Iteration,Energy,Loss Function,Bias
0,0.009581793357421589,0.29466221121299646,0.0
1,0.04223127035417127,0.03211310976095264,0.2013681511446798
2,0.03621541784707759,0.010146848292036034,0.38335108186934785
3,0.0016764908960550022,-0.010816429060134724,0.35270567266003644
4,0.0016764908960550022,-0.015335153069522666,0.38492512981389304
5,0.0016764908960550022,-0.016331739376968222,0.4127021821435458
6,0.0016764908960550022,-0.016496773805079506,0.4220209096623191
7,0.0016764908960550022,-0.016652416684598204,0.4378751210982912
8,0.0016764908960550022,-0.016700474931935685,0.45027436565405604
9,0.0016764908960550022,-0.01672215348573133,0.4613863844978802
10,0.0016764908960550022,-0.016747947841903033,0.4770583431399544
11,0.0016764908960550022,-0.01678173566006638,0.5003144142705087
12,0.0016764908960550022,-0.016809107874010062,0.525876586136451
13,0.0016764908960550022,-0.01682822358586979,0.5523395495845833
14,0.0016764908960550022,-0.016844132012140554,0.5836801437171485
15,0.0016764908960550022,-0.01685624697628813,0.6195801583085718
16,0.0016764908960550022,-0.01686223883458444,0.6513261276485254
17,0.0016764908960550022,-0.016866879542181922,0.6716807676627131
18,0.0016764908960550022,-0.016875421408712194,0.6855573382351874
19,0.0016764908960550022,-0.016889312594075844,0.7000520262596215
20,0.0016764908960550022,-0.01690303190034134,0.7186453942609203
21,0.0016764908960550022,-0.016911303956147927,0.7463269263227496
22,0.0016764908960550022,-0.01691533157718021,0.7943592977854955
23,0.0016764908960550022,-0.016917013046335246,0.8269490955842289
24,0.0016764908960550022,-0.01691803632561363,0.8408522840550171
25,0.0016764908960550022,-0.01691843722071581,0.8815985515523996
