Iteration,Energy,Loss Function,Bias
0,0.07476550660502561,0.3063003787954939,0.0
1,0.04223127035417127,0.06690793459622642,0.14267756300734066
2,0.04758258460782448,0.05977233010280505,0.23968949202189566
3,0.05574092529075478,0.039622838866476724,0.31486547808972204
4,0.00556123635441598,0.029228058411824666,0.31475311391195815
5,0.00556123635441598,0.022013136307784505,0.3140825943848788
6,0.005872437928404968,0.021296290921360598,0.312187540444885
7,0.005872437928404968,0.0198111134865958,0.30444601128400767
