Iteration,Energy,Loss Function,Bias
0,0.059681695447071206,0.18762822177250396,0.0
1,0.059681695447071206,0.029206296701101246,0.991837510157757
2,0.059681695447071206,0.027390715890464507,0.899840741760347
3,0.059681695447071206,0.026687550969282887,0.8098710023694887
