Iteration,Energy,Loss Function,Bias
0,0.08674750121662653,0.06591305469320623,0.0
1,0.012069412057709629,0.016147598139937172,0.09525523512497004
2,0.012069412057709629,0.013483024984713645,0.17055592006809495
3,0.011074960493673593,0.012117089308532496,0.2683990875957851
4,0.011074960493673593,0.011461441494223557,0.4001471669642511
