Iteration,Energy,Loss Function,Bias
0,0.3246518017687675,0.2061779950784753,0.0
1,0.0022567225293715766,0.0062844529239016135,0.2517341851187
2,0.006066756436421758,0.0017234790213373997,0.7346939656083485
3,0.006066756436421758,-0.0025701285543861135,0.804534045863874
4,0.006066756436421758,-0.0060053862365723526,0.9077532095688241
5,0.006066756436421758,-0.008382655612016406,1.0548087730256759
6,0.006066756436421758,-0.009182959009935883,1.2005841544620268
7,0.006066756436421758,-0.009596778313636183,1.330010271108078
8,0.006066756436421758,-0.00975880096336329,1.6716692558829387
