Iteration,Energy,Loss Function,Bias
0,0.08674750121662653,0.11293177915463153,0.0
1,0.019030598816481274,0.03000814039602937,0.3721627819167457
2,0.011063732345014718,0.029638025334986978,0.5216502234525335
