Iteration,Energy,Loss Function,Bias
0,0.059681695447071206,0.25663704544830207,0.0
1,0.04347244747175822,0.035117072930743044,0.2671917217758976
2,0.0006006390983495115,0.0317685266966437,0.17143088227103312
3,0.0006006390983495115,0.02553614560008002,0.1881570266296818
4,0.0007304087976662891,0.01839146997965877,0.21972377086716702
5,0.000889404712337867,0.017023979822477803,0.24981089264750736
6,0.000889404712337867,0.01653243333736885,0.2748412224384928
7,0.0007713623752417601,0.015862281579848175,0.3180837454165737
8,0.0006006390983495115,0.015248093866635809,0.39463261603393596
9,0.0006006390983495115,0.015146249039972888,0.3926843593902996
10,0.0006006390983495115,0.015095670651852588,0.39769720825107374
11,0.0007663069651372304,0.015007255579991134,0.42381669747719103
12,0.0007070184302976547,0.014954294396536843,0.44237784047962625
13,0.0007070184302976547,0.014892743176457269,0.4526900696366533
14,0.0007663069651372304,0.014812789345732599,0.4585064175843188
15,0.0007663069651372304,0.014699413500510312,0.46101099607063695
16,0.0008516484749016418,0.014572029956139302,0.4619463023155435
17,0.0010288599146498554,0.014510815137708265,0.4661074541837691
