Iteration,Energy,Loss Function,Bias
0,0.059681695447071206,0.30728680842602535,0.0
1,0.1574176978740684,0.1528308247873215,0.34843946670332165
2,0.007041525698828994,0.03803155611223006,0.6422507027957085
3,0.013303197463433626,0.031257813103471165,0.8235371818419769
4,0.013303197463433626,0.026088189520249317,0.878117220655377
5,0.00961076240875683,0.023634005707101502,0.8982961463389431
6,0.0024078461242616773,0.02137308943249022,0.8821559805138682
7,0.0018485944446176446,0.020297551553941313,0.8952658424375562
8,0.0018485944446176446,0.019979621942839275,0.8990870084807975
9,0.00200145153789976,0.01940897616801879,0.9070429037508994
10,0.0030262427975759334,0.01857372135144401,0.9167875529779036
11,0.003196302291604812,0.01739534310049266,0.9300655624416211
12,0.0025492220358467304,0.01738313238281125,0.9341877488763445
