Iteration,Energy,Loss Function,Bias
0,0.059681695447071206,0.3008892068764382,0.0
1,0.1574176978740684,0.18968137979196756,0.18959381666354935
2,0.1574176978740684,0.1726539237083834,0.24879497682874915
3,0.014714701499295312,0.03593953150840174,0.5664345899990303
4,0.013297457501968625,0.028240829699083498,0.6624427898526044
5,0.013297457501968625,0.027891573995011035,0.6699054614415849
