Iteration,Energy,Loss Function,Bias
0,0.08674750121662653,0.10793160941225509,0.0
1,0.019030598816481274,0.047371645502808604,0.20732918814686155
2,0.015340948064083296,0.04516274025374173,0.2177452567567021
3,0.018828000370707258,0.04411897499696401,0.27116975309373115
4,0.020337183979930038,0.04284256418550323,0.5205592347802809
