Iteration,Energy,Loss Function,Bias
0,0.059681695447071206,0.2679590456940171,0.0
1,0.022464952372798677,0.046172408102652954,0.19365424474225412
2,0.0006006390983495115,0.03907989972301245,0.17174777396432436
3,0.0006006390983495115,0.03440130530605899,0.1880957227595865
4,0.00025134748184204187,0.029615273149596465,0.21977160834359602
5,0.0002510570335184976,0.029183010310847027,0.22604527301903354
6,0.0002072936700066268,0.028791408611014164,0.2229567315066694
7,0.0002959022389133111,0.028533559582253214,0.22607835759505157
8,0.0003324228794343533,0.026353314048804026,0.26804231759080577
9,0.006034302716882311,0.025720526397553612,0.28720466672502426
10,0.00025134748184204187,0.025710006201434037,0.2807791663176875
