Iteration,Energy,Loss Function,Bias
0,0.059681695447071206,0.25627898217195677,0.0
1,0.022464952372798677,0.032968631583815584,0.19393106252685985
2,0.0006006390983495115,0.02496170583805479,0.17009720147787147
3,0.0006006390983495115,0.020385301129054106,0.19763122687438356
4,0.0007304087976662891,0.017000186119014275,0.2392727268299108
5,0.0007713623752417601,0.016633614317901623,0.2585319786546896
6,0.0007713623752417601,0.016119292180893415,0.26728424205117135
7,0.0009741103500218012,0.015175401461555778,0.2891822544994944
8,0.0009741103500218012,0.015020254303129893,0.27952247137881914
9,0.0009741103500218012,0.014989993438507576,0.275797663862273
