Iteration,Energy,Loss Function,Bias
0,0.059681695447071206,0.3415067335411535,0.0
1,0.04223127035417127,0.0606986655596432,0.2903904874845803
2,0.032382801409007435,0.04835081014809925,0.488724109769687
3,0.0014908905784054962,0.037477496584595406,0.5135014614994732
4,0.0019059075961130568,0.0307429322462549,0.5363379611580418
5,0.0011232721112792211,0.029551292037272938,0.5343353799871856
6,0.0011232721112792211,0.027578078770834277,0.5459616178031231
7,0.00100270142815649,0.027299502762585203,0.553820949119781
8,0.00100270142815649,0.02724109857138428,0.559516447483322
9,0.0011636632633968207,0.02712082849771938,0.5649355149160153
10,0.0006204732517919724,0.02690630955858606,0.5754321656069263
