Iteration,Energy,Loss Function,Bias
0,0.3246518017687675,0.2712270730062781,0.0
1,0.029607387673662108,0.0545698704873552,0.1185836842786449
2,0.004588870477009285,0.028662861606639868,0.43788386246648303
3,0.0054379665548565746,0.021293818683852547,0.7768123874027268
4,0.0054379665548565746,0.02101801566366849,0.8066513935403147
