Iteration,Energy,Loss Function,Bias
0,0.3246518017687675,0.30357321088893724,0.0
1,0.0680161371865412,0.11016891800324986,0.05722441366451901
2,0.0021563983444184225,0.030644066000244656,0.10897788758402902
3,0.004588870477009285,0.023365099863618916,0.18021582951315165
4,0.004781653989327706,0.021405311114588398,0.23407132828305308
5,0.004961279765117922,0.021159629247778287,0.24729145236948777
6,0.0054379665548565746,0.02114206825890098,0.2761946966177658
