Iteration,Energy,Loss Function,Bias
0,0.26696593626859605,0.3048408531742535,0.0
1,0.1574176978740684,0.18966292678603383,0.22398315810846278
2,0.05049479659658174,0.08768878611894534,0.42597732341279526
3,0.014361229992680656,0.027705016580166556,0.73756964859698
4,0.014361229992680656,0.026335651783897233,0.8557089887752695
5,0.014474144917270265,0.025647781757440268,1.0906633461679687
6,0.014474144917270265,0.025517715007977004,1.2165520807715111
7,0.014474144917270265,0.025477976055948977,1.3446341423280552
8,0.014474144917270265,0.025449175922440802,1.4496922479962997
