Iteration,Energy,Loss Function,Bias
0,0.19350746208804312,0.25392911570296345,0.0
1,0.0008711235575124076,0.04133914985115779,0.05764912186968847
2,0.0008711235575124076,0.0382368599179043,0.06585211371477395
3,0.0006006390983495115,0.035547336299254585,0.09534928993445169
4,0.0006006390983495115,0.035261283547572304,0.11897428731114637
5,0.0006006390983495115,0.035242923863672955,0.1364793282303015
