Iteration,Energy,Loss Function,Bias
0,0.19350746208804312,0.2333892164428435,0.0
1,0.05188591287882145,0.029261400589555387,0.6895685950427474
