Iteration,Energy,Loss Function,Bias
0,0.31715481742193236,0.2838594732664548,0.0
1,0.0656253366387351,0.1650863332107544,0.04152726822436503
2,0.0656253366387351,0.08713843501655434,0.04974736880757811
3,0.017170472204306113,0.04759556074633052,0.09720861070979404
4,0.017899723856611715,0.033229290289854024,0.12778833462874528
5,0.0168963069457346,0.03251354356257459,0.14164905161728927
6,0.0168963069457346,0.03230314325311905,0.17456120222935895
