Iteration,Energy,Loss Function,Bias
0,0.08674750121662653,0.15988497727928436,0.0
1,0.025627029479461855,0.039113899121593625,0.803026369721742
