Iteration,Energy,Loss Function,Bias
0,0.31715481742193236,0.30216246674354613,0.0
1,0.059681695447071206,0.026710545909893926,0.7182295270880523
