Iteration,Energy,Loss Function,Bias
0,0.059681695447071206,0.18606491937446798,0.0
1,0.045480426008838344,0.010663230260343333,0.4125814586182087
2,0.0021563983444184225,0.0023509497855066213,0.33230350584096047
3,0.0021563983444184225,-0.004550104539358514,0.31306725890032167
4,0.004961279765117922,-0.006422566646283363,0.3382411146355266
5,0.004961279765117922,-0.0070887118725397645,0.35536120531482124
6,0.0021563983444184225,-0.008061145125843109,0.39181747290101715
7,0.0021563983444184225,-0.008943487360492686,0.44539559390404476
8,0.0021563983444184225,-0.009108906971972653,0.5002246381421311
9,0.0021563983444184225,-0.009347604032018042,0.5055026775776444
10,0.0021563983444184225,-0.0096754740450997,0.5178012537905248
11,0.0021563983444184225,-0.010079034357571277,0.5433390955900487
12,0.0021563983444184225,-0.010362008689114162,0.5793604610907106
13,0.0021563983444184225,-0.010462255225447087,0.5936785129412862
14,0.0021563983444184225,-0.010616743705254733,0.6217430250196516
15,0.0021563983444184225,-0.010745983840529215,0.6454736112108342
16,0.0021563983444184225,-0.010868176830271392,0.6693039985255801
17,0.0021563983444184225,-0.010932852416709675,0.6882402295076218
18,0.0021563983444184225,-0.010937788182123627,0.6913740709936718
19,0.0021563983444184225,-0.010940179215786926,0.6951228918060854
20,0.0021563983444184225,-0.010940288602398008,0.6964618087811179
21,0.0021563983444184225,-0.010941645487831358,0.6972323685561205
22,0.0021563983444184225,-0.01094415985153318,0.6977319806980206
23,0.0021563983444184225,-0.010950389732307837,0.6986753883461129
24,0.0021563983444184225,-0.010955052765959934,0.6992807050333084
25,0.0021563983444184225,-0.010959889296819248,0.6998151395168963
26,0.0021563983444184225,-0.010965868325446458,0.7004470948241664
27,0.0021563983444184225,-0.010973817011685816,0.7013375928339476
28,0.0021563983444184225,-0.01098418639886147,0.7027284074543683
29,0.0021563983444184225,-0.010995387260264517,0.7050208819681624
30,0.0021563983444184225,-0.011000885050920357,0.7067632360818261
31,0.0021563983444184225,-0.011004929834071276,0.708111435237615
32,0.0021563983444184225,-0.011007118406622924,0.7090338692221486
33,0.0021563983444184225,-0.011007389020966025,0.7095466954290004
