Iteration,Energy,Loss Function,Bias
0,0.07476550660502561,0.28095597051721544,0.0
1,0.04223127035417127,0.04345542057513992,0.14550932012934284
2,0.06992914918267945,0.03611395508067301,0.2310879552711081
3,0.0016764908960550022,-0.0037899492625853843,0.302313835176592
4,0.009028678628402663,-0.010799903114125176,0.3377270164406727
5,0.000889404712337867,-0.01613940585795136,0.3533290600088241
6,0.000889404712337867,-0.016912244638981888,0.35098479078811384
7,0.000889404712337867,-0.017110288877333853,0.347160155444149
8,0.000889404712337867,-0.017301452485293942,0.35126402218373487
9,0.000889404712337867,-0.0174321390392829,0.3586353698235213
10,0.000889404712337867,-0.017489483263957138,0.36608147799150326
11,0.000889404712337867,-0.01755424911005878,0.3813692377018807
12,0.000889404712337867,-0.017601296658815668,0.4032210143553866
13,0.000889404712337867,-0.01761772387758886,0.42557834828682595
14,0.000889404712337867,-0.017618695791024624,0.4393392968612359
15,0.000889404712337867,-0.017620584504411452,0.4486035725360063
16,0.000889404712337867,-0.017626713749860464,0.4662967321623377
17,0.000889404712337867,-0.01763363122283925,0.4809441110212769
18,0.000889404712337867,-0.017644145153587754,0.4995931493223422
19,0.000889404712337867,-0.01766187166412195,0.5315780602329312
20,0.000889404712337867,-0.017684791674937004,0.5825912565461729
21,0.000889404712337867,-0.01769934452049637,0.6037511595373592
22,0.000889404712337867,-0.017721086632522795,0.6242530586166617
23,0.000889404712337867,-0.017732755886519652,0.6331815480552064
24,0.000889404712337867,-0.017737118367174922,0.6451088849920555
25,0.000889404712337867,-0.017737151107133965,0.6503578413981979
