Iteration,Energy,Loss Function,Bias
0,0.08674750121662653,0.09961386934743982,0.0
1,0.011074960493673593,0.05369163081229218,0.06347874625936184
2,0.011074960493673593,0.04801865160274242,0.08111162194919025
3,0.013112301380720547,0.045834316192248994,0.19279693924737082
4,0.010753668040385304,0.0443841228645442,0.257613143043193
5,0.010753668040385304,0.04415787974034651,0.26862341337409285
6,0.010753668040385304,0.04399938590080773,0.2821112676850125
7,0.010753668040385304,0.04353040978725513,0.33410634358191094
8,0.010753668040385304,0.043164128890813704,0.36685118156474433
