Iteration,Energy,Loss Function,Bias
0,0.08674750121662653,0.1394614980035252,0.0
1,0.019030598816481274,0.04217502236467551,0.5424359818157435
2,0.020285644303702756,0.03822259373263946,0.7233647043437119
