Iteration,Energy,Loss Function,Bias
0,0.26696593626859605,0.2852251018220821,0.0
1,0.04579710764251261,0.04844589581782205,0.516274396869332
2,0.018185299917198382,0.04305905817091558,1.4764250305833366
3,0.009216954825139222,0.014526159502893555,1.7065989882066412
4,0.01113387137290198,0.012982921942498253,2.1264653683761057
5,0.01113387137290198,0.011217311041004319,2.2726170809508934
6,0.01113387137290198,0.007385373207624447,2.432723349194928
7,0.01113387137290198,0.006173295429656435,2.532210251511488
8,0.01113387137290198,0.00521566312060634,2.7220306878783904
