Iteration,Energy,Loss Function,Bias
0,0.059681695447071206,0.22776068714590383,0.0
1,0.02601872594384867,0.014560556721953652,0.17995349474046782
2,0.0054379665548565746,9.901093174145402e-06,0.41266861108555875
3,0.0054379665548565746,-0.008650553843397798,0.41514982588760124
4,0.0054379665548565746,-0.01115494755444482,0.4239405740123684
5,0.0054379665548565746,-0.011916660765936525,0.4353845185153717
6,0.0054379665548565746,-0.012640197797227049,0.454900349595722
7,0.0054379665548565746,-0.012960280274202544,0.4723585740237002
8,0.0054379665548565746,-0.013059337687487349,0.4875025535670599
9,0.0054379665548565746,-0.013073233858224658,0.49620868658177975
10,0.0054379665548565746,-0.013092313688395934,0.5053003717382212
11,0.0054379665548565746,-0.013151936655830823,0.5269843649585092
12,0.0054379665548565746,-0.013237348748275427,0.5595482578464648
13,0.0054379665548565746,-0.013288397710103969,0.5913893579350046
14,0.0054379665548565746,-0.013299728145740933,0.611904923671821
15,0.0054379665548565746,-0.013300627315218664,0.6192171965092774
16,0.0054379665548565746,-0.013301842304981508,0.622059058589602
17,0.0054379665548565746,-0.013304261195117444,0.6236195599897496
18,0.0054379665548565746,-0.013307766844936099,0.6251619979618728
19,0.0054379665548565746,-0.013308390433793183,0.6270629799286943
20,0.0054379665548565746,-0.013309573730107207,0.6296757302571468
21,0.0054379665548565746,-0.013312900637610047,0.635997572556271
22,0.0054379665548565746,-0.013319896452864268,0.6582443859124508
23,0.0054379665548565746,-0.01332360528698669,0.6764909756210873
24,0.0054379665548565746,-0.013325591150888794,0.6896125736932466
25,0.0054379665548565746,-0.013326686583135032,0.6962073720877249
26,0.0054379665548565746,-0.01332841888050914,0.7048765659691525
27,0.0054379665548565746,-0.013330901028996587,0.7152060688501891
28,0.0054379665548565746,-0.013335343505558529,0.7316222491155718
29,0.0054379665548565746,-0.013342408349111703,0.7572403163855863
30,0.0054379665548565746,-0.013350268903357878,0.789904903857404
31,0.0054379665548565746,-0.0133538640385796,0.8125971858610467
32,0.0054379665548565746,-0.013353997361669132,0.8140535989277846
