Iteration,Energy,Loss Function,Bias
0,0.19350746208804312,0.2329188551278363,0.0
1,0.04347244747175822,0.007303448084848929,0.21835606730969717
2,0.0006006390983495115,-0.006615487302602965,0.7392487935521284
3,0.0006006390983495115,-0.012189178706354937,1.0171440372546932
4,0.0010952617698378737,-0.014069708686294341,1.2823247539230398
5,0.0008504277536919226,-0.01478845262122618,1.419025523335759
6,0.0010952617698378737,-0.015922505411436236,1.7283246051153154
7,0.0009392950421110237,-0.015924405918760976,2.369425304019254
