Iteration,Energy,Loss Function,Bias
0,0.31715481742193236,0.3385126562046015,0.0
1,0.04223127035417127,0.03127683202822577,0.41109230190642176
2,0.03621541784707759,0.027596965759746645,0.5893368306625938
