Iteration,Energy,Loss Function,Bias
0,0.08674750121662653,0.07252546237135658,0.0
1,0.019880790788966176,0.004341399757582802,0.2684875827032532
2,0.019030598816481274,0.0025824305613758617,0.5477271794049158
3,0.011448144155327557,-0.006114616957024342,0.9206780645975777
4,0.011448144155327557,-0.006420852399864445,0.9571806767554195
5,0.011448144155327557,-0.006688348653514448,1.0250842652630974
6,0.011448144155327557,-0.006819373411920723,1.1114193902962997
7,0.011448144155327557,-0.006858102835716966,1.2084078621834589
8,0.011448144155327557,-0.006858959647460404,1.2396399694827078
