Iteration,Energy,Loss Function,Bias
0,0.26696593626859605,0.29712315826986735,0.0
1,0.1574176978740684,0.14826329073158173,0.3167797676044814
2,0.04943393087018607,0.029269144619383885,0.5840227654807714
3,0.012039767625699603,0.02235161489632626,1.230155588270324
4,0.012039767625699603,0.01704437065431614,1.3483865835697373
