Iteration,Energy,Loss Function,Bias
0,0.08674750121662653,0.1006833514917338,0.0
1,0.019030598816481274,0.03145220907151936,0.2742476906446427
2,0.019030598816481274,0.030826811857716508,0.3453413242833865
3,0.011313052690337477,0.029936522006753404,0.8025321774301191
4,0.009601855435788223,0.026452227592378575,1.4537640485332268
