Iteration,Energy,Loss Function,Bias
0,0.059681695447071206,0.20487126185540275,0.0
1,0.059681695447071206,0.028455458915130464,0.9997073626311219
2,0.059681695447071206,0.027476928881175092,0.9389507021890999
3,0.059681695447071206,0.02693259579863968,0.8605001326381758
4,0.059681695447071206,0.026929510165641622,0.8503094058246266
