Iteration,Energy,Loss Function,Bias
0,0.3246518017687675,0.3134742356458048,0.0
1,0.07164097439043578,0.10152332026698441,0.03139974894145677
2,0.04796256439212429,0.05098820661447281,0.06569253094660313
3,0.004961279765117922,0.024205347632286395,0.08360423100165562
4,0.004781653989327706,0.023060396580670984,0.12030575026631096
5,0.004961279765117922,0.022822064797046866,0.12496031872070837
6,0.004961279765117922,0.02278360225311286,0.14008338992917208
7,0.004961279765117922,0.02163821125363435,0.23590977754924258
