Iteration,Energy,Loss Function,Bias
0,0.059681695447071206,0.20233847863908605,0.0
1,0.045480426008838344,0.030018771111585924,0.40695583150788556
2,0.0022567225293715766,0.025908204826575267,0.3664220576490369
3,0.0021563983444184225,0.021133052073056748,0.3459839565136891
4,0.0021563983444184225,0.018314393148170023,0.29849795609199914
5,0.0021563983444184225,0.017506245707321552,0.30199662719165193
6,0.004961279765117922,0.016580777536353116,0.292935560567477
7,0.005911555910686297,0.016449580787488996,0.27759934781723905
8,0.005146164609319455,0.01629025524803083,0.27761257668399086
9,0.0020479582230575827,0.01618147702345542,0.27500712360521407
10,0.0020479582230575827,0.016144202795201283,0.2730228056007675
11,0.0020479582230575827,0.01613648104644002,0.2724177181868834
12,0.0021247339830838177,0.01612627915799531,0.27211349642985555
13,0.0021247339830838177,0.016111537461042175,0.27209602678780426
14,0.0021247339830838177,0.01610264927017944,0.2722334159801645
15,0.002718125184284069,0.016069230239115745,0.2728418988006939
16,0.002718125184284069,0.01603543290859877,0.27347776123028666
17,0.002718125184284069,0.015991612785879773,0.2741424281194922
18,0.0021333601698669998,0.015925424889395044,0.2747303677687474
19,0.0021333601698669998,0.01584934984204251,0.27436150816437754
20,0.0024653135338326116,0.015764181685176775,0.2723206112068566
21,0.0024653135338326116,0.01567476384897008,0.2682225669945058
22,0.0024653135338326116,0.015605782149893856,0.26331168418419043
23,0.0024653135338326116,0.015537334600502432,0.2566654435824468
24,0.0024653135338326116,0.01546668810177993,0.2479336128234771
25,0.0025108643001746853,0.015391859534827542,0.23714676572446988
26,0.0025108643001746853,0.015294231413860123,0.2232966904196717
27,0.0025108643001746853,0.01516465333949638,0.206626816601674
28,0.0025108643001746853,0.015118564041236779,0.20277212286606877
29,0.0025108643001746853,0.015052015076886784,0.2004185256449959
30,0.0025108643001746853,0.01501271996705596,0.20309437798158986
31,0.0025108643001746853,0.01496133449404418,0.1995709650090141
32,0.0025108643001746853,0.014949610386950004,0.20931167916315388
33,0.0025108643001746853,0.014854129290656262,0.21475322648281345
34,0.0025108643001746853,0.014764960392820208,0.22226790405232089
35,0.0025108643001746853,0.014736238748907664,0.22457223137231327
36,0.00210371434463607,0.01470040788612957,0.23140008554480443
