Iteration,Energy,Loss Function,Bias
0,0.3246518017687675,0.28400222469840086,0.0
1,0.029607387673662108,0.06731946722888942,0.11788523179714003
2,0.0054379665548565746,0.03988248943720485,0.45639471872016457
3,0.006896337308748698,0.03499961603361322,0.8125415097108957
4,0.01113387137290198,0.032177841402064304,1.076011936858597
