Iteration,Energy,Loss Function,Bias
0,0.059681695447071206,0.15988497727928436,0.0
1,0.025627029479461855,0.03899103429113085,0.7924948258808155
2,0.02501389346946077,0.0348712921777309,0.7015639359189398
3,0.02501389346946077,0.03286332835889736,0.628557829124675
4,0.015094468999372848,0.03238217490587478,0.5820010987663222
5,0.015094468999372848,0.032109102381462674,0.5617230755005371
6,0.016807788122513174,0.03193190770274515,0.5540903232832366
7,0.016807788122513174,0.03149714055795012,0.5371285416794358
8,0.016807788122513174,0.031072196780069474,0.5323548996652263
9,0.016807788122513174,0.030408370520836697,0.5293305726647501
10,0.0309335325422484,0.029103080618935788,0.5168953737267489
11,0.03931232316894737,0.028824126184488923,0.5048095222269064
12,0.02736047245328063,0.028371763286225534,0.4724358915367125
13,0.02736047245328063,0.028191456661185447,0.42812400572036885
14,0.023208539093629233,0.028141363454076796,0.43009099426002817
15,0.023208539093629233,0.028140400148186567,0.4284560689008252
16,0.02833992820041442,0.028134161095491644,0.4269494864908601
17,0.03395077767072018,0.02811453834604389,0.4237122273027937
18,0.03395077767072018,0.028065355528225946,0.41083869310150506
19,0.020296891741865344,0.02802384676430977,0.4011873706503176
20,0.020296891741865344,0.027938338315424485,0.39259210125823046
21,0.020296891741865344,0.0277930791443568,0.3813475971605213
22,0.015943237807062985,0.027603587131944454,0.377614459937929
23,0.015943237807062985,0.02759458754896692,0.37510710098354927
24,0.015943237807062985,0.0274759089833727,0.3746908054350415
