Iteration,Energy,Loss Function,Bias
0,0.059681695447071206,0.313795054565102,0.0
1,0.1574176978740684,0.20301130332166498,0.19022569823292992
2,0.14541577338941214,0.17379010106549256,0.4538029100492572
3,0.014255430240658262,0.045217309760910776,0.8950204392523715
4,0.014255430240658262,0.04491960316604088,0.9034039861325321
