Iteration,Energy,Loss Function,Bias
0,0.059681695447071206,0.23716623098479767,0.0
1,0.0027533742336434716,0.039322414796187005,0.2573786822776239
2,0.006066756436421758,0.03783807755112225,0.26715789523976663
3,0.0022567225293715766,0.0352617131918073,0.25990118652247096
4,0.0021563983444184225,0.03227470275341904,0.24187071924980413
5,0.0021929917477014763,0.0304371175768238,0.20918571026092986
6,0.002790836786588931,0.029326204101276267,0.18710704686034774
7,0.0037926410175279867,0.028085488602392173,0.19949283106004062
8,0.0022194530661897487,0.026681441546036987,0.22792128567721376
9,0.0028643129658471956,0.026220216686458436,0.23573766641662583
10,0.002718125184284069,0.02590831725750009,0.24075007693745995
11,0.0028534203817624426,0.02468835976512651,0.24019930517215785
12,0.0028534203817624426,0.024599620066502202,0.23971866435769165
13,0.0034104327333917017,0.024472533725594218,0.23807427613440083
14,0.0034104327333917017,0.024371239662689337,0.2357584774043694
15,0.0034104327333917017,0.024290271205809587,0.23405458236338275
16,0.0034117593764862917,0.024248716546365096,0.23324177945775715
17,0.0034117593764862917,0.024235328406914714,0.2330782073286422
18,0.0021563983444184225,0.024233316671530558,0.23334969593167829
