Iteration,Energy,Loss Function,Bias
0,0.059681695447071206,0.21422782501810775,0.0
1,0.059681695447071206,0.027670702948397935,0.9953086269827806
2,0.059681695447071206,0.026610497460557162,0.9169859804791505
3,0.059681695447071206,0.026460276715019358,0.8561350151459877
