Iteration,Energy,Loss Function,Bias
0,0.05188591287882145,0.2456767696220325,0.0
1,0.029607387673662108,0.02892435068772985,0.1345711086785732
2,0.004588870477009285,-0.0006704115694927046,0.34398520882843764
3,0.0054379665548565746,-0.011509584080597202,0.3715004570204283
4,0.004588870477009285,-0.01276623512386765,0.37386092896673073
5,0.004588870477009285,-0.013927258481593317,0.36814675991120516
6,0.004588870477009285,-0.014008819173013163,0.365243332489019
7,0.004588870477009285,-0.01403203456002364,0.36608572546632556
8,0.004588870477009285,-0.014071898073422798,0.36932129541498665
9,0.004588870477009285,-0.01409881633842865,0.3730292209809803
10,0.004588870477009285,-0.014134412498057363,0.37901557047861717
11,0.004588870477009285,-0.014163973351715792,0.38479468414801404
12,0.004588870477009285,-0.014182521517135066,0.3885406713759523
13,0.004588870477009285,-0.01419649486574951,0.39132579576337967
14,0.004588870477009285,-0.014215144429559522,0.39575309882595855
15,0.004588870477009285,-0.014231973831392823,0.40249292752365057
16,0.004588870477009285,-0.014235097789140035,0.40968120384006135
