Iteration,Energy,Loss Function,Bias
0,0.04480338406309528,0.29759216343121625,0.0
1,0.1574176978740684,0.18704238050405855,0.15191459505212962
2,0.14731540900373766,0.17891019705400082,0.1897944353770832
3,0.14731540900373766,0.16920382356312974,0.2160269472183551
4,0.008906305344518372,0.06157011746707506,0.5804021301611795
5,0.008906305344518372,0.05775700251427384,0.6217009756017622
6,0.008906305344518372,0.049945985302317766,0.6477686863213323
7,0.008906305344518372,0.03559678019083469,0.7041061019298085
8,0.005579752578769839,0.025722368073970017,0.8320636350541061
9,0.005579752578769839,0.023252320075193657,0.8688768619028581
10,0.005404092749053911,0.02295751562304092,0.9041762279898268
11,0.005579752578769839,0.02269497576866319,0.9015598369005637
