Iteration,Energy,Loss Function,Bias
0,0.26696593626859605,0.281306495926981,0.0
1,0.1574176978740684,0.16542472350990153,0.2228438048071677
2,0.05049479659658174,0.061296355813265785,0.39176754271988923
3,0.012828654877867022,0.001361610724468513,0.649176238507325
4,0.012828654877867022,-0.0018193778999183114,0.802037290544498
5,0.012130853116638128,-0.0035381477121681753,0.9562597304472652
6,0.011092916965421109,-0.004821128136328696,1.5621464569222245
