Iteration,Energy,Loss Function,Bias
0,0.31715481742193236,0.26897600345200645,0.0
1,0.18094491021423367,0.1663773924252769,0.04160378688464531
2,0.0656253366387351,0.07431352788571426,0.04842589377676354
3,0.017170472204306113,0.029864040372494988,0.0994722157726603
4,0.017170472204306113,0.01685075077461717,0.12808813301919048
5,0.014516415385393588,0.014613846660577511,0.19277889330512518
6,0.014516415385393588,0.014572250175491538,0.23281148907943403
7,0.014321584510510844,0.014294190175834548,0.5445558629119304
