Iteration,Energy,Loss Function,Bias
0,0.26696593626859605,0.27455202795010064,0.0
1,0.19384138473392595,0.1770009800980322,0.04686405785624244
2,0.14731540900373766,0.1589453035697702,0.050829307112577465
3,0.14731540900373766,0.1491690975739869,0.06876002976659513
4,0.14541577338941214,0.14622354469416807,0.09288423786011024
5,0.14541577338941214,0.1455203217955303,0.09355705944641779
6,0.14541577338941214,0.1454570600356011,0.09757687467833821
7,0.03387307471402111,0.06040182929446245,0.13211785160561318
8,0.059681695447071206,0.059681695447071206,56.269468636144076
