Iteration,Energy,Loss Function,Bias
0,0.19350746208804312,0.25318110456706927,0.0
1,0.04347244747175822,0.03651916370034145,0.42117639357090436
2,0.03931232316894737,0.03482611180489186,2.198087284665156
