Iteration,Energy,Loss Function
0,0.26696593626859605,0.2045505352586686
1,0.3175224883979577,0.19399583034693665
2,0.012702920266402885,0.1580337577154283
3,0.017116911708576345,0.14013295670795858
4,0.015766694383159016,0.11356390368038002
5,0.015766694383159016,0.10530341631049961
6,0.02133453220569155,0.1015903259145707
7,0.018794002971599583,0.09961822603078635
8,0.018794002971599583,0.09863264128811959
9,0.018794002971599583,0.09826851471042546
10,0.018794002971599583,0.09803250405230496
11,0.018794002971599583,0.0979029304616201
12,0.018794002971599583,0.09778659385827286
13,0.018794002971599583,0.09770064845206824
14,0.018794002971599583,0.09764028610616839
15,0.018794002971599583,0.09759418292037836
16,0.018794002971599583,0.09755460872730772
17,0.018794002971599583,0.09752357079282391
18,0.018794002971599583,0.09750213775088047
19,0.018794002971599583,0.09748919028078584
20,0.018794002971599583,0.09748121660673881
21,0.018794002971599583,0.09747556229093787
22,0.018794002971599583,0.09747143160159162
23,0.018794002971599583,0.09746847136171534
24,0.018794002971599583,0.09746600724128872
25,0.018794002971599583,0.09746338320866405
26,0.018794002971599583,0.0974603040760345
27,0.018794002971599583,0.09745700646111027
28,0.018794002971599583,0.09745400402898095
29,0.018794002971599583,0.09745138470327726
30,0.018794002971599583,0.09744872686727087
31,0.018794002971599583,0.09744566101409567
32,0.018794002971599583,0.09744210350585754
33,0.018794002971599583,0.09743831984586723
34,0.018794002971599583,0.0974349390714012
35,0.018794002971599583,0.09743263228276317
36,0.018794002971599583,0.09743138751240596
37,0.018794002971599583,0.09743065811105557
38,0.018794002971599583,0.09743013553649298
39,0.018794002971599583,0.09742978534445361
40,0.018794002971599583,0.0974295872814739
41,0.018794002971599583,0.09742948811032558
42,0.018794002971599583,0.09742944224726985
43,0.018794002971599583,0.09742941917426351
44,0.018794002971599583,0.09742940422007199
45,0.018794002971599583,0.09742939232235279
46,0.018794002971599583,0.0974293819365201
47,0.018794002971599583,0.09742937420684339
48,0.018794002971599583,0.0974293693605288
49,0.018794002971599583,0.09742936705888419
50,0.018794002971599583,0.09742936607538137
51,0.018794002971599583,0.09742936554296008
