Iteration,Energy,Loss Function,Bias
0,0.31715481742193236,0.32438063793301863,0.0
1,0.04223127035417127,0.012263840151262959,0.41403455060033095
2,0.03621541784707759,0.007599404208219625,0.5995113569873664
