Iteration,Energy,Loss Function,Bias
0,0.26696593626859605,0.29274279721834484,0.0
1,0.04579710764251261,0.05526019865250967,0.5174277925600741
2,0.018185299917198382,0.05435166075856868,1.4501567661077768
3,0.009216954825139222,0.030691532448944608,1.606460453737331
4,0.01113387137290198,0.01680996307843331,1.8846573464211187
5,0.01113387137290198,0.016248059555415743,2.173627875125173
6,0.01113387137290198,0.015372508271236823,2.2363907460791133
7,0.01113387137290198,0.01430280221053946,2.3465913123771327
8,0.00811989196135117,0.01347502047129163,2.505679843124175
