Iteration,Energy,Loss Function,Bias
0,0.059681695447071206,0.20001428610590177,0.0
1,0.059681695447071206,0.02884996573526677,0.9874626274518725
2,0.059681695447071206,0.027320899819446597,0.9006254178518901
3,0.059681695447071206,0.026820717389823508,0.819619880093265
