Iteration,Energy,Loss Function,Bias
0,0.059681695447071206,0.20503162515376983,0.0
1,0.059681695447071206,0.028578400755934742,0.9996079149964497
2,0.059681695447071206,0.02735805295724386,0.9173054096981017
3,0.059681695447071206,0.027048930863253284,0.8479480284544991
