Iteration,Energy,Loss Function,Bias
0,0.059681695447071206,0.1817277941055633,0.0
1,0.059681695447071206,0.029389580396820915,0.9977100035395056
2,0.059681695447071206,0.02750076640770304,0.9025296435989313
3,0.059681695447071206,0.026778342482656883,0.811030596699357
