Iteration,Energy,Loss Function,Bias
0,0.14378481944339802,0.2980345612817832,0.0
1,0.04223127035417127,0.07908470758719137,0.10703473079730544
2,0.004681031680585729,0.048854468673166,0.14101912551080284
3,0.013155199470552565,0.02829767719988518,0.18198522297162933
4,0.006354696320096964,0.028289613591061104,0.25331117620822796
5,0.006354696320096964,0.027045901512741288,0.2541489479347929
6,0.004863171582739549,0.024634743869546633,0.25659346874130434
7,0.004863171582739549,0.021723151406181005,0.2584248242225808
8,0.005175802123906114,0.01712863922094279,0.2525349446786643
9,0.005175802123906114,0.017116858263682814,0.25225939723674917
10,0.0024346186178434656,0.015913044141881747,0.25204136389245874
11,0.0005580796493051283,0.015695732162563578,0.25028684580379024
12,0.0009665699413764515,0.015378805232768602,0.25055806873114783
13,0.0004492151565442481,0.014817592640784303,0.2528918883005113
14,0.0004351517522003711,0.014771411907181108,0.25420160846320133
15,0.0004351517522003711,0.014723555248543376,0.2549661910164358
16,0.0005575543679066076,0.0136311585901015,0.26930248325910794
