Iteration,Energy,Loss Function,Bias
0,0.059681695447071206,0.1815219901166767,0.0
1,0.059681695447071206,0.029157686918868997,0.9976274753205425
2,0.059681695447071206,0.027622331015235847,0.9247377606625606
3,0.059681695447071206,0.026557634682400227,0.823683442477901
4,0.059681695447071206,0.026545868382781442,0.8020521400638351
