Iteration,Energy,Loss Function,Bias
0,0.059681695447071206,0.26711495695290616,0.0
1,0.026761344800326718,0.030657779304435875,0.840309922868013
2,0.026761344800326718,0.029410892465723475,0.7513626990069137
3,0.026761344800326718,0.029405139346752783,0.7288175713819973
