Iteration,Energy,Loss Function,Bias
0,0.31715481742193236,0.3218343213693922,0.0
1,0.04223127035417127,0.036794622917577575,0.2593476079158832
2,0.03621541784707759,0.028246012873833364,0.7661426856509399
3,0.0016888227214526693,0.012870721496750028,1.3267052992292496
4,0.005004880469501382,0.0067618444682204714,1.6746799292896712
