Iteration,Energy,Loss Function,Bias
0,0.05574092529075478,0.1006833514917338,0.0
1,0.019030598816481274,0.031457696805532905,0.24225436361919328
2,0.009426427578523846,0.02818243085713142,0.23723157232866277
3,0.009403420970511596,0.025841277206828803,0.22954247997626792
4,0.007825402831005267,0.02480855343128843,0.22283529834458563
5,0.007784125659892372,0.024605521984666787,0.22983542283795272
6,0.007784125659892372,0.024589746465773752,0.2322999829178341
7,0.007720925748731857,0.024515258113586878,0.23656742801146932
8,0.007720925748731857,0.02445713837412393,0.24063420849844133
9,0.007720925748731857,0.024354831708953823,0.2436781909139765
10,0.00612954826597224,0.022615548997376993,0.26988837272017635
11,0.00612954826597224,0.02261247721664647,0.2708525148325027
12,0.006176191567921614,0.02131187949655819,0.27028254660611933
13,0.005014413061278541,0.020356615541754202,0.27023598453827863
14,0.005009792108937568,0.019721224139430314,0.27055076858617305
15,0.005037846460861787,0.01970090266766095,0.27238947641581296
16,0.005037846460861787,0.01944667918889813,0.27672109164649256
17,0.005633832066699261,0.019038433946193183,0.28366132196274585
18,0.005009792108937568,0.019029922070309978,0.2834894062183217
19,0.005037846460861787,0.019008884735016787,0.284055693400414
