Iteration,Energy,Loss Function,Bias
0,0.08674750121662653,0.11476229605192238,0.0
1,0.019030598816481274,0.04524641743555522,0.2767433511304476
2,0.019030598816481274,0.044563212267592474,0.2919846754761186
3,0.018828000370707258,0.04280003858700289,0.3838802143123797
4,0.00912298820885947,0.04254780651518975,0.7041268587051654
5,0.00912298820885947,0.04100197366448145,0.9395308832695931
6,0.009601855435788223,0.039463875718665574,1.3427577020023622
