Iteration,Energy,Loss Function,Bias
0,0.059681695447071206,0.3166080317978898,0.0
1,0.1574176978740684,0.1999626438537522,0.24753306121825383
2,0.05049479659658174,0.08654593515629773,0.5190697311785845
3,0.01089376317157752,0.03950200969312343,0.9498326006017084
4,0.012630543869355616,0.03771698622419031,0.9726715679026863
