Iteration,Energy,Loss Function,Bias
0,0.26696593626859605,0.2869595081137093,0.0
1,0.1574176978740684,0.13805538577268164,0.3158103043472856
2,0.04943393087018607,0.0166645532794686,0.5799580359468085
3,0.012039767625699603,0.005081715419966879,1.1906020544447253
4,0.012039767625699603,-0.0004944957225940465,1.4610329329585319
5,0.012039767625699603,-0.0021122920548841107,1.655011544173108
6,0.012039767625699603,-0.0031445352941446847,1.9981123648733963
