Iteration,Energy,Loss Function,Bias
0,0.26696593626859605,0.2879833591877745,0.0
1,0.1574176978740684,0.17843438129245143,0.1713095027626625
2,0.1574176978740684,0.1589365128919326,0.20440442481368742
3,0.013297457501968625,0.022302852697269338,0.5382602444814986
4,0.013297457501968625,0.014793797997578607,0.6743718816012941
5,0.013297457501968625,0.013035516036946854,0.7457246444543884
6,0.008899332764988383,0.01212414154093571,3.1336798837540165
