Iteration,Energy,Loss Function,Bias
0,0.08674750121662653,0.15617356516161035,0.0
1,0.025627029479461855,0.032769453621058216,0.800998502346966
