Iteration,Energy,Loss Function,Bias
0,0.01113387137290198,0.22851727576838948,0.0
1,0.026549743585471682,0.0038148257906630116,0.15035700215220085
2,0.0006006390983495115,-0.005506050414290025,0.13322854099150525
3,0.0008711235575124076,-0.014260439114512198,0.17008110626266693
4,0.0008711235575124076,-0.015237712427958662,0.18427628700240067
5,0.0008711235575124076,-0.016471267910146043,0.20094501030281894
6,0.0008711235575124076,-0.01694125760577079,0.22260676784739053
7,0.0008711235575124076,-0.01725749394356342,0.219065056738176
8,0.0008711235575124076,-0.017310562263898367,0.22428565571622752
9,0.0008711235575124076,-0.017368870475979865,0.23577245562710197
10,0.0008711235575124076,-0.01740256503613488,0.25218673636905486
11,0.0008711235575124076,-0.017414424151244928,0.2677263294871777
12,0.0008711235575124076,-0.0174245254986369,0.28137571472928896
13,0.0008711235575124076,-0.017437966892974853,0.2935820389146821
14,0.0008711235575124076,-0.017459609161685975,0.3098031065964019
15,0.0008711235575124076,-0.017495368210337932,0.3391664961874312
16,0.0008711235575124076,-0.017520274270718443,0.36600928868379873
17,0.0008711235575124076,-0.01752818812241009,0.3743951411479725
18,0.0008711235575124076,-0.017541221792064122,0.39381535058738226
19,0.0008711235575124076,-0.017545016630263702,0.40530620640825243
20,0.0008711235575124076,-0.017548700733284437,0.4165879064966067
21,0.0008711235575124076,-0.017552723110974503,0.4277899486967413
22,0.0008711235575124076,-0.017557263780452224,0.44057451495680766
23,0.0008711235575124076,-0.017562147595740592,0.45613318899012206
24,0.0008711235575124076,-0.01756668533126184,0.47482700523512705
25,0.0008711235575124076,-0.01756976856207946,0.495010133870086
26,0.0008711235575124076,-0.017570877637752773,0.5114007411255573
27,0.0008711235575124076,-0.017570957812011415,0.5230187516718207
