Iteration,Energy,Loss Function,Bias
0,0.19350746208804312,0.19972830558673318,0.0
1,0.059681695447071206,0.028541706345582903,0.9876531176431466
