Iteration,Energy,Loss Function,Bias
0,0.19350746208804312,0.2469764391614896,0.0
1,0.04347244747175822,0.023011988273292712,0.2906199267840587
2,0.0006006390983495115,0.0077079935603062985,0.7680699969614944
3,0.0006006390983495115,0.0038382490286918013,1.1004732228403755
4,0.000678904710005385,0.0032484390305108812,1.2522869793628084
5,0.002258897996402416,0.0029966057860572634,1.391313152109138
6,0.002258897996402416,0.0028116226411387312,1.6831511347906927
7,0.002258897996402416,0.0027859345653044555,1.9898455303251414
