Iteration,Energy,Loss Function,Bias
0,0.059681695447071206,0.1873659372462254,0.0
1,0.059681695447071206,0.029004274112509793,0.9920318452951711
2,0.059681695447071206,0.027526997359190567,0.9217695016174969
3,0.059681695447071206,0.0264996576918977,0.8230703698469567
4,0.059681695447071206,0.026488029771325815,0.8021518166266053
