Iteration,Energy,Loss Function,Bias
0,0.08674750121662653,0.06471374879669019,0.0
1,0.012069412057709629,0.018969966786956338,0.06588028002847462
2,0.012069412057709629,0.014182601627619161,0.08542639067084154
3,0.011074960493673593,0.012647559580242093,0.12284019160164325
4,0.011074960493673593,0.011761130272083229,0.16868062981486667
5,0.011074960493673593,0.01135371551872167,0.2280045592717139
6,0.011074960493673593,0.01120115346414413,0.28522638034002296
