Iteration,Energy,Loss Function,Bias
0,0.26696593626859605,0.30851636369203883,0.0
1,0.1554509201127645,0.19470311058018408,0.0367750726463896
2,0.14138951716680287,0.19455642946902452,0.11315606669246119
3,0.14138951716680287,0.18893235657972593,0.11440954707309839
4,0.04821842581488191,0.08608395838674376,0.129078493036085
5,0.04821842581488191,0.08605849629717045,0.1324017265312233
6,0.04821842581488191,0.08584350343670365,0.16483919713570838
7,0.00652479558930959,0.040136288747128934,0.4471062119840287
