Iteration,Energy,Loss Function,Bias
0,0.059681695447071206,0.28130649592698104,0.0
1,0.1574176978740684,0.16316099752434238,0.2450205281908208
2,0.05049479659658174,0.058829507373633835,0.452135904607577
3,0.012828654877867022,5.753376126041635e-05,0.7382052229002924
4,0.012828654877867022,-0.0014363620028653638,0.7515011844891955
5,0.012828654877867022,-0.0022797186272169308,0.7786951764299517
6,0.012828654877867022,-0.0025178236825738583,0.7917455529553966
7,0.012828654877867022,-0.0027355402861567826,0.8160444420911529
8,0.012828654877867022,-0.002868418057984548,0.840170857121687
9,0.012828654877867022,-0.0030774986453817638,0.8751013361065373
10,0.012828654877867022,-0.0033710430880548874,0.9219311826885475
11,0.012828654877867022,-0.0036664331317140496,0.9749292041321087
12,0.012828654877867022,-0.003863062821225273,1.0063283485409276
13,0.012828654877867022,-0.004026169734490556,1.0168529791305707
14,0.012828654877867022,-0.0041787599005463786,1.0210899234997346
15,0.012828654877867022,-0.004225597185035986,1.0245856074696402
16,0.012828654877867022,-0.004226717298641328,1.0273320538368804
