Iteration,Energy,Loss Function,Bias
0,0.3246518017687675,0.31104427212031377,0.0
1,0.0680161371865412,0.10637165248087561,0.04082142438726427
2,0.0680161371865412,0.07450033196062736,0.07621678740047097
3,0.0021563983444184225,0.02077465705474108,0.0939890101661942
4,0.0021563983444184225,0.020215787983264812,0.11062537372104468
5,0.0021563983444184225,0.020176523514353832,0.12745149208225423
