Iteration,Energy,Loss Function,Bias
0,0.01113387137290198,0.2528291935547029,0.0
1,0.0008711235575124076,0.0276997076974313,0.1210232702487457
2,0.0006006390983495115,0.02557286400275298,0.11152998539681484
3,0.0006006390983495115,0.022500991479876307,0.1198404157286359
4,0.0006006390983495115,0.01927490050393369,0.13498389223849663
5,0.0002959022389133111,0.016885061977374088,0.13829156225603972
6,0.0002510570335184976,0.016511162367959437,0.13619838700515732
7,0.0002072936700066268,0.015957377460279473,0.13620031738663496
8,0.00025134748184204187,0.015423907856841581,0.13948905313202378
9,0.0004843380672465227,0.015047373891912201,0.1363229692596005
10,0.0004843380672465227,0.014910040526033676,0.137565309107327
11,0.0002072936700066268,0.014796415426390989,0.1397043692063921
12,0.0002072936700066268,0.014679109086052371,0.14363689648845965
13,0.0003324228794343533,0.014555846667084772,0.14756635458227108
14,0.0003324228794343533,0.014532075201963736,0.14884093885394217
15,0.0003324228794343533,0.014510304264179472,0.15144917040613085
16,0.0003324228794343533,0.01449787458576026,0.15582900866654756
17,0.0003324228794343533,0.014496808099216324,0.15694675774476147
18,0.0003324228794343533,0.014496548319578063,0.1577857723098611
