Iteration,Energy,Loss Function,Bias
0,0.009581793357421589,0.317796185511497,0.0
1,0.04223127035417127,0.059133666136240194,0.1983641468536558
2,0.03621541784707759,0.03244880397308386,0.3521026916044685
3,0.0021703792890895852,0.024117937640587773,0.35077307637456007
4,0.001434453809267165,0.017924606296852778,0.3832740561353791
5,0.0011957292942795408,0.01689617579978066,0.40302285303753993
6,0.0008469332402140399,0.016102605232823572,0.43937120845768474
7,0.0008427088296262305,0.015690121141962853,0.46129164826431124
8,0.0008470516639969665,0.015311585220576808,0.45495691542572464
9,0.0014908905784054962,0.014975130697665933,0.4626888047159414
