Iteration,Energy,Loss Function,Bias
0,0.059681695447071206,0.21377052203434374,0.0
1,0.059681695447071206,0.027305417145807816,0.9953062484921967
2,0.059681695447071206,0.027094254758948246,0.984238505418777
3,0.059681695447071206,0.02646529770111301,0.9446818222887339
