Iteration,Energy,Loss Function,Bias
0,0.19350746208804312,0.2599356469705111,0.0
1,0.04347244747175822,0.04736851982543894,0.4212777847053831
2,0.03931232316894737,0.04477004621324425,2.19397763530264
