Iteration,Energy,Loss Function,Bias
0,0.26696593626859605,0.27247958398693756,0.0
1,0.18025748289102236,0.1851677754911996,0.027750506128609565
2,0.017865095831445268,0.013414336900003324,0.10681118006476104
3,0.006865978087151331,0.006952148270154167,0.11192178563056147
4,0.006865978087151331,0.006877886226975497,0.11546762219624422
5,0.006865978087151331,0.006873307080690526,0.11657753204317288
6,0.006865978087151331,0.006866204225119312,0.11974304381804683
7,0.002986588861035291,0.0037607575631658707,0.3450319420586987
