Iteration,Energy,Loss Function
0,0.26696593626859605,0.20471089855703567
1,0.3175224883979577,0.19509558084785686
2,0.015725463373792034,0.15294471603859644
3,0.017116911708576345,0.13880389951149438
4,0.015766694383159016,0.11465762770489571
5,0.015766694383159016,0.10511320433584836
6,0.02133453220569155,0.10201329203382288
7,0.018794002971599583,0.10030132505540167
8,0.018794002971599583,0.09944675873099727
9,0.018794002971599583,0.09909373058266199
10,0.018794002971599583,0.09888481336529802
11,0.018794002971599583,0.09877330505804233
12,0.018794002971599583,0.09867554267996068
13,0.018794002971599583,0.09860115651400529
14,0.018794002971599583,0.09855004770085793
15,0.018794002971599583,0.09851186471945168
16,0.018794002971599583,0.09847899451206653
17,0.018794002971599583,0.09845232826924519
18,0.018794002971599583,0.09843284160827455
19,0.018794002971599583,0.09842048590023887
20,0.018794002971599583,0.09841291640620178
21,0.018794002971599583,0.09840758873906426
22,0.018794002971599583,0.09840351332038147
23,0.018794002971599583,0.09840047816394312
24,0.018794002971599583,0.09839803599737852
25,0.018794002971599583,0.09839560059659067
26,0.018794002971599583,0.09839275098712415
27,0.018794002971599583,0.09838951893465117
28,0.018794002971599583,0.0983863435309672
29,0.018794002971599583,0.09838351342719165
30,0.018794002971599583,0.09838074705748572
31,0.018794002971599583,0.09837763389793958
32,0.018794002971599583,0.09837404407692442
33,0.018794002971599583,0.09837011042220555
34,0.018794002971599583,0.09836627230016406
35,0.018794002971599583,0.09836321239040703
36,0.018794002971599583,0.09836132626143368
37,0.018794002971599583,0.09836020700891102
38,0.018794002971599583,0.09835939107572023
39,0.018794002971599583,0.09835881729920082
40,0.018794002971599583,0.09835849424162224
41,0.018794002971599583,0.09835833415738701
42,0.018794002971599583,0.0983582516057331
43,0.018794002971599583,0.09835820481581314
44,0.018794002971599583,0.0983581756381
45,0.018794002971599583,0.09835815489725348
46,0.018794002971599583,0.09835813931850983
47,0.018794002971599583,0.09835812513090328
48,0.018794002971599583,0.09835811494025107
49,0.018794002971599583,0.09835810874602176
50,0.018794002971599583,0.09835810597832591
51,0.018794002971599583,0.09835810479691223
52,0.018794002971599583,0.09835810411613603
53,0.018794002971599583,0.09835810360172899
54,0.018794002971599583,0.09835810324843298
