Iteration,Energy,Loss Function,Bias
0,0.059681695447071206,0.08889213382889623,0.0
1,0.019030598816481274,0.00412944997764937,0.3295090831745133
2,0.019030598816481274,0.0014397914852394994,0.35453788875983816
3,0.011448144155327557,-0.003191316277333278,0.34128581713988637
4,0.011448144155327557,-0.003587774030051464,0.316535430219284
5,0.011448144155327557,-0.00431577864089845,0.32211876374428144
6,0.011448144155327557,-0.005261211046015761,0.33545996739314116
7,0.011448144155327557,-0.00556934209824617,0.34492194523000946
8,0.011448144155327557,-0.005760489828251296,0.35468469401220504
9,0.011448144155327557,-0.005946624440132522,0.3694326759967859
10,0.011448144155327557,-0.006041330800946551,0.38541330532310497
11,0.011448144155327557,-0.006061813155529655,0.3944321444718141
12,0.011448144155327557,-0.006074145523061464,0.40205818842172436
13,0.011448144155327557,-0.006079634951050103,0.4073433042680987
14,0.011448144155327557,-0.006082303106199598,0.41079432060095966
15,0.011448144155327557,-0.006084479345868046,0.4129713209635037
16,0.011448144155327557,-0.006092548202196045,0.4228790731495715
17,0.011448144155327557,-0.006098420980236942,0.433364492946446
18,0.011448144155327557,-0.006104080770085787,0.44333786449448376
19,0.011448144155327557,-0.0061113172767200755,0.4548546872785387
20,0.011448144155327557,-0.006121766038395395,0.47166960093795746
21,0.011448144155327557,-0.006129895951088175,0.4783256434803103
22,0.011448144155327557,-0.0061422458252254255,0.48895000793683935
23,0.011448144155327557,-0.006142271964562359,0.4898120910299919
