{
  "iter": 157,
  "loss": 0.0006608337361842702,
  "cost": 0.0002072936700066268,
  "parameters": [
    3.838709814386887,
    0.5616541637587458,
    1.0760632118933824,
    2.59527895715996,
    6.407282876803555,
    3.8203492493763767,
    5.690961040738763,
    5.071044926552246,
    2.637960264617087,
    4.8367612921729375,
    0.03565118762015164,
    0.7184670143121641,
    5.268189100645144,
    5.069179915097948,
    1.5490168984797474,
    3.277136974942137,
    3.9884944045778687,
    5.457762634304525,
    3.7747004144151988,
    2.7280031053158833,
    2.4510205709782675,
    2.754811401470791,
    3.6424579006230218,
    5.360509497536083,
    2.5460653535704574,
    1.8385876371022987,
    1.6395598634332762,
    4.588988647318917,
    5.322260280927715,
    0.962306629802972,
    0.361888996815292,
    3.6907079397830063,
    0.9971189659819643,
    5.079406194649756,
    2.071093267596358,
    0.7019142334100695,
    5.883297479228461,
    1.0372582548928098,
    2.046943463084756,
    1.1352426082343376,
    0.7705149771316203,
    0.3644485470606778,
    0.7672341252609585,
    1.3598429300882282,
    -0.12230299395873546,
    3.7152549119284504,
    4.164772271529757,
    2.4437701011494446,
    1.9746214970306837,
    3.392022021237425,
    5.387249771765061,
    5.260464597623838,
    0.24712798279604192,
    1.2240004614834077,
    1.3939194663607941,
    1.8428110600762735,
    4.090542601656666,
    2.293179725734079,
    0.3117992810202165,
    2.224223073843595,
    3.2983386930452148,
    0.7624107941778192,
    4.983969698278513,
    1.0128010816547022,
    5.9796087409248,
    0.3378899470054149,
    4.998167171676855,
    5.768621791196109,
    5.551970553087497,
    4.849156381920732
  ],
  "number for cost": 1844
}