{
  "iter": 114,
  "loss": 0.012346583844322726,
  "cost": 0.0019365902930211173,
  "parameters": [
    4.927789989629019,
    3.616814957975025,
    4.809290404340905,
    1.1012237930777615,
    3.759580647539924,
    3.1607149284888294,
    5.1245322797131605,
    3.330908538331082,
    2.408202341988171,
    4.406385878280837,
    1.0868226314085103,
    1.0039238145030998,
    3.0331182624321533,
    2.677256602088969,
    1.625842312855261,
    2.2682045833529645,
    1.9983872548996815,
    2.0486489950114644,
    2.0550262210923003,
    4.267398511622921,
    1.6664127198242769,
    6.214578773604558,
    5.645305772811268,
    3.3135440159415745,
    2.1007005034191106,
    3.4591776382833865,
    5.234641852088668,
    4.175398551904015,
    5.034301751818743,
    3.5563844183355626,
    3.9043185115619115,
    1.9836803759631676,
    4.8048120051223675,
    1.6231813940226767,
    4.242633878091811,
    5.1630861943635225,
    1.1018239252913262,
    3.7877343570206214,
    0.7283769376698281,
    4.512210244312838,
    0.6470882395882838,
    5.921370460320493,
    0.8836786919869679,
    5.988481034105875,
    4.554216293621844,
    3.6212047209067433,
    4.759904827991886,
    5.236056879856459,
    6.200673940134181,
    1.3959281844477276,
    3.389098571637508,
    0.5128343933190063,
    3.693513902142434,
    0.9168643397356658,
    3.519594468910241,
    3.9431393893046685,
    3.070712953639352,
    3.2927308040959646,
    4.849024618960405,
    4.396069603803361,
    2.3712376194775984,
    3.5902318844782886,
    5.677137615606375,
    0.6582872381939567,
    1.3393457812327054,
    0.4822671928712744,
    3.9846636666482356,
    3.087413957430192,
    4.965540024536741,
    4.142429510633626
  ],
  "number for cost": 2709
}