{
    "Calculated Minimum Energy [norm, row]": [
        0.005037846460861787,
        -0.9671260701021676
    ],
    "Corresponding loss function": 0.018804198580620112,
    "Solution for Minimum Energy": [
        -1.0,
        -1.0,
        -1.0,
        -1.0,
        -1.0,
        1.0,
        -1.0,
        1.0,
        1.0,
        -1.0,
        1.0,
        -1.0,
        1.0,
        1.0,
        -1.0,
        1.0,
        1.0,
        1.0
    ],
    "Corresponding exp value": [
        -0.15730767457123362,
        -0.2217534972210089,
        -0.003722615658224307,
        -0.2095492298299224,
        -0.07568481671443854,
        0.2851215460806621,
        -0.05476383848726185,
        0.3675396403065342,
        0.0033511098186744803,
        -0.04633330257860671,
        0.014109853741402806,
        -0.04418259883516852,
        0.38559712636867144,
        0.4261811491422154,
        -0.10590593615551593,
        0.45439611162682525,
        0.2977680312283594,
        0.3722321050528505
    ],
    "Number for Minimum Energy": 19039,
    "Elapsed Time [seconds]": 0.2830085754394531,
    "Elapsed Time [hours, minutes, seconds]": [
        0,
        0,
        0.28
    ],
    "Current function value": -0.9044740126380245,
    "Iterations": 223,
    "Function Evaluations, Estimation": [
        232,
        16472
    ],
    "Gradient Evaluations": 232,
    "Number of Parameters": 70,
    "Minimum Parameters": [
        1.1038442485217597,
        3.199510501451122,
        1.061407822244206,
        4.471731951498874,
        2.90092727191217,
        2.50691420690717,
        1.7585634710372282,
        3.80824231278555,
        2.2416723914405483,
        0.5534553641751094,
        0.761220958875153,
        5.974731424376225,
        5.7212654602962205,
        4.4107675532736375,
        1.866068836766804,
        6.189674092913019,
        4.909948020182761,
        4.584639411416921,
        2.273306725264547,
        1.545051158830773,
        0.7501929570323884,
        5.583677211433763,
        3.2938960701614017,
        1.4796802218115588,
        1.6406493190143918,
        3.617035525857907,
        1.1057055312732957,
        5.478583245947268,
        4.7601640679936175,
        4.428846297466231,
        2.6314000799792945,
        3.9071628706233845,
        3.6914360153027492,
        4.28782893716385,
        0.48797719862346034,
        2.4408009784173714,
        0.4679403485553701,
        3.093576268217514,
        1.9749214328325053,
        0.8456293402452217,
        0.586243952295489,
        3.689524733414025,
        0.9022715737784927,
        5.934570234331133,
        3.6155513591352073,
        2.2033729434181804,
        3.7388010278500112,
        0.03897958170704369,
        6.1129374334593995,
        2.867112336442994,
        4.928528915899845,
        0.5981625174454367,
        2.806910403421685,
        3.1233973939577746,
        5.900530528462278,
        3.5542853928174347,
        2.7195543099453436,
        1.515394610496484,
        2.122431544540387,
        3.341888070410941,
        2.8330971661226183,
        0.31834436461620447,
        5.000917597098796,
        5.4903312632590975,
        0.9319995975710823,
        3.565101494057587,
        0.702773566912802,
        4.305874727026788,
        1.853566443150687,
        4.304682638505636
    ],
    "Cmin, Cmax, frob_norm, shift": [
        1.473728550170648,
        2983.2052837360643,
        565.1058963899055,
        563.0238790798359
    ]
}