{
    "Calculated Minimum Energy [norm, row]": [
        0.0002959022389133111,
        -0.9921465216845018
    ],
    "Corresponding loss function": 0.04073009727643655,
    "Solution for Minimum Energy": [
        1.0,
        1.0,
        1.0,
        1.0,
        -1.0,
        -1.0,
        -1.0,
        1.0,
        -1.0,
        -1.0,
        -1.0,
        1.0,
        1.0,
        1.0,
        1.0,
        1.0,
        1.0,
        1.0
    ],
    "Corresponding exp value": [
        0.14792061184267274,
        0.17051614948382443,
        0.2332230596769576,
        0.38680159258781,
        -0.15304818294019656,
        -0.04619078766007256,
        -0.2950208978613953,
        0.2060974407448289,
        -0.25865246047311663,
        -0.41105989258562836,
        -0.07483666708718369,
        0.04022988629233077,
        0.41504718523492634,
        0.405494295869275,
        0.26877019374879924,
        0.6343658041605109,
        0.44619733349519003,
        0.41987277452285016
    ],
    "Number for Minimum Energy": 1904,
    "Elapsed Time [seconds]": 0.31530046463012695,
    "Elapsed Time [hours, minutes, seconds]": [
        0,
        0,
        0.32
    ],
    "Current function value": -0.7930615008391689,
    "Iterations": 215,
    "Function Evaluations, Estimation": [
        217,
        15624
    ],
    "Gradient Evaluations": 217,
    "Number of Parameters": 71,
    "Minimum Parameters": [
        4.0935200593544385,
        0.5649186533031304,
        0.9319828816253963,
        2.632071038510606,
        6.0484249782312745,
        3.7483012831108806,
        5.895679277491195,
        5.0598750398419865,
        2.833489707405835,
        4.845073452387202,
        0.031817214941808704,
        0.6919081694877943,
        5.21637091062559,
        5.004782858321663,
        1.4433268925957703,
        3.458614938651681,
        3.8645091702572327,
        5.476538819880012,
        3.919793410939335,
        2.6237792072753,
        2.348237822335075,
        2.6473029879695638,
        3.964686176369027,
        5.3472444370028365,
        2.757287798178836,
        1.5774120642595235,
        1.4512939582411468,
        4.630151636970759,
        5.263889973113022,
        0.8328300200329194,
        0.3341894797073427,
        3.746304765965835,
        0.9006649255055654,
        5.281393673304913,
        1.9464538710405097,
        0.8533194063532038,
        5.698208454699921,
        0.886406485315286,
        1.879762792486388,
        1.0133758301816722,
        0.7476927331037341,
        0.2895958533970238,
        0.3164652710243205,
        1.2608081944378748,
        0.32983865923921385,
        3.7240551532695165,
        4.292274465103712,
        2.3980324382919016,
        1.8830464321420977,
        3.16309529659034,
        5.411866273254132,
        5.282796618255276,
        0.1941243356230708,
        1.2134952299870694,
        1.5057178700075053,
        1.7591059136665006,
        3.6930881143436105,
        2.497552223432605,
        0.41049009925263213,
        2.3315462846302384,
        3.380238671031762,
        0.7039297588655602,
        5.315250628364184,
        0.35084581720190705,
        5.841840088569423,
        0.5316191588000367,
        5.305486580193227,
        5.594329930887581,
        6.094951653720859,
        4.911345940463917,
        0.565420325291715
    ],
    "Cmin, Cmax, frob_norm, shift": [
        1.473728550170648,
        2983.2052837360643,
        565.1058963899055,
        563.0238790798359
    ]
}