{
    "Calculated Minimum Energy [norm, row]": [
        0.0007713623752417601,
        -0.9896377980969755
    ],
    "Corresponding loss function": 0.0023832982909583033,
    "Solution for Minimum Energy": [
        1.0,
        1.0,
        -1.0,
        1.0,
        -1.0,
        -1.0,
        -1.0,
        1.0,
        1.0,
        -1.0,
        1.0,
        1.0,
        1.0,
        1.0,
        1.0,
        1.0,
        1.0,
        1.0
    ],
    "Corresponding exp value": [
        0.42489711458917967,
        0.3448188825930212,
        -0.45281908751377065,
        0.5684274605205473,
        -0.6257375240904803,
        -0.7205258563290518,
        -0.2353905578004626,
        0.30782952281153747,
        0.17576819959598183,
        -0.25314044872444036,
        0.09636293939955218,
        0.41179159743881766,
        0.5923756500655253,
        0.28046901406761415,
        0.44388421634645203,
        0.4874670862690683,
        0.41285629073243757,
        0.595956862595616
    ],
    "Number for Minimum Energy": 628,
    "Elapsed Time [seconds]": 0.16178154945373535,
    "Elapsed Time [hours, minutes, seconds]": [
        0,
        0,
        0.16
    ],
    "Current function value": -0.9833179567633611,
    "Iterations": 113,
    "Function Evaluations, Estimation": [
        117,
        8424
    ],
    "Gradient Evaluations": 117,
    "Number of Parameters": 71,
    "Minimum Parameters": [
        5.010279468879105,
        3.864160280529319,
        4.707294509216673,
        2.3759744420890483,
        5.680325841226774,
        5.484632976292898,
        4.606932197724108,
        1.0014293284099274,
        3.247745980749564,
        0.24280043254030267,
        0.5774182701307431,
        4.4150035403985255,
        4.8672916786994485,
        5.715910254945347,
        1.8717974893365863,
        2.501357877307378,
        3.1331361984904325,
        1.0675493128660214,
        0.6833934641526251,
        2.7921950123957884,
        1.7059492048900502,
        4.326752620488675,
        2.79809394709516,
        5.25466607636344,
        4.132664025835522,
        1.7954745210017522,
        5.030719873541599,
        5.21695379644381,
        2.7497241426259915,
        1.8076085684662102,
        4.449442203804928,
        0.647786676624605,
        1.4412610661360794,
        -0.15569419583496263,
        5.151537499535334,
        3.968384767216496,
        4.334987192354603,
        5.146740186966154,
        2.7552909035997573,
        3.276536003041794,
        0.8188635134463182,
        0.9975104013328939,
        4.099707799393107,
        3.1696643822575816,
        3.2875991694747104,
        5.005233399551666,
        3.994728818302068,
        3.5832239468055946,
        3.8354510424728283,
        2.123056571214434,
        -0.0816510013793733,
        2.6294207964905514,
        1.3098819733239198,
        2.471344182249104,
        5.415762130901716,
        1.6666177078881583,
        0.41569401859077415,
        1.7287484699448403,
        1.9177286654694747,
        4.155984702840268,
        3.294242010494206,
        4.856106732886972,
        4.245352091877236,
        2.301262536171277,
        5.3541861149240555,
        0.9877986170723769,
        0.2982368384608978,
        0.7734526194049052,
        4.232302852640562,
        2.977791931582878,
        0.9005873125074808
    ],
    "Cmin, Cmax, frob_norm, shift": [
        1.473728550170648,
        2983.2052837360643,
        565.1058963899055,
        563.0238790798359
    ]
}