{
    "Calculated Minimum Energy [norm, row]": [
        4.7659738820170347e-17,
        -0.9937078238203569
    ],
    "Corresponding loss function": 0.02083507212983839,
    "Solution for Minimum Energy": [
        1.0,
        1.0,
        1.0,
        1.0,
        -1.0,
        1.0,
        1.0,
        1.0,
        1.0,
        1.0,
        -1.0,
        1.0,
        1.0,
        1.0,
        -1.0,
        1.0,
        1.0,
        -1.0
    ],
    "Corresponding exp value": [
        0.0008488927889605605,
        0.25525325408838334,
        0.008891338947390741,
        0.008122737118563407,
        -0.0027739404189001324,
        0.33894147578831235,
        0.013161993051703,
        0.36231237034729535,
        0.00025187330772227963,
        0.00633596251292963,
        -0.0010135370079015008,
        0.019134831141766992,
        0.5231616447759393,
        0.22631991005853824,
        -0.0010767393000288162,
        0.3304435852698383,
        0.33059301367128874,
        -0.24767081435652402
    ],
    "Number for Minimum Energy": 148496,
    "Elapsed Time [seconds]": 1.0577573776245117,
    "Elapsed Time [hours, minutes, seconds]": [
        0,
        0,
        1.06
    ],
    "Current function value": -0.8847069623863609,
    "Iterations": 95,
    "Function Evaluations, Estimation": [
        6958,
        6958
    ],
    "Gradient Evaluations": 98,
    "Number of Parameters": 70,
    "Minimum Parameters": [
        5.050441927127205,
        3.9179455275330035,
        5.010425985899858,
        2.2405554323563828,
        6.079896807681778,
        5.558719700882129,
        5.073212573619496,
        1.2901688063468126,
        2.911574759235721,
        0.23883114149501394,
        0.5365835503892084,
        4.332605086732672,
        5.2252374839818785,
        5.966457099750232,
        1.8762488685461352,
        2.2944852705141465,
        3.208756094326807,
        1.1849618812755498,
        0.5055401211173097,
        3.0342786733558613,
        1.5949537019480424,
        4.154129450859716,
        2.836451268099073,
        5.235800813032764,
        4.470885849904067,
        2.0484324695103076,
        5.081864695556163,
        4.8299111717012355,
        2.4216631600069225,
        1.834742977078929,
        4.56339439645275,
        1.0994360474713425,
        0.9254124912709132,
        -0.18528566568142074,
        4.845805255328626,
        3.636773832796907,
        4.413764501044084,
        4.576661989774687,
        3.1251090653399145,
        3.492852999304489,
        0.9447782026779042,
        0.6886981019248464,
        3.8926302128987973,
        3.002802821431182,
        3.4949624222857816,
        4.670849108002029,
        4.234306997849709,
        3.4839498535182276,
        3.2147341595940335,
        2.4926699119094042,
        0.04819112234440786,
        2.727533448306876,
        1.236546271590963,
        2.4641818003981713,
        5.616887090089516,
        1.7580637637963208,
        0.4391865997590648,
        1.6674874575948424,
        1.8564325696219484,
        4.23002570254719,
        3.1914255905294246,
        4.886924397924485,
        4.085912392474515,
        2.414786483859465,
        5.195903484148299,
        0.9612296467210728,
        0.13375823731574793,
        0.6604927957278385,
        4.317011200306898,
        3.000810530007546
    ],
    "Cmin, Cmax, frob_norm, shift": [
        1.473728550170648,
        2983.2052837360643,
        565.1058963899055,
        563.0238790798359
    ]
}