{
    "Calculated Minimum Energy [norm, row]": [
        0.0009283404747609721,
        -0.9888095169627674
    ],
    "Corresponding loss function": -0.009966790850072977,
    "Solution for Minimum Energy": [
        -1.0,
        1.0,
        -1.0,
        -1.0,
        -1.0,
        -1.0,
        1.0,
        1.0,
        1.0,
        1.0,
        1.0,
        1.0,
        1.0,
        1.0,
        1.0,
        1.0,
        1.0,
        1.0
    ],
    "Corresponding exp value": [
        -0.1081796134947618,
        0.27078104038466544,
        -0.42901402567728075,
        -0.018299800108068462,
        -0.2584912318365435,
        -0.5621655982190339,
        0.49073712703882166,
        0.3771543836823562,
        0.5001752532160352,
        0.37500741861371756,
        0.4549256460622085,
        0.6015233464168848,
        0.5219129826877255,
        0.320947356544793,
        0.5055212072518376,
        0.5517647163494453,
        0.6066404286873462,
        0.6803836947259636
    ],
    "Number for Minimum Energy": 61,
    "Elapsed Time [seconds]": 0.09321212768554688,
    "Elapsed Time [hours, minutes, seconds]": [
        0,
        0,
        0.09
    ],
    "Current function value": -1.0546734352367801,
    "Iterations": 74,
    "Function Evaluations, Estimation": [
        76,
        5396
    ],
    "Gradient Evaluations": 76,
    "Number of Parameters": 70,
    "Minimum Parameters": [
        4.946251589782382,
        3.857748279139936,
        5.045051448673995,
        2.4900383947400018,
        5.703562622453368,
        5.510199324034136,
        4.764398855926376,
        0.8284530732840127,
        3.338364488532375,
        0.08448499534907025,
        0.2490668848724219,
        4.420248754874222,
        4.704371989339428,
        5.707522494178718,
        2.026252869048504,
        2.3683545811455633,
        3.0908347655580934,
        0.9530151874547136,
        0.9850219091178651,
        2.8283508394853003,
        1.4307662072986997,
        4.410571777757754,
        2.780023926351573,
        5.387987281012223,
        4.318014376257571,
        1.814200194171916,
        5.1057921640331365,
        4.970566615316552,
        2.553915699498997,
        1.8541006765525918,
        4.251312533134301,
        1.0262585506155661,
        1.4396532791456174,
        -0.003070302022539745,
        5.182430262706531,
        3.68095216682907,
        4.356869744563824,
        4.814892842199435,
        2.8123391905883297,
        3.35897388335556,
        0.7052181400953184,
        1.003528474342262,
        4.264871146073827,
        3.145323670592318,
        3.2446108004538146,
        4.760353819937104,
        4.025339563088336,
        3.6119027584987182,
        3.566775794835491,
        2.3957674580994808,
        0.00019283926813297436,
        2.7015246696318695,
        1.3675851700025579,
        2.177700591365159,
        5.418436274503184,
        1.7629851004805508,
        0.459652844224614,
        1.8248615915866488,
        1.7461531090754365,
        4.126140056039407,
        3.416126160282431,
        4.808473505730716,
        3.695376997389327,
        2.2671961074084708,
        5.219544681970129,
        0.7640408897412213,
        0.15686426318575294,
        0.6104860995445541,
        4.195929829765937,
        3.1031437816462786
    ],
    "Cmin, Cmax, frob_norm, shift": [
        1.473728550170648,
        2983.2052837360643,
        565.1058963899055,
        563.0238790798359
    ]
}