{
    "Calculated Minimum Energy [norm, row]": [
        0.0008711235575124076,
        -0.9891114169937888
    ],
    "Corresponding loss function": 0.00030137139469462934,
    "Solution for Minimum Energy": [
        1.0,
        1.0,
        1.0,
        1.0,
        -1.0,
        -1.0,
        -1.0,
        1.0,
        -1.0,
        -1.0,
        1.0,
        -1.0,
        1.0,
        1.0,
        1.0,
        1.0,
        1.0,
        1.0
    ],
    "Corresponding exp value": [
        0.19036967312501957,
        0.13959005625195037,
        0.10484824238283047,
        0.5311800815218873,
        -0.28024121448766126,
        -0.18055909678693927,
        -0.22877315987635966,
        0.04503414535074444,
        -0.29799930438967953,
        -0.412577806776635,
        0.16470148312337668,
        -0.0245566043314486,
        0.5056322398695614,
        0.4767412149857795,
        0.6099856817333852,
        0.7144074087910028,
        0.5989644182078361,
        0.5373975283616533
    ],
    "Number for Minimum Energy": 2928,
    "Elapsed Time [seconds]": 1.3151907920837402,
    "Elapsed Time [hours, minutes, seconds]": [
        0,
        0,
        1.32
    ],
    "Current function value": -1.074902496618917,
    "Iterations": 125,
    "Function Evaluations, Estimation": [
        8946,
        8946
    ],
    "Gradient Evaluations": 126,
    "Number of Parameters": 70,
    "Minimum Parameters": [
        4.073729346099014,
        0.533707030600659,
        0.9949615065487799,
        2.643161913667282,
        6.244562486161274,
        3.7453425760518053,
        5.912649478362644,
        5.065889926876826,
        2.8097565267794904,
        4.838773960543146,
        -0.026248523833891903,
        0.6977859135741022,
        5.226508257542611,
        5.0082458351226204,
        1.4765168846609602,
        3.47345641013266,
        3.923614104771256,
        5.478195806867008,
        3.9794987135024256,
        2.6752209708433403,
        2.3111327583162273,
        2.648692764697136,
        3.935824553941526,
        5.277900148755161,
        2.6814776210264504,
        1.5487079558307704,
        1.4910847304956274,
        4.549300692378621,
        5.287530685785427,
        0.8493167277610801,
        0.324915945652187,
        3.7461699484771143,
        0.9005606627504483,
        5.303514653925883,
        1.8756312160827668,
        0.8500330455481617,
        5.758657277651292,
        0.9434268814129697,
        2.0459393195061684,
        0.9984572411761208,
        0.7209398681460657,
        0.39957957838119906,
        0.3219439110340309,
        1.2406884270336493,
        0.18119685902897975,
        3.727137807395053,
        4.189472699602926,
        2.3638336681017056,
        2.0017124154323187,
        3.239406641870333,
        5.402039749047531,
        5.174924920524612,
        0.08539245109814661,
        1.2499954825919684,
        1.5089042191999649,
        1.9164123628517844,
        3.7803270752160607,
        2.5545978502289484,
        0.5688082589643882,
        2.3352873524958095,
        3.412877071691834,
        0.7130765751344307,
        5.342001860733252,
        0.42802511557501594,
        5.859331867027769,
        0.39576429762713905,
        5.3562252429342605,
        5.616826112410178,
        6.037749459764053,
        4.788650431402859
    ],
    "Cmin, Cmax, frob_norm, shift": [
        1.473728550170648,
        2983.2052837360643,
        565.1058963899055,
        563.0238790798359
    ]
}