{
    "Calculated Minimum Energy [norm, row]": [
        0.000889404712337867,
        -0.9890149580883756
    ],
    "Corresponding loss function": -0.0016013185573766774,
    "Solution for Minimum Energy": [
        1.0,
        1.0,
        -1.0,
        1.0,
        -1.0,
        -1.0,
        1.0,
        1.0,
        1.0,
        -1.0,
        1.0,
        1.0,
        1.0,
        1.0,
        1.0,
        1.0,
        1.0,
        1.0
    ],
    "Corresponding exp value": [
        0.032772533324306526,
        0.24060512616426874,
        -0.3073408523295025,
        0.5887375812956649,
        -0.6610858392531082,
        -0.8556904227294572,
        0.27245520954416574,
        0.14233421452660472,
        0.1499379716346201,
        -0.013967607580312985,
        0.2208180320143174,
        0.39773476247469614,
        0.4895027400460163,
        0.3415370413671045,
        0.2916355084201469,
        0.3388206197078302,
        0.3116989899467717,
        0.46048984422955014
    ],
    "Number for Minimum Energy": 564,
    "Elapsed Time [seconds]": 0.13876938819885254,
    "Elapsed Time [hours, minutes, seconds]": [
        0,
        0,
        0.14
    ],
    "Current function value": -1.0110311805518168,
    "Iterations": 94,
    "Function Evaluations, Estimation": [
        96,
        6912
    ],
    "Gradient Evaluations": 96,
    "Number of Parameters": 71,
    "Minimum Parameters": [
        5.008261235862927,
        3.918298497237008,
        4.8150341316624905,
        2.376874421156391,
        5.895687750024663,
        5.587047240998969,
        4.613196481657931,
        0.8865928712449506,
        3.0155779805499434,
        0.21889574440689305,
        0.6840026903632968,
        4.439877220126403,
        4.636855266841965,
        5.770029738212576,
        1.9764898886060953,
        2.4655395701606215,
        3.0876062780306923,
        1.0782389079512753,
        0.6600643389752826,
        3.013536131446436,
        1.5798485772605455,
        4.253756744232523,
        2.8272551692278824,
        5.254666595348358,
        4.132238442038078,
        1.7224188190753975,
        5.077717049468364,
        5.224052407478191,
        2.8030799690179613,
        1.825133566781425,
        4.370710409728987,
        0.7321918964518352,
        1.2098414648649685,
        -0.04625821931305898,
        5.110108080208068,
        4.088681276926667,
        4.334313364987015,
        5.204072743533152,
        2.8726001782583346,
        3.4388600407211882,
        0.8059486943759648,
        0.9248078040177864,
        4.210739655229199,
        3.1379376158964645,
        3.5146562615420076,
        4.942089664594131,
        4.035404000236469,
        3.5427069579850534,
        3.7245316135479536,
        2.0057324016732405,
        0.1509164210352897,
        2.7482687822878678,
        1.1477231979730973,
        2.5497601936945467,
        5.34585547765878,
        1.5869498626645406,
        0.5263036015719553,
        1.8800510225402909,
        1.8177274240946446,
        4.25882004466634,
        3.2689487812464844,
        4.852034260314538,
        4.325934422905021,
        2.4226574590873575,
        5.36678093463243,
        0.9538443599903834,
        0.3056916087534132,
        0.758941370787478,
        4.374745847995582,
        2.9209011096696833,
        0.9093308860780914
    ],
    "Cmin, Cmax, frob_norm, shift": [
        1.473728550170648,
        2983.2052837360643,
        565.1058963899055,
        563.0238790798359
    ]
}