{
    "Calculated Minimum Energy [norm, row]": [
        0.011448144155327557,
        -0.9333026981716506
    ],
    "Corresponding loss function": -0.005447482634951287,
    "Solution for Minimum Energy": [
        -1.0,
        -1.0,
        -1.0,
        1.0,
        1.0,
        1.0,
        1.0,
        1.0,
        -1.0,
        1.0,
        -1.0,
        -1.0,
        1.0,
        1.0,
        -1.0,
        1.0,
        1.0,
        1.0
    ],
    "Corresponding exp value": [
        -0.5308555885483691,
        -0.5081612077299135,
        -0.41743566206393623,
        0.2619715508900137,
        0.4487516649963093,
        0.4300511673937173,
        0.4037687366494849,
        0.31135312504973933,
        -0.505013359812769,
        0.06352349816069168,
        -0.44932178819335494,
        -0.37623029417536724,
        0.31088423094612977,
        0.4103473063674562,
        -0.14501432811378212,
        0.3298927811101819,
        0.3324930929603658,
        0.15607783487503468
    ],
    "Number for Minimum Energy": 19719,
    "Elapsed Time [seconds]": 2.099419355392456,
    "Elapsed Time [hours, minutes, seconds]": [
        0,
        0,
        2.1
    ],
    "Current function value": -1.031816774392686,
    "Iterations": 189,
    "Function Evaluations, Estimation": [
        13774,
        13774
    ],
    "Gradient Evaluations": 194,
    "Number of Parameters": 70,
    "Minimum Parameters": [
        0.8637208742914545,
        3.141129807364764,
        0.7720565242115259,
        4.296318567317599,
        2.853887541625883,
        2.4565825092980624,
        1.9559342980015242,
        3.761203285640294,
        2.235326789993967,
        0.6270923679407303,
        0.8435761775619374,
        6.17067253386769,
        5.902925944186917,
        4.458935595584409,
        1.6956693468634987,
        6.198996904189638,
        5.02011872210409,
        4.548951074586514,
        2.3481855979402795,
        1.5443869781883908,
        0.9565067158638254,
        5.572725719684043,
        2.9934457946226884,
        1.4465733084182029,
        1.6904654995337849,
        3.5980950058611656,
        0.9906163377275854,
        5.544810006048912,
        4.860336273281384,
        4.519254355087558,
        2.435018632236867,
        3.926682916706722,
        3.5425482760266362,
        4.276491476773508,
        0.44650529155405283,
        2.554641664762609,
        0.3099094713487487,
        2.9158607649491755,
        1.9514106817848196,
        0.8487860552142285,
        0.6189628124915657,
        3.5706917633590916,
        0.7652898415856983,
        5.891200731527734,
        3.8711001888478824,
        2.221229835109592,
        3.755960317269215,
        0.0012059454247886035,
        5.847611855130452,
        2.9312507004518458,
        4.798416296076935,
        0.4939361773880934,
        2.843021259244378,
        3.0211230972007064,
        5.932448844417803,
        3.633647334911525,
        2.8883304981124978,
        1.6114689181322914,
        2.1908154621608174,
        3.3544961981720576,
        2.833427183890864,
        0.3117639182835683,
        5.16459433069788,
        5.741515124914586,
        0.961269574530743,
        3.4324362608103427,
        0.6478712358866987,
        4.24634615710525,
        1.916263043741967,
        4.200788385655543
    ],
    "Cmin, Cmax, frob_norm, shift": [
        1.473728550170648,
        2983.2052837360643,
        565.1058963899055,
        563.0238790798359
    ]
}