{
    "Calculated Minimum Energy [norm, row]": [
        0.0015548126022567601,
        -0.9855039918869686
    ],
    "Corresponding loss function": 0.029025529303102218,
    "Solution for Minimum Energy": [
        -1.0,
        1.0,
        1.0,
        1.0,
        1.0,
        1.0,
        1.0,
        1.0,
        1.0,
        1.0,
        1.0,
        1.0,
        1.0,
        -1.0,
        1.0,
        1.0,
        1.0,
        -1.0
    ],
    "Corresponding exp value": [
        -0.029707752905069627,
        0.228652554442331,
        0.18022706331031374,
        0.29913788624281623,
        0.3949068987088893,
        0.30066563024813275,
        0.4910880678187622,
        0.620849907888617,
        0.4624101038178186,
        0.3630542715056305,
        0.3803652788570829,
        0.41182468778540254,
        0.1199902309410855,
        -0.10244632379949942,
        0.0968841175870614,
        0.20774751615484124,
        -0.001513968267347062,
        -0.014208472755387893
    ],
    "Number for Minimum Energy": 139265,
    "Elapsed Time [seconds]": 0.36072421073913574,
    "Elapsed Time [hours, minutes, seconds]": [
        0,
        0,
        0.36
    ],
    "Current function value": -0.968465781684816,
    "Iterations": 314,
    "Function Evaluations, Estimation": [
        468,
        33696
    ],
    "Gradient Evaluations": 468,
    "Number of Parameters": 71,
    "Minimum Parameters": [
        4.313362319692554,
        4.673731405181024,
        0.6361746918379917,
        5.960158770648619,
        1.6800705239874767,
        0.2565130955259235,
        3.93822534638156,
        2.5424624273842906,
        5.085050507302669,
        5.25914041050277,
        2.1668755082040243,
        6.2171416659871355,
        1.8392403090297218,
        3.4027894102978236,
        1.9312822088717347,
        5.779220311511764,
        0.9867702032824348,
        0.0305617437038474,
        2.303075349427623,
        6.249154388855476,
        5.747826121434234,
        4.8700136156755605,
        5.291974276194148,
        5.39072119042014,
        3.636493556028045,
        2.1043669535796132,
        5.152019912732246,
        3.7751339821587213,
        1.9546718692285348,
        0.7143888167452546,
        4.675104594514822,
        1.5133844652746795,
        5.891242666638654,
        1.4781595927898408,
        0.7766054009678725,
        5.1690650177323665,
        0.8634538682687084,
        1.308959146051478,
        3.6158500402286795,
        5.516038885042882,
        1.0736043747659174,
        1.6208087905910797,
        5.146148243392373,
        6.40841042338618,
        3.1737781618343246,
        1.0452817802242864,
        0.39748780386330407,
        1.3413524019165306,
        0.6143689147893076,
        4.361570874885222,
        1.250187139939059,
        3.1367432057239193,
        4.374912247834203,
        3.60050259048683,
        1.3285822531611096,
        4.7015726500241914,
        4.86031159684474,
        4.663555979663415,
        0.7716630512032738,
        0.8536997133741187,
        5.513322510465683,
        2.2132180167902913,
        2.361013828216699,
        3.4937071943510336,
        4.153383389208951,
        5.837265584326502,
        1.7285555995553596,
        5.261239194204505,
        0.2828277932001892,
        3.235500506835876,
        0.2759268273310484
    ],
    "Cmin, Cmax, frob_norm, shift": [
        1.473728550170648,
        2983.2052837360643,
        565.1058963899055,
        563.0238790798359
    ]
}