{
    "Calculated Minimum Energy [norm, row]": [
        0.0002072936700066268,
        -0.9926140570042654
    ],
    "Corresponding loss function": 0.021215301305173906,
    "Solution for Minimum Energy": [
        1.0,
        1.0,
        -1.0,
        1.0,
        -1.0,
        -1.0,
        1.0,
        1.0,
        -1.0,
        -1.0,
        -1.0,
        1.0,
        1.0,
        1.0,
        1.0,
        1.0,
        1.0,
        1.0
    ],
    "Corresponding exp value": [
        0.0014005533202029949,
        0.17712163738825562,
        -0.011816741826340814,
        0.00024043103372043545,
        -0.023057895956131162,
        -0.36418010690747604,
        0.004393880081658416,
        0.33784099430697967,
        -0.008757233886394093,
        -0.007995921555264893,
        -0.011112714618008765,
        0.011997462238963363,
        0.3229059865902632,
        0.14712172845287555,
        0.42919349702704196,
        0.3723685082075025,
        0.6522201547000793,
        0.31436089311350407
    ],
    "Number for Minimum Energy": 1844,
    "Elapsed Time [seconds]": 2.593708038330078,
    "Elapsed Time [hours, minutes, seconds]": [
        0,
        0,
        2.59
    ],
    "Current function value": -0.8932421070069592,
    "Iterations": 216,
    "Function Evaluations, Estimation": [
        17253,
        17253
    ],
    "Gradient Evaluations": 243,
    "Number of Parameters": 70,
    "Minimum Parameters": [
        3.9792008183895367,
        0.4800047371227234,
        0.8900018835379944,
        2.570800927607103,
        6.038299139554806,
        3.780860819190574,
        5.865860048618706,
        4.94374415979671,
        2.8250269637865153,
        4.777496981206047,
        -0.11253828266351401,
        0.681472520191876,
        5.060940527137403,
        4.917756741765993,
        1.5491196236730385,
        3.3617661766225293,
        3.8765140439300336,
        5.477915869605031,
        3.7780589598833174,
        2.696115509779608,
        2.202985821155657,
        2.6512930491245426,
        4.009783507771035,
        5.582645503929032,
        2.744671767837984,
        1.6833395295569877,
        1.5790495189532288,
        4.550395327112331,
        5.488247653597329,
        1.0669067703995345,
        0.40963353958890414,
        3.706661437096705,
        0.9235546071860369,
        4.993757533625718,
        1.8335312716329921,
        0.7145174995072157,
        5.779217941424004,
        1.0431761797080765,
        2.1620937225269965,
        1.1279429484558148,
        0.5815104867917961,
        0.5040743183923432,
        0.3967532088824031,
        1.395027697091071,
        0.33341015260943707,
        3.7120506287493042,
        4.367462134635991,
        2.5907487495796775,
        2.051479402860557,
        3.1524627144312123,
        5.444851466102017,
        5.479485441524697,
        0.08587856831537641,
        1.3169533877534252,
        1.6352942376441273,
        1.9367648707922445,
        3.8704507363665677,
        2.3707059321729402,
        0.761574645749477,
        2.2933596737136916,
        3.478536676908605,
        0.5458324549254172,
        5.5237910901564025,
        0.41360622482213244,
        5.8801478488716645,
        0.23312937486748864,
        5.335325140459972,
        5.762584004880722,
        6.0871939359793155,
        4.93493293109542
    ],
    "Cmin, Cmax, frob_norm, shift": [
        1.473728550170648,
        2983.2052837360643,
        565.1058963899055,
        563.0238790798359
    ]
}