{
    "Calculated Minimum Energy [norm, row]": [
        0.0001989019871179814,
        -0.9926583349808888
    ],
    "Corresponding loss function": 0.000938965500773282,
    "Solution for Minimum Energy": [
        1.0,
        1.0,
        1.0,
        -1.0,
        -1.0,
        1.0,
        1.0,
        1.0,
        1.0,
        1.0,
        1.0,
        1.0,
        1.0,
        1.0,
        -1.0,
        1.0,
        1.0,
        -1.0
    ],
    "Corresponding exp value": [
        -0.2156275948239203,
        0.23225778833571073,
        0.2229992647603781,
        -0.2990694775161923,
        -0.5589091081862435,
        0.40385472692359864,
        0.24735110519729506,
        0.2763758483379638,
        0.20680023172110693,
        0.22332850663438697,
        0.3706621270136353,
        0.3502749573051183,
        0.24307230257109386,
        0.4655187583331097,
        -0.589688201373589,
        0.1549491174343562,
        0.13342658045822925,
        -0.6907914929940766
    ],
    "Number for Minimum Energy": 147480,
    "Elapsed Time [seconds]": 0.24268150329589844,
    "Elapsed Time [hours, minutes, seconds]": [
        0,
        0,
        0.24
    ],
    "Current function value": -0.9888139771409913,
    "Iterations": 172,
    "Function Evaluations, Estimation": [
        173,
        12456
    ],
    "Gradient Evaluations": 173,
    "Number of Parameters": 71,
    "Minimum Parameters": [
        4.971895957879325,
        4.171390358531856,
        5.258228437620449,
        2.0891155116954607,
        5.99348156023068,
        5.657960963675257,
        5.248873197883919,
        1.1893314676376463,
        2.6791034735864514,
        0.2441945092155453,
        0.996268091447788,
        4.248027165128823,
        5.090014170365531,
        6.157877444829038,
        1.8831022072860653,
        2.1339580212274143,
        2.9700877134810373,
        1.3510652107143304,
        0.6167310625691323,
        3.0811365776403674,
        1.1565416012074414,
        3.784666480333147,
        2.8337458708202825,
        5.578834451570186,
        4.715996266161234,
        1.794542086462607,
        5.273108190022135,
        4.702637685194586,
        2.3159704995819053,
        1.986285435893181,
        4.699131075136345,
        0.9912111614702369,
        1.1575372266756523,
        -0.2605295210919278,
        4.895929828103843,
        3.6956009231457783,
        4.320670949904954,
        4.487908824862778,
        3.2094842456117836,
        3.649065304472712,
        1.019899694281876,
        0.8775331157906764,
        3.8298120476316404,
        3.027766488635535,
        3.245055405306787,
        4.745431609039826,
        4.032698284074432,
        3.4651255960458602,
        3.1777579403967775,
        2.49226818759824,
        0.29825640473314,
        2.586179628124511,
        1.2046107145837703,
        2.7353504503832933,
        5.646306058727075,
        1.4599358250665526,
        0.5987034792428662,
        1.6924712868844447,
        1.9195410069758938,
        4.065316802039579,
        3.1122376931421396,
        4.957148515836099,
        4.073956095382721,
        2.419306281679663,
        5.563552599190053,
        1.1712285228828236,
        0.38345437636208646,
        0.9468285680859528,
        4.549711207967623,
        2.7989984236375416,
        1.7822331811600067
    ],
    "Cmin, Cmax, frob_norm, shift": [
        1.473728550170648,
        2983.2052837360643,
        565.1058963899055,
        563.0238790798359
    ]
}