{
    "Calculated Minimum Energy [norm, row]": [
        0.0002072936700066268,
        -0.9926140570042654
    ],
    "Corresponding loss function": 0.0006595552494339424,
    "Solution for Minimum Energy": [
        1.0,
        1.0,
        -1.0,
        1.0,
        -1.0,
        -1.0,
        1.0,
        1.0,
        -1.0,
        -1.0,
        -1.0,
        1.0,
        1.0,
        1.0,
        1.0,
        1.0,
        1.0,
        1.0
    ],
    "Corresponding exp value": [
        0.20625428452019887,
        0.31077951661684317,
        -0.33011420848834316,
        0.3966786421589603,
        -0.32291464585875185,
        -0.5013907421294947,
        0.126866219480717,
        0.34421289676303285,
        -0.0005131359090988566,
        -0.10788518012936671,
        -0.20458208732723893,
        0.20548950778007857,
        0.49224299163711416,
        0.29539885197473575,
        0.48646089678810933,
        0.5602850335202351,
        0.4580583306615218,
        0.553062476114756
    ],
    "Number for Minimum Energy": 1844,
    "Elapsed Time [seconds]": 0.23248767852783203,
    "Elapsed Time [hours, minutes, seconds]": [
        0,
        0,
        0.23
    ],
    "Current function value": -0.9902401589114175,
    "Iterations": 185,
    "Function Evaluations, Estimation": [
        192,
        13632
    ],
    "Gradient Evaluations": 192,
    "Number of Parameters": 70,
    "Minimum Parameters": [
        5.151074020618829,
        3.9647837984081202,
        4.7271570494237105,
        2.6068824632937826,
        5.737183352044191,
        5.195807561731988,
        4.556071544310978,
        0.9877605002555325,
        3.376033234820385,
        0.19839499735818844,
        0.6931499581827093,
        4.7294053268730485,
        5.0151744873347335,
        5.526792432581239,
        2.1544992756834627,
        2.3631954093457512,
        3.5139528630071633,
        0.8596194608508296,
        0.7278480366221053,
        2.7305308711799614,
        1.4248612167142647,
        4.421582729761204,
        2.7885122901032244,
        5.141633882973686,
        3.910158047565939,
        1.9016475446833907,
        4.947489076473642,
        5.226643329538586,
        2.6694355110038566,
        1.6287431892841637,
        4.626843607320509,
        0.8170668664339017,
        1.3581604731374757,
        0.1666706036576592,
        5.10883383647354,
        3.7558988649216953,
        4.1822244996953755,
        5.0118933554513765,
        2.9355345715762096,
        3.204306630078023,
        0.8202850981972918,
        1.1645099404856758,
        4.059699612045396,
        3.2630079683659012,
        3.1283699909010063,
        4.869784429721287,
        4.173825151214204,
        3.442206697336718,
        3.574740446682661,
        2.406087072932641,
        -0.4622699736054046,
        2.306975900016046,
        1.5219167726405738,
        2.146392334759405,
        5.545483122072598,
        1.8967050862911603,
        0.4515635558083174,
        1.7562531101022565,
        1.932528470471919,
        4.213259958550488,
        2.9725330029069443,
        4.8979754461750575,
        4.111736161554542,
        2.115434868719543,
        5.167839568203819,
        1.2229302723484472,
        0.16140048599690734,
        1.1255433499004275,
        4.26125181099457,
        2.9621594378098375
    ],
    "Cmin, Cmax, frob_norm, shift": [
        1.473728550170648,
        2983.2052837360643,
        565.1058963899055,
        563.0238790798359
    ]
}