{
    "Calculated Minimum Energy [norm, row]": [
        0.004940035862138316,
        -0.9676421591228423
    ],
    "Corresponding loss function": 0.018264783237049356,
    "Solution for Minimum Energy": [
        -1.0,
        -1.0,
        -1.0,
        -1.0,
        -1.0,
        1.0,
        -1.0,
        1.0,
        1.0,
        -1.0,
        1.0,
        1.0,
        1.0,
        1.0,
        -1.0,
        1.0,
        1.0,
        1.0
    ],
    "Corresponding exp value": [
        -0.05622629625956975,
        -0.21366520653241095,
        -0.05163468912512893,
        -0.03563154559583946,
        -0.27380289100043714,
        0.21596537721399628,
        -0.048033454083830945,
        0.2697262548203672,
        -0.009345590493930064,
        -0.05691328545033397,
        -0.01869538021681756,
        -0.01912655364388964,
        0.2496877985082078,
        0.2176210269009652,
        -0.08424834313997454,
        0.6310488734686015,
        0.25972869895456907,
        0.3289702005596581
    ],
    "Number for Minimum Energy": 16991,
    "Elapsed Time [seconds]": 0.08619308471679688,
    "Elapsed Time [hours, minutes, seconds]": [
        0,
        0,
        0.09
    ],
    "Current function value": -0.8974818747615656,
    "Iterations": 20,
    "Function Evaluations, Estimation": [
        90,
        5616
    ],
    "Gradient Evaluations": 78,
    "Number of Parameters": 71,
    "Minimum Parameters": [
        1.144966901157,
        3.2297969204450565,
        1.047246282894863,
        4.583411165718325,
        3.007702148059725,
        2.470846981873966,
        1.874261917838381,
        3.8718189685355084,
        2.3047339557216837,
        0.4667175498956822,
        0.7966113278467207,
        5.842511850591574,
        5.598311686192819,
        4.348070847155759,
        1.8064787090450458,
        6.301717311755563,
        4.918467523793276,
        4.539129008662909,
        2.236439801492243,
        1.5331257514210868,
        0.6825847236842633,
        5.520169462069082,
        3.3846352015062413,
        1.5397958005267536,
        1.5967294066179594,
        3.6406490111943923,
        1.0485479336556056,
        5.481435572652721,
        4.89179136691026,
        4.475581819974796,
        2.738871789599738,
        3.8143976424314716,
        3.974978114037083,
        4.351748373985732,
        0.5991110953083949,
        2.4724832185568184,
        0.3572943831928602,
        3.048206901438502,
        2.0176273797589097,
        0.7143805534150298,
        0.5971442381818163,
        3.7508929190992255,
        0.8156088622674166,
        6.029834695982658,
        3.690185861641043,
        2.28054983686809,
        3.6125922787694447,
        0.09348812976691383,
        6.188286295575782,
        2.9008636944117763,
        4.9520803182853355,
        0.5707037765604096,
        2.7685856274245526,
        3.056133931039654,
        5.856540937439308,
        3.5090801717508326,
        2.9326071427533287,
        1.4527219455139944,
        2.1182645193544323,
        3.3479985404403374,
        2.6387291630793053,
        0.32565105130907546,
        4.944086308703601,
        5.487617221929572,
        0.9414953409280772,
        3.54847645916133,
        0.6694075253933994,
        4.334978758509736,
        1.8522429191500929,
        4.264392424914221,
        0.2257502088847937
    ],
    "Cmin, Cmax, frob_norm, shift": [
        1.473728550170648,
        2983.2052837360643,
        565.1058963899055,
        563.0238790798359
    ]
}