{
    "Calculated Minimum Energy [norm, row]": [
        0.006694601067395759,
        -0.9583843501501014
    ],
    "Corresponding loss function": 0.010585443637474242,
    "Solution for Minimum Energy": [
        1.0,
        -1.0,
        -1.0,
        -1.0,
        -1.0,
        1.0,
        -1.0,
        1.0,
        -1.0,
        -1.0,
        1.0,
        -1.0,
        1.0,
        1.0,
        1.0,
        1.0,
        1.0,
        1.0
    ],
    "Corresponding exp value": [
        0.13016857146344524,
        -0.2606220483096732,
        -0.34909026555123385,
        -0.02208399862793308,
        -0.2557384342373517,
        0.39894459323784665,
        -0.23073604723721297,
        0.4721426135522657,
        -0.3827590173078286,
        -0.2117046592185359,
        0.24811151772815465,
        -0.4700226614587232,
        0.4999492439546408,
        0.4342763196539451,
        0.16406566104400488,
        0.6303150986144014,
        0.501763932815175,
        0.48115934721417275
    ],
    "Number for Minimum Energy": 2910,
    "Elapsed Time [seconds]": 1.5136935710906982,
    "Elapsed Time [hours, minutes, seconds]": [
        0,
        0,
        1.51
    ],
    "Current function value": -0.9525258634458886,
    "Iterations": 135,
    "Function Evaluations, Estimation": [
        9798,
        9798
    ],
    "Gradient Evaluations": 138,
    "Number of Parameters": 70,
    "Minimum Parameters": [
        1.1797829404060176,
        3.292071344697549,
        0.9748552849779266,
        4.542919784667465,
        2.4813783029785768,
        2.3034836148030933,
        1.7329255985731111,
        3.9371956499257226,
        2.4739488406193804,
        0.24879829890758118,
        1.1342857516145817,
        5.775455803149552,
        5.990087474923433,
        4.241712011849392,
        1.8048461254840937,
        6.274494841934372,
        4.799045700558824,
        4.313495714680456,
        1.8630313661619615,
        1.794336862060448,
        0.9589206414343271,
        5.649286170783051,
        3.1018442396550827,
        1.5618078350500688,
        1.635589132458044,
        3.5832608791736593,
        1.0972335851579471,
        5.770144866046835,
        4.7811245809976075,
        4.416245017762319,
        2.5914624195611307,
        3.9654703981718384,
        3.788401669284606,
        4.077349573673726,
        0.1395860481643505,
        2.637496773802397,
        0.1461065793007946,
        2.979111919515437,
        2.1420583266771196,
        0.7056084981197219,
        0.5507580315245977,
        3.4396830276656725,
        0.6847458059809667,
        5.84136573622989,
        3.8779937229290176,
        2.390295207930879,
        3.746103000790624,
        0.12465258054410688,
        5.682467756880238,
        2.9792343232307172,
        4.727173375274052,
        0.39607104566303875,
        2.8739413957662014,
        3.192044540295386,
        6.121914353276707,
        3.8190789634511177,
        2.7481836518424396,
        1.4818993254408392,
        1.949844404284758,
        3.368633592443413,
        3.0916635219882465,
        0.22835852177816143,
        5.255963805870951,
        5.97191014744435,
        1.1242248102852654,
        3.408376113504046,
        0.5835381269603818,
        4.35410797525393,
        1.7217128655140532,
        4.375688414799153
    ],
    "Cmin, Cmax, frob_norm, shift": [
        1.473728550170648,
        2983.2052837360643,
        565.1058963899055,
        563.0238790798359
    ]
}