{
    "Calculated Minimum Energy [norm, row]": [
        0.005053217740385087,
        -0.9670449648978316
    ],
    "Corresponding loss function": 0.021477322353557378,
    "Solution for Minimum Energy": [
        1.0,
        -1.0,
        -1.0,
        -1.0,
        -1.0,
        1.0,
        -1.0,
        1.0,
        1.0,
        -1.0,
        1.0,
        -1.0,
        1.0,
        1.0,
        -1.0,
        1.0,
        1.0,
        1.0
    ],
    "Corresponding exp value": [
        -0.09433572758111616,
        -0.3156323022965165,
        -0.16980488051344814,
        -0.1348380286254798,
        -0.28298696321394534,
        0.3271852608488547,
        -0.1286295399121727,
        0.4512635556248053,
        -0.08357178491060838,
        -0.1771213337978902,
        -0.07417623318479218,
        -0.16734553447898623,
        0.27342820907339943,
        0.43329239088349825,
        -0.1723186656189437,
        0.5237399951807237,
        0.25842611680290545,
        0.29725616888978806
    ],
    "Number for Minimum Energy": 19038,
    "Elapsed Time [seconds]": 0.10491037368774414,
    "Elapsed Time [hours, minutes, seconds]": [
        0,
        0,
        0.1
    ],
    "Current function value": -0.8890583878730157,
    "Iterations": 43,
    "Function Evaluations, Estimation": [
        97,
        6120
    ],
    "Gradient Evaluations": 85,
    "Number of Parameters": 71,
    "Minimum Parameters": [
        0.9414987217921797,
        3.2436422135491854,
        1.1516488182954332,
        4.540065531954165,
        2.8528932685819046,
        2.4216876251230595,
        1.9207150513170856,
        3.8587042092598964,
        2.3293326342796563,
        0.4708070229834029,
        0.7320466095047415,
        5.938831913398182,
        5.721786392233705,
        4.342784158499014,
        1.7623285024038349,
        6.24406480988695,
        4.89062150967021,
        4.4501922266769,
        2.135262891375662,
        1.577761011647495,
        0.7934680153927184,
        5.542637481045027,
        3.267734063017784,
        1.5253863081808585,
        1.6864710420706055,
        3.6188750278502684,
        1.085691196441711,
        5.641300093706946,
        4.7466317177546715,
        4.485826679134079,
        2.659275458779251,
        3.9689931104783454,
        3.7426537457749296,
        4.217249671694679,
        0.33302056382772655,
        2.4860203129023772,
        0.3618080355560123,
        3.064410824748422,
        2.0781268194296985,
        0.8571037937819764,
        0.6293116988994124,
        3.648007984245167,
        0.7804730797196415,
        5.905884523602046,
        3.6834493772347545,
        2.178792134575343,
        3.770473456882532,
        0.11208066925990043,
        6.037884645570338,
        2.8984072694811625,
        4.802447249194206,
        0.518900981950788,
        2.8437701652651572,
        3.0973738164497684,
        5.987345653755053,
        3.669568921224707,
        2.7323543891630835,
        1.5564294021610676,
        1.8875972527620526,
        3.358865161895624,
        2.830126448523467,
        0.23028054866951123,
        4.991682793816011,
        5.6820788877600625,
        0.9744515352473802,
        3.483496249735631,
        0.6250314233666304,
        4.209678156459355,
        1.7748008964971478,
        4.2482595234463805,
        0.4375782353218902
    ],
    "Cmin, Cmax, frob_norm, shift": [
        1.473728550170648,
        2983.2052837360643,
        565.1058963899055,
        563.0238790798359
    ]
}