{
    "Calculated Minimum Energy [norm, row]": [
        0.001509827265722581,
        -0.9857413530582491
    ],
    "Corresponding loss function": 0.014142474424980163,
    "Solution for Minimum Energy": [
        -1.0,
        1.0,
        -1.0,
        1.0,
        1.0,
        -1.0,
        1.0,
        1.0,
        -1.0,
        -1.0,
        -1.0,
        -1.0,
        1.0,
        1.0,
        1.0,
        1.0,
        1.0,
        1.0
    ],
    "Corresponding exp value": [
        -0.20138466733327803,
        0.14303764300985944,
        -0.16117811121448228,
        0.031735085283964036,
        0.3896889546285388,
        -0.093175520904154,
        0.21671263544992087,
        0.0029487847788378756,
        -0.18723576038460843,
        -0.07390870496365888,
        -0.38856986153154605,
        -0.1595597051614201,
        0.1363301306724955,
        0.34832331852161086,
        0.13088318636868357,
        0.10942921318880364,
        0.2342068701464095,
        0.2139004479926936
    ],
    "Number for Minimum Energy": 3877,
    "Elapsed Time [seconds]": 0.2502601146697998,
    "Elapsed Time [hours, minutes, seconds]": [
        0,
        0,
        0.25
    ],
    "Current function value": -0.9855927478742081,
    "Iterations": 176,
    "Function Evaluations, Estimation": [
        180,
        12960
    ],
    "Gradient Evaluations": 180,
    "Number of Parameters": 71,
    "Minimum Parameters": [
        4.0496694981476615,
        4.347995608255986,
        1.190827707326199,
        6.056158383147361,
        1.5600286342940404,
        0.05748972397525394,
        3.91540436114063,
        2.369764174956574,
        4.8185194140287075,
        5.50590930979742,
        2.3368665431072984,
        6.036200165479866,
        1.6408273487422234,
        3.399405437422403,
        1.474346024751094,
        5.583759041196222,
        0.9192877373798715,
        0.20643705332735793,
        2.2456511279776135,
        6.396337777410359,
        5.64088264815321,
        4.510901332364984,
        5.310839880183747,
        5.52466311058,
        3.5174609906353567,
        2.118152958536211,
        5.80765960863645,
        3.7509140304075483,
        1.936099200963838,
        0.7002327437807037,
        4.295877378943976,
        1.3825259238222771,
        5.714099915719143,
        1.6239258665065657,
        0.6115192839950206,
        5.002442421009609,
        1.0136330506274935,
        0.9245545138074321,
        3.8872677602749963,
        5.363231957946693,
        1.107508118888117,
        1.7636066658874114,
        4.833315544060486,
        6.2422619371580605,
        3.0851150867356525,
        1.1868550663910074,
        0.016010566128032033,
        1.5714418365178007,
        1.1936277711648964,
        3.8815858436715707,
        1.2403282897974666,
        2.8623989134078527,
        4.294686880003875,
        3.842779886195112,
        0.83853761969978,
        4.717652455508298,
        4.359812748688544,
        4.643954030151838,
        0.4910385586161973,
        0.7389184815013509,
        5.982644071079404,
        2.275732070066395,
        2.3664756948286745,
        3.4954922391993164,
        4.2920990449114536,
        5.936135904859417,
        1.8936704886216278,
        5.793933485804952,
        0.4836141240676688,
        3.28352676312866,
        0.8106054471219604
    ],
    "Cmin, Cmax, frob_norm, shift": [
        1.473728550170648,
        2983.2052837360643,
        565.1058963899055,
        563.0238790798359
    ]
}