{
    "Calculated Minimum Energy [norm, row]": [
        0.0021247339830838177,
        -0.9824968518517234
    ],
    "Corresponding loss function": 0.00246026185359781,
    "Solution for Minimum Energy": [
        -1.0,
        1.0,
        1.0,
        -1.0,
        -1.0,
        1.0,
        -1.0,
        -1.0,
        1.0,
        1.0,
        1.0,
        -1.0,
        1.0,
        1.0,
        1.0,
        1.0,
        1.0,
        1.0
    ],
    "Corresponding exp value": [
        -0.19107426645357872,
        0.5172719179272024,
        0.19646767121181613,
        -0.5404821761353494,
        -0.35926251347644994,
        0.48580470780143065,
        -0.2639989242486871,
        -0.4998134126553041,
        0.11816008811182163,
        0.2693119717182212,
        0.055491441442356404,
        -0.15189178748053042,
        0.3201934810147297,
        0.6113134818861327,
        0.3202956205502231,
        0.42812672272746616,
        0.48186430247685447,
        0.30636139297968207
    ],
    "Number for Minimum Energy": 2265,
    "Elapsed Time [seconds]": 1.3353345394134521,
    "Elapsed Time [hours, minutes, seconds]": [
        0,
        0,
        1.34
    ],
    "Current function value": -0.9824333113563679,
    "Iterations": 118,
    "Function Evaluations, Estimation": [
        9159,
        9159
    ],
    "Gradient Evaluations": 129,
    "Number of Parameters": 70,
    "Minimum Parameters": [
        4.829402001551427,
        4.012371095482913,
        4.610779721458593,
        0.9268410907341674,
        3.902609523669775,
        3.249278011941317,
        5.27175762307447,
        2.8522904357429906,
        2.562804244128852,
        4.1022377138082335,
        1.3362930499425045,
        0.7390958331163093,
        2.829160236362297,
        2.8400757438103743,
        1.4380194107018298,
        2.3843446070101377,
        2.0118531340720525,
        2.2012160103422675,
        2.1377637848600974,
        4.244059270375495,
        1.9432388467428103,
        6.071236576752692,
        5.664023354862044,
        3.199607846545809,
        2.172333635466033,
        3.4273497646514683,
        5.280238730179038,
        4.32500180239268,
        5.321457919368567,
        3.419859796567795,
        3.4390687561439672,
        1.774921368858215,
        4.794005365233856,
        1.5457425560926183,
        4.046977999386834,
        5.325004282097371,
        0.9561273063032664,
        3.97394541414905,
        0.6631193837135996,
        4.303303181130338,
        0.5903333690745038,
        5.65575121754817,
        1.0184176091011459,
        6.156269354040805,
        4.752354575708355,
        3.7196148595307816,
        4.941292953591148,
        5.1443242286092135,
        5.754675428984773,
        1.5516697984854009,
        3.7002821944507978,
        0.49668009251526835,
        3.705152674775309,
        1.2264699591487132,
        3.525534189729804,
        3.748608670270572,
        2.981296357162536,
        3.147378595241326,
        4.913857746449572,
        4.665507152053786,
        2.3842804840981815,
        3.6295527896337156,
        5.814424067547155,
        0.6447623121736423,
        0.9555315357553628,
        0.44880440083036116,
        4.1497235902539416,
        2.7676724548970926,
        5.195342435008588,
        4.091764037638958
    ],
    "Cmin, Cmax, frob_norm, shift": [
        1.473728550170648,
        2983.2052837360643,
        565.1058963899055,
        563.0238790798359
    ]
}