{
    "Calculated Minimum Energy [norm, row]": [
        0.0008838834031118479,
        -0.9890440907908485
    ],
    "Corresponding loss function": 0.025764695020909553,
    "Solution for Minimum Energy": [
        -1.0,
        1.0,
        -1.0,
        1.0,
        -1.0,
        -1.0,
        1.0,
        1.0,
        1.0,
        1.0,
        1.0,
        -1.0,
        1.0,
        1.0,
        1.0,
        1.0,
        1.0,
        1.0
    ],
    "Corresponding exp value": [
        -0.006327346306423043,
        0.08859095251192324,
        -0.011078799542173369,
        0.003896652083592419,
        -0.0954174562923238,
        -0.002658405471163145,
        0.010234197937915496,
        0.43447392859719036,
        0.004941397335547423,
        0.0014263282370691188,
        0.0961078704906866,
        -0.0005292089448297177,
        0.6545035377010345,
        0.4645644656602995,
        0.6539208574623802,
        0.7684172600395294,
        0.9985453590765356,
        0.7679968027819923
    ],
    "Number for Minimum Energy": 2101,
    "Elapsed Time [seconds]": 0.14705896377563477,
    "Elapsed Time [hours, minutes, seconds]": [
        0,
        0,
        0.15
    ],
    "Current function value": -0.8578176064340998,
    "Iterations": 119,
    "Function Evaluations, Estimation": [
        120,
        8520
    ],
    "Gradient Evaluations": 120,
    "Number of Parameters": 70,
    "Minimum Parameters": [
        1.2851631775918595,
        3.2818662255461355,
        0.8523155774703104,
        4.382310318740066,
        2.8937704933226795,
        2.5411349701604617,
        1.6232113621007418,
        3.7012647297521855,
        2.197727397098361,
        0.3830773730406477,
        0.9440938092115922,
        5.9071815289683425,
        6.05231012823154,
        4.213164497595453,
        2.030112517824133,
        6.0317410757777115,
        4.553729509996249,
        4.769742219133401,
        1.918311058324043,
        1.7137868422453753,
        0.7077268637235228,
        5.401960233670026,
        3.206024462825854,
        1.4813328221224107,
        1.590618848103291,
        4.0309756691615375,
        1.0013474064884034,
        5.715990629816786,
        4.905652077953163,
        4.561402629284964,
        2.477274710276483,
        3.8667787629265815,
        3.8620556781947144,
        3.8402159998903764,
        0.8862512724331904,
        2.339376198684702,
        0.3018887080099053,
        3.169190616601046,
        1.52747348491456,
        1.0899865371182753,
        0.4594332198038855,
        3.8693342780832416,
        0.6649209730517284,
        5.80823489798702,
        4.003782846845639,
        2.301745725628761,
        4.036568712958507,
        0.027922383447262496,
        6.169365045143414,
        2.6758345622952713,
        4.505546220471522,
        0.510632668246584,
        2.843008657386978,
        2.997006710264939,
        6.000584479573627,
        3.5201766480463186,
        2.8361496817856637,
        1.6774001526604374,
        2.620211706462079,
        3.62283302729031,
        3.1172743983787816,
        0.24081163417618082,
        5.083148247354407,
        5.563784202938009,
        1.0202930745822159,
        3.411915816186992,
        1.0341656635219847,
        4.235516685143484,
        1.9651254239941738,
        4.125320034373435
    ],
    "Cmin, Cmax, frob_norm, shift": [
        1.473728550170648,
        2983.2052837360643,
        565.1058963899055,
        563.0238790798359
    ]
}