{
    "Calculated Minimum Energy [norm, row]": [
        0.005321405313656987,
        -0.9656298967574315
    ],
    "Corresponding loss function": 0.0161923047750244,
    "Solution for Minimum Energy": [
        1.0,
        1.0,
        -1.0,
        -1.0,
        -1.0,
        1.0,
        1.0,
        1.0,
        1.0,
        -1.0,
        1.0,
        1.0,
        1.0,
        1.0,
        1.0,
        -1.0,
        1.0,
        1.0
    ],
    "Corresponding exp value": [
        0.6458562684530426,
        -0.28455915997942793,
        -0.49666663550073636,
        -0.4220445327697702,
        -0.3639924629221319,
        -0.018929382957221623,
        0.0095995486041097,
        -0.0493085866409132,
        0.18070903409555644,
        -0.5210591492222196,
        0.17681010203408332,
        -0.11381128721421377,
        0.15697412590465065,
        -0.25459694205379874,
        -0.04077782909184384,
        -0.33445785810725537,
        -0.17217263299919386,
        0.12358931634801892
    ],
    "Number for Minimum Energy": 33308,
    "Elapsed Time [seconds]": 0.040581703186035156,
    "Elapsed Time [hours, minutes, seconds]": [
        0,
        0,
        0.04
    ],
    "Current function value": -0.9082705519615532,
    "Iterations": 9,
    "Function Evaluations, Estimation": [
        69,
        4104
    ],
    "Gradient Evaluations": 57,
    "Number of Parameters": 71,
    "Minimum Parameters": [
        5.500212240483439,
        3.801841883539899,
        1.946795434886978,
        7.336171732238608,
        5.939586268771018,
        -0.8110234441922685,
        3.50583256444491,
        2.4633190842056045,
        4.924548038190764,
        7.463601529936403,
        2.310843078720425,
        6.461951950576948,
        -0.35306221726979536,
        4.109092939866036,
        -0.7252522253309537,
        4.1261516910215565,
        -2.2133605548249045,
        1.7084392770550918,
        -1.5589736879714704,
        7.4232384451441895,
        3.9630869189182523,
        1.1073885973063406,
        5.200793524624992,
        4.364621635683918,
        3.7768203413686727,
        2.8518588608882327,
        7.666549418688537,
        1.5269585459295456,
        0.36305452830073187,
        1.6256346314421526,
        4.670657001497403,
        -1.5737847384126975,
        2.233260758427794,
        1.2741577996303721,
        0.7121109042004419,
        2.949715037686563,
        2.484348991882251,
        1.6896576768442129,
        6.913126669745305,
        4.362547037291184,
        0.860198772285042,
        2.004583128867637,
        4.215436153943972,
        8.756190109417998,
        4.596398191310078,
        4.157120683528234,
        -2.676502899499549,
        1.4960145940868488,
        0.20540644788758505,
        0.3475323679387682,
        4.439085139108983,
        2.8201377400023344,
        2.6573633343975747,
        4.9074473367377,
        -1.6864620608592202,
        3.6249297820017974,
        2.7128732993203393,
        4.21647135770194,
        -0.6238169967090117,
        2.3595825539145947,
        9.982099104131764,
        1.273953550029907,
        3.357158110817141,
        6.100736918604849,
        4.022626175593143,
        6.186884158807056,
        4.374653779581288,
        8.20363567526591,
        4.154331086714705,
        2.704137004612042,
        3.8130553763190296
    ],
    "Cmin, Cmax, frob_norm, shift": [
        1.473728550170648,
        2983.2052837360643,
        565.1058963899055,
        563.0238790798359
    ]
}