{
    "Calculated Minimum Energy [norm, row]": [
        0.0002959022389133111,
        -0.9921465216845018
    ],
    "Corresponding loss function": 0.14370449426516985,
    "Solution for Minimum Energy": [
        1.0,
        1.0,
        1.0,
        1.0,
        -1.0,
        -1.0,
        -1.0,
        1.0,
        -1.0,
        -1.0,
        -1.0,
        1.0,
        1.0,
        1.0,
        1.0,
        1.0,
        1.0,
        1.0
    ],
    "Corresponding exp value": [
        0.24311082351770918,
        0.18762312674578446,
        0.3699412500463954,
        0.43133955313180905,
        -0.008136623206349114,
        -0.009533304267515252,
        -0.1588617025524719,
        0.04330981374616223,
        -0.18244324867708372,
        -0.3796730147819136,
        -0.1284784859844321,
        0.18594258039115244,
        0.2805719012839818,
        0.36076404810700496,
        0.2581890341781932,
        0.5210602436104897,
        0.4778205580945968,
        0.4387404184515026
    ],
    "Number for Minimum Energy": 1904,
    "Elapsed Time [seconds]": 1.1966497898101807,
    "Elapsed Time [hours, minutes, seconds]": [
        0,
        0,
        1.2
    ],
    "Current function value": -0.47472998542933786,
    "Iterations": 109,
    "Function Evaluations, Estimation": [
        7881,
        7881
    ],
    "Gradient Evaluations": 111,
    "Number of Parameters": 70,
    "Minimum Parameters": [
        4.060193775986059,
        0.5879266502428361,
        0.9314621727079156,
        2.6296297488920244,
        6.136264260793271,
        3.748297839095334,
        5.817750129963389,
        5.060643361140819,
        2.8656474254957565,
        4.879027935159633,
        0.03543591347006601,
        0.6894025544553487,
        5.222509536809397,
        5.010957881519039,
        1.438874472845843,
        3.417359066832226,
        3.8673963492000953,
        5.488593346896678,
        3.906136914081182,
        2.6503792330732505,
        2.4259882597828377,
        2.636071106939703,
        4.012169428588031,
        5.380086759828844,
        2.7805516379049497,
        1.5473829547757905,
        1.4765685126966046,
        4.6254403169437674,
        5.20624079099565,
        0.7805954068579656,
        0.37739096789905174,
        3.751730239439275,
        0.8753381829170427,
        5.265597840490071,
        1.931235518435986,
        0.87938636830174,
        5.735224431857757,
        0.9605061854988304,
        1.8906688165014507,
        1.0002749493560235,
        0.733658444385176,
        0.2724287448466909,
        0.3444166609601985,
        1.1900770697326617,
        0.3067496030958051,
        3.7316352769641044,
        4.2343184766925885,
        2.4186762178702206,
        1.8649244326522199,
        3.212026727880148,
        5.430228407129032,
        5.287787911120425,
        0.22044353976148862,
        1.1849294165133872,
        1.491747744923374,
        1.7150609380301918,
        3.6998257930480536,
        2.5447038402729523,
        0.39548385529130464,
        2.34738144566189,
        3.395615243772821,
        0.6767291330594296,
        5.336573285714457,
        0.3723771215467667,
        5.857538992716617,
        0.5390035609485997,
        5.30156584526357,
        5.6559403483386514,
        6.111393809038769,
        4.96977791028752
    ],
    "Cmin, Cmax, frob_norm, shift": [
        1.473728550170648,
        2983.2052837360643,
        565.1058963899055,
        563.0238790798359
    ]
}