{
    "Calculated Minimum Energy [norm, row]": [
        0.0021563983444184225,
        -0.9823297776343611
    ],
    "Corresponding loss function": 0.028517986043796177,
    "Solution for Minimum Energy": [
        1.0,
        1.0,
        1.0,
        -1.0,
        -1.0,
        1.0,
        -1.0,
        -1.0,
        1.0,
        1.0,
        1.0,
        -1.0,
        1.0,
        1.0,
        1.0,
        1.0,
        1.0,
        1.0
    ],
    "Corresponding exp value": [
        0.13916891291211925,
        0.43243074496000683,
        0.1951802369320384,
        -0.08045388144305782,
        -0.012330190284423947,
        0.4103406930233844,
        -0.26934135141864757,
        -0.41416461204785615,
        0.05124310078508632,
        0.1191635894301886,
        0.013230741143540246,
        -0.19220709843031059,
        0.4175127041934896,
        0.6746182292552957,
        0.3896455421804253,
        0.6542824412887717,
        0.6186269122353597,
        0.5833098051269254
    ],
    "Number for Minimum Energy": 2264,
    "Elapsed Time [seconds]": 0.08592057228088379,
    "Elapsed Time [hours, minutes, seconds]": [
        0,
        0,
        0.09
    ],
    "Current function value": -0.8706302251052184,
    "Iterations": 102,
    "Function Evaluations, Estimation": [
        106,
        7526
    ],
    "Gradient Evaluations": 106,
    "Number of Parameters": 70,
    "Minimum Parameters": [
        4.9434776926649,
        4.03636993600762,
        4.734287125067334,
        0.8976310928549501,
        3.681720558332005,
        3.245929516892566,
        5.29880657750868,
        2.8487627919055503,
        2.512692652702774,
        4.045334116440207,
        1.329092461199953,
        0.769389482880828,
        2.94938905482467,
        2.707917697539669,
        1.3768925863643948,
        2.353087942012644,
        2.169898172622028,
        2.0184092033959384,
        2.1280808393776005,
        4.385915581067606,
        2.0308457482165228,
        6.08930178190868,
        5.795517267918204,
        3.2007204965261846,
        2.0471392846713115,
        3.358557536346737,
        5.450262103763377,
        4.370030149414024,
        5.323426208663873,
        3.4448727232894543,
        3.6956841101923934,
        1.9340134099455588,
        4.713594303075487,
        1.4538209478680122,
        4.194777496398299,
        5.327438560634038,
        0.8076019743596469,
        3.907319773103312,
        0.7333415159700057,
        4.5071532998475865,
        0.3799632582004324,
        5.702615331922563,
        1.016922453928966,
        6.1595628605899835,
        4.8466744775156405,
        3.6376550751106524,
        4.815756778926506,
        5.069129768472923,
        5.817021140414039,
        1.5421884425718582,
        3.6274043219210634,
        0.40395073344731525,
        3.8323445892656416,
        1.1505173166484175,
        3.5611901139196243,
        3.6513310425255963,
        2.95621539058942,
        3.150213720220117,
        5.078849167125019,
        4.84545503376687,
        2.733785049133415,
        3.703496080504741,
        5.762831766106685,
        0.624756351338793,
        0.9286808213620138,
        0.33930823498422874,
        4.108403351533234,
        2.695932843889551,
        5.0286874256931595,
        4.180274634296547
    ],
    "Cmin, Cmax, frob_norm, shift": [
        1.473728550170648,
        2983.2052837360643,
        565.1058963899055,
        563.0238790798359
    ]
}