{
    "Calculated Minimum Energy [norm, row]": [
        0.026761344800326718,
        -0.852503941928302
    ],
    "Corresponding loss function": 0.030657779304435875,
    "Solution for Minimum Energy": [
        1.0,
        1.0,
        1.0,
        1.0,
        1.0,
        1.0,
        1.0,
        1.0,
        1.0,
        1.0,
        1.0,
        1.0,
        -1.0,
        1.0,
        1.0,
        1.0,
        1.0,
        1.0
    ],
    "Corresponding exp value": [
        0.16501956965507927,
        0.32375346866086746,
        0.00063241234938938,
        0.16200748270304424,
        -0.15380135171513484,
        0.1328560371737437,
        -0.0005433012461164739,
        0.14816162390526055,
        -0.09605557585898447,
        0.07918365138271136,
        0.45504613984933306,
        0.0320653932498607,
        -0.4310408664225108,
        -0.18263218268178322,
        0.0357952467480425,
        0.08838164299942101,
        0.3473249390575992,
        0.4336036170660218
    ],
    "Number for Minimum Energy": 4096,
    "Elapsed Time [seconds]": 0.05662965774536133,
    "Elapsed Time [hours, minutes, seconds]": [
        0,
        0,
        0.06
    ],
    "Current function value": -0.8385541925541283,
    "Iterations": 3,
    "Function Evaluations, Estimation": [
        66,
        3888
    ],
    "Gradient Evaluations": 54,
    "Number of Parameters": 71,
    "Minimum Parameters": [
        4.462015729851785,
        4.724671887255868,
        0.7386896291486835,
        5.854922918484844,
        1.4867221247617908,
        0.289305502067697,
        3.551196222572097,
        2.3541971249978753,
        5.124215405835477,
        5.143881535621639,
        2.073027962603925,
        6.035233702618661,
        1.7623963798261384,
        3.178848943882925,
        1.5999020329160192,
        5.950540864868319,
        1.0629857897149986,
        0.1829128621536991,
        2.6287703581114714,
        6.199261229222723,
        5.635826912769057,
        4.685594804395729,
        5.561302828448285,
        5.628427446783847,
        3.2887639338896664,
        2.0142845610407543,
        4.921584268227387,
        4.098391571073116,
        2.2927992883935984,
        0.536753096692768,
        4.559427398419759,
        1.7068122356740623,
        5.830689898678051,
        1.4784251739112857,
        0.7817402255255329,
        5.195738111547672,
        0.986245535685895,
        1.168960736832126,
        3.684910232807047,
        5.511331693875562,
        1.1416637108979986,
        1.9308573145767307,
        4.965631441692373,
        6.087567010944509,
        2.98882216741958,
        0.8469998244911645,
        0.1544950365977709,
        1.40841811953217,
        0.8634396197589137,
        4.310647668782642,
        0.7486760273771262,
        3.144472167474361,
        4.414491327558644,
        3.6333488975324917,
        1.3652389864684054,
        4.973338323684885,
        4.6604211865875795,
        4.641996198137261,
        0.8690421576191892,
        0.7164990950340989,
        5.800574797479925,
        2.441655618281549,
        1.9691565608644552,
        2.979182962395563,
        4.201875024021284,
        6.0730926513983245,
        1.76868364323492,
        5.789530406536777,
        0.06429898288828265,
        3.3721332004616236,
        0.840309922868013
    ],
    "Cmin, Cmax, frob_norm, shift": [
        1.473728550170648,
        2983.2052837360643,
        565.1058963899055,
        563.0238790798359
    ]
}