{
    "Calculated Minimum Energy [norm, row]": [
        0.015725463373792034,
        -0.9107337995514548
    ],
    "Corresponding loss function": 0.1438850879321346,
    "Solution for Minimum Energy": [
        -1.0,
        -1.0,
        -1.0,
        1.0,
        1.0,
        1.0,
        -1.0,
        1.0,
        1.0,
        1.0,
        -1.0,
        -1.0,
        1.0,
        1.0,
        1.0,
        1.0,
        1.0,
        1.0
    ],
    "Corresponding exp value": [
        -0.15153959274071319,
        -0.12442367618101502,
        -0.3887139856403981,
        0.3426012048646487,
        0.10229771252523193,
        0.22491132522561524,
        -0.010623478378932166,
        0.08701008073517502,
        0.29896727516195337,
        0.021379267198912012,
        -0.23325264527426143,
        -0.34065455194755023,
        0.3675143627219262,
        0.46987970881423974,
        0.5430060871479363,
        0.264715171199721,
        0.27860812238667787,
        0.6995148440681824
    ],
    "Number for Minimum Energy": 3143,
    "Elapsed Time [seconds]": 0.629448413848877,
    "Elapsed Time [hours, minutes, seconds]": [
        0,
        0,
        0.63
    ],
    "Current function value": -0.4649311666412749,
    "Iterations": 56,
    "Function Evaluations, Estimation": [
        4189,
        4189
    ],
    "Gradient Evaluations": 59,
    "Number of Parameters": 70,
    "Minimum Parameters": [
        3.8313971785132113,
        4.089689486055629,
        1.0273383011372723,
        6.38056081821852,
        1.5914995969442398,
        0.6536214210904533,
        3.7547475838461524,
        2.455724241521054,
        4.607035002691124,
        5.2706309777100016,
        2.604314670820008,
        6.243874540718358,
        1.345957637616429,
        2.8624031874063216,
        1.5530147305866722,
        6.243464994622977,
        1.1523841734981566,
        -0.2451983690913317,
        2.092630878590758,
        5.80943913826829,
        5.81468518460733,
        4.646300536138787,
        5.383149560697517,
        5.561003117585561,
        3.3907368826348945,
        2.1434326509203454,
        5.189525602757511,
        3.985205583615082,
        2.0156293269182406,
        0.23301421952687787,
        4.03285009222728,
        1.9858164979977888,
        5.735110095323859,
        1.1202278034502018,
        0.7660297958511205,
        5.0802028240328045,
        0.9444643982339868,
        1.4534405133983683,
        3.4569924762831623,
        5.364364009113647,
        0.4360742658365634,
        1.8298787836102037,
        5.109286380851005,
        6.014251593256849,
        2.428345169158525,
        0.5485170350643291,
        0.30780764328942134,
        1.0857273591677696,
        0.9872549613049729,
        4.569238701028714,
        0.543552292386353,
        3.0140486925378465,
        4.668469957904282,
        3.765027943503967,
        2.126119956607122,
        4.681908576865249,
        5.183906640963958,
        4.549080486538133,
        1.1406885510154319,
        0.38999078956106004,
        5.867288309932237,
        2.021172967373999,
        2.2395690715697145,
        2.645942266676868,
        4.182536733477506,
        6.545108806208521,
        1.5625126145271928,
        5.841489216708978,
        -0.3915470809536599,
        2.951093335610709
    ],
    "Cmin, Cmax, frob_norm, shift": [
        1.473728550170648,
        2983.2052837360643,
        565.1058963899055,
        563.0238790798359
    ]
}