{
    "Calculated Minimum Energy [norm, row]": [
        0.00450231689976873,
        -0.9699517447257151
    ],
    "Corresponding loss function": -0.014250101662057342,
    "Solution for Minimum Energy": [
        1.0,
        1.0,
        -1.0,
        1.0,
        1.0,
        1.0,
        -1.0,
        -1.0,
        1.0,
        1.0,
        -1.0,
        -1.0,
        1.0,
        1.0,
        1.0,
        1.0,
        1.0,
        1.0
    ],
    "Corresponding exp value": [
        0.3941280315986191,
        0.3128825387675369,
        -0.10053677740640256,
        0.23696131234824905,
        0.08438865133294157,
        0.09682264734634372,
        -0.25443186642212856,
        -0.27339890119970794,
        0.060262890963147984,
        0.45958748564469354,
        -0.41511411870699955,
        -0.3671422923859953,
        0.13826244569731777,
        0.49062006851588486,
        0.2392041943374696,
        0.08723012711240834,
        0.3611083511104911,
        0.17168227288848256
    ],
    "Number for Minimum Energy": 3268,
    "Elapsed Time [seconds]": 0.02953481674194336,
    "Elapsed Time [hours, minutes, seconds]": [
        0,
        0,
        0.03
    ],
    "Current function value": -1.0699510703986157,
    "Iterations": 33,
    "Function Evaluations, Estimation": [
        36,
        2592
    ],
    "Gradient Evaluations": 36,
    "Number of Parameters": 71,
    "Minimum Parameters": [
        4.590687472656594,
        4.865662701460504,
        1.1121429653793626,
        6.059170566648404,
        1.456215016411276,
        -0.033290248200658845,
        3.8604869026365147,
        2.43871214717144,
        5.08467612443527,
        5.7899898118425295,
        1.872004530013758,
        6.018555376528693,
        1.6758099555691934,
        3.6891955359356636,
        1.6346041577645567,
        5.679235180580656,
        1.0508153561320341,
        0.5300833617011498,
        2.5958238353554592,
        6.5249935686009595,
        5.599262618600442,
        4.76664730033716,
        5.385192507341184,
        5.487331686110471,
        3.511493543376641,
        2.2428629318433075,
        5.258916507115756,
        3.511134677881826,
        1.9610770256804173,
        0.9905885856306527,
        4.731383746575147,
        1.2949523782053836,
        6.006533478259489,
        1.7802021096072624,
        0.5979276756174827,
        5.324298365741775,
        0.9816554959794851,
        0.7015534827682172,
        3.8233405636545945,
        5.172811892398243,
        1.1803119544726355,
        1.4149397502226826,
        4.992404235480644,
        6.34402122579047,
        3.6550928740385977,
        1.26595050247198,
        0.10437014354095964,
        1.6625755803672888,
        0.5135700797042417,
        4.1639910183113304,
        1.0053182304006876,
        3.0143302179842393,
        4.258179864600271,
        3.9381756403544648,
        0.9063133093262064,
        4.584486796175986,
        4.357943854297544,
        4.690517351049983,
        0.4027037945289338,
        0.8455964633796201,
        5.706193923667663,
        2.4138494108032353,
        2.261497396703892,
        3.288796988235445,
        4.161551734309121,
        6.112121267096488,
        2.233376656224802,
        5.960363828701899,
        0.5399187906372354,
        3.4477155729971134,
        0.15892694806363633
    ],
    "Cmin, Cmax, frob_norm, shift": [
        1.473728550170648,
        2983.2052837360643,
        565.1058963899055,
        563.0238790798359
    ]
}