{
    "Calculated Minimum Energy [norm, row]": [
        0.004774714260603739,
        -0.9685144640115342
    ],
    "Corresponding loss function": 0.023989207985793473,
    "Solution for Minimum Energy": [
        -1.0,
        1.0,
        1.0,
        -1.0,
        1.0,
        1.0,
        1.0,
        1.0,
        -1.0,
        -1.0,
        -1.0,
        1.0,
        1.0,
        1.0,
        1.0,
        -1.0,
        1.0,
        1.0
    ],
    "Corresponding exp value": [
        -0.452410705763102,
        0.04474745312852037,
        0.220070933060179,
        -0.15416807277973377,
        0.10730971757653228,
        0.29275346866884167,
        0.16266346747213334,
        0.15233982945626182,
        -0.16276120931837548,
        -0.136571442446139,
        -0.411543831822069,
        0.12991344513993713,
        0.2740050233115005,
        0.050235939496999074,
        0.24453221538403874,
        -0.07472403126631269,
        0.18838722316184467,
        0.08891953084181553
    ],
    "Number for Minimum Energy": 34569,
    "Elapsed Time [seconds]": 0.051488637924194336,
    "Elapsed Time [hours, minutes, seconds]": [
        0,
        0,
        0.05
    ],
    "Current function value": -0.8728463741569578,
    "Iterations": 9,
    "Function Evaluations, Estimation": [
        89,
        5472
    ],
    "Gradient Evaluations": 76,
    "Number of Parameters": 71,
    "Minimum Parameters": [
        1.0477634815553527,
        3.064825531592874,
        0.8012752015701783,
        4.304535927830857,
        2.9488985719289715,
        2.419837917454177,
        1.6576817556949381,
        3.6878760022720183,
        2.150627570337105,
        0.6340662936738429,
        0.9771367692646061,
        6.060026446849061,
        5.831813244228423,
        4.629672064623426,
        1.7577433663263582,
        6.232123408474403,
        4.938970863224925,
        4.595709761053219,
        2.8023997704549184,
        1.6920788091993066,
        0.6012272958556351,
        5.487840676440532,
        3.249326732753882,
        1.4269932518338708,
        1.6384408977542169,
        3.6995211561575068,
        0.9738048810732871,
        5.239967585672517,
        4.807846794007246,
        4.638615403803403,
        2.5777770677883587,
        3.9431636717988376,
        3.6101299714232793,
        4.114908643001856,
        0.6589795190959403,
        2.354562403157811,
        0.3827685743728908,
        3.0311921379991866,
        1.837870163428399,
        0.8712108097454383,
        0.6086615294915749,
        3.805427206575426,
        1.089345967366824,
        5.922221329727371,
        3.6605461064606057,
        2.2076561297251454,
        3.6679924451285233,
        0.18450253881835094,
        6.030777802529958,
        2.753311683441202,
        4.7524839093615805,
        0.5453426784695878,
        2.97180662732656,
        3.080797728330964,
        5.810440133694928,
        3.3234402606549462,
        3.0133722262693543,
        1.6437311305644027,
        2.3377605507518293,
        3.433548555794676,
        2.813166042523311,
        0.1557744704236208,
        5.205568008693463,
        5.530749055734158,
        0.8489638498689843,
        3.4611671705482174,
        0.8143470786080895,
        4.180818251990072,
        1.8313834799574533,
        4.232204278143372,
        0.08560202070903276
    ],
    "Cmin, Cmax, frob_norm, shift": [
        1.473728550170648,
        2983.2052837360643,
        565.1058963899055,
        563.0238790798359
    ]
}