{
    "Calculated Minimum Energy [norm, row]": [
        0.006694601067395759,
        -0.9583843501501014
    ],
    "Corresponding loss function": 0.017561104414852386,
    "Solution for Minimum Energy": [
        1.0,
        -1.0,
        -1.0,
        -1.0,
        -1.0,
        1.0,
        -1.0,
        1.0,
        -1.0,
        -1.0,
        1.0,
        -1.0,
        1.0,
        1.0,
        1.0,
        1.0,
        1.0,
        1.0
    ],
    "Corresponding exp value": [
        0.05361993228591262,
        -0.5137108298167794,
        -0.1318175759836257,
        -0.13576681403335616,
        -0.24583423258292647,
        0.4581794761810143,
        -0.016290274100085378,
        0.5638141774109513,
        -0.21166186556014924,
        -0.003645741068349098,
        0.19275387707671923,
        -0.48301797710993755,
        0.7627535810305007,
        0.8152012508417297,
        0.6181919831554366,
        0.609235738371386,
        0.8131990122180839,
        0.742020525093546
    ],
    "Number for Minimum Energy": 2910,
    "Elapsed Time [seconds]": 1.2431690692901611,
    "Elapsed Time [hours, minutes, seconds]": [
        0,
        0,
        1.24
    ],
    "Current function value": -0.9112858952297054,
    "Iterations": 113,
    "Function Evaluations, Estimation": [
        8094,
        8094
    ],
    "Gradient Evaluations": 114,
    "Number of Parameters": 70,
    "Minimum Parameters": [
        1.1698863044860999,
        3.419349254621035,
        0.6910686107843115,
        4.261086857267446,
        2.840046899349077,
        2.6290141080550007,
        1.655954327270036,
        3.5033662209489878,
        2.0314614315748534,
        0.3322352748604039,
        1.185087543632051,
        6.0041778593923,
        6.364124461989886,
        4.359979554144646,
        1.899472763862656,
        6.1251383910740715,
        4.72450657308595,
        5.1475852543670575,
        1.6404319968271268,
        1.64468200674934,
        0.959019731427984,
        5.46916477737141,
        2.8541062163211808,
        1.5814136097854326,
        1.4329726776005884,
        3.9487530391939196,
        1.3042896365574776,
        5.538770501607144,
        4.807258660591143,
        4.303765954224574,
        2.098481281524645,
        3.7434351832485073,
        3.4684736105632066,
        3.8855237781217022,
        0.9182192167373486,
        2.3154831380023184,
        0.369985429405971,
        3.1205100349201524,
        1.4431773664729834,
        1.066569144603641,
        0.30547529819774455,
        3.7683418352525786,
        0.7945460178102932,
        5.563655848076389,
        3.848595231566939,
        2.210732364545225,
        3.8475923451310425,
        -0.24154285340826517,
        6.057458115386407,
        2.5271023382927478,
        4.283952244924631,
        0.28852805676622345,
        2.68913862281974,
        3.0564780213010727,
        6.11473555503201,
        3.609542225886658,
        2.712111504408424,
        2.012538252315811,
        3.006631876461597,
        3.757542423731321,
        3.2721663114214667,
        0.5346916848124607,
        4.806589836216389,
        5.542803137539535,
        0.8063493283841828,
        3.2467945335617645,
        0.937451474593688,
        4.314579025469367,
        2.0068199987961237,
        4.040562585588965
    ],
    "Cmin, Cmax, frob_norm, shift": [
        1.473728550170648,
        2983.2052837360643,
        565.1058963899055,
        563.0238790798359
    ]
}