{
    "Calculated Minimum Energy [norm, row]": [
        0.0018485944446176446,
        -0.9839538778370105
    ],
    "Corresponding loss function": 0.019007495193689824,
    "Solution for Minimum Energy": [
        1.0,
        1.0,
        -1.0,
        -1.0,
        -1.0,
        1.0,
        -1.0,
        1.0,
        -1.0,
        1.0,
        1.0,
        -1.0,
        1.0,
        -1.0,
        -1.0,
        1.0,
        1.0,
        1.0
    ],
    "Corresponding exp value": [
        0.20509698235579643,
        0.23240458465780425,
        -0.176166164352396,
        -0.25096207591970604,
        -0.3471748672387346,
        0.24654739102983353,
        -0.15548252269289292,
        0.5743553675532356,
        -0.3338080346144274,
        0.14631557504289677,
        0.18136435738567985,
        -0.1462644282369616,
        0.01313001240183817,
        -0.4424690178491867,
        -0.21563084574243366,
        0.24816629406710825,
        0.49419919719098115,
        0.16842591205708846
    ],
    "Number for Minimum Energy": 26972,
    "Elapsed Time [seconds]": 0.35338544845581055,
    "Elapsed Time [hours, minutes, seconds]": [
        0,
        0,
        0.35
    ],
    "Current function value": -0.9227389666245841,
    "Iterations": 234,
    "Function Evaluations, Estimation": [
        246,
        17712
    ],
    "Gradient Evaluations": 246,
    "Number of Parameters": 71,
    "Minimum Parameters": [
        4.2444869729052375,
        4.434014991720602,
        0.8009706812024047,
        6.027744803481734,
        1.4805518318210469,
        0.37894677154685436,
        3.5789037947101208,
        2.41503465020166,
        4.976123563251062,
        5.182070197884,
        2.173157556825173,
        6.034219456843472,
        1.6013036688905837,
        3.0590069625099545,
        1.5823344320606252,
        6.007593038998545,
        0.9996023352058416,
        0.06388644545262927,
        2.3893688235447126,
        6.105881311410981,
        5.659500104323196,
        4.565351554446026,
        5.5364209102539,
        5.577512643008834,
        3.42938314847993,
        2.103846005491658,
        4.942137697918413,
        3.889996409708253,
        2.0701732769643044,
        0.42474349099839337,
        4.2643742507007,
        1.703861539671551,
        5.508808413180436,
        1.3770391940349485,
        0.884045268848534,
        5.080968941362822,
        1.270237442275419,
        1.2162538272325965,
        3.4468975668792536,
        5.600022317984896,
        1.3331559469866197,
        1.8386484629396487,
        5.106109318952456,
        6.058436377504854,
        2.7947998320788137,
        0.8852657845722356,
        0.012519367877587093,
        1.3674914049837297,
        0.9945805261326234,
        4.393561135226205,
        0.5874123976035391,
        3.1721795652624696,
        4.463798183412261,
        3.5992298373635223,
        1.3610162067178087,
        4.794553661377261,
        4.990419442010664,
        4.526392525148955,
        1.0085093934129947,
        0.7334729735912293,
        5.742449271445058,
        2.382111082958128,
        1.9390093812249671,
        2.915576679687303,
        4.074890965428957,
        6.24024047832484,
        1.4772059108041002,
        5.4195861142731845,
        -0.06744330663377,
        3.025651916824564,
        0.89045268600224
    ],
    "Cmin, Cmax, frob_norm, shift": [
        1.473728550170648,
        2983.2052837360643,
        565.1058963899055,
        563.0238790798359
    ]
}