{
    "Calculated Minimum Energy [norm, row]": [
        0.0049552157835719675,
        -0.9675620636026344
    ],
    "Corresponding loss function": 0.01946487825010272,
    "Solution for Minimum Energy": [
        -1.0,
        -1.0,
        -1.0,
        -1.0,
        -1.0,
        1.0,
        -1.0,
        1.0,
        -1.0,
        -1.0,
        1.0,
        1.0,
        1.0,
        1.0,
        -1.0,
        1.0,
        1.0,
        1.0
    ],
    "Corresponding exp value": [
        -0.04172685554549318,
        -0.1730807937995866,
        -0.04184028137297042,
        -0.22804042589537277,
        -0.19498785103586413,
        0.24214904158100542,
        -0.056928072046415534,
        0.40722071391027703,
        -0.07891222947094437,
        -0.04742086380655455,
        0.1775093409561186,
        0.023624051019849067,
        0.4232145487925016,
        0.293018699233041,
        -0.15066018219884497,
        0.49536700261435684,
        0.28802958171741,
        0.3308787069296867
    ],
    "Number for Minimum Energy": 17247,
    "Elapsed Time [seconds]": 0.44684863090515137,
    "Elapsed Time [hours, minutes, seconds]": [
        0,
        0,
        0.45
    ],
    "Current function value": -0.9050689151668203,
    "Iterations": 319,
    "Function Evaluations, Estimation": [
        341,
        24211
    ],
    "Gradient Evaluations": 341,
    "Number of Parameters": 70,
    "Minimum Parameters": [
        1.2062589663475984,
        3.1641432348739946,
        1.0385508465613946,
        4.511739293373912,
        2.9260696399153443,
        2.4991414074435148,
        1.7453620021231844,
        3.817989507327759,
        2.2323598104621905,
        0.5446543136238875,
        0.7104460001135913,
        5.925062205642276,
        5.648916270543673,
        4.399443287524999,
        1.9099158546718966,
        6.224326383446237,
        4.915818141791442,
        4.589465893783861,
        2.2262382377697154,
        1.5756079178405435,
        0.7364106541841695,
        5.573000594734345,
        3.3560903645386135,
        1.5254164265148737,
        1.6208397322971868,
        3.635737544838524,
        1.1314205371001202,
        5.407529181025048,
        4.854251317077947,
        4.453711115915206,
        2.6886676697992447,
        3.8525873461160676,
        3.8508156948624057,
        4.3102383546942695,
        0.5368893696689663,
        2.4522738288475345,
        0.4492642154699584,
        3.1413383840233684,
        1.9557616254910206,
        0.8187997656092489,
        0.5262531504912784,
        3.712139404257786,
        0.932160350501547,
        5.992849797732137,
        3.614614744835916,
        2.269706483430849,
        3.6896980820552194,
        0.08030145519946924,
        6.097540389849496,
        2.9042606778931233,
        5.015211250174082,
        0.5697380418552793,
        2.7658604707352428,
        3.1154770747248475,
        5.870556423457191,
        3.553502796539977,
        2.776057737731738,
        1.4331425555878137,
        2.0351940174686245,
        3.338579580172492,
        2.745226412594376,
        0.3060524274695289,
        5.101064892203439,
        5.357102243262572,
        0.9284535580620774,
        3.5458329829571533,
        0.7148304067775695,
        4.312756550333214,
        1.923880726562092,
        4.265053467787307
    ],
    "Cmin, Cmax, frob_norm, shift": [
        1.473728550170648,
        2983.2052837360643,
        565.1058963899055,
        563.0238790798359
    ]
}