{
    "Calculated Minimum Energy [norm, row]": [
        0.0020171926121152046,
        -0.9830642844362241
    ],
    "Corresponding loss function": 0.020184350459267128,
    "Solution for Minimum Energy": [
        1.0,
        1.0,
        1.0,
        -1.0,
        -1.0,
        1.0,
        -1.0,
        1.0,
        1.0,
        1.0,
        1.0,
        -1.0,
        1.0,
        -1.0,
        -1.0,
        1.0,
        1.0,
        1.0
    ],
    "Corresponding exp value": [
        0.04149197558010535,
        0.5680897820558434,
        0.40456144008679495,
        -0.19177415253954777,
        -0.3979355162418161,
        0.5206755273909308,
        -0.0640181704249268,
        0.5554724399758771,
        0.13503648901451884,
        0.16052580285483953,
        0.4119787547861729,
        -0.14637684930461836,
        0.09101379463622344,
        -0.3063592791449223,
        -0.031191511038334053,
        0.4705005826219409,
        0.7711834294044037,
        0.49170750055857915
    ],
    "Number for Minimum Energy": 26712,
    "Elapsed Time [seconds]": 0.10026359558105469,
    "Elapsed Time [hours, minutes, seconds]": [
        0,
        0,
        0.1
    ],
    "Current function value": -0.9692619168080945,
    "Iterations": 78,
    "Function Evaluations, Estimation": [
        80,
        5680
    ],
    "Gradient Evaluations": 80,
    "Number of Parameters": 70,
    "Minimum Parameters": [
        4.41112070560411,
        4.6720159425842684,
        0.8688399549238879,
        6.242480520253636,
        1.4664872291287754,
        0.4027499892963104,
        3.5011408499073426,
        2.546245680624212,
        5.357695928188597,
        5.295663438118758,
        1.980971271778058,
        5.874832036195699,
        1.5198733591791262,
        2.911633283674693,
        1.5508881413494544,
        6.190697822324241,
        0.9688675419913493,
        0.08067822529265557,
        2.6515033642690637,
        6.093882255061501,
        5.775092025801041,
        4.6273384265559505,
        5.28386622034027,
        5.543728992718215,
        3.4202874547864375,
        2.5196079080723406,
        5.0805187858998675,
        4.0108961712564035,
        2.2546102551875937,
        0.5538255095801159,
        4.356553408201559,
        1.6321859804341678,
        5.89758104999096,
        1.3954299643120447,
        0.5184260717654136,
        4.986829189566475,
        1.1172127237050524,
        1.3314803566402085,
        3.5403610148792377,
        5.456604252865875,
        1.0135914831451731,
        1.939791539525501,
        5.238384373886339,
        6.399296985772501,
        2.7288617069500236,
        0.8165073780633748,
        0.2518889183407637,
        1.3601156805840517,
        0.9725905502363896,
        4.291474310762833,
        0.5143181838478698,
        3.295295495551648,
        4.310622665822502,
        3.647102574226883,
        1.791986174577004,
        4.782088938465972,
        4.791398476526155,
        4.4507518513080395,
        0.983727878525677,
        0.3588029658741758,
        5.948875057350933,
        2.485698972337685,
        2.1548969026284563,
        2.7500486137749274,
        4.166020041684988,
        6.2845516847837795,
        1.821521101180088,
        5.66906034684731,
        0.13586490639808008,
        2.9766934275515076
    ],
    "Cmin, Cmax, frob_norm, shift": [
        1.473728550170648,
        2983.2052837360643,
        565.1058963899055,
        563.0238790798359
    ]
}