{
    "Calculated Minimum Energy [norm, row]": [
        0.0049552157835719675,
        -0.9675620636026344
    ],
    "Corresponding loss function": 0.027642915795758404,
    "Solution for Minimum Energy": [
        -1.0,
        -1.0,
        -1.0,
        -1.0,
        -1.0,
        1.0,
        -1.0,
        1.0,
        -1.0,
        -1.0,
        1.0,
        1.0,
        1.0,
        1.0,
        -1.0,
        1.0,
        1.0,
        1.0
    ],
    "Corresponding exp value": [
        -0.059754747442540626,
        -0.2542938934118621,
        -0.028537272714622215,
        -0.021684754297952764,
        -0.1383776183810951,
        0.11885840988861081,
        -0.012567374071026108,
        0.46099815829977686,
        -0.025330774901276602,
        -0.009908385801188802,
        0.0034680225315737723,
        0.0004298443544382413,
        0.2853740532952407,
        0.4236312076212194,
        -0.054712895654872015,
        0.6252877658928238,
        0.4539003756402039,
        0.42787289430751063
    ],
    "Number for Minimum Energy": 17247,
    "Elapsed Time [seconds]": 0.1978435516357422,
    "Elapsed Time [hours, minutes, seconds]": [
        0,
        0,
        0.2
    ],
    "Current function value": -0.8540033793489794,
    "Iterations": 225,
    "Function Evaluations, Estimation": [
        242,
        17182
    ],
    "Gradient Evaluations": 242,
    "Number of Parameters": 70,
    "Minimum Parameters": [
        1.0590605775435507,
        3.1862084749321458,
        1.1539844925973002,
        4.469377912074297,
        2.879618782352844,
        2.5005708922106336,
        1.813725856138712,
        3.9075085007367143,
        2.1943609513299838,
        0.5525254359079073,
        0.7209458511039482,
        5.966509414903271,
        5.736432949250353,
        4.278096080319566,
        1.8323195577903322,
        6.1788745968428485,
        5.024557915564391,
        4.596004389057528,
        2.2366691313481764,
        1.5514428861067555,
        0.7042321512755783,
        5.5930637881203555,
        3.290774989360123,
        1.4120886368699181,
        1.7092338085028174,
        3.687832689980085,
        1.0698672529152515,
        5.461192003438878,
        4.808643083942535,
        4.468594988634899,
        2.653670445663665,
        3.8713642883936368,
        3.86513123318611,
        4.273555058579837,
        0.5412010998933077,
        2.4531765098410636,
        0.45001214996394684,
        3.1049604656779826,
        1.9174451006368627,
        0.8365003928087739,
        0.5727445245724467,
        3.7284182060050632,
        0.8524171571559837,
        5.93824554578833,
        3.6708695886850813,
        2.2870828745971807,
        3.7440080472047437,
        0.12465998438023719,
        6.183128237953965,
        2.878543492269006,
        4.921457382947179,
        0.5305656148333566,
        2.7934099636488803,
        3.1044908030814984,
        5.915173521913021,
        3.5284787797659742,
        2.7280134972253576,
        1.49741145498437,
        2.132816521624873,
        3.3838699025232315,
        2.8195502934839802,
        0.28833435739561764,
        4.9260637350021925,
        5.4781626009230715,
        0.9789178146152029,
        3.508638850610409,
        0.7603135791306801,
        4.206469491202659,
        1.8152098715608564,
        4.2939784238721
    ],
    "Cmin, Cmax, frob_norm, shift": [
        1.473728550170648,
        2983.2052837360643,
        565.1058963899055,
        563.0238790798359
    ]
}