{
    "Calculated Minimum Energy [norm, row]": [
        0.0002072936700066268,
        -0.9926140570042654
    ],
    "Corresponding loss function": 0.00030420598019021317,
    "Solution for Minimum Energy": [
        1.0,
        1.0,
        -1.0,
        1.0,
        -1.0,
        -1.0,
        1.0,
        1.0,
        -1.0,
        -1.0,
        -1.0,
        1.0,
        1.0,
        1.0,
        1.0,
        1.0,
        1.0,
        1.0
    ],
    "Corresponding exp value": [
        0.15679801527224865,
        0.2124915936922101,
        -0.06016185689045829,
        0.4957559838883409,
        -0.3396257448447976,
        -0.5656452912806725,
        0.13251874523998236,
        0.24079880903461537,
        -0.116866263744804,
        -0.26990864528683306,
        -0.30164735216450594,
        0.3599036555760988,
        0.4669590928642453,
        0.2811238461601931,
        0.39578190248599854,
        0.40457975229040966,
        0.2561707181978495,
        0.5331261396100577
    ],
    "Number for Minimum Energy": 1844,
    "Elapsed Time [seconds]": 0.2743039131164551,
    "Elapsed Time [hours, minutes, seconds]": [
        0,
        0,
        0.27
    ],
    "Current function value": -0.9925043774111265,
    "Iterations": 184,
    "Function Evaluations, Estimation": [
        190,
        13680
    ],
    "Gradient Evaluations": 190,
    "Number of Parameters": 71,
    "Minimum Parameters": [
        3.9805389602547208,
        0.548872366136903,
        1.1805841791925884,
        2.6155809702519957,
        6.339423307596279,
        3.7113026966606615,
        5.799881858286389,
        5.030924087981281,
        2.715024751009413,
        4.860967787886917,
        0.045370676541830274,
        0.6380892678096535,
        5.1949113541623175,
        4.945268939191842,
        1.5401179512536554,
        3.395159007579031,
        4.044249846855565,
        5.5246294440671235,
        3.703639192614087,
        2.8475729046708596,
        2.313173647158949,
        2.7056895402794976,
        3.9033419357115138,
        5.407923189063717,
        2.5964859919750998,
        1.6802818316817525,
        1.6147607043666448,
        4.469576955344786,
        5.285611160005788,
        0.9819639841201631,
        0.3934101854175608,
        3.665111826959382,
        0.7998403208374264,
        5.206312270231208,
        1.9565214076414377,
        0.6780812749437277,
        5.853635786135914,
        0.962949098215869,
        2.079300722301809,
        1.0926996069652637,
        0.6086362994397468,
        0.3073663231407913,
        0.5569856322365228,
        1.3251697419500594,
        0.28501877963709443,
        3.672608150625552,
        4.177626785258988,
        2.3830344464961826,
        2.03725472966845,
        3.344355103974786,
        5.499373909091559,
        5.2570068319373435,
        0.09872335702512815,
        1.3051994034351053,
        1.4685141502142578,
        1.8820594790269922,
        3.879342191532751,
        2.4913337051775732,
        0.4247741316091103,
        2.2134014645242712,
        3.0311535330782418,
        0.7322435844342984,
        5.139128778855873,
        0.7732286259714387,
        5.841614968084124,
        0.2731086676703955,
        5.4335553945522035,
        5.649387777740182,
        5.974802366902943,
        4.895931969502503,
        0.6677064504805836
    ],
    "Cmin, Cmax, frob_norm, shift": [
        1.473728550170648,
        2983.2052837360643,
        565.1058963899055,
        563.0238790798359
    ]
}