{
    "Calculated Minimum Energy [norm, row]": [
        0.0022756281531926942,
        -0.9817006720359023
    ],
    "Corresponding loss function": 0.026009812039822902,
    "Solution for Minimum Energy": [
        1.0,
        1.0,
        1.0,
        1.0,
        1.0,
        -1.0,
        -1.0,
        1.0,
        -1.0,
        1.0,
        1.0,
        1.0,
        1.0,
        -1.0,
        1.0,
        1.0,
        1.0,
        1.0
    ],
    "Corresponding exp value": [
        -0.04251577703242137,
        0.26098587619952446,
        0.021141923264146024,
        -0.053678521842169626,
        0.08837436713403146,
        -0.21730688188788966,
        -0.060441093232907056,
        0.29174451036965654,
        -0.08227070440082906,
        -0.01759956076573861,
        -0.02678550132013914,
        0.035110948061416944,
        0.2688578641311504,
        -0.30905341002952463,
        0.014322630264254793,
        0.3674172896138684,
        0.5625866516997,
        0.4522280527894554
    ],
    "Number for Minimum Energy": 8544,
    "Elapsed Time [seconds]": 0.08534359931945801,
    "Elapsed Time [hours, minutes, seconds]": [
        0,
        0,
        0.09
    ],
    "Current function value": -0.8564693384337458,
    "Iterations": 19,
    "Function Evaluations, Estimation": [
        88,
        5472
    ],
    "Gradient Evaluations": 76,
    "Number of Parameters": 71,
    "Minimum Parameters": [
        5.0613957994803735,
        3.7010008345837693,
        4.946395099017902,
        2.404986453321755,
        6.205456982234847,
        5.6377647998570355,
        5.599972796756708,
        0.742785558361399,
        2.699365817361807,
        0.03548996990883933,
        0.20807344335642952,
        4.598462123563023,
        4.82832907349173,
        5.463988198278413,
        1.8861727367319967,
        2.5958528509945435,
        3.7683895820194153,
        1.0421488837652233,
        0.2910270130177023,
        3.1093178397947936,
        1.7121192547251778,
        4.125367571619579,
        3.0113378716165093,
        5.722413017853059,
        4.2988995260654725,
        1.7600806839507581,
        5.484123617670266,
        5.094704625505563,
        2.9728576333076884,
        1.4892575182681327,
        5.247945105011672,
        1.1778984631784932,
        0.8188816226001977,
        -0.0670607862844369,
        5.019617004432325,
        3.9832966967197567,
        4.517955644177283,
        4.325341289081491,
        3.068399804277974,
        3.714742828736939,
        1.0046122108427138,
        0.7717968549326182,
        3.692141158767055,
        3.19306423178801,
        3.5543481869359748,
        4.655744242445294,
        4.020775774717365,
        3.333394814823804,
        3.5043862773162786,
        2.2493070838054754,
        0.23918329403060185,
        2.6938955225496493,
        1.3938589766024398,
        2.167587317571296,
        5.782329662775885,
        1.2176759451387336,
        0.8322343353640052,
        1.7747156395409747,
        1.4981033769745609,
        3.8667331575797195,
        3.001550857011733,
        4.961735330296982,
        3.7007007173216744,
        2.4896976731098297,
        5.652240156420227,
        0.7925884631722572,
        0.2479045437446656,
        0.4831817174409188,
        4.6717614936124505,
        2.954553110992242,
        0.5415949757885811
    ],
    "Cmin, Cmax, frob_norm, shift": [
        1.473728550170648,
        2983.2052837360643,
        565.1058963899055,
        563.0238790798359
    ]
}