{
  "Calculated Minimum Energy [norm, row]": [
    0.0002848557659285208,
    -0.03966426202640418
  ],
  "Solution for Minimum Energy": [
    1,
    1,
    1,
    1,
    -1,
    1,
    1,
    -1,
    1,
    -1,
    1,
    -1,
    1,
    1,
    -1,
    -1,
    1,
    -1,
    1,
    1,
    -1,
    1,
    -1,
    -1,
    1,
    1,
    1,
    1,
    1,
    1,
    1,
    -1,
    1,
    -1,
    1,
    1,
    -1,
    -1,
    -1,
    1,
    -1,
    1,
    -1,
    -1,
    1,
    -1,
    -1,
    1,
    -1,
    1,
    1,
    1,
    -1,
    -1,
    1,
    1,
    1,
    1,
    -1,
    1,
    1,
    -1,
    -1,
    1,
    1,
    1,
    1,
    1,
    1,
    -1,
    -1,
    -1,
    -1,
    1,
    1,
    -1,
    1,
    1,
    -1,
    -1,
    -1,
    1,
    1,
    1,
    -1,
    -1,
    1,
    -1,
    1,
    -1,
    -1,
    -1,
    1,
    -1,
    -1,
    1,
    1,
    -1,
    -1,
    -1,
    1,
    1,
    1,
    -1,
    1,
    1,
    1,
    1,
    -1,
    1,
    -1,
    1,
    1,
    -1,
    -1,
    1,
    1,
    -1,
    -1,
    -1,
    1,
    -1,
    1,
    1,
    -1,
    1,
    -1,
    -1,
    -1,
    -1,
    1,
    -1,
    -1,
    -1,
    1,
    -1,
    -1,
    -1,
    -1,
    1,
    -1,
    1,
    1,
    1,
    -1,
    -1,
    1,
    1,
    -1,
    1,
    1,
    -1,
    1,
    -1,
    1,
    -1,
    -1,
    1,
    -1,
    -1,
    1,
    -1,
    1,
    1,
    1,
    1,
    -1,
    1,
    1,
    -1,
    1,
    1,
    1,
    1,
    1,
    1,
    -1,
    -1,
    1,
    1,
    -1,
    -1,
    -1,
    -1,
    -1,
    -1,
    1,
    -1,
    1,
    1,
    -1,
    -1,
    -1,
    1,
    -1,
    -1,
    1,
    -1,
    1,
    1,
    1,
    1,
    1,
    1,
    1,
    -1,
    1,
    1,
    1,
    -1,
    -1,
    -1,
    -1,
    1,
    -1,
    1,
    -1,
    1,
    -1,
    1,
    1,
    -1,
    -1,
    -1,
    1,
    -1,
    -1,
    1,
    1,
    -1,
    -1,
    -1,
    1,
    -1,
    -1,
    1,
    1,
    -1,
    -1,
    1,
    1,
    1,
    1,
    -1,
    1,
    -1,
    -1,
    1,
    1,
    -1,
    -1,
    -1,
    1,
    -1,
    1,
    1,
    -1,
    -1,
    1,
    -1,
    1,
    1,
    1,
    -1,
    1,
    -1,
    -1,
    1,
    1,
    -1,
    1,
    1,
    -1,
    1,
    -1,
    -1,
    1,
    1,
    1,
    1,
    1,
    1,
    -1,
    1,
    1,
    1,
    -1,
    -1,
    -1,
    -1,
    -1,
    1,
    1,
    -1,
    -1,
    -1,
    -1,
    1,
    1,
    -1,
    -1,
    1,
    1,
    1,
    1,
    1,
    1,
    1,
    1,
    -1,
    1,
    1,
    -1,
    1,
    -1,
    1,
    1,
    -1,
    1,
    1,
    1,
    1,
    -1,
    -1,
    -1,
    1,
    -1,
    1,
    -1,
    1,
    -1,
    -1,
    1,
    1,
    1,
    1,
    -1,
    1,
    1,
    -1,
    1,
    1,
    1,
    1,
    1,
    1,
    1,
    1,
    -1,
    -1,
    1,
    -1,
    1,
    1,
    1,
    -1,
    -1,
    1,
    -1,
    -1,
    1,
    -1,
    -1,
    1,
    -1,
    -1,
    1,
    1,
    -1,
    -1,
    -1,
    1,
    -1,
    -1,
    -1,
    -1,
    1,
    -1,
    1,
    1,
    -1,
    1,
    -1,
    -1,
    -1,
    1,
    1,
    -1,
    1,
    -1,
    1,
    -1,
    1,
    -1,
    -1,
    -1,
    1,
    -1,
    1,
    1,
    1,
    1,
    -1,
    1,
    1,
    1,
    1,
    1,
    -1,
    -1,
    1,
    -1,
    -1,
    -1,
    -1,
    1,
    -1,
    -1,
    -1,
    1,
    -1,
    -1,
    1,
    -1,
    1,
    -1,
    -1,
    1,
    -1,
    -1,
    1,
    -1,
    1,
    -1,
    -1,
    1,
    -1,
    -1,
    1,
    1,
    1,
    1,
    1,
    1,
    1,
    -1,
    1,
    -1,
    -1,
    -1,
    -1,
    1,
    1,
    1,
    1,
    1,
    1,
    -1,
    -1,
    1,
    -1,
    1,
    1,
    1,
    1,
    -1,
    -1,
    1,
    1,
    -1,
    1,
    -1,
    -1,
    -1,
    -1,
    1,
    1,
    -1,
    -1,
    1,
    1,
    1,
    -1,
    1,
    1,
    1,
    -1,
    -1,
    -1,
    -1,
    -1,
    1,
    1,
    1,
    1,
    1,
    1,
    1,
    1,
    -1,
    1,
    -1,
    1,
    1,
    -1,
    -1,
    1,
    1,
    -1,
    1,
    1,
    -1,
    -1,
    1,
    -1,
    -1,
    1,
    -1,
    1,
    -1,
    -1,
    1,
    -1,
    1,
    1,
    1,
    -1,
    1,
    1,
    -1,
    -1,
    1,
    -1,
    -1,
    -1,
    -1,
    1,
    -1,
    -1,
    1,
    1,
    -1,
    -1,
    1,
    -1,
    1,
    -1,
    1,
    -1,
    -1,
    -1,
    1,
    1,
    -1,
    1,
    -1,
    -1,
    1,
    1,
    1,
    1,
    1,
    1,
    -1,
    -1,
    1,
    -1,
    1,
    -1,
    -1,
    -1,
    -1,
    1,
    -1,
    1,
    1,
    -1,
    -1,
    1,
    -1,
    -1,
    1,
    -1,
    1,
    1,
    1,
    1,
    -1,
    -1,
    -1,
    -1,
    -1,
    1,
    -1,
    1,
    -1,
    -1,
    -1,
    -1,
    -1,
    1,
    1,
    -1,
    1,
    1,
    -1,
    1,
    -1,
    -1,
    -1,
    1,
    1,
    -1,
    1,
    1,
    -1,
    -1,
    -1,
    -1,
    1,
    -1,
    1,
    1,
    1,
    1,
    1,
    1,
    1,
    1,
    -1,
    -1,
    -1,
    1,
    -1,
    1,
    1,
    -1,
    1,
    1,
    1,
    1,
    -1,
    1,
    1,
    1,
    -1,
    -1,
    -1,
    -1,
    1,
    1,
    1,
    1,
    -1,
    -1,
    -1,
    1,
    -1,
    -1,
    -1,
    -1,
    1,
    -1,
    -1,
    -1,
    -1,
    -1,
    -1,
    -1,
    1,
    -1,
    1,
    1,
    -1,
    1,
    1,
    -1,
    1,
    1,
    -1,
    1,
    -1,
    1,
    1,
    1,
    -1,
    1,
    1,
    -1,
    1,
    1,
    1,
    -1,
    1,
    1,
    -1,
    1,
    1,
    1,
    1,
    1,
    1,
    -1,
    -1,
    -1,
    -1,
    1,
    -1,
    1,
    1,
    1,
    -1,
    1,
    -1,
    -1,
    -1,
    1,
    1,
    1,
    -1,
    -1,
    1,
    1,
    1,
    -1,
    1,
    -1,
    -1,
    1,
    -1,
    -1,
    1,
    1,
    1,
    -1,
    1,
    1,
    -1,
    1,
    -1,
    -1,
    -1,
    1,
    -1,
    -1,
    -1,
    -1,
    -1,
    -1,
    1,
    -1,
    -1,
    1,
    1,
    1,
    1
  ]
}