{
    "Calculated Minimum Energy [norm, row]": [
        0.000902083987872335,
        -1.3929972432273952
    ],
    "Corresponding loss function": -0.0009067676514250997,
    "Solution for Minimum Energy": [
        1.0,
        1.0,
        -1.0,
        1.0,
        1.0,
        -1.0,
        1.0,
        1.0,
        -1.0,
        -1.0,
        1.0,
        -1.0,
        1.0,
        1.0,
        -1.0,
        1.0,
        1.0,
        -1.0,
        1.0,
        -1.0,
        1.0,
        -1.0,
        1.0,
        1.0,
        1.0,
        -1.0,
        -1.0,
        1.0,
        -1.0,
        1.0,
        1.0,
        -1.0,
        -1.0,
        1.0,
        -1.0,
        1.0,
        1.0,
        1.0,
        1.0,
        1.0,
        -1.0,
        1.0,
        -1.0,
        1.0,
        1.0,
        1.0,
        1.0,
        1.0,
        1.0,
        -1.0,
        -1.0,
        1.0,
        -1.0,
        1.0,
        1.0,
        1.0,
        -1.0,
        1.0,
        1.0,
        1.0
    ],
    "Corresponding exp value": [
        0.014614958562772258,
        0.09906244302919265,
        -0.20627906081988595,
        0.23728051120172583,
        0.06586872750022776,
        -0.029176675966482338,
        0.15464706151610585,
        0.07389167876306463,
        -0.19735215332172185,
        -0.08302844561430259,
        0.384888488325427,
        -0.27708947050922883,
        0.19128543434882378,
        0.1888257912821671,
        -0.22095505436919535,
        0.29201095900677465,
        0.2517368642861534,
        -0.2987658362387876,
        0.07163488895902745,
        -0.07420977033506068,
        0.09798313406820112,
        -0.06669971537944483,
        0.13877293582159111,
        0.16084242880413074,
        0.11367761695986521,
        -0.06387411692636055,
        -0.18189216252705057,
        0.08269576161636845,
        -0.1212513893503737,
        0.07165391091387929,
        0.08556115087410279,
        -0.012420346267939805,
        -0.06901971799750219,
        0.3046953012186146,
        -0.04553805878543566,
        0.09916492318152641,
        0.09427162652571727,
        0.09910195734341057,
        0.06778455667252672,
        0.3054484988380583,
        -0.14445428456041687,
        0.037275592828628745,
        -0.18486464432946534,
        0.033205317908596196,
        0.024986970852562258,
        0.18778571067826666,
        0.036460936895347185,
        0.058281632188833324,
        0.06536849950299985,
        -0.15048558991127622,
        -0.0010053507494426142,
        0.13079019368377334,
        -0.018799999292840427,
        0.06191583492622642,
        0.15534786258557723,
        0.0784898188323899,
        -0.04506915169402578,
        0.16132007103424356,
        0.052197430030967024,
        0.1400504091580259
    ],
    "Number for Minimum Energy": 78255565077891876,
    "Elapsed Time [seconds]": 2.5013794898986816,
    "Elapsed Time [hours, minutes, seconds]": [
        0,
        0,
        2.5
    ],
    "Current function value": -1.489757070389849,
    "Iterations": 763,
    "Function Evaluations, Estimation": [
        765,
        104040
    ],
    "Gradient Evaluations": 765,
    "Number of Parameters": 135,
    "Minimum Parameters": [
        4.029046593474839,
        4.1807131162706135,
        5.715237774135494,
        0.8693409372868915,
        3.118051474962446,
        2.532942768626932,
        3.213707719750719,
        0.7576832992978638,
        0.7496808307189872,
        1.9591215644522997,
        1.5910509470562515,
        2.6428068649440704,
        3.9315282403941967,
        3.883236868429878,
        2.481041457005288,
        2.693977411725042,
        1.1672178921670295,
        3.7525105554632736,
        2.0736146347536777,
        0.37830252539789305,
        2.5392569799996574,
        2.9764553551756037,
        1.2045918914142253,
        3.6473937984223186,
        3.3457182736786577,
        4.457149449288529,
        4.015451822169089,
        4.32153393970066,
        2.02716367243573,
        5.135936642585309,
        3.488617941682397,
        3.005285749890755,
        3.915613599574965,
        2.143326899515797,
        3.2831865772382085,
        4.71591643990895,
        5.741383309969122,
        5.8074926710317625,
        3.099106661367583,
        3.6821026876218714,
        5.110580236058601,
        2.190266112824845,
        5.36733283842307,
        3.224626069625473,
        0.5817633041390657,
        0.5250457071338448,
        5.357059578619647,
        0.013142130218025959,
        1.7913110265437189,
        2.265984053724455,
        1.0695859408731712,
        1.8415426110759894,
        4.468765009563921,
        0.03309780478315964,
        4.9058495395972885,
        5.5647355892062675,
        2.451509640518681,
        1.0491818450606418,
        3.8067197065097234,
        0.7029596169385636,
        2.292601256468591,
        5.795216270711556,
        5.9524968510288,
        5.048478448018163,
        1.9729157778350686,
        4.359951333434128,
        4.130875263870757,
        2.2812273868580966,
        3.810625087211581,
        0.013031619873483799,
        1.1579131617543086,
        2.9874283955377336,
        1.074261007284013,
        0.9881357971989693,
        5.560806766228532,
        6.4840984665582555,
        3.1793120311735374,
        5.476827328152601,
        6.290603869796202,
        0.7400687845409112,
        3.0774221966609554,
        2.639686713945689,
        0.5772734934392251,
        4.763973407348565,
        2.57542953285067,
        2.604464236551092,
        0.9698370982460834,
        0.8619605485713121,
        5.614415801857715,
        0.3877697741858922,
        1.6077774226805395,
        1.9705901644183823,
        2.9393106078439075,
        3.946249024135295,
        3.2482679938809036,
        0.7109816176190552,
        1.606102415399541,
        5.38342752210625,
        3.8932789065122413,
        4.508280992358284,
        4.149756201902461,
        4.3878594035391645,
        0.507555182659563,
        2.5405261416474776,
        3.3162338819331567,
        1.9348572779290687,
        5.365394406302563,
        3.1816284674420006,
        4.878348136005043,
        5.325650331952274,
        3.424081307250954,
        5.863118183984471,
        3.6039195757796594,
        5.2183222480026155,
        2.1747284278331462,
        3.263956411601228,
        3.6493072143285605,
        0.5481566863273271,
        2.5038725234151875,
        5.727768302197006,
        4.278643251651428,
        1.173608750598841,
        2.0796737620491257,
        1.335075827460192,
        0.1442119708025857,
        5.761323881586865,
        2.9528294032729994,
        1.9058945980836854,
        3.4503590480289454,
        -0.06876250795123394,
        2.0279387743272905,
        4.623310253943689,
        3.799468785507819,
        5.880136730788691,
        4.0194932534938035
    ],
    "Cmin, Cmax, frob_norm, shift": [
        0.3369377722287652,
        2246.770729659739,
        249.26698098990568,
        349.59162707225994
    ]
}