{
    "Calculated Minimum Energy [norm, row]": [
        0.0002907023637018417,
        -1.3985071119425432
    ],
    "Corresponding loss function": 0.005604650760808244,
    "Solution for Minimum Energy": [
        1.0,
        -1.0,
        -1.0,
        -1.0,
        1.0,
        -1.0,
        1.0,
        1.0,
        -1.0,
        1.0,
        1.0,
        -1.0,
        1.0,
        -1.0,
        1.0,
        -1.0,
        1.0,
        1.0,
        1.0,
        -1.0,
        1.0,
        -1.0,
        1.0,
        -1.0,
        1.0,
        -1.0,
        1.0,
        1.0,
        -1.0,
        1.0,
        1.0,
        1.0,
        1.0,
        1.0,
        -1.0,
        1.0,
        1.0,
        1.0,
        1.0,
        1.0,
        1.0,
        1.0,
        -1.0,
        -1.0,
        1.0,
        -1.0,
        1.0,
        1.0,
        1.0,
        1.0,
        -1.0,
        1.0,
        1.0,
        -1.0,
        1.0,
        1.0,
        1.0,
        -1.0,
        1.0,
        -1.0
    ],
    "Corresponding exp value": [
        0.044948937262108954,
        -0.006483012069321659,
        -0.01326799162078331,
        -0.20928609571158485,
        0.2642312704346539,
        -0.00666375887983171,
        0.24265268128186535,
        0.009492408972898034,
        -0.0007373196948353491,
        0.06817864274940037,
        0.3444371308312256,
        -0.059193875347351335,
        0.006439658109630805,
        -0.005183651515681644,
        0.018560326595949667,
        -0.0006410916594179056,
        0.004275729675202594,
        0.00039267990512736883,
        0.0008513118271576137,
        -0.0036412114713886244,
        0.2677742342607379,
        -0.03041539226400577,
        0.32808564838716214,
        -0.0033885654271640286,
        0.15481943858808536,
        -0.005905801429266562,
        0.010554454626269548,
        0.37604529006792553,
        -0.35221815599484374,
        0.3296054196459423,
        0.24666748547880635,
        0.015212344778929396,
        0.017475232119038488,
        0.2836450626920626,
        -0.009653534995829119,
        0.21126232088634878,
        0.024031286738421722,
        0.00719028613041813,
        0.29186979855402223,
        0.22141857973142637,
        0.10017568568707402,
        0.3455018917971757,
        -0.004918847936429122,
        -0.030329401976475094,
        0.007242202877807302,
        -0.001495650370359522,
        0.014150966555036277,
        0.31417811247070365,
        0.007290237151378765,
        0.007781082245278993,
        -0.030193202684602453,
        0.005794759291551663,
        0.012849567928651294,
        -0.01933026117965165,
        0.013675491903561448,
        0.35201618834289944,
        0.25038665001307503,
        -0.12242368502764459,
        0.1506546971197123,
        -0.005172194436382697
    ],
    "Number for Minimum Energy": 730757435545397550,
    "Elapsed Time [seconds]": 2.3320536613464355,
    "Elapsed Time [hours, minutes, seconds]": [
        0,
        0,
        2.33
    ],
    "Current function value": -1.3536972666233367,
    "Iterations": 880,
    "Function Evaluations, Estimation": [
        884,
        120224
    ],
    "Gradient Evaluations": 884,
    "Number of Parameters": 135,
    "Minimum Parameters": [
        4.965189612077279,
        1.117940068554232,
        4.376297289308626,
        5.28753419051199,
        0.9843369426125701,
        3.90078719296035,
        1.0808698941900454,
        4.6432920581162636,
        1.1584647732582452,
        6.0304882304298175,
        1.0483194243652403,
        5.979185841450852,
        4.965904729151379,
        3.977800652251253,
        4.740026208825368,
        4.857525311743265,
        5.829155091683704,
        1.825420739275335,
        3.7635647504543,
        0.6331889168462571,
        4.104125731436862,
        1.3199109753950573,
        3.8145690199376188,
        3.941525902722983,
        2.853013583858738,
        3.219859119618143,
        4.525767516283417,
        4.1460096229367425,
        2.9843990362161312,
        3.967786371053365,
        6.019896682798329,
        1.1199200541557965,
        0.7529125353791261,
        0.7237898243036606,
        4.393763027391882,
        2.562928130514932,
        4.929151675999214,
        3.6603036698870652,
        2.0910869782459645,
        5.367204060938815,
        4.319256711304233,
        1.6355010366821374,
        2.049863645027322,
        1.7368162608412125,
        1.4216806164791593,
        0.7820914606373338,
        5.905580965355988,
        3.036815214078153,
        2.791907936534461,
        4.419204693137082,
        3.3846330415527968,
        6.153059386649125,
        4.56625342440192,
        2.925824361561928,
        2.6852434186791356,
        5.6367707048857705,
        4.878653775094132,
        5.824309390336561,
        0.569722417452191,
        5.279378399249459,
        4.376159524074962,
        0.7453670445694331,
        4.055497783876786,
        4.536473200043154,
        0.671439508868868,
        2.7982455150949765,
        5.1341504185525695,
        1.4999171797035877,
        2.9770920184672205,
        2.572519140769828,
        2.123552761107393,
        5.935573588596381,
        5.072495148858343,
        0.786634421850768,
        6.327518484784063,
        4.627771791948873,
        2.040411359151796,
        5.072526152690154,
        0.8631333017517757,
        6.184417583037624,
        4.3379682059306,
        4.05256761741711,
        0.3931937835381313,
        6.171794326623624,
        0.09026878939035457,
        1.5094679219387235,
        0.8224899901483625,
        5.167807967380539,
        1.0851662606300065,
        5.552483380679843,
        4.40166007193802,
        0.05656980851786416,
        0.0012567785720716445,
        -0.01801271667853323,
        3.628686179062082,
        5.25618967600823,
        2.125915097741899,
        5.377576980569121,
        0.08981987490122516,
        5.216345067680977,
        5.215938086673423,
        5.026622679708284,
        4.2966301614883475,
        5.197837347764602,
        -0.05460469801241984,
        1.7871097989850195,
        0.4138725246451273,
        2.9319942463392232,
        4.391746914191689,
        3.480457136013907,
        5.829148842370986,
        1.1508348539235569,
        4.78037601539069,
        1.3729382439328146,
        1.8932672342375811,
        3.9520228100068815,
        6.027657018436212,
        3.8042260078948757,
        0.26799652138001595,
        3.8565795061266654,
        0.41106015526789097,
        5.458529393781632,
        4.258262189336626,
        1.0214398951617583,
        0.4879584976505841,
        1.1630003901770973,
        5.606615400610067,
        2.7681700311722395,
        5.0862244215653005,
        4.2032911755481095,
        3.7335327600226575,
        0.3475453171879705,
        6.215585291103373,
        1.7833606545962857,
        3.8951930934076286
    ],
    "Cmin, Cmax, frob_norm, shift": [
        0.3369377722287652,
        2246.770729659739,
        249.26698098990568,
        349.59162707225994
    ]
}