{
    "Calculated Minimum Energy [norm, row]": [
        0.0006570077023657229,
        -1.3952059098031524
    ],
    "Corresponding loss function": 0.014236106122583837,
    "Solution for Minimum Energy": [
        1.0,
        1.0,
        1.0,
        1.0,
        1.0,
        -1.0,
        1.0,
        -1.0,
        -1.0,
        -1.0,
        1.0,
        -1.0,
        -1.0,
        -1.0,
        -1.0,
        1.0,
        -1.0,
        1.0,
        -1.0,
        1.0,
        1.0,
        1.0,
        1.0,
        1.0,
        -1.0,
        -1.0,
        1.0,
        1.0,
        1.0,
        1.0,
        1.0,
        1.0,
        -1.0,
        1.0,
        -1.0,
        1.0,
        1.0,
        1.0,
        1.0,
        1.0,
        1.0,
        1.0,
        1.0,
        -1.0,
        1.0,
        1.0,
        -1.0,
        1.0,
        -1.0,
        1.0,
        -1.0,
        -1.0,
        1.0,
        1.0,
        1.0,
        1.0,
        -1.0,
        1.0,
        -1.0,
        -1.0
    ],
    "Corresponding exp value": [
        0.00630975873428849,
        0.000770017719594159,
        0.16104552979128023,
        0.007423713326555687,
        0.08371069271049345,
        -0.00045688559532072476,
        0.005264967870193444,
        -0.16405819382151277,
        -0.00396012994099158,
        -0.00421111716491909,
        0.16191850290247858,
        -0.0031291078011438126,
        -0.0027813387392142492,
        -0.11708856238033277,
        -0.0004779312191895155,
        0.0036249865808549546,
        -0.004814845190039285,
        1.0720313823718401e-05,
        -0.1971273302673771,
        0.00011948646398405715,
        0.13203525742485103,
        0.2734938698118828,
        0.26340485327682023,
        0.18268674613535663,
        -0.0005375767986671802,
        -0.0011673951690171578,
        0.3308667394377442,
        0.09837162514178388,
        0.17684300229747918,
        0.18827828792248438,
        0.18350361983897695,
        0.005644251454895803,
        -0.006351918903885477,
        0.1537645980968681,
        -0.0051341263841787575,
        0.11848882695377977,
        0.16031807011656748,
        0.20214090045086147,
        0.16756532641827115,
        0.016524920324126502,
        0.058334761675259944,
        0.17921077842042857,
        0.005333499997477179,
        -0.045619591646370944,
        0.0016852834251385434,
        0.21089610020597296,
        -0.008509445270237968,
        0.13777171446668954,
        -0.19396398155817238,
        0.08884878402074525,
        -0.002654007710750254,
        -0.005113195788335495,
        0.20822670194723006,
        0.0018672042574130639,
        0.1321147491913462,
        0.1275339745426435,
        -0.21044640887733787,
        0.002205342964154152,
        -0.006438896048470201,
        -0.06531005099407079
    ],
    "Number for Minimum Energy": 940487083553029024,
    "Elapsed Time [seconds]": 1.4304821491241455,
    "Elapsed Time [hours, minutes, seconds]": [
        0,
        0,
        1.43
    ],
    "Current function value": -1.3263565521842766,
    "Iterations": 491,
    "Function Evaluations, Estimation": [
        562,
        76432
    ],
    "Gradient Evaluations": 562,
    "Number of Parameters": 135,
    "Minimum Parameters": [
        4.154710746811875,
        3.0192973138740204,
        3.7774309781549076,
        4.805945674917252,
        3.779428380567889,
        3.3918108801364952,
        3.5885580304848093,
        1.861894585470962,
        -0.039769299694513496,
        2.8161000309635535,
        1.363266341923277,
        2.588831361552144,
        5.273705517141327,
        1.534620790353375,
        0.31240664024734405,
        1.8208283564580734,
        1.671090652998606,
        4.23108143840504,
        3.539894782089701,
        4.890590821861,
        4.259553114521127,
        2.6555698472955163,
        4.983722975778213,
        1.1849374422446488,
        0.02383810568970259,
        0.568041819255339,
        4.553206083312286,
        2.9915326037447496,
        0.9044234135031751,
        3.162126484179603,
        0.9561148910628754,
        4.357377713129882,
        2.8629198326736525,
        2.4049482163002924,
        1.9843677222870537,
        4.248408029061493,
        2.0132814388629656,
        0.741838250533654,
        0.6660219141380083,
        5.899444598321172,
        5.651523850751672,
        4.3970781359521025,
        1.8201266190955119,
        6.064841319968951,
        4.884938022444548,
        4.606400528775425,
        2.6290205392092285,
        1.6620605117361749,
        0.6587577448563384,
        5.511404370582276,
        2.742435526774095,
        1.1959027965169369,
        1.7950795681089302,
        3.5358382075501673,
        1.1678713125533942,
        5.508016115677509,
        4.687962524626727,
        4.514538782293578,
        2.753351826625131,
        3.8040831848378276,
        3.5302990784009842,
        4.140134676009467,
        0.6851293811445412,
        2.322553999035242,
        0.28523300626570003,
        3.0146019923934295,
        2.4082449775179975,
        1.1135367476683322,
        0.543228497407506,
        3.6878874266742367,
        0.9545304831607989,
        5.7933434850826515,
        3.705474464297554,
        2.130789028636931,
        3.6437822686412624,
        0.17392343564359955,
        6.071710333949068,
        3.1072431561354246,
        5.0354473577366345,
        0.7208059986308193,
        2.9342725313696016,
        2.9941860310712087,
        5.717527501992138,
        3.4688314135379565,
        2.980337279948902,
        1.8656893599920565,
        1.968535948858848,
        3.213740491481785,
        2.721036645287194,
        0.5653134821790127,
        4.895183069101741,
        5.423580994793524,
        0.8246320887070318,
        3.585051514229614,
        0.7509913430531578,
        4.109525516747853,
        1.6448775214191618,
        4.240613244708539,
        4.624526722446653,
        4.816168362202444,
        0.7662932602482397,
        5.586448215107235,
        1.3480053730911497,
        0.23580166826179488,
        3.4235787275558893,
        2.1846321224016596,
        5.240773001179208,
        5.172860211604971,
        2.0255412898128258,
        6.166743058888249,
        1.8802165953715886,
        3.5444538653793485,
        1.1434028226756507,
        5.916366150840893,
        1.1408347294196366,
        0.2850845237280632,
        2.976253028918053,
        6.631811332909296,
        5.336940084723004,
        4.70087601269953,
        5.714272888746447,
        5.438963469435932,
        3.0423405689620515,
        1.6401374476702288,
        5.1593483567641725,
        4.2123022790849225,
        2.2808427428865508,
        0.681696894929626,
        4.472889368862863,
        1.6480000590338852,
        5.7007981315105205,
        1.744234923074435,
        0.7186645539709297,
        5.624399668278785,
        0.861147153357951
    ],
    "Cmin, Cmax, frob_norm, shift": [
        0.3369377722287652,
        2246.770729659739,
        249.26698098990568,
        349.59162707225994
    ]
}