{
    "Calculated Minimum Energy [norm, row]": [
        0.00029083806329279757,
        -1.3985058889961848
    ],
    "Corresponding loss function": 0.007084071285602076,
    "Solution for Minimum Energy": [
        -1.0,
        1.0,
        1.0,
        -1.0,
        1.0,
        -1.0,
        -1.0,
        -1.0,
        1.0,
        -1.0,
        1.0,
        1.0,
        -1.0,
        -1.0,
        -1.0,
        1.0,
        1.0,
        1.0,
        -1.0,
        1.0,
        1.0,
        1.0,
        1.0,
        -1.0,
        -1.0,
        1.0,
        1.0,
        1.0,
        1.0,
        1.0,
        1.0,
        1.0,
        1.0,
        1.0,
        -1.0,
        1.0,
        1.0,
        1.0,
        1.0,
        1.0,
        1.0,
        1.0,
        1.0,
        -1.0,
        1.0,
        -1.0,
        -1.0,
        1.0,
        1.0,
        1.0,
        -1.0,
        1.0,
        1.0,
        -1.0,
        1.0,
        1.0,
        1.0,
        -1.0,
        1.0,
        -1.0
    ],
    "Corresponding exp value": [
        -0.009363050615506541,
        0.11563576749171169,
        0.004030973561376215,
        -0.09810574764394772,
        0.2630570276153284,
        -0.05023926858464561,
        -0.06630379376607365,
        -0.01699991387862092,
        0.035514673257522694,
        -0.1181511341578341,
        0.3624492842004207,
        0.07774200960314817,
        -0.06239767101695422,
        -0.03943819486126554,
        -0.006884185604637107,
        0.03074773421563201,
        0.02164163961071383,
        0.10675730998931808,
        -0.0512543718306788,
        0.0905852033397716,
        0.2895773674517018,
        0.12136910661010299,
        0.39238721371922064,
        -0.024058901582866533,
        -0.010774448754624433,
        0.013741405016767462,
        0.1439414076628975,
        0.19529578888294521,
        0.2278892031291641,
        0.29118109941866543,
        0.2508298615826659,
        0.08282775479581488,
        0.10741382339100601,
        0.362703444507202,
        -0.02934167860270136,
        0.29640635062779547,
        0.1481275683592182,
        0.05998292991651182,
        0.26983289691368467,
        0.13221231543944534,
        0.045806340333383225,
        0.2512519637034616,
        0.007636673387597132,
        -0.028579571641718746,
        0.07509630870690374,
        -0.026607552470627294,
        -0.027290438312885135,
        0.2847455964104224,
        0.0159044880184396,
        0.03967488699126477,
        -0.030061855605300947,
        0.03120196645555459,
        0.14394672191639515,
        -0.013345985515646634,
        0.09839265391158368,
        0.3093054784491226,
        0.20897076958766395,
        -0.06227830093685485,
        0.2106037136402009,
        -0.018645205938392397
    ],
    "Number for Minimum Energy": 730823405955478249,
    "Elapsed Time [seconds]": 1.8325064182281494,
    "Elapsed Time [hours, minutes, seconds]": [
        0,
        0,
        1.83
    ],
    "Current function value": -1.3511482450278962,
    "Iterations": 686,
    "Function Evaluations, Estimation": [
        688,
        93568
    ],
    "Gradient Evaluations": 688,
    "Number of Parameters": 135,
    "Minimum Parameters": [
        3.9750146625556,
        3.104847828719044,
        3.6257813348184103,
        4.772438847515693,
        3.8519712670819097,
        3.4908035858884556,
        3.620993659208786,
        1.9168810372655727,
        0.04454959057060046,
        2.770091004679005,
        1.4648615323873624,
        2.596630079245427,
        5.310345145548673,
        1.3257404173116956,
        0.1769998395978235,
        1.9104119925671659,
        1.65624270761308,
        4.244437877471222,
        3.4890502890935196,
        4.89902469839977,
        4.267640188925878,
        2.5569744079707717,
        5.123671882375614,
        1.2025720543456346,
        0.1212296475319332,
        0.5469218754634383,
        4.582336538704485,
        2.7895186069145446,
        0.8101018693639118,
        3.128086568030027,
        0.99354041210629,
        4.399331157461696,
        2.8793204159442314,
        2.152259345251727,
        1.9636852379855767,
        4.289084628826407,
        2.1372554653348654,
        0.4874158213210359,
        0.7363577066184128,
        5.924748597019274,
        5.515296395854721,
        4.525999248678781,
        1.847471619703887,
        6.213550675990668,
        4.82100212793032,
        4.519411163720501,
        2.8530105959824286,
        1.7007249214428455,
        0.6403794855836018,
        5.719617314206212,
        2.693226356033541,
        1.3933811111418108,
        1.9269737216300056,
        3.468339930494505,
        1.1243023618366488,
        5.499298854781028,
        4.378580669726693,
        4.542815887500214,
        2.7721318716706698,
        3.8416902083123783,
        3.425449420405798,
        3.989107373031314,
        1.043927505256578,
        2.3759821370065244,
        0.22725173596143772,
        3.088866805310816,
        2.3575529758417515,
        1.2879558549027186,
        0.4351532234570737,
        3.7542673075714292,
        1.1248191884387484,
        5.589708602422494,
        3.7809945952202266,
        2.200252004656811,
        3.670906191758335,
        0.27443177355397497,
        5.843898913538202,
        3.143064353150878,
        4.986007936050527,
        0.6308395604429706,
        2.840495020042183,
        3.055350788391226,
        5.743518281300094,
        3.3807875020524025,
        2.9753108512180866,
        1.6100014641644544,
        2.0984242550022434,
        3.3851676487789044,
        2.8755959249593013,
        0.34809225301871505,
        5.110678778665288,
        5.5209240446962875,
        0.9125889945418573,
        3.588731511889891,
        0.73151703048255,
        4.054328855032349,
        1.4171366687830216,
        4.236127781752654,
        4.567864360404056,
        4.887653494167707,
        0.7323296774210771,
        5.778273469142891,
        1.4171314369260508,
        0.1729457515846747,
        3.620628880469985,
        2.26553564089231,
        5.348190461345185,
        5.0354584117646155,
        1.6296593634019019,
        5.991524661563245,
        1.5911887046314872,
        3.3567168077498244,
        0.9763890856034829,
        5.790978443620554,
        1.0144821308630558,
        0.17396696955028032,
        2.9397292039925556,
        6.453469476525807,
        5.514039475679675,
        4.573853291945768,
        5.91474532041916,
        5.482659867112211,
        3.070631792513456,
        1.92601166407761,
        5.210629066656926,
        4.337764658980813,
        2.3090281815458034,
        0.9191069085738575,
        4.706348694326394,
        1.6153019454056836,
        5.748736811026026,
        1.6520485458451188,
        0.6654233416840395,
        5.186083513841049,
        0.8507924491560706
    ],
    "Cmin, Cmax, frob_norm, shift": [
        0.3369377722287652,
        2246.770729659739,
        249.26698098990568,
        349.59162707225994
    ]
}