{
    "Calculated Minimum Energy [norm, row]": [
        0.0005164950677929124,
        -1.396472232078321
    ],
    "Corresponding loss function": 0.007695307442516004,
    "Solution for Minimum Energy": [
        -1.0,
        1.0,
        1.0,
        1.0,
        1.0,
        1.0,
        1.0,
        -1.0,
        -1.0,
        -1.0,
        1.0,
        -1.0,
        1.0,
        1.0,
        -1.0,
        1.0,
        1.0,
        -1.0,
        -1.0,
        -1.0,
        1.0,
        -1.0,
        1.0,
        1.0,
        1.0,
        1.0,
        1.0,
        1.0,
        -1.0,
        1.0,
        1.0,
        1.0,
        1.0,
        1.0,
        -1.0,
        1.0,
        -1.0,
        1.0,
        1.0,
        1.0,
        1.0,
        -1.0,
        -1.0,
        1.0,
        -1.0,
        1.0,
        -1.0,
        1.0,
        -1.0,
        -1.0,
        1.0,
        -1.0,
        1.0,
        -1.0,
        1.0,
        1.0,
        1.0,
        1.0,
        1.0,
        -1.0
    ],
    "Corresponding exp value": [
        -0.0030285019893903737,
        0.03166498493434143,
        0.03214660883463466,
        0.1320700773210782,
        0.20341091722575622,
        0.008069291124633563,
        0.08631161819145725,
        -0.1680782450030569,
        -0.11465807877412948,
        -0.07538244057308524,
        0.2512947137792609,
        -0.08133040565228619,
        0.11895986456509441,
        0.03179895986987172,
        -0.1879265586369443,
        0.18704455313403687,
        0.2733943234546167,
        -0.07824396485181409,
        -0.012018087424011326,
        -0.017755028839998254,
        0.17883044459776326,
        -0.009297339625113508,
        0.2940307153510614,
        0.2270000371127906,
        0.008847317764231333,
        0.058811436954211344,
        0.028957942807062736,
        0.16803438076732127,
        -0.15320102369963673,
        0.30840874744009006,
        0.1801880263910096,
        0.054553096804290296,
        0.008633486846886876,
        0.34145856534727576,
        -0.007043648726781895,
        0.26047488904938326,
        -0.007310230348376004,
        0.16800782787488397,
        0.2182900140012378,
        0.3709034420167803,
        0.09080771290305854,
        -0.20933787493736197,
        -0.007903442682101712,
        0.020918843613477445,
        -0.001625481323009003,
        0.21488974295721924,
        -0.004954199073922269,
        0.1704370854228002,
        -0.008640336186327272,
        -0.3448312678692141,
        0.025592103969493518,
        -0.001197630629200053,
        0.003886895798302743,
        -0.03221439407018524,
        0.12028124179408901,
        0.16344599033399557,
        0.19649045489086428,
        0.06872692004974945,
        0.07671358019650427,
        -0.01196926592162375
    ],
    "Number for Minimum Energy": 588658820472785793,
    "Elapsed Time [seconds]": 3.5935349464416504,
    "Elapsed Time [hours, minutes, seconds]": [
        0,
        0,
        3.59
    ],
    "Current function value": -1.354276320187599,
    "Iterations": 1327,
    "Function Evaluations, Estimation": [
        1336,
        181696
    ],
    "Gradient Evaluations": 1336,
    "Number of Parameters": 135,
    "Minimum Parameters": [
        3.94648343380395,
        4.141794578735239,
        5.740949352849745,
        0.8104690770047335,
        3.2247996835194233,
        2.529245710870579,
        3.170636382320562,
        0.7550235912467549,
        0.76785736433323,
        2.0095463532170506,
        1.5934424986083675,
        2.6401245968362916,
        3.9133490200058327,
        3.888468013478994,
        2.5239674622729407,
        2.606496466141339,
        1.2110983955665353,
        3.8010706065410305,
        2.1305516164047407,
        0.3819629354630063,
        2.6433217175564856,
        2.980700910780533,
        1.134168560027965,
        3.6435182326693547,
        3.28212395045367,
        4.453117863592604,
        4.003095790651832,
        4.026567133105829,
        1.9787166391342215,
        5.083541129862666,
        3.69764274183528,
        2.7525749244199886,
        3.8528012675328482,
        1.9196990108011855,
        3.376196531739547,
        4.603536380519804,
        5.824854321589926,
        5.67208733912212,
        3.1098479838348765,
        3.4721115958975384,
        5.095341707705982,
        1.937066756621389,
        5.365949737280184,
        3.2592680796748974,
        0.7161266285181498,
        0.7523206934604602,
        5.357215794518375,
        0.023689497549919895,
        1.765423121663166,
        2.2308783606568037,
        1.0153992189521748,
        1.9072043351889687,
        4.536778244404462,
        -0.1378251517959518,
        4.923648109733335,
        5.544458036634238,
        2.6389869637511336,
        0.8826831146653533,
        3.9867871795484726,
        0.7256995610665007,
        2.4770157706513456,
        5.697022346159567,
        6.0501529648326065,
        5.112441173617306,
        2.0255568669142976,
        4.385051327128398,
        4.114081046636963,
        2.185535038404425,
        3.95262625259347,
        0.1547068324224616,
        1.1882837205551138,
        3.23174458439083,
        1.084484619789237,
        1.075559586766187,
        5.471026913279165,
        6.39181611556487,
        3.2132360235380113,
        5.383475047964804,
        6.35520378113758,
        0.7175613356171099,
        3.192532455335995,
        2.6336124372534484,
        0.6066437757204758,
        4.868634120919629,
        2.5143293232317596,
        2.7294238555550137,
        0.9126125228119236,
        0.8972995254676309,
        5.790595001737082,
        0.4820435504450027,
        1.6743211978771408,
        2.1699590422732,
        2.991968229938712,
        4.084670376963176,
        3.1342675705645053,
        0.7460058564403361,
        1.559690206508073,
        5.395704300785807,
        3.9146611334884827,
        4.407432322034968,
        4.333344214773162,
        4.465436738106481,
        0.5410771131077282,
        2.436252863517215,
        3.454279264127239,
        2.0383246715337315,
        5.322426512105446,
        3.0559641891983462,
        4.983137868055172,
        5.311594777610886,
        3.3186567332757493,
        5.9651059367288655,
        3.5486562519381666,
        5.142530557711068,
        1.9989083709699558,
        3.2513106988873313,
        3.675595398655346,
        0.5497449637441499,
        2.4149920950455854,
        5.827747494843535,
        4.327388814587831,
        1.2419698489552777,
        2.260148338447597,
        1.324851708116319,
        0.13521492191104528,
        5.792454891119253,
        2.9252201668556745,
        2.0490741519042244,
        3.4969628974431677,
        -0.04941622668431048,
        1.85739828040763,
        4.5954156933945045,
        3.7387878431723256,
        5.950677705935256,
        4.078399883948282
    ],
    "Cmin, Cmax, frob_norm, shift": [
        0.3369377722287652,
        2246.770729659739,
        249.26698098990568,
        349.59162707225994
    ]
}