{
    "Calculated Minimum Energy [norm, row]": [
        0.001370905887351205,
        -1.3887721454900865
    ],
    "Corresponding loss function": -0.007158919989137099,
    "Solution for Minimum Energy": [
        1.0,
        -1.0,
        -1.0,
        1.0,
        1.0,
        1.0,
        1.0,
        -1.0,
        -1.0,
        -1.0,
        1.0,
        -1.0,
        1.0,
        1.0,
        -1.0,
        1.0,
        1.0,
        -1.0,
        1.0,
        1.0,
        1.0,
        -1.0,
        1.0,
        1.0,
        1.0,
        -1.0,
        1.0,
        -1.0,
        -1.0,
        1.0,
        1.0,
        1.0,
        1.0,
        1.0,
        -1.0,
        1.0,
        1.0,
        1.0,
        1.0,
        1.0,
        -1.0,
        1.0,
        1.0,
        -1.0,
        1.0,
        1.0,
        -1.0,
        1.0,
        1.0,
        -1.0,
        1.0,
        1.0,
        1.0,
        1.0,
        1.0,
        1.0,
        1.0,
        1.0,
        1.0,
        1.0
    ],
    "Corresponding exp value": [
        0.08194388743373818,
        -0.12778245716091072,
        -0.20204066570288048,
        0.06180515210053875,
        0.1888872804867045,
        0.16819711664984743,
        0.10323519664129244,
        -0.14947734809905064,
        -0.27052653001040294,
        -0.25969438739340117,
        0.2278280340679223,
        -0.35106230297720203,
        0.057963011498598734,
        0.32027289930833486,
        -0.15711831426759718,
        0.14942106683047224,
        0.20030950503442652,
        -0.20528626780688058,
        -0.014514088380177046,
        0.06680516251694096,
        0.1413402629850483,
        -0.18729676961342637,
        0.18178433801795485,
        0.12392041660221628,
        0.006382718271971596,
        -0.1387134594145377,
        -0.00497347884245653,
        -0.2276525416411216,
        -0.2218106755334011,
        0.07860386121233477,
        0.10456086803382898,
        0.051978652262151835,
        0.08010821813673004,
        0.1094078091626026,
        -0.20372591779706242,
        0.27240861268698524,
        0.151013307421366,
        0.07135350773343604,
        0.14631169942665823,
        0.1068046740127996,
        -0.1565279362283518,
        0.14382439690456142,
        0.0632338844258912,
        -0.2266040436515969,
        0.12172715406770153,
        0.22063967304522078,
        -0.09507699746659622,
        0.10426449335523683,
        0.27757126737868865,
        -0.09477182038508553,
        0.006247770116693183,
        0.012852718995792368,
        -0.0246473463741518,
        0.14032325334893425,
        0.14532658756644867,
        0.06022655255650264,
        0.0639026159041223,
        0.14770404060038103,
        0.12214210988267656,
        0.13457997616910514
    ],
    "Number for Minimum Energy": 643231920573318,
    "Elapsed Time [seconds]": 2.105567693710327,
    "Elapsed Time [hours, minutes, seconds]": [
        0,
        0,
        2.11
    ],
    "Current function value": -1.4873834112124447,
    "Iterations": 1027,
    "Function Evaluations, Estimation": [
        1029,
        140973
    ],
    "Gradient Evaluations": 1029,
    "Number of Parameters": 136,
    "Minimum Parameters": [
        4.04348073734193,
        4.085959178641992,
        5.878592442576226,
        0.9084777506447129,
        3.1375809825871954,
        2.5313158739547217,
        3.2270639801827543,
        0.7518524784413482,
        0.7813807897782061,
        1.9886725617748453,
        1.6995446458454628,
        2.6697004120475682,
        3.8530442242467635,
        3.98200225600784,
        2.577712901108233,
        2.5633023400776938,
        1.2279872021415197,
        3.7110686581246997,
        2.0203470426820624,
        0.466483112967704,
        2.6156467300358703,
        2.9834668519696197,
        1.1700307862147477,
        3.612362847032072,
        3.314611790942278,
        4.435605488046705,
        4.109910687217064,
        4.143404758747463,
        2.036276299521015,
        5.024703901533953,
        3.4572939684827215,
        2.975250333211359,
        3.8878087676911286,
        2.1622846773191213,
        3.2096935911366855,
        4.745486640875282,
        5.726428633168276,
        5.721253319813011,
        3.1238626532424103,
        3.3894249053861576,
        5.061147876349592,
        2.1486404675590762,
        5.420144245369579,
        3.1789800263121153,
        0.6311817215644199,
        0.5785619155299296,
        5.341886981737659,
        0.26988131286616973,
        1.697363832278137,
        2.2215702118061875,
        1.1110907929475629,
        1.9579408066359039,
        4.403166518137381,
        0.056935676746627494,
        4.976152014821597,
        5.551807235253968,
        2.430531369881654,
        1.0431683978581767,
        3.8815640905540754,
        0.7104416273305683,
        2.3773537496068275,
        5.902153325581779,
        6.091839572888232,
        5.0224868896660615,
        2.00642425643913,
        4.367986082684528,
        4.197914629944669,
        2.271973779706282,
        4.004578167147857,
        0.04285935535513953,
        1.317134759221699,
        3.0175197802192066,
        1.149327180283393,
        1.0110071952071429,
        5.463403830645043,
        6.36723502562069,
        3.2272211706035385,
        5.478926138083329,
        6.1853559349075224,
        0.6640969044125445,
        2.9743843171440933,
        2.4940547098213446,
        0.4756834488141419,
        4.6726865244382845,
        2.607644151195728,
        2.672808201140264,
        0.9845412377643464,
        0.9640208331607111,
        5.7261250798595675,
        0.4671755051222829,
        1.5888166934692698,
        1.9550353108970682,
        3.032745655380751,
        3.794823933346942,
        3.094887482154444,
        0.5712526016055135,
        1.5753532070100293,
        5.320014221719433,
        3.971054827020297,
        4.2769375212526475,
        4.1605040824278845,
        4.525602976036069,
        0.46689757110103436,
        2.4647923293431404,
        3.4187780034836566,
        1.8601131432474258,
        5.4220304184400225,
        3.052765515979129,
        4.912140750751829,
        5.321432745745605,
        3.49486113691565,
        5.837702134026969,
        3.7128542982476285,
        5.229832871480616,
        2.0985570458257956,
        3.2914482216408762,
        3.587910759658252,
        0.5679236152818052,
        2.477611112797782,
        5.703973553783932,
        4.1881427778259654,
        1.1602102292928373,
        2.1629659154634773,
        1.2067772801685734,
        0.12314580580637811,
        5.793736370097649,
        2.864561526150239,
        1.9056193902663492,
        3.554078045619144,
        -0.08544077883468684,
        1.9513408027663846,
        4.614785269967827,
        3.8627366088598265,
        6.062544862948879,
        3.8916889408096327,
        0.8211896784529661
    ],
    "Cmin, Cmax, frob_norm, shift": [
        0.3369377722287652,
        2246.770729659739,
        249.26698098990568,
        349.59162707225994
    ]
}