{
    "Calculated Minimum Energy [norm, row]": [
        0.0005990032658468675,
        -1.3957286550370294
    ],
    "Corresponding loss function": 0.009756414795958887,
    "Solution for Minimum Energy": [
        1.0,
        -1.0,
        1.0,
        1.0,
        1.0,
        1.0,
        1.0,
        1.0,
        1.0,
        -1.0,
        1.0,
        1.0,
        1.0,
        1.0,
        1.0,
        1.0,
        1.0,
        -1.0,
        -1.0,
        1.0,
        -1.0,
        1.0,
        1.0,
        1.0,
        1.0,
        1.0,
        1.0,
        1.0,
        1.0,
        1.0,
        1.0,
        1.0,
        1.0,
        -1.0,
        1.0,
        -1.0,
        1.0,
        1.0,
        1.0,
        1.0,
        -1.0,
        1.0,
        1.0,
        -1.0,
        1.0,
        1.0,
        1.0,
        1.0,
        1.0,
        1.0,
        -1.0,
        1.0,
        1.0,
        1.0,
        -1.0,
        1.0,
        1.0,
        1.0,
        1.0,
        -1.0
    ],
    "Corresponding exp value": [
        0.19163210793332522,
        -0.14271557480743305,
        0.10054362024526868,
        0.16352569813841253,
        0.11007141310139183,
        -0.0011798306103150292,
        -0.00524875227061773,
        0.06185007910233127,
        0.18194963748005286,
        -0.1277419086100711,
        0.12394560212520683,
        0.05582047086380234,
        0.012381670852439528,
        0.01354181454687329,
        0.16612180030258575,
        0.17480872354560104,
        0.006961049037900865,
        -0.08378326072835361,
        -0.19647738832818867,
        0.13091119567403073,
        -0.1401310656060918,
        0.05850066394846282,
        0.15472362199337378,
        0.15355645336146184,
        0.01092984234988769,
        0.0018913202588007015,
        0.005439090356037438,
        0.028157605398029785,
        0.016793596187646635,
        0.09214467771411898,
        0.18873178040116895,
        0.00882790832328918,
        0.18029980883325936,
        -0.1180383913919996,
        0.03443707256855087,
        -0.012971789595246284,
        0.2177573118842564,
        0.2671101798823631,
        0.23477565190234886,
        0.2101352351835195,
        -0.13025006317223625,
        0.20545665717785966,
        0.016410280921416363,
        -0.04193450385507644,
        0.09898537891850123,
        0.09654184588707945,
        0.1586871733709287,
        0.14646529294623958,
        0.15280066357478495,
        0.13282888855917988,
        -0.08454724711469384,
        0.05244127667499183,
        0.0027013169710091295,
        -0.0014712581777682494,
        -0.1652540075518993,
        0.09199727930328755,
        0.1945472257008272,
        0.005712765934539857,
        0.02201440061556516,
        -0.14924704669293357
    ],
    "Number for Minimum Energy": 595610989275513346,
    "Elapsed Time [seconds]": 1.5483169555664062,
    "Elapsed Time [hours, minutes, seconds]": [
        0,
        0,
        1.55
    ],
    "Current function value": -1.363528610450945,
    "Iterations": 471,
    "Function Evaluations, Estimation": [
        688,
        94256
    ],
    "Gradient Evaluations": 688,
    "Number of Parameters": 136,
    "Minimum Parameters": [
        1.4522785023911517,
        3.801522659477456,
        5.712873100990525,
        1.193545680579643,
        1.8467461884682856,
        4.482718332838037,
        6.200638591418826,
        3.206160732933363,
        0.8324068088959591,
        0.0939946778676278,
        1.089402211298099,
        0.908233107015543,
        4.341023169827922,
        0.45054334501767956,
        3.3351275489179386,
        4.176186764121912,
        3.6446019492965136,
        1.0792923305281301,
        5.026699856263278,
        4.343763061589348,
        4.7977134214323,
        0.47106970373760826,
        0.44141077925282846,
        5.528190050161693,
        2.527170963468434,
        1.9726649120371729,
        3.046563694483773,
        4.198824225498589,
        6.005502634702148,
        1.974310150156958,
        5.701592563257817,
        0.19111234917991798,
        3.079197421880947,
        3.709202720629552,
        0.6880192235922081,
        1.1868258491567043,
        2.692465645041248,
        6.162723426157001,
        3.821684091145342,
        5.745439630053289,
        5.128478634046374,
        2.9051903680853686,
        5.163481543731567,
        0.14261565241413743,
        0.30097334130023307,
        5.374706107268922,
        4.958681892475384,
        1.5824138065985274,
        3.489500251060566,
        3.7179100733220483,
        5.154480805762283,
        3.8883848478990646,
        2.49906243376137,
        2.247946697082856,
        2.707559915945806,
        4.024135136756605,
        5.788686983633392,
        2.700951696076362,
        1.485767174727901,
        1.7557571801386842,
        4.907238440790946,
        5.278874079969837,
        0.9436027414849071,
        0.4132211010625154,
        3.996362774828371,
        0.8250279869450359,
        4.9517912437150216,
        2.1938553859836882,
        0.7394684893324369,
        5.614628906842778,
        1.1181777678529223,
        1.8448407172415053,
        0.9815664449274754,
        0.6169213914282519,
        0.07246973058513279,
        0.2896410531557966,
        1.084964688491138,
        -0.039920076339936404,
        3.9648728402911146,
        4.447854239585571,
        2.5256931685682,
        2.2717711710433637,
        3.262048051430045,
        5.7909121399393415,
        5.443280178338799,
        -0.019746843898636117,
        1.4254202503694575,
        1.4113421017495318,
        1.5824101675136386,
        3.6142256881206225,
        2.5858197163951018,
        0.20175586413823984,
        2.1861003043029936,
        3.1863095415617737,
        0.4614571866274111,
        5.389551896573754,
        0.1570311414158107,
        5.8840840001845685,
        0.733347096377875,
        5.3110843560356376,
        5.397793322945517,
        5.890028477965313,
        5.161961192937976,
        4.968056451716042,
        3.6021368602535935,
        4.583916406703969,
        0.8179294499022672,
        3.27204478681469,
        3.5195464681084974,
        5.191091314400935,
        2.834764593767545,
        2.3599439844957417,
        3.883717700729852,
        1.3105694563737105,
        0.7266885808379154,
        2.804228974221904,
        2.715905927000269,
        1.4566180828724258,
        2.2751781357215264,
        2.6917991748816403,
        1.9914546397178359,
        2.1985814721353436,
        4.599232714510459,
        1.7103000651248512,
        6.1211716325467105,
        5.741120598801379,
        2.955794300083592,
        1.8552487375636815,
        3.1500343082688413,
        5.0584712986262526,
        3.9632564056728565,
        4.889959956420423,
        3.456478049027816,
        4.059074985684972,
        1.6492308786380079,
        0.452867873504303
    ],
    "Cmin, Cmax, frob_norm, shift": [
        0.3369377722287652,
        2246.770729659739,
        249.26698098990568,
        349.59162707225994
    ]
}