{
    "Calculated Minimum Energy [norm, row]": [
        0.0004951968704816524,
        -1.3966641748296482
    ],
    "Corresponding loss function": 0.008530375580390664,
    "Solution for Minimum Energy": [
        1.0,
        1.0,
        -1.0,
        1.0,
        1.0,
        1.0,
        1.0,
        1.0,
        -1.0,
        -1.0,
        1.0,
        1.0,
        -1.0,
        -1.0,
        -1.0,
        1.0,
        -1.0,
        1.0,
        -1.0,
        1.0,
        1.0,
        1.0,
        1.0,
        1.0,
        1.0,
        -1.0,
        -1.0,
        1.0,
        1.0,
        1.0,
        1.0,
        1.0,
        -1.0,
        1.0,
        1.0,
        1.0,
        1.0,
        1.0,
        1.0,
        1.0,
        1.0,
        -1.0,
        1.0,
        1.0,
        1.0,
        -1.0,
        -1.0,
        1.0,
        1.0,
        -1.0,
        -1.0,
        -1.0,
        1.0,
        1.0,
        -1.0,
        1.0,
        -1.0,
        -1.0,
        1.0,
        -1.0
    ],
    "Corresponding exp value": [
        0.04684543337343055,
        0.14246502100278072,
        -0.0023792308572585003,
        0.008442082763410486,
        0.1068788108849055,
        0.13706668561529226,
        0.02455198775475974,
        0.05240719883446807,
        -0.1103239864715882,
        -0.11335951253635715,
        0.23294996834765594,
        0.10613644673364589,
        -0.14460065291060795,
        -0.02874630767729165,
        -0.026547198041659666,
        0.035919914070035024,
        -0.03849369629479116,
        0.02298824902114991,
        -0.006107987126967019,
        0.02636580510973558,
        0.1479538391744712,
        0.1447414711558229,
        0.28036202694979895,
        0.3198755332237218,
        0.047883771248887354,
        -0.043451273677454716,
        -0.010431098294132633,
        0.24345772824456322,
        0.24317753706500297,
        0.17337658914319473,
        0.10962197207637184,
        0.00211588973074247,
        -0.2108403723552092,
        0.26114549367461914,
        0.016051777990465206,
        0.21633679320312624,
        0.09702901041384171,
        0.020117404722788196,
        0.3297310479428633,
        0.16170676941607978,
        0.038443912641288124,
        -0.19009848081103858,
        0.06221938844189856,
        0.19708652602594767,
        0.059147122414200316,
        -0.020187581375622227,
        -0.033640436839466936,
        0.23143099947852916,
        0.06590950509694964,
        -0.0426407562596748,
        -0.007348513864347607,
        -0.0018989087559968863,
        0.10389680533257033,
        0.03491545623985727,
        -0.09238912454320258,
        0.13146356819480434,
        -0.23828647557117758,
        -0.0180932488141474,
        0.19417229514698284,
        -0.019429034111365085
    ],
    "Number for Minimum Energy": 814696339136148228,
    "Elapsed Time [seconds]": 3.9666354656219482,
    "Elapsed Time [hours, minutes, seconds]": [
        0,
        0,
        3.97
    ],
    "Current function value": -1.3515795177283345,
    "Iterations": 1474,
    "Function Evaluations, Estimation": [
        1500,
        204000
    ],
    "Gradient Evaluations": 1500,
    "Number of Parameters": 135,
    "Minimum Parameters": [
        4.246345638231523,
        3.1589491843122706,
        3.716234244824914,
        4.758422895638932,
        3.8568774101094987,
        3.4267710383847603,
        3.6512386185538546,
        1.962376090766323,
        -0.23526608153505096,
        2.811479725645015,
        1.4150523252052023,
        2.6630205130517246,
        5.259518869665286,
        1.35357698560967,
        0.15583509817758429,
        1.973710885906847,
        1.6280797791795385,
        4.2040691511832655,
        3.4893873856556006,
        4.855769292512626,
        4.177188112085582,
        2.5714126803600537,
        5.025110035558104,
        1.1469540096336868,
        0.12190457759885423,
        0.47423324445742865,
        4.606535857788123,
        2.837842640363522,
        0.7779347188516834,
        3.154659413378994,
        1.0143254165528728,
        4.483048720156052,
        2.798907794449206,
        2.133436961751737,
        1.9249365879518088,
        4.2352322169277805,
        1.9505448681690107,
        0.7047446819632783,
        0.7468637623760022,
        5.884313892023218,
        5.518628291835539,
        4.386295751755499,
        1.9358765022425153,
        6.118321937508881,
        4.821603841110872,
        4.614411574927111,
        2.6188734122692683,
        1.7937426907305412,
        0.6718960071292541,
        5.622608174875507,
        2.700406376067428,
        1.1911043909868493,
        1.9514507199462288,
        3.469130906349916,
        1.0599640225549725,
        5.433951895769595,
        4.338511341466763,
        4.552592487860171,
        2.8903133595399284,
        3.8268428572690496,
        3.5569695185093955,
        4.1764098315742295,
        0.7916651549481377,
        2.3385301794928295,
        0.22463288945063245,
        3.0714719787505564,
        2.427290177861453,
        1.2904861558528389,
        0.4903596578255268,
        3.7643766633112734,
        0.9758340012214545,
        5.655194054815665,
        3.7232177969226177,
        2.185768934988577,
        3.6774170472935124,
        0.20153024514469667,
        5.949026576147523,
        3.100054142320818,
        5.0022066631897,
        0.6907146836297261,
        2.9647804683140326,
        3.048466163772891,
        5.770039226633357,
        3.434947348103429,
        2.928610662458186,
        1.8543714494656633,
        2.0205755055338006,
        3.2358840811112866,
        2.6909324111123554,
        0.5967203321746188,
        5.006021950102111,
        5.317621915785123,
        0.9430193499586876,
        3.621463077483626,
        0.8274464515344382,
        4.063392273896833,
        1.5219653231364436,
        4.221641734408039,
        4.550217671306906,
        4.864568544639925,
        0.75896831913643,
        5.509374205072687,
        1.3218652144751952,
        0.20223318150691155,
        3.44885494576772,
        2.283411542364227,
        5.293143656231966,
        5.2001935893665365,
        1.8466183377185055,
        6.123679938803336,
        1.8832770852588199,
        3.511459502078052,
        0.9958517466588624,
        5.89015873983437,
        1.0957421226494957,
        0.07340303250616072,
        3.022756114805605,
        6.542273759040615,
        5.506288523481098,
        4.78498296200893,
        5.758938501779706,
        5.419206551955376,
        3.0661701583519982,
        1.7606862580998754,
        5.057831297015441,
        4.200451831186662,
        2.2406164147221492,
        0.7295096824280775,
        4.48202001971585,
        1.7666510824301593,
        5.665072994682013,
        1.7801522557280256,
        0.5328464916271601,
        5.676015565366461,
        0.864080597641203
    ],
    "Cmin, Cmax, frob_norm, shift": [
        0.3369377722287652,
        2246.770729659739,
        249.26698098990568,
        349.59162707225994
    ]
}