{
    "Calculated Minimum Energy [norm, row]": [
        0.0013760479354312334,
        -1.3887258045326094
    ],
    "Corresponding loss function": -0.008453876284509025,
    "Solution for Minimum Energy": [
        1.0,
        -1.0,
        1.0,
        1.0,
        -1.0,
        -1.0,
        1.0,
        -1.0,
        1.0,
        1.0,
        1.0,
        1.0,
        -1.0,
        1.0,
        -1.0,
        1.0,
        1.0,
        -1.0,
        -1.0,
        -1.0,
        -1.0,
        -1.0,
        1.0,
        1.0,
        1.0,
        -1.0,
        -1.0,
        1.0,
        1.0,
        1.0,
        1.0,
        1.0,
        1.0,
        1.0,
        1.0,
        1.0,
        -1.0,
        1.0,
        1.0,
        1.0,
        1.0,
        1.0,
        1.0,
        -1.0,
        1.0,
        1.0,
        -1.0,
        -1.0,
        1.0,
        1.0,
        1.0,
        -1.0,
        1.0,
        -1.0,
        -1.0,
        1.0,
        1.0,
        1.0,
        1.0,
        -1.0
    ],
    "Corresponding exp value": [
        0.09681071998117442,
        -0.15727187120624964,
        0.08773245770742598,
        0.08666292533432603,
        -0.1254152975990584,
        -0.1870622380103453,
        0.3624999459392255,
        -0.13181820528458538,
        0.06925080548980436,
        0.23548725778846688,
        0.36187183393646516,
        0.06353229144911023,
        -0.228929739852086,
        0.15382445948246126,
        -0.18781214465755985,
        0.051211540166404515,
        0.1714499970034599,
        -0.1988770165848366,
        -0.2128229953391819,
        -0.21047223779495244,
        -0.0011240722884536519,
        -0.2928222439375271,
        0.18134528908180575,
        0.10215912010897163,
        0.06631102706232787,
        -0.1183897624270782,
        -0.013083947423975121,
        0.06023473357105587,
        0.15114286265405122,
        0.11464476233609305,
        0.06279192122488751,
        0.03776822811729889,
        0.2859364477415148,
        0.11257958819620678,
        0.26916100914830265,
        0.06528561844998777,
        -0.12282663710096023,
        0.14261409146351225,
        0.16059685822637088,
        0.04525924672199219,
        0.05805178177645735,
        0.26746732589998634,
        0.09008649401719616,
        -0.1168393587078803,
        0.014588620905122696,
        0.15571818238809257,
        -0.11191732595550576,
        -0.12554986438331955,
        0.029619841331269523,
        0.020343330995580833,
        0.2613836139737365,
        -0.07458145695439858,
        0.07601522534757219,
        -0.08071580547568713,
        -0.025671398191918857,
        0.10388005430482397,
        0.005880742984964557,
        0.11052441045341073,
        0.08698402614894099,
        -0.08913404707167141
    ],
    "Number for Minimum Energy": 605954121031110834,
    "Elapsed Time [seconds]": 0.16687917709350586,
    "Elapsed Time [hours, minutes, seconds]": [
        0,
        0,
        0.17
    ],
    "Current function value": -1.4858762626300033,
    "Iterations": 61,
    "Function Evaluations, Estimation": [
        65,
        8840
    ],
    "Gradient Evaluations": 65,
    "Number of Parameters": 135,
    "Minimum Parameters": [
        4.529133779246552,
        1.1623098057610912,
        4.492240860349499,
        5.320769084542383,
        0.7156072585707285,
        4.005328534104945,
        0.5787706277077767,
        4.582165249566224,
        0.6629953087909649,
        5.8578678514646745,
        0.8232071921679419,
        6.045551701991003,
        5.014605657978531,
        3.64322297652319,
        4.989222876848531,
        4.868461881472204,
        5.668866137071473,
        1.4086290567310962,
        3.7610533287232113,
        0.619895622820195,
        3.852450863886157,
        1.1851831443854346,
        3.6810898041785975,
        3.7618849204220153,
        2.936869803482915,
        3.3512966471632457,
        4.80032904414491,
        4.874451823738186,
        3.027458003857433,
        3.716740878272173,
        6.029474754936615,
        0.7896016337101328,
        0.796632706111054,
        0.35848631414333454,
        4.31446662204925,
        2.6139398003791188,
        4.819229491354898,
        4.121466283400183,
        2.056598854475791,
        5.663847714159966,
        4.692312098042666,
        1.7952805699641265,
        2.19063957761301,
        2.014232442796595,
        1.2953522927628547,
        0.8600667342636846,
        5.7979967223656175,
        2.8894320311159234,
        2.5803453548338187,
        4.361879925176477,
        3.3536094407911388,
        5.635173036949232,
        4.7392899005632305,
        2.9297120442492988,
        2.271461700012564,
        6.286477106031851,
        4.465841163663944,
        5.917436212029179,
        0.6807599756546677,
        5.292458068594527,
        3.8638942028899312,
        0.41938672240614744,
        3.674371108181877,
        4.451390760825835,
        0.19355995799860534,
        2.8017479087079926,
        5.065789976261137,
        1.8811393696245615,
        2.994372768332545,
        2.7252456939035405,
        1.7918432096468544,
        5.700806962531574,
        5.02680438695453,
        0.5028222942757326,
        6.344291824740664,
        5.144875229951339,
        1.8153411947852238,
        5.267114192344832,
        0.3341473387566741,
        6.650580687412055,
        4.242050238494911,
        4.092723972649304,
        0.5646677522267695,
        5.589488557946405,
        0.1885263679867027,
        1.387625280606239,
        0.7213223187151792,
        4.898527820686393,
        1.0217834858411752,
        5.678766834788522,
        4.204261891361774,
        -0.16309905829496518,
        -0.009890492174028894,
        0.30325934771506463,
        3.8094593506676078,
        5.213574718990936,
        1.6832512804175246,
        5.371619804444353,
        0.36325228349148725,
        5.178584916856115,
        5.641428990597281,
        4.893664533780651,
        4.423178025804736,
        5.1173833456566165,
        0.2134726070475072,
        1.1252639073693849,
        0.8595993754024239,
        3.244051061857033,
        4.581029431248647,
        3.796977154172969,
        5.458756836836773,
        0.9159722293875402,
        4.509604098954022,
        1.287089438874077,
        1.6242017507236153,
        4.450101626863066,
        6.161435284462021,
        3.9356660923993942,
        0.24653950087038862,
        3.7855082594434113,
        0.263163723902016,
        5.4983867105515705,
        4.384201714223859,
        1.1027559113051646,
        0.6266499105872795,
        1.1413786367660883,
        6.201950601567825,
        2.7405470931968368,
        4.848850411333672,
        4.039520345041772,
        3.4934276881768067,
        0.8256271839925027,
        6.132368701604949,
        1.7862675174449836,
        3.6994973647221596
    ],
    "Cmin, Cmax, frob_norm, shift": [
        0.3369377722287652,
        2246.770729659739,
        249.26698098990568,
        349.59162707225994
    ]
}