{
    "Calculated Minimum Energy [norm, row]": [
        0.00032869567568164073,
        -1.3981647101548766
    ],
    "Corresponding loss function": 0.00572635771262132,
    "Solution for Minimum Energy": [
        1.0,
        -1.0,
        1.0,
        1.0,
        1.0,
        -1.0,
        -1.0,
        -1.0,
        -1.0,
        -1.0,
        1.0,
        -1.0,
        1.0,
        1.0,
        1.0,
        1.0,
        1.0,
        -1.0,
        -1.0,
        1.0,
        1.0,
        -1.0,
        1.0,
        -1.0,
        1.0,
        -1.0,
        1.0,
        1.0,
        1.0,
        1.0,
        1.0,
        1.0,
        1.0,
        1.0,
        -1.0,
        1.0,
        1.0,
        1.0,
        1.0,
        1.0,
        -1.0,
        1.0,
        1.0,
        -1.0,
        -1.0,
        1.0,
        1.0,
        1.0,
        1.0,
        -1.0,
        -1.0,
        1.0,
        1.0,
        1.0,
        1.0,
        1.0,
        1.0,
        -1.0,
        -1.0,
        1.0
    ],
    "Corresponding exp value": [
        0.02549512743338908,
        -0.006092865842464402,
        0.0007010265668715822,
        0.21431816322124683,
        0.24173498860541692,
        -0.009230257306348291,
        -0.01882691181692154,
        -0.013081071441487823,
        -0.0010870823986891508,
        -0.15924530743713575,
        0.32450642820926945,
        -0.013182547704438743,
        0.0007321094395687554,
        0.02517829006913159,
        0.010611587498332818,
        0.011400873478977083,
        0.002207757694071861,
        -0.004121152153660948,
        -0.010905745849038466,
        0.00515808056120605,
        0.2080150310921003,
        -0.011011951100935908,
        0.3679925488626413,
        -0.010333971780101987,
        0.3089531991818863,
        -0.0042030577026279554,
        0.01574016187957246,
        0.2759284122695743,
        0.29824769070537843,
        0.2517567950713099,
        0.12945752376752262,
        0.011095567051912584,
        0.006455304638584729,
        0.35227940528775137,
        -0.007790101081797611,
        0.18475176447675828,
        0.009444039741471354,
        0.01540510433906955,
        0.22132425015329624,
        0.28501550375639334,
        -0.007778179823460251,
        0.3491551888422824,
        0.021275330482162975,
        -0.00864757428187944,
        -0.0005513944680663116,
        0.002899103344596478,
        0.008331861750260778,
        0.3265856228936104,
        0.01056350249035632,
        -0.0022960076910089576,
        -0.009851593167967963,
        0.004774397506259282,
        0.007823853349564723,
        0.000811427159651738,
        0.011284771775744183,
        0.24367335098872953,
        0.23619435637934277,
        -0.051331294523594626,
        -0.18995859191915324,
        0.002274270646132698
    ],
    "Number for Minimum Energy": 434061919102831586,
    "Elapsed Time [seconds]": 1.9422154426574707,
    "Elapsed Time [hours, minutes, seconds]": [
        0,
        0,
        1.94
    ],
    "Current function value": -1.3510192942971502,
    "Iterations": 714,
    "Function Evaluations, Estimation": [
        734,
        99824
    ],
    "Gradient Evaluations": 734,
    "Number of Parameters": 135,
    "Minimum Parameters": [
        4.540730706894406,
        1.190802402259397,
        4.12176077303943,
        5.241682769076022,
        0.9457381501409964,
        4.2277293834944185,
        0.8330011479214271,
        4.532569885329202,
        0.8406484038942135,
        5.761910969115602,
        0.43618519114640525,
        6.068408513132462,
        4.999286460754623,
        3.8590384191564397,
        4.82699269146569,
        4.793423405363357,
        5.85127153191459,
        1.6932354263448306,
        3.616411683227265,
        0.8543750475874977,
        3.779840713268371,
        1.4512195731830047,
        3.7303841770714388,
        3.6534637648273414,
        2.7962356147163674,
        3.3182548205116116,
        4.492479218579108,
        4.625343029156356,
        2.692723081570227,
        3.425195703957069,
        6.367136251162857,
        1.3070876819402701,
        0.7429800598524889,
        0.5150207615058935,
        4.326239433384368,
        2.821558749437152,
        4.911958469096467,
        4.185651094156895,
        1.946418538165401,
        5.227765264933251,
        4.923021208641017,
        1.5666528720821349,
        2.040137425802012,
        2.1906702287606876,
        1.179528198582755,
        1.0339462248925504,
        5.760243805032187,
        2.9548692772515563,
        2.7306402827811773,
        4.369329237765941,
        3.1663692909987065,
        5.585695118874894,
        5.016596737437969,
        2.9203845834974214,
        2.4618635601760097,
        6.35442510580021,
        4.710898488105797,
        5.941516758720432,
        0.87199570184394,
        5.382714792517775,
        4.06336143983876,
        0.6059224963238613,
        3.7419658238885987,
        4.455504667784978,
        0.4141241605066646,
        2.7108798231007802,
        4.986165180311283,
        1.750614690386118,
        2.5014047789144427,
        2.2132969780793244,
        1.4743417419604632,
        5.781912290289542,
        4.729268837241235,
        0.5872542995105593,
        6.23049050079723,
        5.0599655689838805,
        2.0632780980519625,
        5.284127334073104,
        0.7913894893874335,
        6.529805523061971,
        4.188758757099024,
        3.9641239959531123,
        0.2647942177385264,
        5.8720189698870335,
        0.14437933609615483,
        1.3600411121993865,
        0.8392898760379038,
        4.802446544176585,
        1.047250406406542,
        5.569756069165878,
        4.330003845787827,
        -0.09441545836992371,
        -0.08440346238899533,
        0.44308440797628657,
        3.9811036139913436,
        5.329573416695244,
        1.6066280090712741,
        5.630265673626457,
        0.21335255496467329,
        5.3605981861870955,
        5.337614603736328,
        5.027912144822967,
        4.051965132741332,
        4.923373621583277,
        0.19176510936624827,
        1.2509274850467271,
        0.5134607968171568,
        3.181449813194328,
        4.570920258377933,
        3.853744599584769,
        5.656829533016884,
        0.9936004596043396,
        4.601020720521517,
        1.6256368346780679,
        1.6727668903588115,
        4.403687164006234,
        5.4759130596801935,
        4.168480385511532,
        0.6140051738391306,
        3.8586146372340946,
        0.4782652918130999,
        5.175571408068394,
        4.507481781939278,
        0.9770118371253796,
        0.6780005287857275,
        0.7695772989039927,
        6.091484180569751,
        2.4986323558774477,
        4.759325987785197,
        4.666823705083568,
        3.6532287295809676,
        0.5455939369837581,
        6.277176463066057,
        2.0252389003616447,
        3.6809382784495854
    ],
    "Cmin, Cmax, frob_norm, shift": [
        0.3369377722287652,
        2246.770729659739,
        249.26698098990568,
        349.59162707225994
    ]
}