{
    "Calculated Minimum Energy [norm, row]": [
        0.0007528967542795821,
        -1.3943417423725688
    ],
    "Corresponding loss function": 0.021055073614774468,
    "Solution for Minimum Energy": [
        -1.0,
        1.0,
        -1.0,
        1.0,
        1.0,
        -1.0,
        1.0,
        1.0,
        1.0,
        1.0,
        1.0,
        1.0,
        1.0,
        1.0,
        1.0,
        1.0,
        1.0,
        -1.0,
        1.0,
        -1.0,
        1.0,
        1.0,
        1.0,
        1.0,
        1.0,
        1.0,
        1.0,
        1.0,
        1.0,
        1.0,
        1.0,
        1.0,
        -1.0,
        1.0,
        1.0,
        1.0,
        1.0,
        1.0,
        1.0,
        1.0,
        1.0,
        -1.0,
        1.0,
        -1.0,
        1.0,
        1.0,
        -1.0,
        1.0,
        -1.0,
        -1.0,
        -1.0,
        1.0,
        -1.0,
        1.0,
        1.0,
        1.0,
        -1.0,
        -1.0,
        -1.0,
        1.0
    ],
    "Corresponding exp value": [
        -0.0010053229165235917,
        0.14537246668815854,
        -0.11871683380069385,
        0.27062029392157405,
        0.12915053125604736,
        -0.04317371001457475,
        0.139426571248803,
        0.011974079368946764,
        0.16833840406314124,
        0.32169915985688263,
        0.40223573327276235,
        0.05494578218475678,
        0.12835364656311216,
        0.11312210795544826,
        0.12889132707339981,
        0.19843638426905705,
        0.16563860266474953,
        -0.1300511380409352,
        0.050284590164575996,
        -0.14273336001128067,
        0.30404970022959493,
        0.3167300523204838,
        0.14645310068727993,
        0.06321627140549457,
        0.2040785686062802,
        0.10535510425930703,
        0.10591624487576456,
        0.2920994455406465,
        0.1465090107310652,
        0.3625219271515382,
        0.17390148439174155,
        0.028704309132676922,
        -0.023748007269918766,
        0.2724898812784913,
        0.14538999085440163,
        0.2601172988296072,
        0.0509839612720765,
        0.12013273993984723,
        0.3617818737814199,
        0.20225378450861076,
        0.17127407915897389,
        -0.05598014050916318,
        0.2166251418935581,
        -0.07445557045213769,
        0.04436579733302407,
        0.15076785473200965,
        -0.21591283129600009,
        0.1421758337605164,
        -0.0641295414671127,
        -0.07039121634745402,
        -0.15841549206155658,
        0.09127459830275823,
        -0.02609423593118106,
        0.08261712630051544,
        0.14718302162763486,
        0.166148555968896,
        -0.11770347621720519,
        -0.047282745009382704,
        -0.014107236219788061,
        0.31398539157092015
    ],
    "Number for Minimum Energy": 510958450885918757,
    "Elapsed Time [seconds]": 2.2018887996673584,
    "Elapsed Time [hours, minutes, seconds]": [
        0,
        0,
        2.2
    ],
    "Current function value": -1.3703591100041774,
    "Iterations": 677,
    "Function Evaluations, Estimation": [
        678,
        92208
    ],
    "Gradient Evaluations": 678,
    "Number of Parameters": 135,
    "Minimum Parameters": [
        2.870258376222741,
        4.789413836503815,
        5.29650144220627,
        4.458173404286337,
        5.74647352674175,
        4.784108914377493,
        5.210689854533997,
        0.809423692721132,
        4.450460448816652,
        2.7055888769479965,
        3.809994207404234,
        4.061085254493307,
        6.182426874882182,
        6.326674339127051,
        1.7150096638711418,
        4.734992960122964,
        4.7560481436812045,
        1.9891856284263378,
        0.7487939833099004,
        0.34606591437798606,
        4.934982482729591,
        3.066035056155742,
        6.088238548683433,
        3.0124349097615117,
        5.9175092413493315,
        2.5480869996954176,
        4.901923418028141,
        0.6826785019100409,
        3.4197881925223426,
        5.101343383535513,
        5.956862020362558,
        4.781321662910266,
        0.22165055038440762,
        2.107937795978771,
        0.15705041100746778,
        0.6035807487362975,
        4.210856051732864,
        4.735963661427375,
        5.014412011821953,
        5.219226087232591,
        4.750898732189613,
        5.211841583753081,
        0.41825252913589883,
        1.4523045123352876,
        4.012871804428602,
        5.394964981309388,
        -0.01043116053698417,
        3.1735234438842395,
        4.074208094868357,
        0.11497590699626052,
        2.610297339906411,
        5.89608096162701,
        4.102087505909263,
        1.4572826579248797,
        5.215400274081005,
        1.8825058829026493,
        5.354245124539835,
        1.850539673806553,
        3.580468485573372,
        2.529317103371344,
        1.7753258154925526,
        5.497946106898658,
        1.216461321726064,
        0.7834579658884581,
        2.2017841536795513,
        4.549265937882413,
        4.959609893372859,
        5.981902593892858,
        1.5883305589568077,
        2.6891290098124396,
        0.96833058974586,
        3.5716443982451724,
        6.4021385544811675,
        4.487103449049314,
        4.12757013221989,
        2.327332311302332,
        5.676741694690135,
        3.3643509587957405,
        0.8040354385558701,
        2.385623831588947,
        0.4481182360022709,
        1.4676504519923115,
        -0.06011553069302873,
        2.406924181543698,
        3.994333875484514,
        2.24357846590342,
        2.6241288024437055,
        5.985590561088344,
        4.765280359464755,
        3.4090625502219347,
        1.5503574642690698,
        5.623773560869551,
        1.5898585043235642,
        2.1000087526063993,
        5.581716118671472,
        3.5037395962987743,
        4.527578435925941,
        3.6291682267031917,
        4.096398247041355,
        1.7551625524541756,
        1.6100922352970086,
        1.8603020865370727,
        0.9034791616310474,
        5.4072791375465314,
        1.4405221799281915,
        3.5704650206997797,
        5.1102868977346345,
        4.757309163373844,
        2.90220629215695,
        3.1884733608466016,
        5.8119014144186645,
        4.267215478425785,
        4.915609850661256,
        5.685379581245763,
        4.736371226768865,
        1.4520249750732084,
        3.6064157596631192,
        0.9194858227884649,
        4.168592972476304,
        5.74274032649232,
        3.2066817844030044,
        2.6243262927661886,
        0.32839517798279316,
        6.034157455109736,
        0.8124510794745304,
        0.3051572855199661,
        1.2919430290790959,
        0.11747774070800987,
        2.913433775136699,
        3.190390305231626,
        1.87391448235241,
        0.2820306686154449,
        0.8368602426173973,
        2.4940077104000955,
        0.3131074505497726
    ],
    "Cmin, Cmax, frob_norm, shift": [
        0.3369377722287652,
        2246.770729659739,
        249.26698098990568,
        349.59162707225994
    ]
}