{
    "Calculated Minimum Energy [norm, row]": [
        0.0008408492153121255,
        -1.3935491007649299
    ],
    "Corresponding loss function": 0.007327254291872452,
    "Solution for Minimum Energy": [
        1.0,
        -1.0,
        -1.0,
        1.0,
        -1.0,
        -1.0,
        1.0,
        -1.0,
        1.0,
        -1.0,
        1.0,
        1.0,
        1.0,
        -1.0,
        1.0,
        -1.0,
        -1.0,
        1.0,
        1.0,
        -1.0,
        1.0,
        1.0,
        1.0,
        1.0,
        1.0,
        -1.0,
        1.0,
        1.0,
        1.0,
        1.0,
        1.0,
        1.0,
        1.0,
        1.0,
        -1.0,
        1.0,
        1.0,
        1.0,
        1.0,
        1.0,
        1.0,
        1.0,
        1.0,
        -1.0,
        -1.0,
        -1.0,
        -1.0,
        1.0,
        1.0,
        1.0,
        1.0,
        1.0,
        1.0,
        1.0,
        1.0,
        1.0,
        -1.0,
        -1.0,
        1.0,
        -1.0
    ],
    "Corresponding exp value": [
        -0.0375307620736089,
        -0.09981747291256865,
        -0.06209489862519315,
        0.07043086163652412,
        -0.21820108015922057,
        -0.07026585220048122,
        0.2848715112685086,
        -0.10905693225165311,
        -0.03305345340966135,
        -0.09228872000482366,
        0.26664938572465496,
        0.020456749851440144,
        -0.057516150618418506,
        -0.08026293132308807,
        0.008852932248796784,
        -0.0694175617051467,
        -0.07468448372241886,
        0.04490249031081251,
        -0.03624302438433528,
        -0.07917933474747645,
        0.08950786952284,
        0.03813279862954436,
        0.1865731349211084,
        0.3537286048413624,
        -0.024755934833302875,
        -0.06626833021452061,
        -0.04153465604137017,
        0.203909432719948,
        0.11946780208780602,
        0.1691602346368727,
        0.18100655655854525,
        0.015785008026855445,
        -0.04051584988255377,
        0.12721242205592467,
        -0.07063024254838304,
        0.14273545080985367,
        0.05971308516340008,
        -0.053890655398003265,
        0.31014441541953086,
        0.12512383095078206,
        0.03847100317372658,
        0.08628283866801682,
        -0.022489776297004035,
        -0.1332230122616019,
        -0.07635731660284734,
        -0.07325390878219248,
        -0.1045209037027764,
        0.15522371045273234,
        0.0066242528280987395,
        -0.029658706748559027,
        0.06544817665136593,
        -0.04797861576372392,
        0.13384567417882035,
        -0.052676600657562675,
        -0.0247734991478303,
        0.2540476880815843,
        -0.23030948577457555,
        -0.23386461745189877,
        0.14985920998256272,
        -0.0675381203342666
    ],
    "Number for Minimum Energy": 792765493026595510,
    "Elapsed Time [seconds]": 6.62880802154541,
    "Elapsed Time [hours, minutes, seconds]": [
        0,
        0,
        6.63
    ],
    "Current function value": -1.3504531736422907,
    "Iterations": 3097,
    "Function Evaluations, Estimation": [
        3110,
        426070
    ],
    "Gradient Evaluations": 3110,
    "Number of Parameters": 136,
    "Minimum Parameters": [
        4.193855061358945,
        3.010624419262867,
        3.5867173290415315,
        4.845683602212993,
        3.8895573549961715,
        3.42231402960467,
        3.6159904558193605,
        1.8615731996755776,
        0.07968807956227786,
        2.7577349761023617,
        1.3252978742080175,
        2.6249600753942013,
        5.267098004460776,
        1.4564245574331205,
        0.2835966079614741,
        1.818111945361527,
        1.7305311675523383,
        4.212231023621797,
        3.495302116330828,
        4.9616359194324415,
        4.266022728212406,
        2.6763089716351387,
        5.043877971306177,
        1.1301249720440667,
        0.08382456623619033,
        0.5714456007814122,
        4.595929439547788,
        2.9242551704736157,
        0.9307246935626609,
        3.2916658954169593,
        0.9222907204612075,
        4.523737769756565,
        2.859945132133414,
        2.3267174957089116,
        1.992271751905067,
        4.058016748282689,
        2.2437950356249927,
        0.5536500886207483,
        0.7793249888630583,
        5.937473555184277,
        5.731195669110744,
        4.32339853437892,
        1.8654332271283869,
        6.137914313931704,
        4.8437594691766535,
        4.557125105166472,
        2.9122171624184308,
        1.7038904762863347,
        0.7802823884490264,
        5.61754547247918,
        2.771607473158089,
        1.3440145656648086,
        1.9618921575993697,
        3.5098065357801915,
        0.9791671063174368,
        5.465358209998088,
        4.557473156826184,
        4.565987123033227,
        2.7997791716867626,
        3.8597182418872626,
        3.47726834193674,
        4.025345472344907,
        0.7200356354836643,
        2.437678496181839,
        0.42355615050332274,
        3.1403789432791567,
        2.1985430919627755,
        1.113206654004719,
        0.5230956078086288,
        3.764448536918168,
        1.022378578923045,
        5.8535753831415,
        3.556698336980288,
        2.0841509711759816,
        3.9189306994777406,
        0.28160669347557166,
        5.98083874988294,
        3.046974301164059,
        4.9375043791662785,
        0.5166712473499837,
        2.882344956236257,
        2.9358080807256566,
        5.799705976360838,
        3.483001766406491,
        2.9137835169207977,
        1.8847872872552065,
        1.9803091622346747,
        3.3499334391346016,
        2.826397353760526,
        0.31826378417610285,
        5.041845404971286,
        5.417503858375649,
        0.9193451761611591,
        3.5766228715583046,
        0.7996709070733896,
        4.083918916901906,
        1.6030258306513916,
        4.320541085077948,
        4.6603697985729085,
        4.7339462298973,
        0.705464154632108,
        5.5757243307300675,
        1.2320558655115965,
        0.36957542417979794,
        3.461886757246467,
        2.3348798979610113,
        5.320843224233037,
        5.144881044957157,
        1.9984325441524546,
        6.043274503343575,
        1.7560282682190145,
        3.375931587062127,
        1.2633749644740033,
        5.775113589750526,
        0.9055470551575598,
        0.19715849836990867,
        2.7649472338961214,
        6.468599181154956,
        5.439187301770851,
        4.715754204770593,
        5.625295396430043,
        5.450242575599936,
        3.166301196339659,
        1.8696169279378492,
        4.917486117516539,
        4.291245961270059,
        2.2357075886814775,
        0.7537480410801837,
        4.787303226884816,
        1.6195342484538742,
        5.86448815939349,
        1.5712517077571921,
        0.7096288042430255,
        5.329790481762615,
        0.888712704669917,
        0.5259369433401945
    ],
    "Cmin, Cmax, frob_norm, shift": [
        0.3369377722287652,
        2246.770729659739,
        249.26698098990568,
        349.59162707225994
    ]
}