{
    "Calculated Minimum Energy [norm, row]": [
        0.0008027281905498516,
        -1.3938926535205627
    ],
    "Corresponding loss function": -0.009592800969542412,
    "Solution for Minimum Energy": [
        1.0,
        1.0,
        -1.0,
        1.0,
        1.0,
        1.0,
        1.0,
        1.0,
        1.0,
        1.0,
        1.0,
        1.0,
        1.0,
        -1.0,
        1.0,
        1.0,
        1.0,
        1.0,
        -1.0,
        -1.0,
        1.0,
        1.0,
        1.0,
        -1.0,
        1.0,
        1.0,
        1.0,
        1.0,
        1.0,
        1.0,
        1.0,
        1.0,
        1.0,
        1.0,
        -1.0,
        1.0,
        1.0,
        -1.0,
        1.0,
        -1.0,
        1.0,
        -1.0,
        1.0,
        -1.0,
        1.0,
        1.0,
        -1.0,
        -1.0,
        -1.0,
        1.0,
        1.0,
        1.0,
        -1.0,
        1.0,
        1.0,
        1.0,
        1.0,
        -1.0,
        -1.0,
        1.0
    ],
    "Corresponding exp value": [
        0.06395503035237499,
        0.07755435504307664,
        -0.2219697088839209,
        0.35805293359700274,
        0.05459740643604602,
        0.06820884437869627,
        0.1521687040224003,
        0.041324530716387725,
        0.1305866326217914,
        0.08827450293877989,
        0.3920452649003757,
        0.07913693911385852,
        0.09066155800910736,
        -0.007952864519767917,
        0.17424574669019546,
        0.10781167995255367,
        0.07138446667003073,
        0.06744179495964425,
        -0.023205972847175065,
        -0.08321897185919691,
        0.23270601129601065,
        0.13338929873799388,
        0.07273789948956004,
        -0.07689501466499776,
        0.09039061246958424,
        0.06658582636713409,
        0.21757396475680502,
        0.09072964834576172,
        0.042979506778437544,
        0.300790340032579,
        0.09104304477985463,
        0.15126267995637388,
        0.03443412029951255,
        0.06811495174964778,
        -0.0008425313382523121,
        0.1973194142034406,
        0.080609900046916,
        -0.1219411580559856,
        0.31904015793993357,
        -0.0072269429209282365,
        0.18901163121177478,
        -0.2043538234547301,
        0.052626024054583935,
        -0.04972871752707449,
        0.1668621513248085,
        0.12419101632411474,
        -0.1325740542874417,
        -0.03623024656379245,
        -0.02429214874338413,
        0.05344270710615598,
        0.04947421583770895,
        0.05578028326893424,
        -0.11323283485156113,
        0.10142202330563174,
        0.1434254084690372,
        0.30460857040897477,
        0.1151370176308655,
        -0.08224015705217555,
        -0.1469024736995892,
        0.21247273658625715
    ],
    "Number for Minimum Energy": 437353444564279300,
    "Elapsed Time [seconds]": 0.26538801193237305,
    "Elapsed Time [hours, minutes, seconds]": [
        0,
        0,
        0.27
    ],
    "Current function value": -1.4938883527562725,
    "Iterations": 94,
    "Function Evaluations, Estimation": [
        95,
        12920
    ],
    "Gradient Evaluations": 95,
    "Number of Parameters": 135,
    "Minimum Parameters": [
        2.9075673745916784,
        4.791003114346436,
        5.333350809321278,
        4.492390914745171,
        5.73215188388506,
        4.850286992906866,
        5.3497262019253204,
        0.7542760072021057,
        4.531636916461665,
        2.688335534536162,
        3.560381691784136,
        4.079927684800072,
        6.139851119831847,
        6.254811406495617,
        1.7826167247651514,
        4.7411356797411734,
        4.735227124341525,
        2.0939908439477315,
        0.7399678718859617,
        0.2698162110598002,
        4.90269674318074,
        3.0485866084543605,
        6.047116992111621,
        2.9475615206396393,
        5.88371443635529,
        2.5663050982680944,
        4.975172109093578,
        0.6917187508518532,
        3.445833471064586,
        5.223077636307491,
        5.973501482633962,
        4.828174334714454,
        0.413103270412166,
        2.2469943206839145,
        0.18806079965037964,
        0.6921198770265082,
        4.21433265511917,
        4.685334645147969,
        4.96408677145904,
        5.315974714321443,
        4.640566462490267,
        5.308627510890088,
        0.35943627928174626,
        1.4842633635436713,
        4.033925855242275,
        5.331646375042987,
        -0.11483323785862175,
        3.289055898282002,
        4.148277436345292,
        0.2382218989734291,
        2.4488648487355382,
        5.877172587868492,
        4.080863324815273,
        1.398716580256247,
        5.178336429151742,
        1.9278591076646052,
        5.315347200186028,
        1.8888670314344616,
        3.671984031555579,
        2.3723334575100967,
        1.870902288692151,
        5.345994659270733,
        1.1637480372943638,
        0.8639156009893886,
        2.1094907228216315,
        4.4572135375675055,
        5.033836637034652,
        6.160118587512214,
        1.619578660420644,
        2.703005851325712,
        0.8266799170798936,
        3.4688752727935532,
        6.141738138448957,
        4.563056193551138,
        3.935737218424306,
        2.454246457950804,
        5.812179033315109,
        3.2124059422848292,
        0.8184880628455631,
        2.365630771297714,
        0.2950612136225594,
        1.3455855159146894,
        -0.04079878325948474,
        2.4381480703241403,
        4.0316434932910585,
        2.259335908345234,
        2.6675601945924825,
        5.932513333625808,
        4.575513398977503,
        3.3298171057931047,
        1.486917921693803,
        5.521703253279436,
        1.4901715680350927,
        2.0271571102074852,
        5.769537172350839,
        3.4388381014343983,
        4.691849570215093,
        3.5373819376685196,
        4.208348053236599,
        1.9782551943917066,
        1.6759739222426462,
        1.9297443178783955,
        0.8437694336090301,
        5.502875434686035,
        1.6121033014328658,
        3.5779237942256947,
        5.140714476766443,
        5.037229633901519,
        2.70855992985216,
        3.0798658432607016,
        6.017515521541719,
        4.311399546042593,
        5.039770491674453,
        5.661041280945697,
        4.828851918920449,
        1.160441756303675,
        3.6314643379641445,
        0.9578264223846795,
        4.094284577172615,
        5.888988232769835,
        3.22684113462933,
        2.69912470947158,
        0.24142344610729335,
        6.008654942091063,
        0.5769370424148481,
        0.14156234905974321,
        1.4749609979403597,
        0.1248166191073983,
        2.8034063973080845,
        3.3772378356811155,
        1.9377621324192107,
        0.43090021913408577,
        0.7003926712072761,
        2.279671495328172,
        0.37117434314358866
    ],
    "Cmin, Cmax, frob_norm, shift": [
        0.3369377722287652,
        2246.770729659739,
        249.26698098990568,
        349.59162707225994
    ]
}