{
    "Calculated Minimum Energy [norm, row]": [
        0.00042986284191600033,
        -1.3972529755161538
    ],
    "Corresponding loss function": -0.005254034705819948,
    "Solution for Minimum Energy": [
        1.0,
        -1.0,
        1.0,
        1.0,
        1.0,
        -1.0,
        1.0,
        -1.0,
        1.0,
        -1.0,
        1.0,
        -1.0,
        -1.0,
        -1.0,
        1.0,
        1.0,
        1.0,
        1.0,
        1.0,
        1.0,
        1.0,
        -1.0,
        1.0,
        1.0,
        1.0,
        1.0,
        1.0,
        1.0,
        1.0,
        1.0,
        1.0,
        -1.0,
        -1.0,
        -1.0,
        -1.0,
        1.0,
        -1.0,
        -1.0,
        1.0,
        1.0,
        1.0,
        1.0,
        -1.0,
        -1.0,
        1.0,
        1.0,
        -1.0,
        1.0,
        -1.0,
        1.0,
        -1.0,
        1.0,
        1.0,
        1.0,
        1.0,
        1.0,
        1.0,
        1.0,
        -1.0,
        -1.0
    ],
    "Corresponding exp value": [
        -0.010811227518936234,
        -0.19213220041943208,
        -0.08005622120081492,
        0.11129435094529185,
        0.09492318700784963,
        -0.2820535210509665,
        0.2555802905557135,
        -0.1491214327440648,
        0.10685441903172517,
        -0.33062238962068735,
        0.3008911804272526,
        -0.17930540291430652,
        -0.17601756086286738,
        -0.17770848626054447,
        0.21573012496526192,
        0.07027928174282402,
        0.12432037172570369,
        -0.09887098916540321,
        0.17579418573137806,
        0.014258963979465241,
        0.20956203096504758,
        -0.21093676902509784,
        0.21803116140761927,
        0.1899214605121959,
        0.2555295918011843,
        0.2682755930007476,
        -0.09431244280203796,
        0.13989924852712132,
        0.2670934334942772,
        0.26117678586354287,
        0.2791868843685788,
        -0.17092816511164652,
        -0.4087143712255198,
        -0.42178591206673605,
        -0.17793317702401154,
        0.05995306447328484,
        -0.14108078976080252,
        -0.30719233235198085,
        0.24135384790077127,
        0.15136162366385314,
        0.20718394384781985,
        0.30897990225140765,
        -0.14301331100244802,
        -0.1243598746372752,
        0.15476996668747825,
        0.2174657504758697,
        -0.24807079057083664,
        0.2924032744283349,
        -0.2704297296876176,
        0.20202232887018015,
        -0.25984448168266394,
        0.3222386631102281,
        0.21092032845071035,
        0.18050241795902802,
        0.19265328314033625,
        0.2933448197819443,
        0.238578373600167,
        0.2074984380648297,
        -0.34742302329060537,
        -0.17027644834523986
    ],
    "Number for Minimum Energy": 866182304595196578,
    "Elapsed Time [seconds]": 1.7572269439697266,
    "Elapsed Time [hours, minutes, seconds]": [
        0,
        0,
        1.76
    ],
    "Current function value": -1.472977738359503,
    "Iterations": 879,
    "Function Evaluations, Estimation": [
        892,
        122204
    ],
    "Gradient Evaluations": 892,
    "Number of Parameters": 136,
    "Minimum Parameters": [
        4.445804738950416,
        1.2598953616626203,
        4.243725492790316,
        5.415604482103355,
        0.7231218284249187,
        3.772715740108115,
        0.7925345111550914,
        4.60288215340425,
        0.8550742500391411,
        5.826604439477879,
        0.9653057577838121,
        6.252379376245102,
        5.03850822671348,
        3.7301623275845963,
        4.912650787688665,
        4.896771588622403,
        5.818968567618515,
        1.4070608310946997,
        3.7017318821993817,
        0.5880144107356544,
        3.794620368803505,
        1.2238725605091243,
        3.3968231172276715,
        3.6829392927139835,
        2.8161368427836506,
        3.504663868954033,
        4.789653693623143,
        5.101687975369375,
        3.038184085849969,
        3.629357700063503,
        5.747775242207573,
        1.0493433178245608,
        0.623462322740417,
        0.13155328158589275,
        4.125832634228268,
        2.1279839028752443,
        5.056538865435492,
        4.058832590962077,
        2.107171947262737,
        5.504928098665564,
        4.717699922723516,
        1.708257952210382,
        2.3538483319989947,
        2.078716792574154,
        1.1388410785465202,
        0.688400245264671,
        5.823343737221918,
        2.9119134190610017,
        2.6156619554430867,
        4.562988710671415,
        3.452530727804526,
        5.928773444663628,
        4.872786357851873,
        2.7762318709201166,
        2.3798038019887167,
        6.38941294689956,
        4.6728074450681305,
        6.050676637482845,
        0.6249876186888502,
        5.475662747349775,
        4.216282794771676,
        0.7120957744411285,
        3.764143908048162,
        4.458106489402706,
        0.15124585494531276,
        2.865080794193985,
        5.196908002109544,
        1.5203205196221659,
        2.829671691552709,
        2.2844672368704653,
        1.7755744358298045,
        5.764612077853083,
        4.971881054707959,
        0.6904654268984519,
        6.339096984925997,
        5.298367233099801,
        1.6604974410389066,
        5.0907037958664585,
        0.6693508020848588,
        6.417529213198951,
        4.176864309212923,
        4.386418874523327,
        0.4461991778664692,
        6.002473061102137,
        0.2953301704601222,
        1.509042692426116,
        0.6392100889424773,
        4.889364493192747,
        1.3572062296380976,
        5.502926534536995,
        4.182188902770433,
        0.05866455812723451,
        0.020838199849147296,
        0.3641381645446317,
        3.8037219707183207,
        5.160094080015734,
        1.7072193137051355,
        5.4694948748998815,
        0.4200543029433037,
        5.090412310609427,
        5.710086675225197,
        4.942559018562667,
        4.568796807998455,
        5.046758909279444,
        0.21293382837095587,
        1.2062413429372711,
        0.6971193362618829,
        3.2935421070380237,
        4.989168428419945,
        4.016726349806551,
        5.5740319336466095,
        1.2084092341348278,
        4.47360092136846,
        1.3212699162910555,
        1.533882071816687,
        4.645574225783065,
        6.301610219477864,
        3.912066319532682,
        0.5798696919801147,
        3.892621083962386,
        0.25505228583353906,
        5.610004473294572,
        4.416418820825383,
        0.8850122356120055,
        0.7853352193285297,
        1.0152424681986594,
        5.873594741852361,
        2.841935739943908,
        4.97376369612402,
        4.136344680985105,
        3.6865348729957357,
        0.9081836525349832,
        6.06889159805924,
        1.7168800395677755,
        3.732020983812863,
        0.6597230340884317
    ],
    "Cmin, Cmax, frob_norm, shift": [
        0.3369377722287652,
        2246.770729659739,
        249.26698098990568,
        349.59162707225994
    ]
}