{
    "Calculated Minimum Energy [norm, row]": [
        0.0009200856055144513,
        -1.3928350097778652
    ],
    "Corresponding loss function": 0.018974387943002075,
    "Solution for Minimum Energy": [
        1.0,
        -1.0,
        1.0,
        1.0,
        1.0,
        -1.0,
        1.0,
        1.0,
        -1.0,
        1.0,
        1.0,
        -1.0,
        1.0,
        -1.0,
        1.0,
        1.0,
        -1.0,
        1.0,
        1.0,
        1.0,
        1.0,
        -1.0,
        1.0,
        1.0,
        1.0,
        1.0,
        -1.0,
        1.0,
        1.0,
        1.0,
        1.0,
        -1.0,
        1.0,
        1.0,
        1.0,
        -1.0,
        1.0,
        -1.0,
        1.0,
        -1.0,
        -1.0,
        1.0,
        1.0,
        1.0,
        -1.0,
        1.0,
        -1.0,
        1.0,
        1.0,
        1.0,
        1.0,
        1.0,
        -1.0,
        1.0,
        1.0,
        -1.0,
        1.0,
        1.0,
        1.0,
        -1.0
    ],
    "Corresponding exp value": [
        0.20783367597072802,
        -0.32544483766567844,
        0.09337998972490782,
        0.12805694872706783,
        0.21885527985103898,
        -0.31277135666141376,
        0.36515236546848406,
        0.1649411772347855,
        -0.28272493792705644,
        0.10748010070409683,
        0.4303748411591076,
        -0.246419085239368,
        0.010498293472601755,
        -0.04597694900176015,
        0.037133832493848176,
        0.12301348263943854,
        -0.1268550768971295,
        0.19639107860883118,
        0.003179350248041342,
        0.23053942911398356,
        0.4510420476801741,
        -0.14863429333831765,
        0.24954998926488683,
        0.14161320730746213,
        0.24264749780881575,
        0.07847613819792763,
        -0.05590865858854249,
        0.04197547972536733,
        0.05765850788341703,
        0.16196616990881882,
        0.21324658558569518,
        -0.3647144952567445,
        0.0009702306641135514,
        0.19682796901206454,
        0.013166078480711198,
        -0.004506650901447189,
        0.025928366483234367,
        -0.1550742667216526,
        0.10479242802930513,
        -0.005222772669496514,
        -0.047397929403929694,
        0.20750831336907183,
        0.07163978951804449,
        0.20631060433607165,
        -0.1277488540039193,
        0.15307981245035057,
        -0.007838801696183586,
        0.11373867978627762,
        0.06543102161236139,
        0.18912922304502786,
        0.024221535738318332,
        0.01572994344356239,
        -0.07405563128965702,
        0.07661650573801868,
        0.0915243180451351,
        -0.011465903215764392,
        0.16601016609704994,
        0.09200072528080855,
        0.11736421282858339,
        -0.13077534424428905
    ],
    "Number for Minimum Energy": 617082933162879266,
    "Elapsed Time [seconds]": 4.706077337265015,
    "Elapsed Time [hours, minutes, seconds]": [
        0,
        0,
        4.71
    ],
    "Current function value": -1.3257581530948905,
    "Iterations": 1399,
    "Function Evaluations, Estimation": [
        1401,
        190536
    ],
    "Gradient Evaluations": 1401,
    "Number of Parameters": 135,
    "Minimum Parameters": [
        4.396631127039336,
        1.385240335629371,
        4.382354324277872,
        5.337417161405196,
        0.6994549133676081,
        4.0065589940798185,
        0.6639490911342104,
        4.484212038872076,
        0.6127578407512535,
        5.860434170025941,
        0.889647698948897,
        6.119071544455999,
        4.799431217715471,
        3.8514423429235425,
        5.063877469776705,
        5.04643427700856,
        5.750172243275593,
        1.5960344925588927,
        3.724336527682291,
        0.6496963753690023,
        3.970442929890007,
        1.1816872509876488,
        3.6887921964804806,
        3.823284958519617,
        2.79099311307216,
        3.3487654515256033,
        4.7819031291761105,
        4.7377527345271275,
        3.105826295942629,
        3.676205036073713,
        6.068546644708045,
        1.0586293139066298,
        0.7184254369326868,
        0.5192031318284495,
        4.238191338767995,
        2.434036983680353,
        4.884017187579533,
        3.9876803676143675,
        2.117795706117872,
        5.456778576003896,
        4.699464526617927,
        1.7747742762103307,
        2.1415070985743108,
        1.903639583999634,
        1.2082360333933164,
        0.7974203865611786,
        5.851929299640055,
        3.0462369270278993,
        2.628244589459391,
        4.364072193344302,
        3.3651386703233186,
        5.842026175476293,
        4.719286201614546,
        2.7565476027603175,
        2.348512204912626,
        6.149625035593419,
        4.716770118785845,
        5.9604183690001005,
        0.7659123998039387,
        5.3926193979954515,
        4.241855725460793,
        0.4818724751680948,
        3.641478764426313,
        4.501550352334849,
        0.1695968660837812,
        2.8634307394026983,
        5.170771550259055,
        1.6472902066216422,
        2.953278870288206,
        2.496239956281988,
        1.9012986814436077,
        5.539826557126174,
        5.06696778660554,
        0.5281106243966561,
        6.340653097179886,
        4.94189301281865,
        1.9223544451950627,
        5.1726626336674055,
        0.5786839505747063,
        6.424052800148358,
        4.389263183150306,
        4.32092771788569,
        0.6664228564730578,
        5.924051199388747,
        0.26748253076466105,
        1.4813874293243015,
        0.6143469488522468,
        4.9246123202768555,
        1.3536064737328442,
        5.514590846377179,
        4.313609438003122,
        -0.11461215142474082,
        0.061952295776522,
        0.25811387436152344,
        3.83121987945889,
        5.253553035514889,
        1.7759806003672705,
        5.281911704580115,
        0.3871217224319077,
        4.998078902299499,
        5.564093486781159,
        4.917588115602135,
        4.454180444797448,
        5.042647643030701,
        0.3286101041392734,
        1.2795555145609783,
        0.5309799201130119,
        3.3160777810499327,
        4.716372505145164,
        3.8081040160668502,
        5.483077932082836,
        1.1127194615604463,
        4.629501688743787,
        1.4395904807142128,
        1.6244971103485761,
        4.181119903891389,
        6.06187311494371,
        4.0350134344405815,
        0.2808780895153928,
        3.864766833856674,
        0.39515841522404715,
        5.248582249481674,
        4.589439891594102,
        1.121624325643542,
        0.7664630757946693,
        1.2165968482623568,
        6.246760312383293,
        2.647832236295585,
        4.8272969907696845,
        4.1369170954393475,
        3.6728506285679794,
        0.7203684292513662,
        5.900061801358713,
        1.7025441601937648,
        3.8554354656820906
    ],
    "Cmin, Cmax, frob_norm, shift": [
        0.3369377722287652,
        2246.770729659739,
        249.26698098990568,
        349.59162707225994
    ]
}