{
    "Calculated Minimum Energy [norm, row]": [
        0.0053109901142350925,
        -1.3532634779762236
    ],
    "Corresponding loss function": 0.11792361074086818,
    "Solution for Minimum Energy": [
        -1.0,
        1.0,
        -1.0,
        1.0,
        1.0,
        -1.0,
        1.0,
        1.0,
        -1.0,
        1.0,
        1.0,
        -1.0,
        1.0,
        1.0,
        -1.0,
        1.0,
        1.0,
        -1.0,
        1.0,
        -1.0,
        1.0,
        1.0,
        1.0,
        1.0,
        1.0,
        1.0,
        -1.0,
        1.0,
        1.0,
        1.0,
        1.0,
        1.0,
        -1.0,
        1.0,
        1.0,
        1.0,
        1.0,
        1.0,
        1.0,
        1.0,
        -1.0,
        1.0,
        -1.0,
        1.0,
        -1.0,
        1.0,
        1.0,
        1.0,
        1.0,
        -1.0,
        1.0,
        -1.0,
        1.0,
        -1.0,
        -1.0,
        1.0,
        -1.0,
        1.0,
        1.0,
        -1.0
    ],
    "Corresponding exp value": [
        -0.14665193327486278,
        0.27535816816557024,
        -0.12218595942962905,
        0.13426150293616707,
        0.3118930784170775,
        -0.13762369565736757,
        0.19299838378584458,
        0.043301100211766724,
        -0.22517011495236575,
        0.36788059405164064,
        0.38978632820130965,
        -0.07157158816693814,
        0.3199160494666802,
        0.1355450235348082,
        -0.22267762196299037,
        0.07386273900508446,
        0.19906894074780584,
        -0.20568566826310092,
        0.2518575161426559,
        -0.09181360380233612,
        0.05626288372676974,
        0.08950942858714428,
        0.2575751577920139,
        0.07237011621009953,
        0.018443435774083135,
        0.08028175027657966,
        -0.12937839174852747,
        0.10475568873056139,
        0.21483815404836112,
        0.2643137515501698,
        0.14587384729911293,
        0.019063970561564975,
        -0.033087260354244266,
        0.1315002251070269,
        0.23325734481653876,
        0.2543038097303085,
        0.0422495721206442,
        0.031754858551273135,
        0.1970687394082217,
        0.036684074979685455,
        -0.031088045304214385,
        0.059709453372904994,
        -0.18915863968505314,
        0.2909691792821746,
        -0.09383272889160553,
        0.007489438882409257,
        0.2719802959759821,
        0.22756341974248775,
        0.10679943328638417,
        -0.12099851358842269,
        0.02421342560629206,
        -0.04545777238077229,
        0.017779820109568804,
        -0.08822552557262338,
        -0.1485414693687251,
        0.03483290510537376,
        -0.054086159848146784,
        0.07439471478826619,
        0.18971895481078338,
        -0.12807748744922665
    ],
    "Number for Minimum Energy": 678377787979614501,
    "Elapsed Time [seconds]": 1.1355443000793457,
    "Elapsed Time [hours, minutes, seconds]": [
        0,
        0,
        1.14
    ],
    "Current function value": -0.903626865471383,
    "Iterations": 402,
    "Function Evaluations, Estimation": [
        404,
        54944
    ],
    "Gradient Evaluations": 404,
    "Number of Parameters": 135,
    "Minimum Parameters": [
        4.160790533148835,
        4.220017104308078,
        5.809842151190544,
        0.9326493619731737,
        3.0944106750718716,
        2.549353520481989,
        3.3061794654530323,
        0.7735292397783646,
        0.5955750126205077,
        1.6736383584585703,
        1.771036968264961,
        2.5626951270489062,
        3.960026520220082,
        3.827383019813046,
        2.400911857539013,
        2.6183601901801694,
        1.4209542136811826,
        3.7033579475424125,
        2.016310500297494,
        0.16023628465918124,
        2.5864454635013776,
        2.944180033857031,
        1.5066399415653093,
        3.709364652620189,
        3.6492766250894335,
        4.481207441689618,
        4.048125832305404,
        4.129792429836706,
        1.7984960902671165,
        5.343850568013388,
        3.654124410788643,
        2.809926196388719,
        3.824185479453514,
        2.280664448104613,
        3.3572991224338837,
        4.848047583278358,
        5.602181295858771,
        5.686984626065595,
        2.9486886163136163,
        3.674073760868305,
        4.721852263244533,
        1.8761500830165572,
        5.422033401000715,
        2.8282870176057195,
        0.8108794086383732,
        0.5653466031876755,
        5.255788586317261,
        0.025405234293907848,
        1.714346586088966,
        2.1856609566764136,
        0.9621722500367861,
        1.6825640209095791,
        4.467783844679914,
        -0.041296791982217286,
        5.05157752735427,
        5.381699720969718,
        2.3296045271011323,
        0.8717843416716088,
        3.7541650640769686,
        0.8247882261653846,
        2.432113815499563,
        6.00272898310178,
        5.910807065990129,
        4.8851432931091345,
        1.760253521991931,
        4.439806641105298,
        4.137762250326892,
        2.398310948960434,
        4.170310971602169,
        0.3528999559778102,
        1.1579319214206285,
        3.057445981231115,
        0.9874485006945727,
        0.9767912838025461,
        5.183801872779794,
        6.00932276763641,
        3.2071145128766094,
        5.273529246218184,
        6.317265113962805,
        0.8280003457005121,
        2.8019543045751747,
        2.4018564334471355,
        0.569113674521523,
        4.66052158001645,
        2.8102803509807686,
        2.7083681561471415,
        0.8344929671940682,
        1.19147127446149,
        5.76614869792596,
        0.3523358408579188,
        1.4432106442016146,
        2.0782743432258934,
        3.133136257515768,
        3.6593910583284677,
        3.213484598001642,
        0.7724223336289973,
        1.363255365997962,
        5.187334437995396,
        4.073854120722485,
        4.107509800242072,
        4.416818127456487,
        4.855192142786137,
        0.6339725535775754,
        2.5558510558760643,
        3.517523279899685,
        1.8921764171257436,
        5.10782433832636,
        3.0056420562127695,
        4.755612053450138,
        5.28019553853195,
        3.527454513126206,
        5.641651262369306,
        3.5041652380564203,
        5.271578076937293,
        2.4593120152149965,
        3.3526119503276472,
        3.472214040289816,
        0.6947064276709655,
        2.4961823841016613,
        5.604784954638149,
        4.225131815736654,
        1.1930738905697689,
        2.219666927242315,
        1.3080182286201105,
        0.029178532275131126,
        5.836559521930838,
        2.6589181397304285,
        2.113431582441945,
        3.860175636324036,
        -0.15100534537959154,
        2.051810219749446,
        4.730602736952895,
        3.9087210139912165,
        6.0312456710846565,
        3.94942052359742
    ],
    "Cmin, Cmax, frob_norm, shift": [
        0.3369377722287652,
        2246.770729659739,
        249.26698098990568,
        349.59162707225994
    ]
}