{
    "Calculated Minimum Energy [norm, row]": [
        0.0007082030618362744,
        -1.3947445290577134
    ],
    "Corresponding loss function": -0.009729746188238471,
    "Solution for Minimum Energy": [
        1.0,
        1.0,
        -1.0,
        1.0,
        1.0,
        1.0,
        1.0,
        1.0,
        1.0,
        1.0,
        1.0,
        1.0,
        1.0,
        -1.0,
        1.0,
        1.0,
        1.0,
        1.0,
        -1.0,
        -1.0,
        1.0,
        1.0,
        1.0,
        1.0,
        -1.0,
        -1.0,
        1.0,
        1.0,
        1.0,
        1.0,
        1.0,
        1.0,
        1.0,
        1.0,
        -1.0,
        1.0,
        1.0,
        1.0,
        1.0,
        -1.0,
        1.0,
        -1.0,
        1.0,
        1.0,
        1.0,
        1.0,
        -1.0,
        1.0,
        1.0,
        1.0,
        1.0,
        1.0,
        -1.0,
        1.0,
        -1.0,
        1.0,
        -1.0,
        -1.0,
        -1.0,
        1.0
    ],
    "Corresponding exp value": [
        0.29127601666625225,
        0.09631766163038545,
        -0.10195570293264115,
        0.24208687148311622,
        0.26471030599518225,
        0.1700312808033837,
        0.09656659532935156,
        0.0945779690712951,
        0.20517882645814683,
        0.05081796264146677,
        0.4602361698172628,
        0.16831881949698915,
        0.07822379300754558,
        -0.18627584550783405,
        0.318886705086564,
        0.14955451967211583,
        0.07341236372269712,
        0.05149166852918135,
        -0.14629032694941246,
        -0.09357449222822961,
        0.14460245089679408,
        0.2500304874112116,
        0.14016992550415663,
        0.0785040254163564,
        -0.024815456786592388,
        -0.18117326177038112,
        0.28468858382160417,
        0.08192006718468298,
        0.26641587390907107,
        0.2568034455777296,
        0.13915479384534168,
        0.07630842063587329,
        0.23194567076063224,
        0.12377736638952214,
        -0.12433159918489084,
        0.2070892933656483,
        0.16086279106134754,
        0.1566672307581966,
        0.19268259385507752,
        -0.1287687072516671,
        0.1117044217790036,
        -0.14127552214777,
        0.07959613653056076,
        0.10422571744331688,
        0.1301646816371216,
        0.08196283760074886,
        -0.09539134146512092,
        0.1129842968944976,
        0.08546982352247648,
        0.201762719768116,
        0.0900889712705864,
        0.08952632486085504,
        -0.135006773923134,
        0.18434036087159683,
        -0.09355739192910512,
        0.08228323507523368,
        -0.11842182832429553,
        -0.1206750210005104,
        -0.14295069338566926,
        0.07952610748131507
    ],
    "Number for Minimum Energy": 526994291156590596,
    "Elapsed Time [seconds]": 0.5255892276763916,
    "Elapsed Time [hours, minutes, seconds]": [
        0,
        0,
        0.53
    ],
    "Current function value": -1.4947219186529812,
    "Iterations": 223,
    "Function Evaluations, Estimation": [
        224,
        30688
    ],
    "Gradient Evaluations": 224,
    "Number of Parameters": 136,
    "Minimum Parameters": [
        2.9522397102433415,
        4.791418613947468,
        5.379820543497269,
        4.41482001298951,
        5.880482240705005,
        4.863649581944749,
        5.2885348516744655,
        0.673335764914902,
        4.5515432273127585,
        2.6457717209391873,
        3.5644571602871373,
        4.027223292312045,
        6.237160206662526,
        6.248567151901219,
        1.852714233044488,
        4.792964813321194,
        4.783839567115028,
        2.028569081721527,
        0.7683522224857218,
        0.1762309901094745,
        4.959782674939761,
        2.962861339092213,
        5.975867161547034,
        2.897849533542744,
        5.929673152593421,
        2.590291454118629,
        5.058202034810303,
        0.698618446908713,
        3.481564731406101,
        5.05941705229381,
        5.909410669923935,
        4.899994207273689,
        0.30601255367818075,
        2.2569651652421094,
        0.24300868044924448,
        0.7343460062867181,
        4.179296397973461,
        4.680516182555568,
        4.947086500771753,
        5.364744514309963,
        4.786666362049071,
        5.224820213553705,
        0.4478292249743298,
        1.5011143215640408,
        3.939121870773331,
        5.251620461844487,
        -0.1417949889900234,
        3.1538349497869405,
        4.228882427822676,
        0.2261968181468538,
        2.433486814090345,
        5.81592445543851,
        4.120266637205337,
        1.398743040429463,
        5.192154575466997,
        2.007624800937823,
        5.315737553615244,
        1.8382016627532205,
        3.58895933855485,
        2.426191381978238,
        1.771293830637049,
        5.346007422734173,
        1.210933815024323,
        0.7789326398843863,
        2.075793344094586,
        4.370482514804288,
        5.009633337355529,
        6.1404401680757035,
        1.7731457548977843,
        2.861941157220692,
        0.9396420352037872,
        3.479835183697865,
        6.2942525278370045,
        4.475647239926996,
        3.9081271508705737,
        2.3992667069249616,
        5.745325128074335,
        3.0294184236439814,
        0.9032177825671921,
        2.365692768724316,
        0.3654432786633829,
        1.1754453841247252,
        -0.06972790323829624,
        2.5209421118890263,
        4.02433378690163,
        2.233504800185072,
        2.6492317169848385,
        6.044267616940974,
        4.583252084162418,
        3.207917275778982,
        1.5587315977333127,
        5.481059561546428,
        1.4760315639525923,
        2.0664565904260694,
        5.6804885187704315,
        3.483273969701845,
        4.715015255649158,
        3.530068937372986,
        4.26426395420162,
        1.854827672639628,
        1.6690383857280684,
        1.909730887007035,
        1.106280789747435,
        5.426293454971682,
        1.5915753880121777,
        3.4956291528658077,
        5.1098344001424465,
        4.9136789293408025,
        2.682341017901606,
        3.0751473143683143,
        5.976879070308274,
        4.32663553796315,
        4.8970428131941945,
        5.679301919698859,
        4.621057628209774,
        1.2183693671343385,
        3.7094001071573306,
        0.8568676858637765,
        4.060170996436535,
        5.912176394882927,
        3.2728975898434194,
        2.7644027423338295,
        0.21645896696055292,
        6.024309632549561,
        0.4815647821173257,
        0.19930088416477185,
        1.443457535574329,
        0.11332359048401429,
        2.770128200063559,
        3.301758702388513,
        1.8846156082902352,
        0.4067822314994102,
        0.7612069152623379,
        2.3471172067869794,
        0.3293339560864478,
        0.31430224577072546
    ],
    "Cmin, Cmax, frob_norm, shift": [
        0.3369377722287652,
        2246.770729659739,
        249.26698098990568,
        349.59162707225994
    ]
}