{
    "Calculated Minimum Energy [norm, row]": [
        0.0020086802115725946,
        -1.3830244215523253
    ],
    "Corresponding loss function": 0.12233528980044173,
    "Solution for Minimum Energy": [
        -1.0,
        1.0,
        1.0,
        -1.0,
        1.0,
        1.0,
        1.0,
        -1.0,
        1.0,
        -1.0,
        1.0,
        1.0,
        1.0,
        -1.0,
        1.0,
        1.0,
        -1.0,
        1.0,
        1.0,
        1.0,
        1.0,
        1.0,
        1.0,
        1.0,
        1.0,
        1.0,
        1.0,
        1.0,
        1.0,
        1.0,
        1.0,
        1.0,
        -1.0,
        1.0,
        1.0,
        1.0,
        1.0,
        1.0,
        1.0,
        1.0,
        1.0,
        1.0,
        -1.0,
        1.0,
        1.0,
        1.0,
        -1.0,
        1.0,
        -1.0,
        -1.0,
        -1.0,
        -1.0,
        1.0,
        -1.0,
        -1.0,
        1.0,
        -1.0,
        -1.0,
        1.0,
        -1.0
    ],
    "Corresponding exp value": [
        -0.15775799205503957,
        0.07288983648970096,
        0.10231728095041248,
        -0.17144983293201316,
        0.17484746119977232,
        0.16055060711721056,
        0.04094860426534548,
        -0.19065771900406012,
        0.06621239888735489,
        -0.14638369524551814,
        0.20727220966008977,
        0.08560660536235573,
        0.015711140651943324,
        -0.1988717957323639,
        0.10373820547575677,
        0.07881058349175801,
        -0.1890831812795728,
        0.12819443764895444,
        0.03722659762096031,
        0.0570968722125769,
        0.13701537354206064,
        0.276902392980241,
        0.2443096765228443,
        0.2915380454316037,
        0.34130290147831693,
        0.08501676665757711,
        0.1719210442982212,
        0.06549511425190378,
        0.21341307505842538,
        0.21125599805756073,
        0.28151793722257074,
        0.1538149088743739,
        -0.00727615531079179,
        0.24179014383908154,
        0.04443042931403479,
        0.31267376612184483,
        0.216265501984665,
        0.0884668305485832,
        0.2954717585720462,
        0.004545596312899899,
        0.19440611182514797,
        0.09500754927749158,
        -0.014333204030686563,
        0.00016341880376870288,
        0.025081443183978255,
        0.1272452898913531,
        -0.20867329324232045,
        0.170118352500961,
        -0.13505474586206373,
        -0.09650173714943752,
        -0.1354049363137,
        -0.01303276340258774,
        0.1871914524196551,
        -0.1523981528220966,
        -0.02171711120764707,
        0.19844552401339902,
        -0.14582814239790265,
        -0.00529992251397607,
        0.10468690512034515,
        -0.009065853029843446
    ],
    "Number for Minimum Energy": 823952027917820553,
    "Elapsed Time [seconds]": 1.3070085048675537,
    "Elapsed Time [hours, minutes, seconds]": [
        0,
        0,
        1.31
    ],
    "Current function value": -0.8970853532233177,
    "Iterations": 389,
    "Function Evaluations, Estimation": [
        390,
        53040
    ],
    "Gradient Evaluations": 390,
    "Number of Parameters": 135,
    "Minimum Parameters": [
        4.183084373443562,
        3.0845437923318024,
        3.656458234462446,
        4.796989100583002,
        3.8410366109022047,
        3.452103142689817,
        3.5217633598200724,
        1.874579407426295,
        0.10139076136270672,
        2.7415624183721325,
        1.3680795386114815,
        2.5683071947386646,
        5.237571968837588,
        1.3144351190204793,
        0.24050017640013938,
        1.904082546768977,
        1.8183061801124378,
        4.183277386778007,
        3.533365914926081,
        4.942620482796963,
        4.247178578096058,
        2.6435802131456456,
        5.112093517098645,
        1.1397687718925387,
        0.11171181163113142,
        0.5309876154067329,
        4.547290093149032,
        3.035230332848859,
        0.8765008484101934,
        3.122554488820409,
        0.9675478295451607,
        4.409580871744682,
        2.8180356603464927,
        2.3000511230172993,
        2.027063369163984,
        4.159532284771506,
        2.0954510464085017,
        0.7060184964704596,
        0.7323536382178842,
        5.894333350419299,
        5.525269397031095,
        4.3883049361838165,
        1.8417946372255054,
        6.03527120225121,
        4.839553725687142,
        4.621882298920728,
        2.7300326981826246,
        1.7132133622073935,
        0.7240022674047397,
        5.700104522660221,
        2.813927130352829,
        1.279867110652187,
        2.008752806977976,
        3.6050858929877734,
        1.0674665579053317,
        5.392856554940816,
        4.602983615765481,
        4.597830842943445,
        2.7122443775074054,
        3.8397192662156674,
        3.45987080622986,
        3.988854332725191,
        0.894858981093736,
        2.3519343152864156,
        0.3044832593398365,
        3.0964630603364003,
        2.3504315236020483,
        1.0866545247271098,
        0.5855778665646676,
        3.869654893168719,
        1.224832255913466,
        5.708466232663099,
        3.7570087734282978,
        2.1117706797601925,
        3.6799196914926924,
        0.28104241977864813,
        5.923098840487934,
        3.016772847951701,
        4.988041390296547,
        0.5661594149384972,
        2.9448856796687384,
        3.0213456729465347,
        5.864762851281523,
        3.5531737256479277,
        2.8159596571518057,
        1.7511216130711664,
        1.9860131559768612,
        3.345979632890776,
        2.8916768733730276,
        0.3857152746715429,
        4.963837543009814,
        5.352413704851289,
        0.8789789250317229,
        3.6714286900934794,
        0.8055943254052879,
        4.148321005075575,
        1.5588295802705163,
        4.139809733456243,
        4.529689078604462,
        4.8468730402749785,
        0.7838761411518403,
        5.728390166056628,
        1.4619109731716218,
        0.2486079242479011,
        3.4665172664050004,
        2.258481752503514,
        5.370664017337321,
        5.121953672883352,
        1.8045048840575693,
        5.993202754064684,
        1.8251005063525279,
        3.329063723647585,
        1.161768383085184,
        5.991211835944622,
        1.0207039118151946,
        0.21170446574233068,
        2.743545723366416,
        6.509102512163867,
        5.494212668072108,
        4.618313627500891,
        5.797715584431204,
        5.547718996820096,
        3.0784123795057834,
        1.8657788194732843,
        5.056712584722505,
        4.3409360722125365,
        2.2104861638622726,
        0.7553446672431159,
        4.75758433738661,
        1.669817428046338,
        5.930667004747493,
        1.5639012184789336,
        0.7110973724827587,
        5.404365325382039,
        0.9152879048193386
    ],
    "Cmin, Cmax, frob_norm, shift": [
        0.3369377722287652,
        2246.770729659739,
        249.26698098990568,
        349.59162707225994
    ]
}