{
    "Calculated Minimum Energy [norm, row]": [
        0.00029690909177142996,
        -1.398451175919179
    ],
    "Corresponding loss function": 0.012915181078162082,
    "Solution for Minimum Energy": [
        1.0,
        -1.0,
        1.0,
        -1.0,
        1.0,
        1.0,
        -1.0,
        -1.0,
        -1.0,
        -1.0,
        1.0,
        -1.0,
        1.0,
        1.0,
        1.0,
        1.0,
        1.0,
        -1.0,
        -1.0,
        -1.0,
        1.0,
        -1.0,
        1.0,
        -1.0,
        1.0,
        -1.0,
        -1.0,
        1.0,
        -1.0,
        1.0,
        1.0,
        -1.0,
        1.0,
        1.0,
        1.0,
        1.0,
        -1.0,
        1.0,
        1.0,
        1.0,
        1.0,
        1.0,
        1.0,
        1.0,
        -1.0,
        1.0,
        1.0,
        1.0,
        1.0,
        -1.0,
        -1.0,
        1.0,
        -1.0,
        -1.0,
        -1.0,
        1.0,
        1.0,
        1.0,
        1.0,
        1.0
    ],
    "Corresponding exp value": [
        0.26908642557598145,
        -0.19453084598171913,
        0.014831001342552079,
        -0.0800832285582887,
        0.10136436213814483,
        0.12032894059642847,
        -0.015501294096746434,
        -0.0022726221132984958,
        -0.03286396997120618,
        -0.19084887787410978,
        0.1745770903285601,
        -0.23005996326079312,
        0.0033809117959352087,
        0.1635472773136384,
        0.03130698751923387,
        0.03689517451230913,
        0.3088728372201364,
        -0.1697828423463584,
        -0.0033672309352968926,
        -0.005260848413533794,
        0.1883711654712391,
        -0.002435418864366934,
        0.17115273500300796,
        -0.008189915436069676,
        0.0028259211245831896,
        -0.002000490253997866,
        -0.0006478382634365143,
        0.06180193899817717,
        -0.22092537426642442,
        0.1608613308128647,
        0.14112699576852594,
        -0.008735536525836843,
        0.005347272683953531,
        0.19618047268717298,
        0.005505715474075979,
        0.17191475391931987,
        -0.009080180817331618,
        0.019238467611158834,
        0.18744866548198777,
        0.12430580944335638,
        0.010237351529622036,
        0.12191859135304615,
        0.014460169391611672,
        0.23057416113621199,
        -0.003155473331777032,
        0.0690069637210739,
        0.016474715753797654,
        0.09578528084217985,
        0.008217781726345089,
        -0.21700531523082423,
        -0.015239583154360968,
        0.010556011030521166,
        -0.002790712527693879,
        -0.012662842857022686,
        -0.000293002599302903,
        0.11659596887013368,
        0.07703253983183578,
        0.2795272099131461,
        0.13144456756399794,
        0.0012222940497928604
    ],
    "Number for Minimum Energy": 33231710685367242,
    "Elapsed Time [seconds]": 3.129929304122925,
    "Elapsed Time [hours, minutes, seconds]": [
        0,
        0,
        3.13
    ],
    "Current function value": -1.3263569497373224,
    "Iterations": 902,
    "Function Evaluations, Estimation": [
        973,
        132328
    ],
    "Gradient Evaluations": 973,
    "Number of Parameters": 135,
    "Minimum Parameters": [
        3.9544080358757454,
        4.123632331890943,
        5.705171030342643,
        0.8869992075811289,
        3.0390077203756256,
        2.5072003209059672,
        3.1178777770785695,
        0.7629289364408165,
        0.7284219960781703,
        2.013913187100678,
        1.4280833775360662,
        2.603054830168271,
        3.8144287013292426,
        3.9379293420779913,
        2.5541022732798995,
        2.561979364872013,
        1.2504491529680477,
        3.7277727967616343,
        2.0690792761530097,
        0.44975637260067103,
        2.6077924845418434,
        2.997585437347351,
        1.1430020686057158,
        3.6988714844885533,
        3.2950496300620644,
        4.493761556688133,
        3.8575888625242056,
        3.973057920084227,
        1.9647138277851852,
        4.963911799013479,
        3.482999685902633,
        2.93449354924744,
        3.7994902879327204,
        2.3308732842802136,
        3.2951893473508505,
        4.5247355475050135,
        5.755391898764323,
        5.575727412275449,
        3.1087292370810444,
        3.438508098255378,
        4.961186217498599,
        2.081829768818502,
        5.410950360788453,
        3.201878508413547,
        0.49678943318108526,
        0.6536647434186925,
        5.217049374407689,
        0.23929688267678648,
        1.7375912757710663,
        2.2766677948993546,
        1.1158377910534465,
        2.1103467991506943,
        4.525828101024923,
        -0.07698193821798381,
        4.920255712975779,
        5.472189946203304,
        2.341239566041059,
        1.0717551913168382,
        3.832313679197769,
        0.6245378047854822,
        2.414766160331932,
        5.770647217546023,
        6.115002128826513,
        5.032090217006858,
        1.8097891521026295,
        4.63450758380848,
        4.28958763302215,
        2.220805903358268,
        3.9232518722480396,
        0.07987125248069893,
        1.41748450883723,
        3.0926702178113423,
        1.2500395599988896,
        1.0790147136218142,
        5.3869255212786795,
        6.4783524432512385,
        3.1832417458106335,
        5.416043438855832,
        6.090870918075384,
        0.5577508870852951,
        3.1832984890162948,
        2.749444730398136,
        0.6303522952094064,
        4.859584631575677,
        2.70689479684217,
        2.639783283429295,
        1.051648515589684,
        0.8505590453892684,
        5.770807444700143,
        0.5185801016674372,
        1.541625108776829,
        2.104483518410674,
        3.17363629049046,
        3.8550655842062103,
        3.1948250239422387,
        0.5988385471452559,
        1.3493841072642345,
        5.397426572319307,
        3.762158862650093,
        4.277047087855923,
        3.995924569902109,
        4.529667764092126,
        0.5474999070761758,
        2.3187072932595236,
        3.4340871127630352,
        2.058574921129833,
        5.1266602534286045,
        3.2048273044252995,
        4.754258523231179,
        5.310039189339376,
        3.2833657945604684,
        5.717966707001814,
        3.6919273333284734,
        5.1230454001204455,
        2.0253341343077236,
        3.3510655433952086,
        3.703981980585948,
        0.5833222935467476,
        2.638649006416413,
        5.659456229084998,
        4.225752240898968,
        1.2319376412349847,
        2.0057579639747063,
        1.28392867426964,
        0.11535430114334733,
        5.737685871110749,
        2.824073115733095,
        1.9683512938689407,
        3.3514182852063468,
        0.05760377082923478,
        2.0693709712287305,
        4.618055033950693,
        3.8637484226913905,
        5.953543145915012,
        4.041990977404352
    ],
    "Cmin, Cmax, frob_norm, shift": [
        0.3369377722287652,
        2246.770729659739,
        249.26698098990568,
        349.59162707225994
    ]
}