{
    "Calculated Minimum Energy [norm, row]": [
        0.003418058461846244,
        -1.3703228799586786
    ],
    "Corresponding loss function": 0.13026776748011887,
    "Solution for Minimum Energy": [
        -1.0,
        1.0,
        -1.0,
        1.0,
        1.0,
        1.0,
        1.0,
        -1.0,
        -1.0,
        1.0,
        1.0,
        -1.0,
        1.0,
        1.0,
        -1.0,
        1.0,
        1.0,
        -1.0,
        1.0,
        -1.0,
        1.0,
        -1.0,
        1.0,
        -1.0,
        -1.0,
        1.0,
        -1.0,
        -1.0,
        1.0,
        1.0,
        1.0,
        -1.0,
        1.0,
        1.0,
        1.0,
        1.0,
        -1.0,
        -1.0,
        1.0,
        1.0,
        -1.0,
        1.0,
        -1.0,
        1.0,
        -1.0,
        -1.0,
        1.0,
        1.0,
        1.0,
        -1.0,
        1.0,
        -1.0,
        -1.0,
        1.0,
        1.0,
        -1.0,
        1.0,
        1.0,
        1.0,
        -1.0
    ],
    "Corresponding exp value": [
        -0.03341902048970631,
        0.11913341909881232,
        -0.06866700108131785,
        0.1455249493522169,
        0.32244630866149787,
        0.045049867569189744,
        0.07880957895623582,
        -0.11571932576550924,
        -0.20583666493200625,
        0.1788361365407128,
        0.24871152173274344,
        -0.11921879313421911,
        0.383256374612495,
        0.0833648907485234,
        -0.11662232730296863,
        0.025829380938130402,
        0.09490649795342242,
        -0.3077611465921681,
        0.16200220857887074,
        -0.08207835311785364,
        0.0016083878528173959,
        -0.12292741522094876,
        0.29806085583812514,
        -0.14567325185902824,
        -0.04439075152106736,
        0.10342305773081001,
        -0.11107792820698892,
        -0.007374985149408139,
        0.1641266990247418,
        0.05137986748883327,
        0.07952138903240168,
        -0.06537405951722743,
        0.003660192224330452,
        0.11834765463568463,
        0.12620683077823386,
        0.17206950102255453,
        -0.007476867451861947,
        -0.06540787213805699,
        0.15571669220090634,
        0.10346545070058374,
        -0.11993641961213478,
        0.07562271779888602,
        -0.10851857924150735,
        0.15229086021852484,
        -0.01255642501019778,
        -0.0505650557955902,
        0.18298110336702023,
        0.1963361444363411,
        0.1129842705950719,
        -0.25643906439701464,
        0.01860199919058111,
        -0.01286944075468393,
        -0.0077930630370626015,
        0.023382988963891602,
        0.05993476092766632,
        -0.10142255740373823,
        0.005688296913214135,
        0.18167527351159202,
        0.11541538088575723,
        -0.03548733778636763
    ],
    "Number for Minimum Energy": 619866381368314245,
    "Elapsed Time [seconds]": 1.3194918632507324,
    "Elapsed Time [hours, minutes, seconds]": [
        0,
        0,
        1.32
    ],
    "Current function value": -0.9102290113675939,
    "Iterations": 388,
    "Function Evaluations, Estimation": [
        390,
        53040
    ],
    "Gradient Evaluations": 390,
    "Number of Parameters": 135,
    "Minimum Parameters": [
        4.211189356132524,
        4.183794139354166,
        5.832913705033243,
        0.9516660944738586,
        3.1241035655263905,
        2.547678365437415,
        3.297378198441267,
        0.7690483049641732,
        0.6937212303241697,
        1.679150900462202,
        1.8395548417962215,
        2.6309166924653393,
        3.926801549919865,
        3.8672753824703,
        2.4563356350542813,
        2.639566411207076,
        1.361446971309199,
        3.683791980876091,
        1.9868469089321454,
        0.20415638366247288,
        2.6256044115564694,
        2.9502083307830733,
        1.4976712174679252,
        3.643442367095236,
        3.624699268857833,
        4.42323525039807,
        4.141516757150483,
        4.085776532587019,
        1.8267588675974804,
        5.322334882814106,
        3.607378701475057,
        2.7887041791363796,
        3.83195790205189,
        2.2474977194074275,
        3.265304913188334,
        4.798822059956896,
        5.604423502644869,
        5.664099265367205,
        3.015771972911777,
        3.577585965770962,
        4.762127849345512,
        1.9992242509969416,
        5.316297922935993,
        2.9171168979654194,
        0.7845457953616547,
        0.5319373310537941,
        5.286528680651609,
        0.085364774223782,
        1.6435673288777626,
        2.172616642078931,
        0.9933398963136117,
        1.8156987200126806,
        4.449986048975506,
        0.05811960298264578,
        5.153983196607298,
        5.390974771676145,
        2.359011640720076,
        0.968616199385325,
        3.753940592649751,
        0.8258927244784368,
        2.409481031344404,
        6.040240691073797,
        6.001631928150689,
        4.881729564802594,
        1.8160566848523585,
        4.399620052148917,
        4.209929811545144,
        2.4300573213507546,
        4.071461817404589,
        0.21093651978088557,
        1.2288933503152482,
        3.051658373894167,
        0.9410411494877228,
        0.9665595500091166,
        5.206374534635667,
        6.000895137769566,
        3.2850322228628133,
        5.314459297999227,
        6.2444738991828475,
        0.7503287689524818,
        2.7817236357334054,
        2.4435190782420824,
        0.5469236369440912,
        4.617298929592505,
        2.7873285462448956,
        2.7538658537848097,
        0.8345236021097454,
        1.121582834933501,
        5.775566394796332,
        0.3984645310002519,
        1.450642899678239,
        2.032595189760736,
        3.0921784990399015,
        3.720280647745295,
        3.2095821105852003,
        0.6643157048862681,
        1.5002506840656702,
        5.271604761195707,
        4.032917760530046,
        4.092857320482004,
        4.364251413688595,
        4.8093889602318,
        0.5998501567626646,
        2.4744718678495543,
        3.4674161379436907,
        1.933170203832191,
        5.167675848422625,
        3.0229938415960853,
        4.826774526718294,
        5.2898961905345265,
        3.4578353909632864,
        5.65109453641526,
        3.5062784302964176,
        5.318119237493676,
        2.374144818430591,
        3.2830554855906025,
        3.437449356118731,
        0.672874180272776,
        2.5074515786822635,
        5.660424360467397,
        4.124801139595119,
        1.1538080954135028,
        2.1842134180669603,
        1.292725287390683,
        0.0907852451442894,
        5.838874850625008,
        2.7030272251625864,
        2.0692476324835716,
        3.8204778471384664,
        -0.12578347365797893,
        1.9865632510132636,
        4.6447639764477175,
        3.95640207123911,
        6.085491962102935,
        3.932721100128203
    ],
    "Cmin, Cmax, frob_norm, shift": [
        0.3369377722287652,
        2246.770729659739,
        249.26698098990568,
        349.59162707225994
    ]
}