{
    "Calculated Minimum Energy [norm, row]": [
        0.061858335851732234,
        -0.8436497786334938
    ],
    "Corresponding loss function": 0.022829481747586162,
    "Solution for Minimum Energy": [
        1.0,
        1.0,
        1.0,
        1.0,
        1.0,
        1.0,
        1.0,
        1.0,
        1.0,
        1.0,
        1.0,
        1.0,
        1.0,
        1.0,
        1.0,
        1.0,
        1.0,
        1.0,
        1.0,
        1.0,
        1.0,
        1.0,
        1.0,
        1.0,
        1.0,
        1.0,
        1.0,
        1.0,
        1.0,
        1.0,
        1.0,
        1.0,
        1.0,
        1.0,
        1.0,
        1.0,
        1.0,
        1.0,
        1.0,
        1.0,
        1.0,
        1.0,
        1.0,
        1.0,
        1.0,
        1.0,
        1.0,
        1.0,
        1.0,
        1.0,
        1.0,
        1.0,
        1.0,
        1.0,
        1.0,
        1.0,
        1.0,
        1.0,
        1.0,
        1.0
    ],
    "Corresponding exp value": [
        -0.06298778980717329,
        -0.06546128662174315,
        0.08081996773580162,
        -0.22080050191668368,
        -0.1935456142613811,
        -0.14753373710809703,
        -0.11837006830686127,
        -0.20955944128063642,
        -0.07218294585019584,
        -0.05777899197781341,
        -0.05501247459407844,
        0.13922153031458132,
        0.23314064352109024,
        -0.10446965713167221,
        0.2168106978512446,
        -0.05547445572908745,
        -0.02235566495684212,
        0.14553186433836102,
        0.056064274752506686,
        0.07493238062724504,
        0.21111098865970945,
        -0.04011721171330896,
        0.16889985999520613,
        0.019307844466041064,
        -0.18747976435454475,
        0.010248436943558543,
        0.07121212176413921,
        0.11548450974215184,
        -0.08893664960149227,
        -0.0008850162109673744,
        -0.07284965352178915,
        0.08090535475703689,
        -0.05979972302886882,
        0.05535479135556647,
        0.16680888259676724,
        -0.06968650548030739,
        -0.01610672163267927,
        0.19973350671723877,
        0.06183608031388067,
        0.059218565423976216,
        0.2085611637506961,
        0.2230265041322236,
        0.03450375122565612,
        -0.12605449805327204,
        0.029690174446662523,
        -0.0555981397203992,
        -0.019214247509214185,
        0.04448803044477409,
        -0.33277987865698655,
        0.043710462065251324,
        -0.07935199285104337,
        -0.07822899360858335,
        0.2329826418298642,
        0.06336341598906599,
        0.11393290443708887,
        0.09841725592818824,
        -0.0787085404892136,
        -0.1132964464641026,
        0.040801963481174534,
        -0.05980705466069042
    ],
    "Number for Minimum Energy": 0,
    "Elapsed Time [seconds]": 1.9244036674499512,
    "Elapsed Time [hours, minutes, seconds]": [
        0,
        0,
        1.92
    ],
    "Current function value": -1.3039670944704675,
    "Iterations": 898,
    "Function Evaluations, Estimation": [
        899,
        123163
    ],
    "Gradient Evaluations": 899,
    "Number of Parameters": 136,
    "Minimum Parameters": [
        4.1957273403139395,
        2.9708397571069045,
        3.5601133475540134,
        4.805991900467847,
        3.9816655183072704,
        3.4765531897585826,
        3.509352314962817,
        1.9069707931258633,
        0.18903657201908727,
        2.7440252372194815,
        1.3555441702512088,
        2.56619064810664,
        5.350487378777057,
        1.4564347268184141,
        0.35602180476894196,
        1.779992579421063,
        1.8468947837927463,
        4.159525447759114,
        3.5025006031239387,
        4.926411353862772,
        4.177004071539936,
        2.560503785681699,
        5.114379816447289,
        1.0556352694902251,
        0.14020376086957764,
        0.5632460487109096,
        4.539311855086071,
        2.9148482936712536,
        1.001660373539774,
        3.1552372585060393,
        0.9576217731301996,
        4.375620082061131,
        2.804369245377352,
        2.389899721654274,
        1.9024060503938829,
        3.9707698607090514,
        2.2565703087079907,
        0.5692415942615577,
        0.7413738524030639,
        6.030751843597839,
        5.691808134939522,
        4.393076282116249,
        1.6810464217464436,
        6.0806568562181935,
        4.890887390259541,
        4.5106874704405,
        2.8130239244161763,
        1.7126558082331942,
        0.6168642072886956,
        5.6701692268852755,
        2.8580055570106877,
        1.267406655566745,
        1.932996249227772,
        3.634766112153626,
        1.1072614541803303,
        5.381543907493373,
        4.75670648503561,
        4.523680840040205,
        2.7120698051291616,
        3.9339917357464476,
        3.6572612573785377,
        4.0787827627932955,
        0.552264416543449,
        2.5895689500117895,
        0.26583227100927026,
        3.1035391907402747,
        2.0935769854483737,
        0.9213207116410032,
        0.6439855722702414,
        3.7032171615335505,
        1.0807123105488972,
        5.805933203970685,
        3.657159675798688,
        2.1713015020274637,
        3.7145249536486076,
        0.15364052303135128,
        6.015287199265148,
        3.030689727415422,
        4.924358979584934,
        0.5189821219568095,
        3.047266596745266,
        3.077946439338608,
        5.892638722822727,
        3.5902686186072894,
        2.9635486379832,
        1.6843671995778378,
        2.073791902336858,
        3.2742925373941034,
        2.7650992175634155,
        0.151699070123664,
        5.169898961389341,
        5.603728430529642,
        0.8780859531480981,
        3.4961597208138375,
        0.6905893872492406,
        4.217250380850655,
        1.7548374701387326,
        4.14392624100242,
        4.5691749963975585,
        4.829665807485195,
        0.6841398862710444,
        5.7520420129747585,
        1.4462655210892104,
        0.23887695980762397,
        3.4826563270647966,
        2.3240371626391756,
        5.226697272143871,
        5.0795118405108335,
        1.9785397537776426,
        5.989227098224309,
        1.835755597123177,
        3.2461060723123696,
        1.5808152815657652,
        5.888217857077297,
        1.0301532137222122,
        0.27761926471365367,
        2.7360416999366874,
        6.261918112826924,
        5.588698796894145,
        4.696198542469347,
        5.609642738763303,
        5.6108100820464095,
        3.244966361074435,
        1.9765274965478408,
        4.861214125328021,
        4.174428981788406,
        2.3376424197517762,
        0.6052360265929702,
        4.698768552453655,
        1.6470008105741356,
        5.90074133456416,
        1.5133863127505063,
        0.7674895357028549,
        5.23645465265933,
        0.9632972604587432,
        1.0038369703308325
    ],
    "Cmin, Cmax, frob_norm, shift": [
        0.3369377722287652,
        2246.770729659739,
        249.26698098990568,
        349.59162707225994
    ]
}