{
    "Calculated Minimum Energy [norm, row]": [
        0.0002706842664555517,
        -1.3986875182279033
    ],
    "Corresponding loss function": 0.0005052047384080641,
    "Solution for Minimum Energy": [
        -1.0,
        1.0,
        -1.0,
        1.0,
        1.0,
        -1.0,
        1.0,
        -1.0,
        -1.0,
        1.0,
        1.0,
        -1.0,
        1.0,
        1.0,
        -1.0,
        1.0,
        1.0,
        -1.0,
        -1.0,
        -1.0,
        1.0,
        1.0,
        1.0,
        1.0,
        1.0,
        1.0,
        1.0,
        1.0,
        1.0,
        1.0,
        1.0,
        1.0,
        1.0,
        1.0,
        1.0,
        1.0,
        1.0,
        1.0,
        1.0,
        1.0,
        -1.0,
        -1.0,
        1.0,
        1.0,
        -1.0,
        -1.0,
        1.0,
        1.0,
        1.0,
        -1.0,
        -1.0,
        1.0,
        1.0,
        -1.0,
        1.0,
        1.0,
        1.0,
        -1.0,
        -1.0,
        -1.0
    ],
    "Corresponding exp value": [
        -0.2517080837311418,
        0.2351827193386263,
        -0.2294077423778985,
        0.28121619051362445,
        0.34665316654071915,
        -0.22071206009001965,
        0.2713674991060856,
        -0.11128681560578003,
        -0.20454841304005453,
        0.30223130677592713,
        0.4211399981732581,
        -0.40399386584445096,
        0.2832582278816626,
        0.16178345321435475,
        -0.17098008989899463,
        0.25296830546422655,
        0.18787683934993982,
        -0.19506150269976255,
        -0.07115759754004515,
        -0.2641157963320688,
        0.3860830978389933,
        0.36514510412553836,
        0.420305027410285,
        0.3280353131665906,
        0.40467540990319617,
        0.3298968540696764,
        0.1961048417977197,
        0.3163491105712787,
        0.39724784126818946,
        0.3848849717354386,
        0.3056588477459383,
        0.24232648200902718,
        0.2685924775589452,
        0.42468105149630303,
        0.28075249773680255,
        0.34118601669413656,
        0.31783731000946275,
        0.251915986957323,
        0.3745232795040021,
        0.4108721842078062,
        -0.3024009516415453,
        -0.35321907645758427,
        0.19837537979859488,
        0.09942113108061464,
        -0.15270830498424867,
        -0.011798153503952635,
        0.13094605783792546,
        0.36153694371063794,
        0.06858987869420409,
        -0.187195298338254,
        -0.22418592641619284,
        0.133010864435878,
        0.08056496384689342,
        -0.13307967817448257,
        0.15418213222049498,
        0.29391981701091113,
        0.4656480712720262,
        -0.2737587036493138,
        -0.30139628439041855,
        -0.23244666271698505
    ],
    "Number for Minimum Energy": 1019558440739948965,
    "Elapsed Time [seconds]": 1.5172388553619385,
    "Elapsed Time [hours, minutes, seconds]": [
        0,
        0,
        1.52
    ],
    "Current function value": -1.3977514327297356,
    "Iterations": 564,
    "Function Evaluations, Estimation": [
        565,
        76840
    ],
    "Gradient Evaluations": 565,
    "Number of Parameters": 135,
    "Minimum Parameters": [
        4.1911193824372655,
        4.2966974469038455,
        5.835106926134876,
        1.0673287102078266,
        3.767622335713013,
        2.521013115595257,
        3.154846106449673,
        0.789088655394438,
        0.37660394253612156,
        2.038562415413924,
        1.7294911066997922,
        2.8547614844325646,
        3.7759549189970016,
        3.880746504209536,
        2.3286210453636595,
        2.8376727006279756,
        1.4320120572534092,
        3.7424968294415444,
        1.9164936582757324,
        0.6154048273367483,
        2.597640534574601,
        2.95447826831657,
        1.1057000429675097,
        3.699053847371421,
        3.2889496875295716,
        4.2858588769561,
        3.9495639661031503,
        4.112919253756487,
        1.6128735204591726,
        4.875306387702821,
        3.8080875060672583,
        2.8784041038332138,
        4.142315824660117,
        2.1186579669109915,
        3.7047175473038623,
        4.784268749235106,
        5.921334661490548,
        5.487468852719088,
        3.051582632604446,
        3.9325268176547032,
        5.457414313881512,
        1.8568855433451212,
        5.503522733640285,
        2.720186683843009,
        0.9286339204731296,
        0.4851552123917123,
        5.561035139996449,
        0.20658265439629736,
        1.8252268370425948,
        2.513218720881615,
        0.9642129900392616,
        1.539859719472102,
        4.630139007682448,
        -0.1995972548666585,
        4.868845151857722,
        5.4937632891901735,
        2.622939480490074,
        0.485048172548784,
        3.934349897413251,
        0.30932070387918,
        2.5393349541828463,
        5.948391170716384,
        6.280241030169092,
        5.288357081295257,
        1.888567247912387,
        3.8774562796777263,
        3.879242610264031,
        2.1020295209136015,
        4.227840694209144,
        0.5798573368683655,
        1.298184519375512,
        3.0554229756320925,
        1.109077178372892,
        0.7159832089145063,
        5.6496598272716,
        5.972711428919167,
        3.1752948275860406,
        5.34204374513469,
        6.4691022278946155,
        0.5255198661036139,
        3.2828173081973584,
        2.4436758441567936,
        0.34209141256480524,
        4.474487041094946,
        2.450780285916143,
        2.7289340634956374,
        1.0204033622230122,
        1.1855150983370282,
        6.067129244354991,
        0.44891825921355466,
        1.5004233450148907,
        2.440409370688452,
        2.976204873530965,
        3.8282579740884954,
        3.3229985922128,
        0.8358416657425543,
        1.8663155737599781,
        4.919006572868532,
        4.222715608615497,
        4.476642598187402,
        4.509479955563353,
        4.7107321600777725,
        0.37934584995910176,
        2.3096607403671063,
        3.475609268151088,
        1.8708526650219337,
        5.280678033086198,
        3.097156597726946,
        5.1888177644245825,
        4.831523813493671,
        3.471684513053753,
        6.005511767431885,
        3.919339424583492,
        5.385920627621864,
        2.202184458710935,
        3.364826015981417,
        3.999663172830437,
        0.6326741675224136,
        1.997294142537682,
        5.806047981154478,
        4.559633284283222,
        1.436456081981846,
        2.240742847410732,
        1.240425229871438,
        -0.02521183869668722,
        5.814087998623257,
        2.384135660245947,
        1.8952020646071785,
        3.5156849147184195,
        0.3908051244569365,
        1.8220387194752428,
        4.480011528377321,
        3.933004492970192,
        5.780008122117627,
        4.294931889667915
    ],
    "Cmin, Cmax, frob_norm, shift": [
        0.3369377722287652,
        2246.770729659739,
        249.26698098990568,
        349.59162707225994
    ]
}