{
    "Calculated Minimum Energy [norm, row]": [
        0.0005306242765588904,
        -1.3963448973952495
    ],
    "Corresponding loss function": 0.01820418695670992,
    "Solution for Minimum Energy": [
        1.0,
        1.0,
        -1.0,
        -1.0,
        -1.0,
        1.0,
        1.0,
        -1.0,
        -1.0,
        -1.0,
        1.0,
        1.0,
        1.0,
        -1.0,
        1.0,
        1.0,
        1.0,
        1.0,
        -1.0,
        1.0,
        1.0,
        1.0,
        1.0,
        1.0,
        1.0,
        -1.0,
        1.0,
        1.0,
        1.0,
        1.0,
        1.0,
        -1.0,
        1.0,
        1.0,
        -1.0,
        1.0,
        1.0,
        -1.0,
        1.0,
        -1.0,
        1.0,
        1.0,
        1.0,
        1.0,
        -1.0,
        1.0,
        1.0,
        1.0,
        -1.0,
        -1.0,
        1.0,
        1.0,
        1.0,
        -1.0,
        1.0,
        1.0,
        -1.0,
        1.0,
        1.0,
        -1.0
    ],
    "Corresponding exp value": [
        0.194048661976891,
        -0.001130750119041267,
        -0.048939036861981144,
        -0.1770053122914734,
        -0.08246009244294186,
        0.1304108792366022,
        0.07112751143085153,
        -0.1862663981350601,
        -0.11694808031416598,
        -0.25509160175880863,
        0.23930012125865666,
        0.1936658239347597,
        0.005100208188643145,
        -0.06570197370450022,
        0.15386222159270382,
        0.23907112542991177,
        0.0024436440398671144,
        0.12174823795661979,
        -0.008065584335442088,
        -0.0008252600732866948,
        0.02928931125941102,
        0.11676718246660799,
        0.20269829128729164,
        0.2074832510047931,
        0.01995607363883944,
        -0.009873037427174072,
        0.00586880842910522,
        0.20291451736185895,
        0.014931703351942275,
        0.10372354790980322,
        0.1181146469124781,
        -0.012598858895886581,
        0.0012155107843495206,
        0.02867524863553999,
        -0.010887150966892216,
        0.03254004884741651,
        0.08526714528149074,
        -0.027294846031430234,
        0.2024053645362149,
        -0.005013755445577539,
        0.07136999616477041,
        0.008809449455323004,
        -0.003886426334958072,
        0.0940379875892754,
        -0.007337157438567141,
        0.07677187089460884,
        0.16514683737933414,
        0.10421859597010649,
        -0.13620383288624277,
        -0.0767312054572073,
        0.1658576261787792,
        0.006422233280054149,
        0.189936415139462,
        -0.14962605812450985,
        0.09259966533361108,
        0.16310051464537467,
        -0.172292066854164,
        0.06923339110669659,
        0.16402441246787405,
        -0.04839398143770643
    ],
    "Number for Minimum Energy": 658388269268214684,
    "Elapsed Time [seconds]": 1.0842971801757812,
    "Elapsed Time [hours, minutes, seconds]": [
        0,
        0,
        1.08
    ],
    "Current function value": -1.304522150086384,
    "Iterations": 297,
    "Function Evaluations, Estimation": [
        432,
        59184
    ],
    "Gradient Evaluations": 432,
    "Number of Parameters": 136,
    "Minimum Parameters": [
        4.236348569823502,
        3.090074600747322,
        3.6958362690246385,
        4.852809350638932,
        3.970186838545545,
        3.3258673910940213,
        3.6735338214595896,
        1.9062770334885322,
        -0.010728645310437724,
        2.7755823792634238,
        1.2795806178229212,
        2.698116840034126,
        5.177469580634591,
        1.3606952430055554,
        0.16497714579192457,
        1.901585821875931,
        1.8384839339549393,
        4.225483084849069,
        3.4317788635219633,
        4.954464636748233,
        4.236445816313737,
        2.6670457499925444,
        4.935800386030713,
        1.0659301863010513,
        0.10854889520920227,
        0.4490568160474433,
        4.646682610474189,
        3.076991564615737,
        0.8554757405887574,
        3.054403404104941,
        0.9066392049993394,
        4.554069142507596,
        2.7805201913464734,
        2.4455651858273133,
        2.0117315709258135,
        4.0998599015680925,
        1.9289464510962024,
        0.7043887356961058,
        0.8456961183276056,
        5.830860567503489,
        5.610137259592719,
        4.374744839836263,
        1.694695399524211,
        5.933312811908862,
        4.7744764113411975,
        4.566189032340435,
        2.6389630882230968,
        1.7365021186707505,
        0.6058321490260481,
        5.665540990400011,
        2.812683876304587,
        1.0960765293697297,
        1.9035290405542535,
        3.5470864612571478,
        1.0945874472469368,
        5.442665726231506,
        4.815379423276428,
        4.48056802590658,
        2.7900864420296623,
        3.855519769950598,
        3.6608892342049564,
        4.111319375230269,
        0.45155182494883844,
        2.3040222885694974,
        0.29489212154986927,
        3.183181432418215,
        2.298971162007585,
        0.9759064992678119,
        0.6680421024451768,
        3.6792140513781537,
        0.9090224148732818,
        5.890327912562508,
        3.762059183175588,
        2.1366673028741023,
        3.7562344842390543,
        0.12128753436775656,
        6.040059051433229,
        3.047140026252312,
        4.9836312203148125,
        0.632892497852006,
        2.9561378254554143,
        2.8659690893939644,
        5.787955642326445,
        3.5845788495682767,
        3.015630976994721,
        1.8219731076328993,
        1.8603315733259527,
        3.1220219568318006,
        2.7521202093414527,
        0.46422057707750314,
        4.908166301979776,
        5.273703697928172,
        0.9312268379243519,
        3.5090339490154854,
        0.718231218025614,
        4.227064248273421,
        1.7770103032596596,
        4.354414145501492,
        4.59591085938238,
        4.878667586617141,
        0.6272504722338301,
        5.511252131399594,
        1.2711138213263256,
        0.32588218454871914,
        3.3418411127450036,
        2.26735597991824,
        5.286952062918583,
        5.169528107753701,
        1.8535376025580346,
        6.031405313053737,
        1.7976382859848168,
        3.33322674952833,
        1.3613485095022524,
        5.985872624968603,
        1.1847151376523721,
        0.25397019204770543,
        3.057872165073491,
        6.582808632964412,
        5.287774804690092,
        4.872154980751915,
        5.710705484728545,
        5.6027852892869126,
        3.0394466185191678,
        1.681279646523189,
        5.04446515882276,
        4.202330342787713,
        2.082674705426736,
        0.5695345310027069,
        4.618411032621994,
        1.716658013783546,
        5.848600794162766,
        1.4608410616787575,
        0.6816283057343595,
        5.5040219411490385,
        0.9895590568270362,
        0.18837736560314303
    ],
    "Cmin, Cmax, frob_norm, shift": [
        0.3369377722287652,
        2246.770729659739,
        249.26698098990568,
        349.59162707225994
    ]
}