{
    "Calculated Minimum Energy [norm, row]": [
        0.0004893074885200064,
        -1.3967172508792696
    ],
    "Corresponding loss function": 0.0075447860441059614,
    "Solution for Minimum Energy": [
        -1.0,
        1.0,
        -1.0,
        -1.0,
        1.0,
        -1.0,
        1.0,
        1.0,
        -1.0,
        1.0,
        1.0,
        1.0,
        1.0,
        -1.0,
        -1.0,
        1.0,
        1.0,
        1.0,
        1.0,
        1.0,
        1.0,
        1.0,
        1.0,
        1.0,
        1.0,
        -1.0,
        1.0,
        1.0,
        1.0,
        1.0,
        1.0,
        1.0,
        -1.0,
        1.0,
        1.0,
        1.0,
        1.0,
        -1.0,
        1.0,
        1.0,
        1.0,
        -1.0,
        -1.0,
        1.0,
        1.0,
        -1.0,
        1.0,
        1.0,
        -1.0,
        -1.0,
        1.0,
        1.0,
        1.0,
        -1.0,
        -1.0,
        1.0,
        -1.0,
        -1.0,
        1.0,
        -1.0
    ],
    "Corresponding exp value": [
        -0.0007474592575348001,
        0.005817039967329026,
        -0.006724399742706104,
        -0.1385888897425678,
        0.1662705144296769,
        -0.0077660116831632766,
        0.06955421700921427,
        0.006721895341395716,
        -0.0008795418730237416,
        0.07940311878210446,
        0.21525436948206453,
        0.07208054239923245,
        0.018103538704631564,
        -0.1669835701071609,
        -0.0004593114681444286,
        0.050560668527186256,
        0.004824216327170363,
        0.011124216025454253,
        0.003633891368875125,
        0.0024375850522231172,
        0.1685591904026287,
        0.15457015570751945,
        0.16051366376696613,
        0.2996003450308438,
        0.18151206402368564,
        -0.004468729023276047,
        0.173652387565076,
        0.21366586624331568,
        0.12150710399462607,
        0.09021410326013254,
        0.20490803871461455,
        0.0026104401965629893,
        -0.009689930848150367,
        0.23596134625694376,
        0.003173378403186433,
        0.1264259601981003,
        0.2027128452876673,
        -0.0019017129644285612,
        0.18344677978954482,
        0.1482562137673307,
        0.18772912782957404,
        -0.23195872385100258,
        -0.003734358887683766,
        0.009592761277671847,
        0.005977273700286335,
        -0.0074774521614254736,
        0.0003372705403167746,
        0.1431443921190073,
        -0.09940955933319094,
        -0.0005351403832833199,
        0.18104246998867007,
        0.0013561227564633307,
        0.23995681106900013,
        -0.001239698780683418,
        -0.1998881730644166,
        0.15728871064180314,
        -0.273853807640777,
        -0.037443634340010336,
        0.10387294512036106,
        -0.12296707906581672
    ],
    "Number for Minimum Energy": 820541480320917805,
    "Elapsed Time [seconds]": 2.2187044620513916,
    "Elapsed Time [hours, minutes, seconds]": [
        0,
        0,
        2.22
    ],
    "Current function value": -1.3503584746183745,
    "Iterations": 790,
    "Function Evaluations, Estimation": [
        859,
        116824
    ],
    "Gradient Evaluations": 859,
    "Number of Parameters": 135,
    "Minimum Parameters": [
        4.166402742207496,
        3.1109521639010684,
        3.5984697286750373,
        4.799776667816675,
        3.8164589107970266,
        3.438270295130498,
        3.6646395851621794,
        1.9739268185758614,
        -0.10153837770936087,
        2.82754321232712,
        1.526927864107854,
        2.624445633818348,
        5.309878211626417,
        1.4088506296278862,
        0.20363091469684041,
        1.9117622098435865,
        1.7988743378662828,
        4.14402667458175,
        3.4702767059530264,
        4.872142236297171,
        4.257160437209803,
        2.4901810516260157,
        5.017037214467031,
        1.216671645386268,
        0.12508197793244882,
        0.41121411971713817,
        4.58898552994446,
        2.8901848567370636,
        0.8067626121664033,
        3.1584876022660593,
        0.9394577174156674,
        4.471206146760758,
        2.8277416094578807,
        2.3184911032597864,
        2.015724942617345,
        4.196068634075732,
        2.03607949032276,
        0.7285655624412644,
        0.7252429720088581,
        5.9202081062708425,
        5.60281736767259,
        4.472071874106049,
        1.9085089114277283,
        6.01985685286593,
        4.845223495028393,
        4.723615865251558,
        2.6683478513080603,
        1.6741934969098735,
        0.5866610742859867,
        5.605285216163032,
        2.747947990742751,
        1.2750656533766753,
        1.844921247960489,
        3.5075013909703237,
        1.1264550517731418,
        5.4304843067722395,
        4.355918806132752,
        4.711960945684725,
        2.8861595882057474,
        3.8268999686547898,
        3.591318469175856,
        4.066822615455076,
        0.7412656095473675,
        2.3129434197246694,
        0.2484071937239484,
        3.065652020688784,
        2.3695394976059276,
        1.1612259476280689,
        0.5619412974598997,
        3.8496797840113444,
        0.9142518990686322,
        5.775298602128207,
        3.606954652614411,
        2.273230537177677,
        3.679914495598495,
        0.1700591805950064,
        6.001367228789935,
        3.0745303237700417,
        5.064123285327496,
        0.7321869444583626,
        2.906284565148382,
        2.922808132946917,
        5.784901069747674,
        3.509316992209293,
        2.725474978465361,
        1.8575245226413817,
        2.042721850486431,
        3.1499059826693534,
        2.798201108406737,
        0.6170387059253766,
        4.86786221149496,
        5.421615330172998,
        0.8329933369617828,
        3.5665097221462396,
        0.6972004145330657,
        4.1383283816221725,
        1.4795747303431435,
        4.258288988508819,
        4.529766717484966,
        4.674769354100172,
        0.7262684774709454,
        5.447861463835926,
        1.4430153485069883,
        0.1523378640610461,
        3.523352249287843,
        2.1073843027198134,
        5.26442243246488,
        5.107895837277995,
        1.9030461617712342,
        6.236876768225361,
        1.8390597259282988,
        3.576102966729605,
        1.2425968805942371,
        5.8705265757774026,
        1.1305764690647577,
        0.12008495267844467,
        2.9684546021147296,
        6.647799677057361,
        5.316959005257673,
        4.658844650429415,
        5.595794193353432,
        5.421245891924604,
        3.013817148601776,
        1.8228143927863145,
        5.050137973979678,
        4.154433763686279,
        2.334831503166334,
        0.6486460503823098,
        4.516340794010654,
        1.8397164636419667,
        5.6015543171574755,
        1.8621740667238813,
        0.638892607954666,
        5.724356891630357,
        0.8612055949444893
    ],
    "Cmin, Cmax, frob_norm, shift": [
        0.3369377722287652,
        2246.770729659739,
        249.26698098990568,
        349.59162707225994
    ]
}