{
  "iter": 1071,
  "loss": 0.0008673076158811246,
  "cost": 0.0008044400851169245,
  "parameters": [
    5.547967079149642,
    2.0797743558388215,
    1.2614448808144612,
    -0.7362668703277481,
    5.791433598242054,
    1.976476519447916,
    3.7433571074390275,
    1.524260337878658,
    2.2373889840782772,
    6.398988091603682,
    2.6211141905211957,
    6.145864709257402,
    1.4268166147700287,
    3.1555581704837783,
    5.097377858453567,
    3.103989247856934,
    1.7066046712227163,
    4.837042543110889,
    2.5601844016406075,
    4.027749730094111,
    5.901603992785386,
    1.5697184776086306,
    1.5762435158953911,
    0.06154924081938688,
    1.93854325314571,
    1.7940448202707062,
    3.553078966112121,
    0.8000067406854423,
    3.7992514475593846,
    1.654535826566873,
    2.3033338356370234,
    2.498945661506818,
    4.034245439705001,
    2.148624494872762,
    2.586184091693871,
    5.636393302865506,
    3.200210639241793,
    0.873430308473701,
    4.54256175808665,
    3.0308553575312174,
    -0.10221616946283867,
    2.3980566690089593,
    1.7330680309862379,
    1.0065826455781248,
    4.554972948211844,
    2.3370249081249206,
    4.4236058233858335,
    5.1321612926994336,
    3.735388555587675,
    4.14314530307447,
    4.210374325596486,
    6.17777485285756,
    2.552801593575725,
    0.6805858476369403,
    2.8954126813903303,
    3.583728416354828,
    1.5132126798730943,
    4.288802977145705,
    0.5894374290286433,
    5.077105894705001,
    1.9736790550094938,
    0.523623217835379,
    0.5891592653201317,
    1.8017478106979026,
    1.91326493511064,
    0.2949064730430382,
    1.8420926657294383,
    1.2225698444652529,
    1.8327840107049684,
    2.3503311389990538,
    2.298555593006926,
    1.8749839408308746,
    -0.2720856235950374,
    1.078443313951666,
    0.496273893025607,
    4.748674290916868,
    6.3476760131580745,
    5.268455099859806,
    3.1414953501918834,
    3.2491999999662506,
    1.1981088500187433,
    4.613520649392899,
    5.857362888195278,
    5.166109575051158,
    5.113565418223357,
    3.1421069551190137,
    5.936285038292487,
    5.656846888531982,
    2.9641875640659143,
    5.652940777910336,
    0.15287263433204198,
    5.81269299735343,
    5.124004677517,
    1.458811319324653,
    3.8193789384412837,
    0.44557333006433275,
    5.227549518721644,
    4.941851470336811,
    4.136802422436745,
    5.816233823805151,
    0.7473633524737942,
    1.6723676011491584,
    2.5541666120742756,
    0.343648937776878,
    3.257147271171339,
    1.6805614198008054,
    3.0310413687100684,
    2.5197926141208633,
    5.975407453365911,
    1.44044934885352,
    5.777551202881385,
    2.826046879582715,
    1.6164568552208294,
    3.215952699864811,
    2.217069651744485,
    2.0281672492962954,
    3.7935959935242005,
    0.9178552688747966,
    1.722035378583151,
    3.519307597704844,
    2.817656208685105,
    5.597980641283426,
    2.1163035754037285,
    5.973089001469577,
    4.659651243281578,
    6.246761632624031,
    4.851805458417093,
    1.1662391606789715,
    3.373828789553369,
    1.341526051704189,
    5.419622075320354,
    3.816900342241571,
    1.4764404406134772,
    5.75471958505287,
    1.0685744088065123,
    3.701614394863877,
    4.378501495644936,
    0.2743338193338401,
    4.1504921132153765,
    4.559383907111157,
    0.7508457790812831,
    3.8732972037715916,
    2.0500889479431046,
    4.070288605725694,
    0.8203899856254308,
    6.180104826010432,
    5.810327341462323,
    1.7504664011385083,
    2.243526612896896,
    3.694854800824393,
    4.336755736860448,
    2.5365048634973797,
    0.8857579292247764,
    0.6279992990050662,
    5.890673200346715,
    3.156073562201706,
    5.327818371617376,
    2.965811604996091,
    5.685025786104817,
    0.5809940681549499,
    1.057868399742439,
    5.825621854362104,
    6.390646051284504,
    1.6797398595883553,
    2.3680968695895372,
    3.103193271681781,
    2.76096319375382,
    1.3043794289610413,
    5.096135668559161,
    1.6550406932909605,
    4.8357456347089105,
    0.8087531139041908,
    0.2552736675444294,
    4.284138124269863,
    2.065734031441184,
    4.166660244500726,
    0.4640633890605494,
    5.763317057528114,
    4.768995773359125,
    5.803341666507368,
    1.012340364462088,
    1.918509231006319,
    2.0270548119482843,
    2.8981413853314146,
    2.0902076979257598,
    0.26155926265208107,
    2.410909647781216,
    1.5170367503386135,
    3.165432567634688,
    0.6569150317573381,
    1.4200178806659411,
    3.7243466957632507,
    2.6943593649478808,
    2.143696924262341,
    3.171895120138895,
    5.063517033693352,
    2.1237772474018444,
    3.8061449329582393,
    6.17970428914739,
    3.3202579948993955,
    5.600365469160277,
    5.138819353597666,
    0.8290112334096086,
    2.4541095460546805,
    4.396576607425701,
    5.80887571326656,
    2.671563159865291,
    0.944874932115961,
    3.500590308510701,
    1.0972873056801555,
    4.4697248316465155,
    2.6407385977296056,
    5.420630457481983,
    5.268138272449045,
    3.859025371248425,
    4.2197497402761845,
    4.553586354463306,
    5.041276970521692,
    4.983130777103245,
    0.23057507641010822,
    3.0384772979854002,
    1.3943281931741265,
    5.445992680934429,
    4.257051321939257,
    3.3309504103847307,
    0.9097693449365494,
    2.3588072473671455,
    4.839224885091894,
    2.086359971239463,
    0.24600490273999465,
    5.3811871157256075,
    4.892538967828148,
    1.211229658224847,
    1.7661389749529808,
    6.401247659568163,
    4.930442852750175,
    3.585233875714514,
    2.0910737870264424,
    1.417837696333755,
    0.1118630824707928,
    4.754136234324614,
    0.021430229566490096,
    -0.07316408464511431,
    4.621109237331755,
    5.768646826429601,
    4.851086304638292,
    2.5427056603925973,
    3.0884145419941023,
    3.0867633088179884,
    2.062035727643358,
    3.658779142659428,
    2.52061044450282,
    3.2964184393132077,
    5.114482303263991,
    6.017270985594507,
    0.4224358053608912,
    2.515056542301555,
    1.5017619279953305,
    1.923380517023154,
    1.6242424290325737,
    0.9733249300984262,
    5.437199657614357,
    3.1568878020204094,
    6.295022799753384,
    0.49135414596672383,
    0.8427566061449943,
    2.2766951553830905,
    0.9278192901970281,
    1.574133251270453,
    6.247492981057718,
    1.312489016403229,
    1.115292312421936,
    3.836114175956856,
    2.955732529970809,
    3.569579767672966,
    1.7364233791425043,
    5.291433705718028,
    0.8271596826513078,
    2.7588047344794426,
    4.435759616707017,
    5.892788326063346,
    2.479930089500676,
    3.311859174226528,
    0.1931894683469638,
    0.8966446468637549,
    0.3246831897916006,
    4.699142940074102,
    1.7352077752821944,
    4.3643512757030205,
    0.5227568895481666,
    6.098743189012174,
    5.514600414906299,
    0.7241826962178948,
    -0.467112450395673,
    0.760933364688812,
    5.6302462428198945,
    1.6081087410975863,
    3.067059624928652,
    2.5673277596057407,
    4.756647834446537,
    3.6495716043984414,
    3.1529402225032066,
    6.1926398170724735,
    0.8356177938435362,
    5.484793799260742,
    0.42435487566940844,
    2.948849466186782,
    5.493483443509272,
    4.43087292034622,
    4.626181649109458,
    1.2217806748365339,
    2.6068486968755673,
    2.3742857446199204,
    2.581648768517897,
    3.228023909764902,
    2.4932696170986794,
    2.289568814578121,
    0.8887752387380619,
    2.570549788496401,
    1.8289449184684958,
    5.451003513074632,
    4.258244818278989,
    0.5883408391438262,
    4.945894580587556,
    5.195092669607722
  ],
  "number for cost": 350044153704321883107669357021297523205667833253046718929323230123621174517856953122006712518682612583246144665232901628797893259626378108912108058063924575350854271857128463919388050284012511168490803071606646964090154713762736
}