{
  "iter": 10,
  "loss": -0.010326112061418074,
  "cost": 0.011804531000254153,
  "parameters": [
    4.023560685251033,
    4.433965898267005,
    0.8114636211438857,
    6.13513823612004,
    1.4910725484586704,
    0.3640042931449284,
    3.2435568806677755,
    2.3696744254387547,
    5.040384254521353,
    5.4265913179139575,
    2.2901193090682765,
    6.323015640792414,
    1.5586931825938357,
    2.9593464641683815,
    1.694349577712679,
    6.0053874287410345,
    0.8525970409192426,
    0.22128299508238353,
    2.42596515772637,
    6.196730331002823,
    5.515647528433488,
    4.6677135432949575,
    5.383959222959693,
    5.330386013602133,
    3.4076881992116044,
    2.068260781449995,
    5.270789653401665,
    3.8358993481819414,
    2.0633026037043916,
    0.6517061116774692,
    4.215554196491522,
    1.6846155825963365,
    5.5046863422250984,
    1.4777192326290525,
    0.7958299059412163,
    5.495914889041946,
    1.09691086678012,
    1.353938050363666,
    3.4232771984296537,
    5.852707262281776,
    1.1536886275106868,
    1.9131679556177938,
    5.283074238026334,
    5.9814522169682895,
    2.855816985867407,
    0.8882327623627155,
    0.27191177548507117,
    1.518210974874432,
    0.9943163315181182,
    4.508316513436803,
    0.7596980505063238,
    3.1198519406831062,
    4.30887057040396,
    3.4466448546872117,
    1.1626995494356887,
    4.738820292583543,
    4.959921558187555,
    4.61360839183409,
    1.2945918874080884,
    0.7268061272484492,
    5.8338988506053475,
    2.67745642728711,
    2.6472403949390344,
    2.923317686970229,
    4.41231748641439,
    6.10885500353393,
    1.7595803031831787,
    5.675442165627309,
    0.278126372839277,
    3.2980042252285515
  ],
  "number for cost": 30745
}