{
    "Calculated Minimum Energy [norm, row]": [
        0.041193501436874176,
        -0.49249519403653275
    ],
    "Corresponding loss function": 0.027651862733046068,
    "Solution for Minimum Energy": [
        -1.0,
        -1.0,
        -1.0,
        1.0,
        1.0,
        1.0,
        1.0,
        1.0,
        -1.0,
        1.0,
        -1.0,
        -1.0,
        1.0,
        1.0,
        1.0,
        1.0,
        1.0,
        1.0
    ],
    "Corresponding exp value": [
        -0.6147974358344754,
        -0.5010334035162551,
        -0.3707770861928385,
        0.31660975122253027,
        0.5122284965790391,
        0.510702659332848,
        0.4476458914563203,
        0.3556044950571569,
        -0.22063892719212602,
        0.052479661441260345,
        -0.21429243625864688,
        -0.17541094405101001,
        0.5728449679408347,
        0.3689056851016813,
        0.04548340287664633,
        0.4691354999116531,
        0.14886345548059984,
        0.2562733166948458
    ],
    "Number for Minimum Energy": 3335,
    "Elapsed Time [seconds]": 0.9921984672546387,
    "Elapsed Time [hours, minutes, seconds]": [
        0,
        0,
        0.99
    ],
    "Current function value": -0.6025922021886153,
    "Iterations": 92,
    "Function Evaluations, Estimation": [
        6674,
        6674
    ],
    "Gradient Evaluations": 94,
    "Number of Parameters": 70,
    "Minimum Parameters": [
        0.9217286446163139,
        3.166278926376364,
        0.8508122735361207,
        4.323756934651949,
        2.8250461334809756,
        2.4855956199283686,
        2.0326486245695037,
        3.888402916617416,
        2.186848811575651,
        0.5964128157369912,
        0.725201170516812,
        6.152521606952539,
        5.770447898780912,
        4.4042582851617675,
        1.8521510482278685,
        6.235232848669834,
        4.822113515587533,
        4.6247363156319485,
        2.4767845513344318,
        1.5365151697974264,
        0.9247521331723947,
        5.636558075956142,
        3.075792888639661,
        1.4807897659724223,
        1.7133170936511823,
        3.676066886919697,
        0.9709916691928251,
        5.432486439212517,
        4.738606857189402,
        4.460976893115226,
        2.6548957214360667,
        3.864287859834825,
        3.48534715919303,
        4.280460664499151,
        0.3774493083162521,
        2.5349276220361,
        0.35664030749670395,
        3.010196352273026,
        2.0856426820779355,
        0.8490224612332719,
        0.7144700893259799,
        3.6813373137546668,
        0.8967176511584058,
        5.866388788440338,
        3.8512442251365067,
        2.2782457705690766,
        3.8263874586326487,
        0.008834871996836913,
        5.993768262661459,
        2.9349405496258196,
        4.855772787789772,
        0.4350995970777991,
        2.8566702168665468,
        3.025689705566468,
        5.901047606131437,
        3.5580033346995084,
        2.8179491618832375,
        1.6388513220614647,
        2.20699844739743,
        3.306436311827794,
        2.9061938186016585,
        0.32732178669974366,
        5.195271526966175,
        5.593239299531328,
        1.005385667770545,
        3.375890227205765,
        0.7192794426515946,
        4.204038710136257,
        1.8122033643625153,
        4.138706502508241
    ],
    "Cmin, Cmax, frob_norm, shift": [
        1.9729342983025615,
        2635.562520168401,
        668.4472513134707,
        439.6667694267941
    ]
}