{
    "Calculated Minimum Energy [norm, row]": [
        0.0029544524315666884,
        -0.6431517507597015
    ],
    "Corresponding loss function": 0.03791250623022737,
    "Solution for Minimum Energy": [
        -1.0,
        1.0,
        -1.0,
        1.0,
        -1.0,
        -1.0,
        -1.0,
        1.0,
        -1.0,
        -1.0,
        -1.0,
        1.0,
        1.0,
        1.0,
        1.0,
        1.0,
        1.0,
        1.0
    ],
    "Corresponding exp value": [
        -0.003860218364403714,
        0.19625263576790103,
        -0.08915385482729768,
        0.03688958317584402,
        -0.05087811282473559,
        -0.27087958660462264,
        -0.0738657664911514,
        0.338892600814687,
        -0.08224723378549234,
        -0.09268503738944671,
        -0.011369069318218253,
        0.11246319084766189,
        0.5373302277010557,
        0.3624628817569435,
        0.3712188029422791,
        0.7313242443026258,
        0.7853913352761764,
        0.6254054428061213
    ],
    "Number for Minimum Energy": 1909,
    "Elapsed Time [seconds]": 2.1558451652526855,
    "Elapsed Time [hours, minutes, seconds]": [
        0,
        0,
        2.16
    ],
    "Current function value": -0.5109001372362916,
    "Iterations": 95,
    "Function Evaluations, Estimation": [
        6816,
        6816
    ],
    "Gradient Evaluations": 96,
    "Number of Parameters": 70,
    "Minimum Parameters": [
        4.140127542051023,
        4.796912708874847,
        0.9245550458710367,
        6.281219124734561,
        1.7006996294640262,
        0.35891076852723325,
        3.271008564727352,
        2.8139737003926597,
        5.264572253531214,
        5.072620558237591,
        1.7730910166404579,
        6.049405182275651,
        1.7739894632125668,
        2.8325167812609457,
        1.514418189802862,
        6.145590400006461,
        0.9663909342777915,
        0.2967364316255232,
        2.713743744129829,
        6.198266777428957,
        6.075044749717295,
        4.618589655624426,
        5.577284695654503,
        5.784960272476496,
        3.754652925607876,
        2.3936907900285584,
        5.245752272251061,
        3.855978519550305,
        2.2346931633400806,
        0.5488292166096215,
        4.140236954690523,
        1.690145153024209,
        5.756932245678272,
        1.48087326525079,
        0.41322283347419825,
        4.949915538314907,
        1.038721124054867,
        1.3773157999303152,
        3.7095028985445544,
        5.362298239789152,
        0.8947929861103601,
        2.0961639900359605,
        4.829039383545167,
        6.412991102539449,
        2.74456012981429,
        0.8860108147908323,
        0.32341743703406,
        1.3399185318946683,
        1.1685860779867154,
        4.2098976935431915,
        0.192532926792717,
        3.5146389351364102,
        4.353681584911849,
        3.725012392213384,
        1.7625919806290178,
        4.976741485848718,
        4.691337423035327,
        4.289495857516564,
        0.9350206039857323,
        0.17336624079073978,
        5.894911962629082,
        2.5289486440272655,
        1.6691151168447043,
        2.9310197585631084,
        4.115993815702409,
        6.079393414073873,
        1.9097192054922008,
        5.213395259961372,
        -0.12334117773088704,
        3.0477160144187954
    ],
    "Cmin, Cmax, frob_norm, shift": [
        1.9729342983025615,
        2635.562520168401,
        668.4472513134707,
        439.6667694267941
    ]
}