{
    "Calculated Minimum Energy [norm, row]": [
        0.0023141890236197146,
        -0.6456742999063538
    ],
    "Corresponding loss function": 0.01735808314718592,
    "Solution for Minimum Energy": [
        1.0,
        1.0,
        -1.0,
        1.0,
        -1.0,
        -1.0,
        1.0,
        1.0,
        -1.0,
        -1.0,
        1.0,
        1.0,
        1.0,
        1.0,
        -1.0,
        1.0,
        1.0,
        1.0
    ],
    "Corresponding exp value": [
        0.013447029962429817,
        0.32061647146904015,
        -0.012022105351852542,
        0.20149995590801367,
        -0.07760715549487224,
        -0.36586392065094375,
        0.015558650742670157,
        0.3759226723810299,
        -0.0011299197650153463,
        -0.013168672020958184,
        0.0011879993932124334,
        0.0029554127056579255,
        0.4149617154685737,
        0.010648076079431662,
        -0.0043500935458669725,
        0.35588363500892717,
        0.5474104354214913,
        0.28992008703767563
    ],
    "Number for Minimum Energy": 17204,
    "Elapsed Time [seconds]": 5.791887044906616,
    "Elapsed Time [hours, minutes, seconds]": [
        0,
        0,
        5.79
    ],
    "Current function value": -0.5928047509827238,
    "Iterations": 165,
    "Function Evaluations, Estimation": [
        13064,
        13064
    ],
    "Gradient Evaluations": 184,
    "Number of Parameters": 70,
    "Minimum Parameters": [
        4.142942322799989,
        4.5389301568993705,
        1.0304815324821328,
        5.9006727235505005,
        1.643939836774562,
        0.06916357723695707,
        3.42859937523274,
        2.4732953913378677,
        5.299695172473307,
        5.615581621560354,
        2.1619657710563795,
        5.945949530513698,
        1.782564066456539,
        3.1525302124600585,
        1.6457398654198336,
        6.053857122970708,
        0.7220169201864897,
        0.11551038838609827,
        2.37816623857485,
        6.372566940592109,
        5.482559439099317,
        4.4115351477330575,
        5.320027399295888,
        5.245563619192851,
        3.6418146572401726,
        2.1482421860872862,
        5.235508783712724,
        4.100881909306155,
        2.1232007698823874,
        0.7736979819752302,
        4.2237942837210305,
        1.438311899019736,
        5.559988397324675,
        1.5442222370537606,
        1.0790198086071203,
        5.320077037876324,
        1.0561494113626828,
        1.7528985014563865,
        3.5695877983936763,
        5.935158870087988,
        1.3898514834923308,
        1.789565183697415,
        5.6487752241720735,
        6.105027709246697,
        3.0304690001667436,
        1.0220083081209976,
        0.342875408664736,
        1.7088965060131471,
        1.1426690012578746,
        4.593524603477962,
        0.4730160587943095,
        3.336221328351266,
        4.563457919305596,
        3.3643432033687732,
        0.992444655461557,
        5.22270388466238,
        5.001480941040273,
        4.524378555138479,
        1.1960699284244607,
        1.0537671048587225,
        5.094146217090451,
        2.3396994290489337,
        2.236036076178444,
        2.984205149938581,
        4.119907733318485,
        6.041651043134528,
        1.6938752490162055,
        5.868850419974445,
        0.12140661888649161,
        3.1498355491882983
    ],
    "Cmin, Cmax, frob_norm, shift": [
        1.9729342983025615,
        2635.562520168401,
        668.4472513134707,
        439.6667694267941
    ]
}