{
    "Calculated Minimum Energy [norm, row]": [
        0.00010726329684514053,
        -7.3774792581794175
    ],
    "Corresponding loss function": 0.00010819005363558845,
    "Solution for Minimum Energy": [
        -1.0,
        1.0,
        -1.0,
        1.0,
        1.0,
        1.0,
        1.0,
        1.0,
        -1.0,
        -1.0,
        -1.0,
        1.0,
        1.0,
        1.0,
        1.0,
        1.0,
        1.0,
        1.0,
        1.0,
        1.0,
        1.0,
        -1.0,
        1.0,
        1.0,
        1.0,
        1.0,
        1.0,
        1.0,
        1.0,
        1.0,
        -1.0,
        1.0,
        -1.0,
        1.0,
        1.0,
        1.0,
        1.0,
        1.0,
        -1.0,
        1.0,
        -1.0,
        1.0,
        1.0,
        1.0,
        1.0,
        1.0,
        1.0,
        1.0,
        1.0,
        1.0,
        1.0,
        1.0,
        1.0,
        1.0,
        1.0,
        1.0,
        1.0,
        1.0,
        1.0,
        1.0,
        -1.0,
        1.0,
        1.0,
        1.0,
        1.0,
        1.0,
        1.0,
        1.0,
        1.0,
        1.0,
        1.0,
        1.0,
        1.0,
        1.0,
        1.0,
        -1.0,
        -1.0,
        1.0,
        1.0,
        1.0,
        1.0,
        1.0,
        1.0,
        1.0,
        1.0,
        -1.0,
        1.0,
        -1.0,
        1.0,
        1.0,
        1.0,
        1.0,
        1.0,
        1.0,
        1.0,
        1.0,
        1.0,
        1.0,
        1.0,
        1.0,
        1.0,
        1.0,
        1.0,
        1.0,
        1.0,
        1.0,
        1.0,
        1.0,
        -1.0,
        1.0,
        1.0,
        1.0,
        1.0,
        1.0,
        1.0,
        -1.0,
        1.0,
        1.0,
        1.0,
        1.0,
        1.0,
        1.0,
        1.0,
        1.0,
        1.0,
        1.0,
        -1.0,
        1.0,
        1.0,
        1.0,
        1.0,
        1.0,
        1.0,
        -1.0,
        -1.0,
        1.0,
        1.0,
        1.0,
        1.0,
        1.0,
        1.0,
        1.0,
        -1.0,
        1.0,
        1.0,
        -1.0,
        1.0,
        1.0,
        1.0,
        -1.0,
        1.0,
        -1.0,
        1.0,
        1.0,
        1.0,
        1.0,
        -1.0,
        -1.0,
        1.0,
        1.0,
        -1.0,
        1.0,
        -1.0,
        1.0,
        1.0,
        1.0,
        1.0,
        1.0,
        1.0,
        1.0,
        1.0,
        1.0,
        1.0,
        1.0,
        1.0,
        1.0,
        1.0,
        1.0,
        1.0,
        -1.0,
        1.0,
        1.0,
        -1.0,
        -1.0,
        1.0,
        1.0,
        1.0,
        1.0,
        1.0,
        1.0,
        1.0,
        1.0,
        1.0,
        1.0,
        -1.0,
        1.0,
        1.0,
        1.0,
        1.0,
        1.0,
        -1.0,
        1.0,
        1.0,
        -1.0,
        1.0,
        -1.0,
        -1.0,
        1.0,
        1.0,
        1.0
    ],
    "Corresponding exp value": [
        -0.0200071422720866,
        0.06338689711866441,
        -0.05969818275968498,
        0.0941722463180627,
        0.061955849199475777,
        0.1307882000196509,
        0.0104890613911171,
        0.04077288666606517,
        -0.011978920030911668,
        -0.02484867165313152,
        -0.04118757531162262,
        0.11728684816127133,
        0.03025180557163795,
        0.1291159362373729,
        0.21414911157325017,
        0.12359627906695492,
        0.029683209417834724,
        0.12963374717268764,
        0.04527784792848455,
        0.07240285333539526,
        0.0508643143293092,
        -0.04433422173294155,
        0.019992808231947597,
        0.048263814462474436,
        0.04878064066091321,
        0.03852893366811376,
        0.08666939089563974,
        0.05479352172128488,
        0.03398710275025798,
        0.1765150401288092,
        -0.013496459869564763,
        0.170572147799341,
        -0.06488475884497272,
        0.08586595384124354,
        0.010936339230491473,
        0.07323834252843989,
        0.031548219734747446,
        0.01300496676044191,
        -0.022222624181834804,
        0.04116380417384401,
        -0.20543993019359813,
        0.0939264609931518,
        0.06811384951190663,
        0.07627290174262749,
        0.0951898426350189,
        0.0748319324402491,
        0.11635751775365433,
        0.07689522042889799,
        0.07551125617710913,
        0.07497749875824505,
        0.02034827997111927,
        0.11739533825151888,
        0.06221255634855344,
        0.08391526280811124,
        0.018455783512791826,
        0.11294186845887091,
        0.06282055791481841,
        0.09495746269728042,
        0.054015625154968994,
        0.07472733406077917,
        -0.011732675422757782,
        0.13566419951759193,
        0.12943890279860962,
        0.04902655795216937,
        0.013444619592202996,
        0.08613885719498401,
        0.03404814143253084,
        0.1391912591009496,
        0.03345615029257951,
        0.0547019522037847,
        0.1325419541900046,
        0.026233099816599034,
        0.03782173197187352,
        0.032903904657856524,
        0.07986444384858778,
        -0.09879594965833148,
        -0.02867140115054071,
        0.020866927403300182,
        0.02112608150054834,
        0.0850208989400937,
        0.04683565967368377,
        0.031414434065673943,
        0.07470894374987855,
        0.08581884726973185,
        0.10960219525061547,
        -0.16466933962023425,
        0.04818316858682063,
        -0.17865037145356746,
        0.059419742007172385,
        0.03420354394985428,
        0.08043551265771974,
        0.1261073026051423,
        0.016109195984849833,
        0.04196936178518499,
        0.01714404982604095,
        0.09121063734829636,
        0.058370810573779554,
        0.11830949185280479,
        0.03296341075725191,
        0.06363415523540895,
        0.05440325501220957,
        0.024723329161907597,
        0.0983171786466495,
        0.06720305967696473,
        0.0900177036974182,
        0.03858871859508524,
        0.10700761270497212,
        0.018028800094985524,
        -0.04377843512182844,
        0.1344224053414623,
        0.10884817077283446,
        0.09794482507714479,
        0.05195596847353398,
        0.101307005774481,
        0.09089977036757489,
        -0.02015842931304375,
        0.06664931305762621,
        0.03794988014267093,
        0.0361817450795289,
        0.10693720623040485,
        0.06942683362192796,
        0.14769227103173155,
        0.10134044604804424,
        0.16217400899724477,
        0.07825449051340368,
        0.03486131781421916,
        -0.07610164449580892,
        0.07266986279589913,
        0.039651548222013826,
        0.0378340366297177,
        0.08152547076871443,
        0.09181185686039448,
        0.13789504786795717,
        -0.046845715948993845,
        -0.033284106417698314,
        0.08792296094677354,
        0.031929166386795535,
        0.0384569082671426,
        0.06649792047401694,
        0.017214338083210056,
        0.03923248911752489,
        0.06417495792214395,
        -0.02084070078048671,
        0.010893988336968384,
        0.013761613043700443,
        -0.06520994519382922,
        0.017362015333092073,
        0.06388822795926156,
        0.06501527739889454,
        -0.04948513460750465,
        0.018284125426543448,
        -0.043595336256023826,
        0.02361997742085769,
        0.045473737488966784,
        0.03270720040379014,
        0.05339804313275359,
        -0.014833203613122023,
        -0.03868949429265955,
        0.05716513048367566,
        0.06835084092328952,
        -0.03822709574394385,
        0.10418400432191348,
        -0.026794329827632322,
        0.017745541833721047,
        0.13040111605706894,
        0.11192679093087703,
        0.09250886293073528,
        0.12099518431469394,
        0.028106198264851032,
        0.06865308631194085,
