{
    "Calculated Minimum Energy [norm, row]": [
        0.00010902009201370198,
        -7.377414904105442
    ],
    "Corresponding loss function": 0.005349061150658917,
    "Solution for Minimum Energy": [
        1.0,
        1.0,
        1.0,
        1.0,
        1.0,
        1.0,
        1.0,
        1.0,
        1.0,
        -1.0,
        1.0,
        1.0,
        1.0,
        -1.0,
        1.0,
        1.0,
        -1.0,
        1.0,
        1.0,
        -1.0,
        1.0,
        1.0,
        1.0,
        1.0,
        1.0,
        -1.0,
        -1.0,
        1.0,
        1.0,
        1.0,
        1.0,
        1.0,
        1.0,
        1.0,
        1.0,
        1.0,
        1.0,
        1.0,
        1.0,
        1.0,
        1.0,
        1.0,
        1.0,
        1.0,
        1.0,
        1.0,
        1.0,
        -1.0,
        -1.0,
        1.0,
        1.0,
        1.0,
        1.0,
        1.0,
        1.0,
        1.0,
        1.0,
        1.0,
        1.0,
        -1.0,
        1.0,
        -1.0,
        1.0,
        -1.0,
        1.0,
        1.0,
        1.0,
        1.0,
        -1.0,
        1.0,
        -1.0,
        1.0,
        1.0,
        1.0,
        1.0,
        1.0,
        -1.0,
        1.0,
        1.0,
        1.0,
        1.0,
        1.0,
        1.0,
        1.0,
        1.0,
        1.0,
        1.0,
        1.0,
        1.0,
        1.0,
        1.0,
        1.0,
        1.0,
        1.0,
        1.0,
        1.0,
        -1.0,
        -1.0,
        1.0,
        1.0,
        -1.0,
        -1.0,
        1.0,
        1.0,
        1.0,
        1.0,
        1.0,
        1.0,
        1.0,
        1.0,
        1.0,
        1.0,
        -1.0,
        1.0,
        1.0,
        -1.0,
        1.0,
        -1.0,
        1.0,
        -1.0,
        -1.0,
        1.0,
        1.0,
        1.0,
        1.0,
        1.0,
        1.0,
        -1.0,
        1.0,
        1.0,
        1.0,
        1.0,
        -1.0,
        -1.0,
        1.0,
        1.0,
        1.0,
        1.0,
        1.0,
        1.0,
        1.0,
        1.0,
        1.0,
        1.0,
        -1.0,
        1.0,
        1.0,
        1.0,
        1.0,
        1.0,
        1.0,
        1.0,
        1.0,
        1.0,
        1.0,
        1.0,
        -1.0,
        1.0,
        1.0,
        1.0,
        1.0,
        1.0,
        1.0,
        1.0,
        1.0,
        1.0,
        1.0,
        1.0,
        1.0,
        1.0,
        1.0,
        1.0,
        1.0,
        1.0,
        1.0,
        1.0,
        1.0,
        1.0,
        1.0,
        1.0,
        1.0,
        -1.0,
        1.0,
        1.0,
        1.0,
        1.0,
        1.0,
        -1.0,
        1.0,
        1.0,
        1.0,
        1.0,
        1.0,
        1.0,
        1.0,
        1.0,
        1.0,
        1.0,
        -1.0,
        1.0,
        -1.0,
        1.0,
        1.0,
        1.0,
        1.0,
        -1.0,
        1.0,
        1.0,
        1.0,
        1.0
    ],
    "Corresponding exp value": [
        0.088015940749347,
        0.03521433059996368,
        0.0359732960549783,
        0.06679279060746579,
        0.009661854691599898,
        0.06870167868366032,
        0.03130398380449445,
        0.02384706699249412,
        0.039050980637926135,
        -0.08985509170655621,
        0.05747453167989812,
        0.030398214897798398,
        0.028931803792578058,
        -0.03216956214410757,
        0.22457818831809148,
        0.147500716193008,
        -0.08738325514025448,
        0.02006320927712146,
        0.17788792878659973,
        -0.09326857738493254,
        0.030475411919124666,
        0.09848887542002492,
        0.02090532809718565,
        0.05777804286712282,
        0.020230058631223142,
        -0.05984158422093713,
        -0.06136226677882892,
        0.015434044872701582,
        0.06552765468059318,
        0.0700362996498401,
        3.73479067783504e-05,
        0.06058002150282571,
        0.04998059522859773,
        0.024389418541802467,
        0.054380610272168395,
        0.03653461658567934,
        0.0022682516376565758,
        0.06278666483368145,
        0.06068635245579124,
        0.030914988250353218,
        0.050429469325902865,
        0.10113425785163657,
        0.012257918612397677,
        0.021335981439365926,
        0.07040000819684805,
        0.010085697501508402,
        0.015494007111277873,
        -0.07267842703964805,
        -0.07616595121810552,
        0.06637944420226218,
        0.07805940653811495,
        0.07947719411812529,
        0.012261478384130803,
        0.07643608622664244,
        0.0014782285466283102,
        0.0580078568035817,
        -0.0001329083293780016,
        0.031332181287233196,
        0.07248076570803384,
        -0.06744538386967837,
        0.08425409948217259,
        -0.032907401100914196,
        0.03297825375128284,
        -0.04504455282461102,
        0.08074509491797834,
        0.00043316660897047,
        0.015581486321436784,
        0.015760558490388835,
        -0.05007561574525404,
        0.04575545056076907,
        -0.03049214788479347,
        0.04726262039290759,
        0.0288591806134727,
        0.061007579502853,
        0.017823279510370008,
        0.02761929030270262,
        -0.014220901280156708,
        0.09888753284730928,
        0.04936686868628604,
        0.18188766052044042,
        0.09071954978363753,
        0.04339587555983461,
        0.1297974573098365,
        0.012304687604523601,
        0.056580257296854564,
        0.0861440385346922,
        0.059393787330055445,
        0.16809191491830594,
        0.04638654447847128,
        0.031092861554456126,
        0.05633971873119607,
        0.12785143927605302,
        0.0969193563880007,
        0.10576056691800001,
        0.12391341684341617,
        0.06934711260709427,
        -0.020209782826828015,
        -0.03338539502290302,
        0.14292532646095296,
        6.81341191150096e-05,
        -0.03980172404793515,
        -0.01642353953512964,
        0.023425851399410693,
        0.07780001823347668,
        0.00850897626441622,
        0.022134575629593135,
        0.1367476814192195,
        0.06353974840670971,
        0.08406896528911385,
        0.00010114964292488784,
        0.048264351589185975,
        0.029735612294431477,
        -0.016827741269854937,
        0.014812781802132031,
        0.08508898794371002,
        -0.03230625079613816,
        0.042542557470855405,
        -0.07584221068218767,
        0.027544579320948413,
        -0.013554097622477047,
        -0.10325732415383543,
        0.003514156161545536,
        0.0818135775082434,
        0.09479220666790956,
        0.10734281273582116,
        0.02236730235894751,
        0.18703886228873237,
        -0.04153269015135419,
        0.020576574239201208,
        0.018932097928489607,
        0.04479448068098339,
        0.019529652359380305,
        -0.07306338755101238,
        -0.01978205840813574,
        0.02725170593559599,
        -0.0001658759448279057,
        0.029384207969220276,
        0.045180941737665056,
        0.07922029305680965,
        0.023798210330971323,
        0.05755434433479015,
        0.008676102589799171,
        0.08773988932754131,
        0.011092639464459583,
        -0.05290479479175851,
        0.012223656881397784,
        0.03395993240681584,
        0.018857592849686945,
        0.12849521562997407,
        0.05128584314032521,
        0.02144956181530634,
        0.010507247694944294,
        0.046471851140150816,
        0.10084928347069622,
        0.05536741991278253,
        0.12048649967574108,
        -0.05615538082206632,
        0.08219919150624966,
        0.11955631376739631,
        6.747629248551011e-05,
        0.03375241333384485,
        0.21692035401222132,
        0.10681654340764646,
        0.10161544804866064,
        0.0029255264638136666,
        0.09411815549989079,
        0.06331903221389497,
        0.046302804717534445,
        0.05193954298387307,
