{
    "Calculated Minimum Energy [norm, row]": [
        0.0001258751057994492,
        -7.376797479363259
    ],
    "Corresponding loss function": 0.002681577660384025,
    "Solution for Minimum Energy": [
        1.0,
        1.0,
        1.0,
        1.0,
        -1.0,
        1.0,
        -1.0,
        1.0,
        1.0,
        1.0,
        1.0,
        1.0,
        1.0,
        1.0,
        1.0,
        1.0,
        1.0,
        -1.0,
        1.0,
        1.0,
        -1.0,
        -1.0,
        1.0,
        -1.0,
        1.0,
        1.0,
        1.0,
        1.0,
        1.0,
        1.0,
        -1.0,
        1.0,
        1.0,
        -1.0,
        1.0,
        -1.0,
        1.0,
        1.0,
        1.0,
        1.0,
        1.0,
        1.0,
        1.0,
        1.0,
        1.0,
        1.0,
        1.0,
        1.0,
        1.0,
        1.0,
        1.0,
        -1.0,
        1.0,
        1.0,
        1.0,
        -1.0,
        1.0,
        1.0,
        1.0,
        1.0,
        -1.0,
        1.0,
        1.0,
        1.0,
        1.0,
        -1.0,
        1.0,
        1.0,
        1.0,
        1.0,
        1.0,
        1.0,
        1.0,
        1.0,
        1.0,
        1.0,
        1.0,
        -1.0,
        1.0,
        1.0,
        -1.0,
        -1.0,
        1.0,
        1.0,
        1.0,
        -1.0,
        1.0,
        1.0,
        1.0,
        1.0,
        1.0,
        1.0,
        1.0,
        1.0,
        1.0,
        1.0,
        1.0,
        1.0,
        1.0,
        1.0,
        1.0,
        1.0,
        1.0,
        1.0,
        1.0,
        1.0,
        1.0,
        1.0,
        -1.0,
        1.0,
        1.0,
        -1.0,
        1.0,
        -1.0,
        1.0,
        1.0,
        1.0,
        1.0,
        1.0,
        1.0,
        1.0,
        1.0,
        1.0,
        1.0,
        -1.0,
        1.0,
        1.0,
        1.0,
        1.0,
        1.0,
        1.0,
        1.0,
        1.0,
        1.0,
        1.0,
        1.0,
        1.0,
        -1.0,
        1.0,
        1.0,
        1.0,
        -1.0,
        1.0,
        1.0,
        1.0,
        1.0,
        1.0,
        1.0,
        1.0,
        1.0,
        -1.0,
        -1.0,
        1.0,
        1.0,
        1.0,
        1.0,
        1.0,
        1.0,
        1.0,
        1.0,
        1.0,
        1.0,
        1.0,
        1.0,
        -1.0,
        -1.0,
        1.0,
        1.0,
        1.0,
        -1.0,
        1.0,
        1.0,
        1.0,
        1.0,
        1.0,
        1.0,
        1.0,
        1.0,
        1.0,
        1.0,
        1.0,
        1.0,
        1.0,
        1.0,
        1.0,
        1.0,
        1.0,
        1.0,
        1.0,
        1.0,
        1.0,
        1.0,
        1.0,
        -1.0,
        -1.0,
        1.0,
        -1.0,
        1.0,
        1.0,
        1.0,
        1.0,
        1.0,
        1.0,
        1.0,
        -1.0,
        1.0,
        1.0,
        1.0,
        -1.0,
        1.0
    ],
    "Corresponding exp value": [
        0.07541067159067155,
        0.05292818491209965,
        0.12632539856863384,
        0.021001028861327715,
        -0.06350181792222456,
        0.03708894312996364,
        -0.03983217825707254,
        0.03769762878297952,
        0.08168417583288803,
        0.041615136022930106,
        0.11503412889592216,
        0.062263356803860234,
        0.04881458949439114,
        0.06538597807764758,
        0.030042888540261457,
        -0.0019344225572427189,
        0.08564590688740348,
        -0.03383787134233742,
        0.05985024486419936,
        0.07272937044923436,
        -0.05696900702390365,
        -0.004381233636693866,
        0.013102732308970416,
        -0.06334660454047125,
        0.0385438353291506,
        0.007469951246922112,
        0.04494400522669346,
        0.11231191420420833,
        0.0334738525629505,
        0.057562505808948644,
        -0.07841884511828756,
        0.14774193328155633,
        0.06771921294862429,
        -0.10012123215479127,
        0.08552774662083282,
        -0.04174130427627725,
        0.11501454077739823,
        0.11740761071910147,
        0.0852534113758283,
        0.042945040580352055,
        0.026125172160490796,
        0.10465626088264254,
        0.002682490855944396,
        0.00045838509324029435,
        0.004874283877676839,
        0.01045554340341698,
        0.012303862722762253,
        0.04637263831394949,
        0.0160643335184097,
        0.04985392052986618,
        0.014917853161283742,
        -0.061456281273040356,
        0.02048569665304467,
        0.07029786726196818,
        0.03117998318102072,
        -0.03443162674222568,
        0.02775596604533888,
        0.012842633651563929,
        0.19670902433472343,
        0.14391925520400833,
        -0.07501335379341831,
        0.06520646517073839,
        0.06717344791249233,
        0.022996568296508563,
        0.020688599680603728,
        -0.09260708329099665,
        0.032427377313351206,
        0.1028728846867229,
        0.015447812380490734,
        0.02207187203814634,
        0.049964160005353725,
        0.03748926690212602,
        0.08479398062092612,
        0.039962846838568364,
        0.016682991618654806,
        0.0626815052057192,
        -0.0021337718775734857,
        -0.03334659354051085,
        0.03764973499588206,
        0.016811475993612053,
        -0.04484316866041755,
        -0.05251168565757195,
        0.1089461717427292,
        0.06269562931032072,
        0.08819185345493785,
        -0.004895893058742577,
        0.0674691416624858,
        0.08803480957921331,
        0.08659377242813387,
        0.040573501617959085,
        0.1270398141127127,
        0.08116913491952524,
        0.03077876735164896,
        0.14247756388367408,
        0.1025460808673183,
        0.1170996995666868,
        0.09545294920490287,
        0.0012595655422506405,
        0.042852843304237165,
        0.043330556016595065,
        0.11528489773151038,
        0.09948693206510659,
        0.07730476008071847,
        0.025158517497977994,
        0.09757675456978815,
        0.09011223950410599,
        0.07539443010949361,
        0.13509972495080375,
        -0.03715575407774488,
        0.11281714094720635,
        0.027688556873171757,
        -0.03887241142798909,
        0.12819920947026864,
        -0.054027110966716314,
        0.027554028868404728,
        0.0857386877342502,
        0.052108165840975135,
        0.0345017616071427,
        0.03542011287222169,
        0.01004028816011424,
        0.03948631847014093,
        -0.001981935542432872,
        0.04884808712232509,
        0.04254630027721711,
        -0.02167003607762882,
        0.1683261941958089,
        0.014723358046468259,
        -0.00018693385079227628,
        0.14718446486098063,
        0.1194870141217858,
        -0.0026766985378855403,
        0.1145033529693054,
        0.012283408508203926,
        0.06545629037703463,
        0.0056138291605868015,
        0.06247731299595752,
        0.008241839386708383,
        -0.004281133153763323,
        0.009718245797086765,
        0.044100595618574885,
        0.1259754344856694,
        -0.0038554434208233337,
        0.024853120570123184,
        0.12147688674561687,
        0.0082647051110631,
        0.07376657726281106,
        0.018032976655183212,
        0.07844458278670934,
        0.008941153043588787,
        0.09870023522472778,
        -0.054992657798323956,
        -0.05686397931708341,
        0.07817338724845786,
        0.13979903356608564,
        0.026345525170494245,
        0.06905886580981117,
        0.04144367611527984,
        0.058906718744757905,
        0.12773418530894085,
        0.1294177826665118,
        0.008956684582410671,
        0.04996221319870016,
        0.07800407897344241,
        0.019528801155374975,
        -0.0030653858599954224,
        -0.027922196823994556,
        0.04667911242298023,
        0.03988122910320318,
        0.033574316968810136,
