{
    "Calculated Minimum Energy [norm, row]": [
        0.0003889372680459846,
        -7.3671611130115116
    ],
    "Corresponding loss function": 0.04196431099511937,
    "Solution for Minimum Energy": [
        1.0,
        1.0,
        1.0,
        1.0,
        -1.0,
        1.0,
        -1.0,
        -1.0,
        -1.0,
        -1.0,
        1.0,
        1.0,
        1.0,
        1.0,
        -1.0,
        -1.0,
        -1.0,
        -1.0,
        -1.0,
        1.0,
        1.0,
        -1.0,
        1.0,
        1.0,
        1.0,
        -1.0,
        1.0,
        -1.0,
        1.0,
        -1.0,
        1.0,
        1.0,
        1.0,
        1.0,
        -1.0,
        1.0,
        -1.0,
        -1.0,
        -1.0,
        -1.0,
        1.0,
        1.0,
        1.0,
        1.0,
        1.0,
        1.0,
        -1.0,
        -1.0,
        -1.0,
        1.0,
        -1.0,
        -1.0,
        1.0,
        1.0,
        -1.0,
        -1.0,
        1.0,
        1.0,
        1.0,
        1.0,
        1.0,
        1.0,
        1.0,
        1.0,
        -1.0,
        -1.0,
        -1.0,
        -1.0,
        1.0,
        1.0,
        1.0,
        1.0,
        -1.0,
        -1.0,
        1.0,
        -1.0,
        -1.0,
        1.0,
        1.0,
        1.0,
        1.0,
        1.0,
        1.0,
        1.0,
        -1.0,
        -1.0,
        -1.0,
        1.0,
        1.0,
        -1.0,
        1.0,
        1.0,
        1.0,
        1.0,
        -1.0,
        1.0,
        -1.0,
        -1.0,
        1.0,
        -1.0,
        1.0,
        1.0,
        1.0,
        1.0,
        1.0,
        1.0,
        1.0,
        -1.0,
        -1.0,
        -1.0,
        -1.0,
        1.0,
        1.0,
        1.0,
        -1.0,
        1.0,
        1.0,
        1.0,
        1.0,
        1.0,
        1.0,
        1.0,
        1.0,
        1.0,
        1.0,
        1.0,
        1.0,
        1.0,
        1.0,
        1.0,
        1.0,
        1.0,
        1.0,
        -1.0,
        1.0,
        -1.0,
        1.0,
        -1.0,
        1.0,
        1.0,
        1.0,
        1.0,
        1.0,
        1.0,
        1.0,
        1.0,
        1.0,
        1.0,
        1.0,
        1.0,
        1.0,
        1.0,
        1.0,
        1.0,
        1.0,
        1.0,
        1.0,
        -1.0,
        1.0,
        1.0,
        1.0,
        1.0,
        1.0,
        1.0,
        1.0,
        1.0,
        1.0,
        1.0,
        1.0,
        1.0,
        1.0,
        1.0,
        1.0,
        1.0,
        1.0,
        1.0,
        1.0,
        1.0,
        1.0,
        1.0,
        1.0,
        1.0,
        1.0,
        1.0,
        1.0,
        1.0,
        -1.0,
        1.0,
        1.0,
        1.0,
        1.0,
        1.0,
        1.0,
        1.0,
        1.0,
        1.0,
        1.0,
        1.0,
        1.0,
        1.0,
        1.0,
        1.0,
        1.0,
        1.0,
        1.0,
        1.0,
        1.0,
        -1.0,
        1.0,
        1.0
    ],
    "Corresponding exp value": [
        0.013457016009230643,
        0.03930210778567232,
        0.079603818773977,
        0.03658711747284957,
        -0.10779188401944483,
        0.01615491453401644,
        -0.0725170158174702,
        -0.03229331062960927,
        -0.03335508155563857,
        -0.05868018129330087,
        0.13811845922992988,
        0.14060498355782472,
        0.09152437037688058,
        0.063635927104734,
        -0.028172111303354053,
        -0.009007060597396348,
        -0.03828899278442245,
        -0.012986540080076863,
        -0.014148729821720465,
        0.013807126686998008,
        0.08823603288947522,
        -0.07596244004731442,
        0.006122728230655792,
        0.06852549158204506,
        0.18324915224801003,
        -0.09759463762450064,
        0.07521392317317234,
        -0.001898247759806019,
        0.13187375031508336,
        -0.029098561215821165,
        0.034672891637605646,
        0.13212958489000307,
        0.019325902718364398,
        0.03384879563938695,
        -0.0020084222646966736,
        0.0076757610644728625,
        -0.009820499052901225,
        -0.03181020050579096,
        -0.038014780293802175,
        -0.09439674422350773,
        0.08144460877766821,
        0.10630971727395107,
        0.09615856350714869,
        0.10327998358128494,
        0.08830588058379459,
        0.0841153803408732,
        -0.010118063584716303,
        -0.023536823427910015,
        -0.07474004041641776,
        0.022561641850480863,
        -0.013561505207981873,
        -0.11818349583322169,
        0.05470331370281818,
        0.005223791460237069,
        -0.0025651943708081444,
        -0.03774426786092834,
        0.08079224586527083,
        0.0449223641805416,
        0.06959205288368085,
        0.15535038024683645,
        0.024708885508793334,
        0.05210421845250182,
        0.0791151455258021,
        0.052718459407516446,
        -0.0844712946884759,
        -0.035918258015282326,
        -0.04012337431970925,
        -0.09916888604846431,
        0.11647587579739482,
        0.13647954053131783,
        0.04788295481535261,
        0.1429264236026123,
        -0.04209020717997316,
        -0.03883290663472914,
        0.0009350619984360609,
        -0.03688606038605112,
        -0.0258338276741432,
        0.10481846228477344,
        0.0720900712023621,
        0.056709910945013466,
        0.06964827103368947,
        0.10437710998696427,
        0.04728757416262879,
        0.11871690701990237,
        -0.004571144077018542,
        -0.056130762961320954,
        -0.04903638927093356,
        0.06663033777725322,
        0.05967623108959073,
        -0.05555540690971157,
        0.12436404064497214,
        0.04025898455081633,
        0.07897984669996316,
        0.11482676378879711,
        -0.026730686326153937,
        0.17914392451333713,
        -0.09479179311719114,
        -0.08645215191215418,
        0.016992139325794072,
        -0.02363268468286295,
        0.040365633786277305,
        0.07527189470661513,
        0.1186129292152028,
        0.05329094277836295,
        0.12757966195917128,
        0.07542503779997847,
        0.07153971604724237,
        -0.06726089751448494,
        -0.06908810178207055,
        -0.07477179078964347,
        -0.022818302871398622,
        0.019667681670878352,
        0.03770650486599717,
        0.1285815556741955,
        -0.04431428086067699,
        0.04238525498824702,
        0.01983528838878129,
        0.17778359326506046,
        0.0914758073977183,
        0.038649637631221596,
        0.053139670328667676,
        0.0492335219430464,
        0.08975837734677888,
        0.07363502119886957,
        0.013021016264416645,
        0.09651615384905522,
        0.01963004737024894,
        0.0754486844279295,
        0.027221847101483773,
        0.08902299884449244,
        0.020359099896088487,
        0.031483114225508986,
        0.1021014741970087,
        -0.02422886635821114,
        0.005675647325212717,
        -0.0063846887712415805,
        0.12364872943596511,
        -0.01351913733868165,
        0.058384041335318854,
        0.11786745887535224,
        0.16387061253438567,
        0.1100850242813818,
        0.1148491361983282,
        0.19502276308595942,
        0.0185679259679835,
        0.0727367436760902,
        0.15275088002254497,
        0.0014899204653884084,
        0.03721379441192081,
        0.04492426487874561,
        0.03336177429272539,
        0.06428997434026348,
        0.08924447757644113,
        0.07869980037007834,
        0.09450800632143895,
        0.12438744110827936,
        0.115305856171506,
        -0.026038134172936614,
        0.12192596221056193,
        0.08567768431357747,
        0.07633022532742513,
        0.15127017212711927,
        0.09078399700850431,
        0.12491362642008616,
        0.03520887413422762,
        0.03619182183180409,
        0.18009469711883802,
        0.07916109629730887,
