{
    "Calculated Minimum Energy [norm, row]": [
        3.1117008617196326e-05,
        -7.380268612313147
    ],
    "Corresponding loss function": 3.509196466961977e-05,
    "Solution for Minimum Energy": [
        -1.0,
        1.0,
        1.0,
        1.0,
        1.0,
        1.0,
        1.0,
        1.0,
        1.0,
        1.0,
        1.0,
        1.0,
        1.0,
        1.0,
        -1.0,
        1.0,
        1.0,
        1.0,
        1.0,
        1.0,
        1.0,
        -1.0,
        1.0,
        1.0,
        1.0,
        1.0,
        1.0,
        1.0,
        1.0,
        1.0,
        1.0,
        1.0,
        1.0,
        1.0,
        1.0,
        1.0,
        1.0,
        1.0,
        1.0,
        1.0,
        1.0,
        1.0,
        1.0,
        1.0,
        1.0,
        1.0,
        1.0,
        1.0,
        1.0,
        1.0,
        1.0,
        1.0,
        1.0,
        1.0,
        1.0,
        1.0,
        1.0,
        -1.0,
        1.0,
        1.0,
        1.0,
        1.0,
        1.0,
        1.0,
        1.0,
        1.0,
        1.0,
        1.0,
        1.0,
        1.0,
        1.0,
        1.0,
        1.0,
        1.0,
        1.0,
        1.0,
        1.0,
        1.0,
        1.0,
        1.0,
        -1.0,
        1.0,
        1.0,
        1.0,
        1.0,
        1.0,
        1.0,
        1.0,
        1.0,
        -1.0,
        1.0,
        1.0,
        1.0,
        1.0,
        1.0,
        1.0,
        1.0,
        -1.0,
        1.0,
        1.0,
        1.0,
        1.0,
        1.0,
        1.0,
        1.0,
        1.0,
        1.0,
        -1.0,
        1.0,
        1.0,
        1.0,
        1.0,
        1.0,
        1.0,
        1.0,
        1.0,
        1.0,
        1.0,
        1.0,
        1.0,
        1.0,
        -1.0,
        1.0,
        1.0,
        1.0,
        1.0,
        1.0,
        1.0,
        -1.0,
        1.0,
        1.0,
        1.0,
        1.0,
        1.0,
        1.0,
        1.0,
        1.0,
        1.0,
        1.0,
        1.0,
        1.0,
        -1.0,
        -1.0,
        1.0,
        1.0,
        1.0,
        1.0,
        1.0,
        1.0,
        1.0,
        -1.0,
        -1.0,
        -1.0,
        1.0,
        1.0,
        1.0,
        1.0,
        1.0,
        1.0,
        1.0,
        1.0,
        -1.0,
        -1.0,
        1.0,
        -1.0,
        1.0,
        1.0,
        1.0,
        1.0,
        1.0,
        1.0,
        1.0,
        1.0,
        -1.0,
        -1.0,
        1.0,
        1.0,
        -1.0,
        1.0,
        1.0,
        -1.0,
        1.0,
        1.0,
        -1.0,
        1.0,
        -1.0,
        1.0,
        1.0,
        1.0,
        1.0,
        1.0,
        -1.0,
        1.0,
        1.0,
        1.0,
        -1.0,
        -1.0,
        1.0,
        1.0,
        1.0,
        1.0,
        1.0,
        1.0,
        1.0,
        1.0,
        1.0,
        -1.0,
        1.0,
        -1.0,
        1.0
    ],
    "Corresponding exp value": [
        -0.10885328700497007,
        0.1320639581586856,
        0.1166000173272359,
        0.09091886459731902,
        0.10781336554698703,
        0.1626053837462214,
        0.15073567959772657,
        0.1764597675048814,
        0.09599092310858334,
        0.12395297316152681,
        0.10064827468383938,
        0.15984997866255685,
        0.152227103912565,
        0.12824658087213295,
        -0.0796587982583847,
        0.22747781132101197,
        0.1479595516730346,
        0.10374246473994159,
        0.15199780239534183,
        0.05780067051018649,
        0.16567786644849425,
        -0.06767841047091669,
        0.12318441690291002,
        0.1076341311882188,
        0.1448040276853205,
        0.09838848714627915,
        0.134201861052046,
        0.11120245317407954,
        0.15907024327267794,
        0.21224760083497818,
        0.10418112607184798,
        0.1665151128940578,
        0.23659173823772955,
        0.11981159812344358,
        0.12356203690403295,
        0.12894529672542948,
        0.1268104210669168,
        0.09771865955738737,
        0.12260758735803354,
        0.161535714335096,
        0.09816479432151734,
        0.18272718470285654,
        0.159211902224158,
        0.09996497507632585,
        0.17651960916687753,
        0.1002204854179454,
        0.07959225719985336,
        0.13792753869741908,
        0.1503707034898074,
        0.13484934347725971,
        0.10581729344337296,
        0.12703195384532698,
        0.11075067657747448,
        0.176303425871774,
        0.12509553770933976,
        0.11318136934560658,
        0.10695386008205784,
        -0.07318644151057171,
        0.1746818609945519,
        0.14632619511786266,
        0.2213768744439335,
        0.1602317314745794,
        0.13855217537555503,
        0.09566540302974072,
        0.09294308814488061,
        0.1289419104790387,
        0.08365458318777141,
        0.11536329954149566,
        0.09238321931569698,
        0.15211163217343981,
        0.11575710955812425,
        0.12041920091306711,
        0.07063443572640629,
        0.29703393839995906,
        0.1534841843255421,
        0.11271486601489081,
        0.07551056338023053,
        0.1423409968794176,
        0.1947087204772735,
        0.14419596826870823,
        -0.08345346122227393,
        0.1450767280608357,
        0.09992113420623663,
        0.15686404434406426,
        0.08836193181310861,
        0.19892830173024478,
        0.1453051397159497,
        0.17690457455817063,
        0.14436502347353242,
        -0.10532637419007207,
        0.13987947866269906,
        0.17085247371266302,
        0.1503222170301858,
        0.17357740463867694,
        0.10253384490051783,
        0.11214703484976615,
        0.17184061198382908,
        -0.05134640738928974,
        0.10840574468718078,
        0.10825775623450841,
        0.1690577419252859,
        0.11392039395901829,
        0.13102846345539226,
        0.12466027124679369,
        0.15794123213394248,
        0.18410341594669824,
        0.15749834065701,
        -0.0854717494156284,
        0.12259212906155904,
        0.1373608050620737,
        0.23374067490452408,
        0.21770982498512728,
        0.28067540946619235,
        0.1372533660900065,
        0.06665894403899873,
        0.1001139388909032,
        0.1874266526334297,
        0.12915335061292652,
        0.13163768133243223,
        0.202540537300604,
        0.10922383112242838,
        -0.0888909450003358,
        0.15380669748422346,
        0.1457319357126296,
        0.21041656391025682,
        0.152483662329218,
        0.09621727505542066,
        0.11602454605777701,
        -0.08612388496144678,
        0.15285763002063457,
        0.10611603008465584,
        0.2544916765098136,
        0.24673142920675334,
        0.0893787158194095,
        0.11738745317883251,
        0.1216728452542928,
        0.15355657872960402,
        0.10960444560019081,
        0.10124959325609875,
        0.1967225089645511,
        0.1301876998341363,
        -0.07458148228199331,
        -0.07655938125811233,
        0.12324690985410511,
        0.10099802341947302,
        0.12600588414700703,
        0.0968952189179199,
        0.06701033661204296,
        0.08280110494935038,
        0.1381192227674716,
        -0.1146096136518058,
        -0.09212066924110501,
        -0.07471498533776615,
        0.07707922469079517,
        0.18340503397700444,
        0.13918421142313725,
        0.10811019591928583,
        0.10819608869664615,
        0.1118320046480219,
        0.06959911892730383,
        0.18500221404718192,
        -0.10092584348179637,
        -0.06265438714066245,
        0.07923553487616197,
        -0.06936987625404618,
        0.09352242383603727,
        0.1590786064364849,
        0.11456268186403375,
        0.13457173167613207,
        0.128097818873416,
        0.1602940243165053,
        0.10906179558564258,
        0.11023428706924186,
