{
    "Calculated Minimum Energy [norm, row]": [
        6.315212391308847e-05,
        -7.379095117408082
    ],
    "Corresponding loss function": 0.005166613222179782,
    "Solution for Minimum Energy": [
        -1.0,
        1.0,
        -1.0,
        1.0,
        1.0,
        -1.0,
        1.0,
        1.0,
        1.0,
        1.0,
        1.0,
        1.0,
        1.0,
        1.0,
        1.0,
        1.0,
        1.0,
        1.0,
        1.0,
        1.0,
        1.0,
        1.0,
        1.0,
        1.0,
        1.0,
        1.0,
        1.0,
        1.0,
        -1.0,
        1.0,
        1.0,
        1.0,
        1.0,
        1.0,
        1.0,
        1.0,
        1.0,
        1.0,
        1.0,
        1.0,
        1.0,
        1.0,
        1.0,
        -1.0,
        1.0,
        1.0,
        1.0,
        1.0,
        -1.0,
        1.0,
        1.0,
        1.0,
        1.0,
        1.0,
        1.0,
        1.0,
        1.0,
        1.0,
        1.0,
        -1.0,
        1.0,
        1.0,
        1.0,
        1.0,
        1.0,
        1.0,
        1.0,
        1.0,
        1.0,
        1.0,
        1.0,
        -1.0,
        1.0,
        1.0,
        -1.0,
        1.0,
        1.0,
        -1.0,
        1.0,
        1.0,
        1.0,
        1.0,
        -1.0,
        -1.0,
        1.0,
        1.0,
        -1.0,
        1.0,
        1.0,
        1.0,
        1.0,
        1.0,
        1.0,
        1.0,
        1.0,
        1.0,
        1.0,
        -1.0,
        1.0,
        -1.0,
        1.0,
        1.0,
        1.0,
        1.0,
        1.0,
        1.0,
        -1.0,
        1.0,
        1.0,
        1.0,
        -1.0,
        1.0,
        1.0,
        1.0,
        1.0,
        1.0,
        1.0,
        1.0,
        1.0,
        1.0,
        1.0,
        1.0,
        1.0,
        -1.0,
        1.0,
        1.0,
        -1.0,
        -1.0,
        -1.0,
        1.0,
        1.0,
        1.0,
        1.0,
        1.0,
        1.0,
        -1.0,
        1.0,
        1.0,
        1.0,
        -1.0,
        1.0,
        1.0,
        1.0,
        1.0,
        1.0,
        1.0,
        1.0,
        1.0,
        1.0,
        1.0,
        1.0,
        1.0,
        1.0,
        1.0,
        1.0,
        1.0,
        1.0,
        1.0,
        1.0,
        1.0,
        1.0,
        1.0,
        1.0,
        1.0,
        1.0,
        1.0,
        1.0,
        1.0,
        1.0,
        1.0,
        1.0,
        1.0,
        1.0,
        1.0,
        1.0,
        1.0,
        1.0,
        1.0,
        1.0,
        1.0,
        1.0,
        1.0,
        1.0,
        1.0,
        1.0,
        1.0,
        1.0,
        1.0,
        1.0,
        1.0,
        1.0,
        1.0,
        1.0,
        1.0,
        1.0,
        1.0,
        1.0,
        1.0,
        1.0,
        1.0,
        1.0,
        1.0,
        -1.0,
        1.0,
        1.0,
        1.0,
        1.0,
        1.0,
        1.0,
        1.0
    ],
    "Corresponding exp value": [
        -0.007907982945841684,
        0.06147307999489563,
        -0.05166415385477364,
        0.08293583063013468,
        0.07557104628817915,
        -0.0636724896309465,
        0.06974892238786644,
        0.11283888998882055,
        0.12750879468603277,
        0.19846146020324723,
        0.10911703079068413,
        0.12151976129469239,
        0.05876466408327797,
        0.09741992058642554,
        0.0038717242970963493,
        0.0007246269564371356,
        5.988669317251536e-06,
        0.0008110086777392265,
        0.019140468051848505,
        0.0934009337944785,
        0.1379765315045352,
        0.0007892030673073446,
        0.17209827334479366,
        0.0033567566036845574,
        0.1528018070847991,
        0.14190413384251693,
        0.07950290196870397,
        0.15013492527462768,
        -0.0621996836287907,
        0.09981500629455761,
        0.07005831633720193,
        0.08143169140264517,
        0.13523986717699923,
        0.0036610523047360274,
        0.09446843775073674,
        0.06561346673656668,
        0.05891106988977889,
        0.0804307197106541,
        0.14553780135847783,
        0.03896740529530992,
        0.1724490354828056,
        0.04772224488356359,
        0.11814116427362162,
        -0.03844949021663518,
        0.12347327366626537,
        0.13375492986897508,
        0.029561635365875173,
        0.07474969382833421,
        -0.0833488582868735,
        0.11612316723526309,
        0.054623804422362206,
        0.1179538450904512,
        0.12073254716116741,
        0.11386968937912545,
        0.19164114217621622,
        0.05672466866209521,
        0.06089377069400808,
        0.0027801814265463022,
        0.02655951851422935,
        -0.06084070365050855,
        0.07636333413676905,
        0.04157408405928339,
        0.20488757088673504,
        0.16885113453095124,
        0.07871610907216808,
        0.10076156096378022,
        0.05342988009385793,
        0.002946518464857814,
        0.02198952272244043,
        0.07277650808017161,
        0.0004579525253038822,
        -0.04133366730385719,
        0.07644838665239664,
        0.1489227429408479,
        -0.07953284753426756,
        0.03938186199380822,
        0.0006035082035997586,
        -0.06385923828018761,
        0.027841137624779615,
        0.01609126646810837,
        0.03837510748194675,
        0.031383322718301264,
        -0.07590376014317075,
        -0.05168904533991567,
        0.006889331742114409,
        0.0023185853722910766,
        -0.06971658402937328,
        0.07275384049837927,
        0.05017683388200478,
        0.0536894285082154,
        0.03243641592735186,
        0.09207271254730001,
        0.027552177329543112,
        0.0505352123237367,
        0.024828694221370306,
        0.10572917722675712,
        0.11445183290851799,
        -0.115341356371847,
        0.09736890721956622,
        -0.0913144813728706,
        0.014083844657507328,
        0.09480117247595009,
        0.1203221005820709,
        0.036454251500087256,
        0.027879942694385835,
        0.05476024641561492,
        -0.07297354978018825,
        0.012385259465065041,
        0.13357852333386505,
        0.0020756825886183057,
        -0.058735075723401066,
        0.10435198704971324,
        0.0013980043407998194,
        0.02530867224707874,
        0.027907575835892155,
        0.0002410964291425365,
        0.03129254425567764,
        0.07787592923814535,
        0.001929459733676686,
        0.034190052060833774,
        0.03666727257606779,
        0.05662208127572318,
        0.09134536541740541,
        -0.08047518012495533,
        0.0008189313186729541,
        0.04986497708168142,
        -0.16805589865939605,
        -0.09243850596361805,
        -0.1551776297231301,
        0.0527691292939676,
        0.04468011691933553,
        0.08993896284742892,
        0.02450396041131251,
        0.06757884426689198,
        0.025723248270007357,
        -0.06663236426541247,
        0.06335408123768728,
        0.02752563754168646,
        0.001922138724583456,
        -0.000263085405570484,
        0.105087181927859,
        0.06534715265544758,
        0.003354883429752563,
        0.03728518726830822,
        0.00773544408596866,
        0.02956436076352665,
        0.13785675071114376,
        0.018971055396426535,
        0.07721135322925411,
        0.019885600382847455,
        0.10979605641563808,
        0.0997831255386309,
        0.032876227805940836,
        0.06531016418914529,
        0.0437801656548831,
        0.033792246045879736,
        0.0228559641306248,
        0.10661854234833919,
        0.0391785271903119,
        0.05931973363397235,
        0.14894913550411243,
        0.12404056399753874,
        0.0865989764131074,
        0.0018468664915978665,
        0.10775449707667967,
        0.12336135725979257,
        0.0499512496681574,
        0.10964728715238561,
        0.03419709259541675,
        0.08516941060848707,
