{
    "Calculated Minimum Energy [norm, row]": [
        0.000779699678870168,
        -7.352846892695536
    ],
    "Corresponding loss function": 0.0062220475121592305,
    "Solution for Minimum Energy": [
        -1.0,
        1.0,
        -1.0,
        1.0,
        1.0,
        -1.0,
        1.0,
        -1.0,
        1.0,
        -1.0,
        1.0,
        1.0,
        1.0,
        1.0,
        1.0,
        -1.0,
        1.0,
        -1.0,
        -1.0,
        -1.0,
        1.0,
        1.0,
        -1.0,
        1.0,
        1.0,
        1.0,
        1.0,
        1.0,
        1.0,
        1.0,
        1.0,
        -1.0,
        1.0,
        -1.0,
        1.0,
        -1.0,
        1.0,
        -1.0,
        1.0,
        -1.0,
        1.0,
        1.0,
        1.0,
        1.0,
        1.0,
        1.0,
        -1.0,
        1.0,
        1.0,
        1.0,
        1.0,
        1.0,
        1.0,
        1.0,
        -1.0,
        -1.0,
        1.0,
        1.0,
        1.0,
        1.0,
        1.0,
        -1.0,
        1.0,
        -1.0,
        1.0,
        1.0,
        1.0,
        -1.0,
        -1.0,
        1.0,
        -1.0,
        1.0,
        1.0,
        1.0,
        1.0,
        1.0,
        1.0,
        1.0,
        1.0,
        1.0,
        1.0,
        1.0,
        1.0,
        1.0,
        1.0,
        1.0,
        1.0,
        1.0,
        1.0,
        1.0,
        1.0,
        -1.0,
        -1.0,
        1.0,
        1.0,
        1.0,
        -1.0,
        1.0,
        1.0,
        1.0,
        1.0,
        1.0,
        1.0,
        1.0,
        1.0,
        1.0,
        1.0,
        1.0,
        1.0,
        1.0,
        1.0,
        1.0,
        1.0,
        -1.0,
        1.0,
        1.0,
        1.0,
        1.0,
        1.0,
        1.0,
        1.0,
        1.0,
        1.0,
        1.0,
        1.0,
        1.0,
        1.0,
        1.0,
        1.0,
        1.0,
        1.0,
        1.0,
        -1.0,
        -1.0,
        1.0,
        1.0,
        1.0,
        1.0,
        -1.0,
        1.0,
        1.0,
        1.0,
        1.0,
        1.0,
        1.0,
        -1.0,
        1.0,
        1.0,
        1.0,
        1.0,
        1.0,
        1.0,
        1.0,
        -1.0,
        1.0,
        1.0,
        1.0,
        1.0,
        -1.0,
        1.0,
        1.0,
        1.0,
        1.0,
        1.0,
        1.0,
        1.0,
        1.0,
        1.0,
        1.0,
        1.0,
        1.0,
        -1.0,
        1.0,
        1.0,
        1.0,
        1.0,
        1.0,
        1.0,
        1.0,
        1.0,
        1.0,
        1.0,
        1.0,
        1.0,
        1.0,
        1.0,
        1.0,
        -1.0,
        1.0,
        1.0,
        1.0,
        -1.0,
        1.0,
        -1.0,
        1.0,
        1.0,
        1.0,
        1.0,
        1.0,
        1.0,
        1.0,
        1.0,
        1.0,
        1.0,
        1.0,
        1.0,
        1.0,
        1.0,
        1.0,
        1.0
    ],
    "Corresponding exp value": [
        -0.14728148912166497,
        0.049766997612490184,
        -0.13103778151977147,
        0.08585859502387555,
        0.09987157204621791,
        -0.025166257772550018,
        0.11681103244206792,
        -0.039038836298207216,
        0.028966797044101048,
        -0.04850047873897315,
        0.021115987582618737,
        0.06842742782409833,
        0.07473831074417792,
        0.1407815906990677,
        0.04910551502093768,
        -0.028082736105066036,
        0.03179455147082556,
        -0.07133610775287424,
        -0.14703241786826102,
        -0.08103838378618428,
        0.21440062229841342,
        0.02071500140246538,
        -0.1535153974954089,
        0.0520590394416117,
        0.08218132262225389,
        0.025774217039437598,
        0.04080104551355135,
        0.0273845883539671,
        0.08330628026143297,
        0.21418187625614174,
        0.05351055918182683,
        -0.06523730292844215,
        0.0410599115346846,
        -0.07523467540315437,
        0.022042376388908037,
        -0.020754925407573007,
        0.011439059249247471,
        -0.13203153783210414,
        0.02489079690520973,
        -0.1286106480118594,
        0.03575664441844966,
        0.06152802020628808,
        0.031197213852595097,
        0.07609626562436245,
        0.07335019857274885,
        0.05204328716836504,
        -0.08821473714965453,
        0.023551579523356073,
        0.08934963089211007,
        0.04063657039505952,
        0.1883559352940873,
        0.03425738754406737,
        0.07354907360950691,
        0.03376124133026966,
        -0.09339332240795142,
        -0.04905327502184467,
        0.13142849679023946,
        0.037137155347974356,
        0.046451359428646914,
        0.040629283311074044,
        0.02135165882488158,
        -0.04576190988057116,
        0.01104596581833029,
        -0.10013905981300864,
        0.06188030024755692,
        0.05360318143176946,
        0.012764723628986388,
        -0.08381923340502848,
        -0.08026092468077095,
        0.04625802260767075,
        -0.1799987626040563,
        0.029061788330830875,
        0.11269443637287427,
        0.018198202137863315,
        0.02524064229808521,
        0.0625865538412509,
        0.059475770482163265,
        0.04372875766064378,
        0.05740514754194939,
        0.0039732847608593275,
        0.025412026108801,
        0.004499160376797692,
        0.05592746755746016,
        0.0064814911306139275,
        0.06936128368713035,
        0.02145752800629332,
        0.13671314885319866,
        0.04660011888418648,
        0.037761372730904935,
        0.10739917605727634,
        0.037725427034860815,
        -0.15494387853325986,
        -0.09553311753127135,
        0.04351243776162299,
        0.01280832657763293,
        0.010586351161010523,
        -0.02931432916881566,
        0.11804139585634112,
        0.0857969130809388,
        0.07549532192533624,
        0.11802421268568762,
        0.01686103688844797,
        0.07520995996958318,
        0.06913379516498806,
        0.009469264298333504,
        0.044132783209028324,
        0.035097698311308836,
        0.06388991732573246,
        0.02252899746195075,
        0.0016523251621824429,
        0.025564871096151662,
        0.0016434065278296878,
        0.009373364993244013,
        -0.05260898702934455,
        0.0365902390969685,
        0.014003725696638854,
        0.02925696650116999,
        0.03879721813603787,
        0.07135473380051767,
        0.005989932660464051,
        0.07658713827477924,
        0.03957286561398008,
        0.10795667398816042,
        0.009730087352074354,
        0.04771618193529428,
        0.03977658582734636,
        0.004329045442252875,
        0.033007001718130834,
        0.00969205322926846,
        0.07100779253581246,
        0.0703885136634295,
        0.013943215323249174,
        -0.05535390677147347,
        -0.08403480375687904,
        0.024645376107111757,
        0.11551311780711278,
        0.038762478790655475,
        0.059598557341749,
        -0.025098067151389396,
        0.07186972844635543,
        0.08181548033189129,
        0.05110607733102486,
        0.05503581483210342,
        0.012029980522348814,
        0.0926398111995243,
        -0.05371214581597455,
        0.11148163802111563,
        0.0006551129079356813,
        0.09242447824754761,
        0.07859677199975167,
        0.03573555894198173,
        0.06508142977654821,
        0.034072432800455715,
        -0.05189745614526027,
        0.016474649848439837,
        0.04713656090544145,
        0.09246981724207251,
        0.20621859058762426,
        -0.09368977102884148,
        0.0012446118256165223,
        0.03478946562456277,
        0.07193708052127916,
        0.12043914019085293,
        0.016606711849944757,
        0.04200338343711364,
        0.04137899526613736,
        0.08102502083334842,
        0.16630022275336748,
        0.06378982815076184,
