{
    "Calculated Minimum Energy [norm, row]": [
        0.00016279972431540633,
        -7.3754448745326
    ],
    "Corresponding loss function": 0.004811379039876036,
    "Solution for Minimum Energy": [
        -1.0,
        1.0,
        1.0,
        1.0,
        1.0,
        1.0,
        1.0,
        1.0,
        1.0,
        1.0,
        -1.0,
        1.0,
        1.0,
        1.0,
        1.0,
        1.0,
        -1.0,
        1.0,
        1.0,
        1.0,
        1.0,
        -1.0,
        1.0,
        1.0,
        1.0,
        1.0,
        1.0,
        1.0,
        1.0,
        1.0,
        1.0,
        1.0,
        1.0,
        1.0,
        1.0,
        1.0,
        1.0,
        1.0,
        1.0,
        1.0,
        1.0,
        1.0,
        1.0,
        1.0,
        1.0,
        1.0,
        1.0,
        1.0,
        1.0,
        1.0,
        1.0,
        1.0,
        1.0,
        1.0,
        1.0,
        1.0,
        1.0,
        1.0,
        1.0,
        1.0,
        1.0,
        -1.0,
        1.0,
        1.0,
        1.0,
        1.0,
        1.0,
        1.0,
        1.0,
        1.0,
        -1.0,
        1.0,
        1.0,
        1.0,
        1.0,
        1.0,
        1.0,
        1.0,
        1.0,
        1.0,
        -1.0,
        1.0,
        -1.0,
        1.0,
        1.0,
        1.0,
        1.0,
        1.0,
        1.0,
        -1.0,
        1.0,
        1.0,
        1.0,
        1.0,
        1.0,
        1.0,
        1.0,
        1.0,
        1.0,
        1.0,
        1.0,
        1.0,
        1.0,
        1.0,
        1.0,
        1.0,
        1.0,
        -1.0,
        1.0,
        1.0,
        1.0,
        1.0,
        1.0,
        1.0,
        1.0,
        1.0,
        -1.0,
        1.0,
        1.0,
        1.0,
        1.0,
        1.0,
        1.0,
        1.0,
        1.0,
        1.0,
        1.0,
        -1.0,
        1.0,
        1.0,
        -1.0,
        1.0,
        1.0,
        1.0,
        1.0,
        1.0,
        1.0,
        1.0,
        -1.0,
        1.0,
        1.0,
        -1.0,
        -1.0,
        1.0,
        1.0,
        -1.0,
        1.0,
        -1.0,
        1.0,
        1.0,
        -1.0,
        -1.0,
        -1.0,
        1.0,
        1.0,
        1.0,
        1.0,
        1.0,
        1.0,
        1.0,
        1.0,
        1.0,
        1.0,
        1.0,
        -1.0,
        1.0,
        1.0,
        1.0,
        1.0,
        1.0,
        1.0,
        1.0,
        1.0,
        -1.0,
        1.0,
        1.0,
        1.0,
        -1.0,
        1.0,
        -1.0,
        1.0,
        1.0,
        1.0,
        1.0,
        1.0,
        -1.0,
        1.0,
        1.0,
        1.0,
        1.0,
        1.0,
        -1.0,
        1.0,
        1.0,
        1.0,
        -1.0,
        1.0,
        -1.0,
        1.0,
        1.0,
        1.0,
        1.0,
        1.0,
        1.0,
        1.0,
        1.0,
        -1.0,
        -1.0,
        -1.0,
        1.0
    ],
    "Corresponding exp value": [
        -0.0038654535481861515,
        0.0812608755116866,
        0.021742708961073894,
        0.03926391558749208,
        0.04735823877869917,
        0.05063769042064788,
        0.02454608876188122,
        0.1361461983920034,
        0.14610652008833228,
        0.03803572588196516,
        -0.05552859083164206,
        0.10621409791057464,
        0.1311314410675712,
        0.13393207916841154,
        0.10402528419557079,
        0.2680569594366223,
        -0.0053551826386598195,
        0.04425793988369306,
        0.04716836162858805,
        0.04588739087526572,
        0.08944236770443693,
        -0.008459214575419233,
        0.045313054277326015,
        0.050334488499093555,
        0.11558500749940244,
        0.03440570691840816,
        0.16823379623539375,
        0.10260625929876906,
        0.03613653517150915,
        0.09747814441527856,
        0.10605805951748042,
        0.050692716855898545,
        0.10800112229112414,
        0.07381217320020643,
        0.0830287616596543,
        0.04087531217893137,
        0.05853097154774592,
        0.013275294934513134,
        0.1419517877656296,
        0.1382695809843871,
        0.12316233386698056,
        0.05648974097264599,
        0.13822467828593069,
        0.05182988753186611,
        0.10586169015898354,
        0.004346264769049851,
        0.10860006323302547,
        0.16903080983990865,
        0.16600931854572643,
        0.09511584361693522,
        0.0802265804230813,
        0.1450283216810792,
        0.09207093922563965,
        0.14108551336686587,
        0.11180786359939356,
        0.042443263423035796,
        0.16733022302811967,
        0.0055096449420774804,
        0.09113292996558751,
        0.16113694487860575,
        0.1342225776616795,
        -0.009436405263777474,
        0.11110177841175804,
        0.11300829858829985,
        0.07898431114209427,
        0.12374374339931866,
        0.07966573817112708,
        0.0789006643741297,
        0.1121457503613031,
        0.15623279644062027,
        -0.10217131579662678,
        0.11765366329788503,
        0.06109799882551262,
        0.11533746389809925,
        0.07521885412412577,
        0.0783800809893639,
        0.01975218356633163,
        0.07714148374887418,
        0.05352414109460182,
        0.10869531526922141,
        -0.10515679462939517,
        0.029666000401701684,
        -0.036266665809855096,
        0.06098549049875601,
        0.1539186715821314,
        0.1669258328090804,
        0.008531888653876357,
        0.04602233256072517,
        0.06442699411025486,
        -0.04614685452122902,
        0.12616444667632354,
        0.0032058448780061853,
        0.06606417284056099,
        0.14022150048836346,
        0.12047444779998846,
        0.04452691880540175,
        0.05128299909139042,
        0.05586552493605221,
        0.024383524514628645,
        0.1210902270460853,
        0.03938938916602067,
        0.088288956964347,
        0.12394107093262334,
        0.035275132417160925,
        0.10952690434224989,
        0.1324478878158589,
        0.052456068124604564,
        -0.018382048615296333,
        0.07253441153215723,
        0.05210127110671922,
        0.04756970020497561,
        0.06886160973761606,
        0.16623715928320182,
        0.07656736028979513,
        0.032771488763791955,
        0.0715419846815369,
        -0.02165421195418421,
        0.09780385381324568,
        0.08790275483606443,
        0.045497574701470526,
        0.04864781747378051,
        0.042379804088211556,
        0.16211788884782946,
        0.05657351094152857,
        0.10613824331812179,
        0.03590768357043426,
        0.0348210773417531,
        -0.05472183208986749,
        0.008652322048305683,
        0.08344561193754338,
        -0.03193286532976054,
        0.07146854157875998,
        0.14379421253894065,
        0.14560669056802117,
        0.08334609748721111,
        0.09329276785763754,
        0.11049240510299192,
        0.13120743956535214,
        -0.004748387765141303,
        0.04037317155343013,
        0.09675377606432034,
        -0.05829796826782603,
        -0.08354242361816866,
        0.20615115669660342,
        0.07830572182924178,
        -0.017561218982414698,
        0.04665196725549711,
        -0.021126077206075636,
        0.10933995422832364,
        0.060158384822338054,
        -0.0290184168344376,
        -0.04832639140493018,
        -0.05131303958952357,
        0.17097468545907166,
        0.18748211751545307,
        0.10965236773024123,
        0.051454810583201366,
        0.11450478343377782,
        0.03634846048605369,
        0.06793175438500973,
        0.14157102930901494,
        0.09220449017926322,
        0.022183425361098318,
        0.03464503435104099,
        -0.004241832833023903,
        0.020107731872557346,
        0.0961386291317681,
        0.02889063225350132,
        0.10182441772764399,
        0.03238567939641025,
