{
    "Calculated Minimum Energy [norm, row]": [
        0.00010948686102646722,
        -7.377397805647913
    ],
    "Corresponding loss function": -0.002605813221455252,
    "Solution for Minimum Energy": [
        1.0,
        1.0,
        1.0,
        1.0,
        -1.0,
        1.0,
        1.0,
        -1.0,
        1.0,
        -1.0,
        -1.0,
        1.0,
        1.0,
        -1.0,
        1.0,
        1.0,
        1.0,
        1.0,
        1.0,
        1.0,
        1.0,
        1.0,
        1.0,
        1.0,
        1.0,
        1.0,
        1.0,
        1.0,
        1.0,
        1.0,
        1.0,
        -1.0,
        1.0,
        1.0,
        -1.0,
        1.0,
        1.0,
        1.0,
        1.0,
        1.0,
        -1.0,
        1.0,
        1.0,
        1.0,
        1.0,
        1.0,
        -1.0,
        1.0,
        -1.0,
        1.0,
        1.0,
        1.0,
        1.0,
        1.0,
        1.0,
        1.0,
        1.0,
        1.0,
        1.0,
        -1.0,
        1.0,
        -1.0,
        1.0,
        1.0,
        1.0,
        1.0,
        1.0,
        1.0,
        1.0,
        1.0,
        1.0,
        1.0,
        1.0,
        1.0,
        1.0,
        1.0,
        1.0,
        1.0,
        1.0,
        1.0,
        1.0,
        1.0,
        1.0,
        1.0,
        1.0,
        1.0,
        1.0,
        1.0,
        -1.0,
        -1.0,
        1.0,
        1.0,
        1.0,
        1.0,
        1.0,
        -1.0,
        1.0,
        -1.0,
        1.0,
        1.0,
        -1.0,
        1.0,
        1.0,
        1.0,
        -1.0,
        1.0,
        1.0,
        1.0,
        1.0,
        -1.0,
        1.0,
        1.0,
        1.0,
        1.0,
        1.0,
        1.0,
        1.0,
        -1.0,
        1.0,
        -1.0,
        1.0,
        1.0,
        1.0,
        1.0,
        -1.0,
        1.0,
        -1.0,
        1.0,
        1.0,
        1.0,
        1.0,
        1.0,
        1.0,
        1.0,
        -1.0,
        1.0,
        1.0,
        1.0,
        -1.0,
        1.0,
        1.0,
        -1.0,
        1.0,
        1.0,
        1.0,
        1.0,
        1.0,
        1.0,
        -1.0,
        1.0,
        1.0,
        1.0,
        1.0,
        1.0,
        1.0,
        1.0,
        1.0,
        1.0,
        1.0,
        -1.0,
        1.0,
        1.0,
        1.0,
        1.0,
        1.0,
        1.0,
        1.0,
        1.0,
        1.0,
        1.0,
        1.0,
        1.0,
        -1.0,
        1.0,
        1.0,
        1.0,
        1.0,
        1.0,
        1.0,
        1.0,
        1.0,
        1.0,
        1.0,
        1.0,
        1.0,
        1.0,
        1.0,
        1.0,
        1.0,
        1.0,
        1.0,
        1.0,
        1.0,
        1.0,
        1.0,
        1.0,
        1.0,
        1.0,
        1.0,
        1.0,
        1.0,
        1.0,
        1.0,
        1.0,
        -1.0,
        1.0,
        1.0,
        1.0,
        1.0,
        1.0
    ],
    "Corresponding exp value": [
        0.013315841116564846,
        0.03931759205518902,
        0.10469025055220152,
        0.05051752291305149,
        -0.0385767448573645,
        0.13999769618544505,
        0.0946065102128483,
        -0.0017279323093748883,
        0.08937260467635247,
        -0.01078097072819826,
        -0.018660081370216665,
        0.04886020386632734,
        0.0514118897373556,
        -0.03395890542692476,
        0.14675889746445397,
        0.07843071766840529,
        0.00840271461521432,
        0.02819333972292592,
        0.05304194966358002,
        0.11128801607678501,
        0.02413129004243526,
        0.12755650313089784,
        0.08587206062414282,
        0.11342725969071238,
        0.02882382763263587,
        0.07783921544258662,
        0.05271833440258013,
        0.0025797871789432457,
        0.0755003775283783,
        0.009292799180614625,
        0.09038074435228838,
        -0.09959007570350034,
        0.02646636393636858,
        0.15763776616030095,
        -0.157745349478967,
        0.1166251743545744,
        0.024170501654482125,
        0.01106317022598887,
        0.09161423750558464,
        0.10544551574027203,
        -0.01341987349760989,
        0.011734724136454858,
        0.016772286582169702,
        0.014647547862514498,
        0.0793769136608164,
        0.05213336799186849,
        -0.04384694745490969,
        0.07299764817066101,
        -0.03574679132791335,
        0.12623449146834603,
        0.02195655166360307,
        0.014607405400707311,
        0.060477928262419475,
        0.01668415580024622,
        0.09600962176895264,
        0.01596673346899591,
        0.044845982617777204,
        0.047041977781892286,
        0.0958438665704831,
        -0.06406602311184487,
        0.026588748493194505,
        -0.09224968329514965,
        0.031514233160821234,
        0.007574411888093055,
        0.09951123288187833,
        0.011154805949023796,
        0.066246210389411,
        0.01260995954856502,
        0.10092869912429578,
        0.01783051837570876,
        0.02983172011848896,
        0.09170118777032435,
        0.060356043600097393,
        0.027447180069718226,
        0.04948977190104055,
        0.12375692220465197,
        0.06636772250650144,
        0.002899027684813471,
        0.07627419586264386,
        0.0217702442665263,
        0.011857617636172074,
        0.12037025840524454,
        0.17510241674665064,
        0.00899011183836091,
        0.10093742338538186,
        0.02866965704932389,
        0.08646324168854982,
        0.022583155959794186,
        -0.13760123633393948,
        -0.006747217189975593,
        0.059460355870439546,
        0.05494153981020325,
        0.009335788808208411,
        0.048029453753145254,
        0.013032637796652168,
        -0.01805638046993541,
        0.07067082755554194,
        -0.023163353862530836,
        0.07069043411535784,
        0.07994726580102159,
        -0.09396775054372133,
        0.017859760652710374,
        0.011642121733331911,
        0.13737256545660986,
        -0.06327730379351937,
        0.009804366827312758,
        0.05279257045706963,
        0.02655871819989523,
        0.11523099736233985,
        -0.03061680750106176,
        0.1182054263345819,
        0.0501768025934186,
        0.02861335694445391,
        0.011068731721340644,
        0.015105427554739877,
        0.03749247386529959,
        0.021716977965807023,
        -0.047657134530378495,
        0.0593984697812213,
        -0.10076901073868887,
        0.05676930333504215,
        0.05701428517008004,
        0.06086005060769346,
        0.07369252494331921,
        -0.07955873690892482,
        0.06902600828697496,
        -0.010660744764466806,
        0.019147337525625127,
        0.048696985079676264,
        0.015425942981698209,
        0.08906789167845382,
        0.024653467695819418,
        0.020882897415058832,
        0.002924615582130459,
        -0.027172153256659004,
        0.11577351803012784,
        0.12946709507007964,
        0.05645252111277142,
        -0.010880611121920153,
        0.0722257360750296,
        0.030981757614741697,
        -0.012194391912940587,
        0.11158102985534557,
        0.18015502620350346,
        0.06775175331636535,
        0.1093728011574321,
        0.11837184321027887,
        0.04800919033474144,
        -0.03989030928395951,
        0.1565623644711478,
        0.011373324266501646,
        0.046215744674733605,
        0.015506997252683698,
        0.01706374815305305,
        0.10913593766043478,
        0.09319561695187242,
        0.08971023643439963,
        0.01199309053940819,
        0.009368664773057915,
        -0.0629297232401805,
        0.04176496957439295,
        0.05191255718890088,
        0.058482130220678004,
        0.04742397493088796,
        0.07489712671866158,
        0.08783550370188414,
        0.01625962462612955,
        0.0362352343511446,
        0.14415332426936658,
        0.11555396099313481,
