{
    "Calculated Minimum Energy [norm, row]": [
        0.0001724813191439368,
        -7.375090223016623
    ],
    "Corresponding loss function": 0.00017256968615331954,
    "Solution for Minimum Energy": [
        1.0,
        1.0,
        1.0,
        1.0,
        -1.0,
        1.0,
        1.0,
        -1.0,
        1.0,
        1.0,
        -1.0,
        1.0,
        1.0,
        1.0,
        1.0,
        1.0,
        1.0,
        -1.0,
        1.0,
        1.0,
        1.0,
        1.0,
        1.0,
        1.0,
        1.0,
        1.0,
        1.0,
        1.0,
        1.0,
        1.0,
        1.0,
        1.0,
        1.0,
        1.0,
        1.0,
        1.0,
        -1.0,
        -1.0,
        1.0,
        1.0,
        -1.0,
        1.0,
        -1.0,
        1.0,
        1.0,
        1.0,
        1.0,
        1.0,
        -1.0,
        1.0,
        1.0,
        1.0,
        1.0,
        1.0,
        -1.0,
        -1.0,
        1.0,
        1.0,
        1.0,
        1.0,
        1.0,
        -1.0,
        1.0,
        -1.0,
        -1.0,
        1.0,
        -1.0,
        1.0,
        1.0,
        1.0,
        -1.0,
        1.0,
        -1.0,
        1.0,
        1.0,
        -1.0,
        -1.0,
        1.0,
        1.0,
        1.0,
        1.0,
        1.0,
        1.0,
        1.0,
        -1.0,
        1.0,
        1.0,
        1.0,
        -1.0,
        1.0,
        1.0,
        1.0,
        1.0,
        1.0,
        1.0,
        1.0,
        1.0,
        1.0,
        -1.0,
        1.0,
        1.0,
        1.0,
        1.0,
        1.0,
        1.0,
        1.0,
        1.0,
        1.0,
        1.0,
        1.0,
        1.0,
        1.0,
        1.0,
        1.0,
        1.0,
        1.0,
        -1.0,
        1.0,
        1.0,
        1.0,
        1.0,
        -1.0,
        1.0,
        1.0,
        -1.0,
        1.0,
        1.0,
        1.0,
        1.0,
        1.0,
        1.0,
        1.0,
        1.0,
        1.0,
        1.0,
        1.0,
        1.0,
        1.0,
        1.0,
        1.0,
        1.0,
        1.0,
        -1.0,
        1.0,
        1.0,
        1.0,
        1.0,
        -1.0,
        1.0,
        1.0,
        -1.0,
        1.0,
        1.0,
        1.0,
        1.0,
        -1.0,
        -1.0,
        1.0,
        1.0,
        -1.0,
        1.0,
        -1.0,
        1.0,
        1.0,
        1.0,
        -1.0,
        1.0,
        1.0,
        -1.0,
        1.0,
        1.0,
        1.0,
        -1.0,
        1.0,
        1.0,
        -1.0,
        1.0,
        1.0,
        1.0,
        1.0,
        1.0,
        -1.0,
        1.0,
        1.0,
        1.0,
        1.0,
        1.0,
        -1.0,
        1.0,
        1.0,
        1.0,
        1.0,
        1.0,
        -1.0,
        -1.0,
        1.0,
        -1.0,
        -1.0,
        1.0,
        1.0,
        -1.0,
        1.0,
        -1.0,
        1.0,
        -1.0,
        1.0,
        -1.0,
        -1.0,
        1.0,
        -1.0
    ],
    "Corresponding exp value": [
        0.10262241335203731,
        0.015638164510018746,
        0.04124576355350507,
        0.07968049765777437,
        -0.021304846110975887,
        0.05417401681116251,
        0.050527304853750864,
        -0.0491263931967228,
        0.10305689238148955,
        0.0409341911672458,
        -0.019353880671167466,
        0.008576852720403044,
        0.10499555686902914,
        0.06352686669587974,
        0.08605809894510871,
        0.12189371237414087,
        0.08487682826404871,
        -0.0644846144618956,
        0.051929921559136345,
        0.07794601785848938,
        0.05668315036956182,
        0.033798015837748364,
        0.07151753802744136,
        0.014380693767833536,
        0.029142786616523343,
        0.022905219145785798,
        0.08310649233380168,
        0.05879507369547551,
        0.03493354644060754,
        0.01264608865958326,
        0.17302893133797131,
        0.01885163570910758,
        0.027032484087683606,
        0.09765468202563171,
        0.031479118283829745,
        0.03135425529686165,
        -0.008462166496816168,
        -0.05137044683544468,
        0.06662613751618704,
        0.02800503259155651,
        -0.0697975420829879,
        0.07125748512232769,
        -0.05740731816842785,
        0.014567837890657413,
        0.015421280832022401,
        0.0615433611703825,
        0.09268519785072288,
        0.0457022697537093,
        -0.06933038564905286,
        0.042378602927058466,
        0.061909163364567664,
        0.04529190879817214,
        0.15622667172528149,
        0.09471683053354243,
        -0.03339503093534075,
        -0.051202633678498304,
        0.0753111421090111,
        0.02453059148046662,
        0.11403777222493225,
        0.13163822389574276,
        0.01966674117998674,
        -0.05813692026706635,
        0.11889701660103145,
        -0.10099338130619377,
        -0.01965394742696159,
        0.03132659104755894,
        -0.10220509579190261,
        0.024197444131278455,
        0.18528866775679023,
        0.03263117110420666,
        -0.039716751448615834,
        0.05639333591325455,
        -0.05330767773464773,
        0.010653686681619883,
        0.09809697949806077,
        -0.03722729162243109,
        -0.0689634687328184,
        0.12210854148340583,
        0.08958205830023705,
        0.06332574500999277,
        0.0854590461148533,
        0.023340363996802536,
        0.02712687265256699,
        0.049579433100867154,
        -0.032044441224513324,
        0.03336539826008079,
        0.02038730814776671,
        0.0987528477466423,
        -0.1288503755808249,
        0.03395203570358926,
        0.027209236690133958,
        0.03733420118948187,
        0.06937522099999435,
        0.011812555371973815,
        0.014466135548808844,
        0.010095042739560679,
        0.030206292079083246,
        0.07942527006186373,
        -0.05416558198995999,
        0.036545001448187515,
        0.08256807197522766,
        0.05328659034611903,
        0.019581067386248922,
        0.01883749895352923,
        0.021097163369876784,
        0.012219591093028948,
        0.010006971438866415,
        0.06161668268202758,
        0.07331597102362354,
        0.09447052256817678,
        0.09038318677577552,
        0.04183367103886332,
        0.009346588004663625,
        0.08292721856381996,
        0.010120391193934998,
        0.011430664530639041,
        -0.06502207494439573,
        0.04755048963362432,
        0.03651953005024441,
        0.04520970759883401,
        0.026921305246994306,
        -0.03260712214345046,
        0.030609424407189993,
        0.025167271118171314,
        -0.012167255054165244,
        0.013558585098468188,
        0.038756065435889914,
        0.01705056017364244,
        0.03795108487274155,
        0.10163936283544824,
        0.05904908869662666,
        0.04243111995052331,
        0.033933818229233755,
        0.01067846988840153,
        0.0424980514417996,
        0.0535511624682754,
        0.01987183936675584,
        0.031962810803606544,
        0.01750692456541827,
        0.05328260725740215,
        0.013676929889605333,
        0.01047069173797017,
        -0.06824340429284909,
        0.022162790034293032,
        0.013387362107756718,
        0.030940238658199275,
        0.005264261449862119,
        -0.07972910643309429,
        0.08023568745012341,
        0.035180020298341996,
        -0.13567116720305977,
        0.042919735175662735,
        0.10424075332867752,
        0.014138882697902961,
        0.04552669215012852,
        -0.021578081431873092,
        -0.06516071418946955,
        0.023452288191826702,
        0.009766906566431408,
        -0.042792915220861566,
        0.00848885808229657,
        -0.01599445124870152,
        0.046495283577924845,
        0.13685267109773333,
        0.049547183109898016,
        -0.0402221391525458,
        0.07929432289965929,
        0.032052219400406694,
