{
    "Calculated Minimum Energy [norm, row]": [
        4.7377193273901295e-05,
        -7.379672977064957
    ],
    "Corresponding loss function": 5.292860091558886e-05,
    "Solution for Minimum Energy": [
        1.0,
        -1.0,
        1.0,
        1.0,
        1.0,
        1.0,
        1.0,
        1.0,
        1.0,
        1.0,
        1.0,
        1.0,
        1.0,
        1.0,
        1.0,
        1.0,
        1.0,
        1.0,
        1.0,
        1.0,
        1.0,
        -1.0,
        1.0,
        1.0,
        1.0,
        1.0,
        1.0,
        1.0,
        1.0,
        -1.0,
        1.0,
        1.0,
        1.0,
        1.0,
        1.0,
        1.0,
        1.0,
        1.0,
        1.0,
        1.0,
        1.0,
        1.0,
        1.0,
        -1.0,
        1.0,
        1.0,
        1.0,
        1.0,
        1.0,
        1.0,
        1.0,
        1.0,
        1.0,
        1.0,
        1.0,
        1.0,
        1.0,
        1.0,
        1.0,
        1.0,
        1.0,
        1.0,
        1.0,
        1.0,
        1.0,
        1.0,
        1.0,
        1.0,
        1.0,
        1.0,
        -1.0,
        1.0,
        1.0,
        1.0,
        -1.0,
        1.0,
        1.0,
        -1.0,
        -1.0,
        -1.0,
        1.0,
        1.0,
        1.0,
        1.0,
        1.0,
        -1.0,
        1.0,
        1.0,
        1.0,
        1.0,
        1.0,
        1.0,
        1.0,
        1.0,
        1.0,
        -1.0,
        1.0,
        -1.0,
        1.0,
        1.0,
        1.0,
        1.0,
        1.0,
        1.0,
        1.0,
        1.0,
        1.0,
        1.0,
        1.0,
        1.0,
        1.0,
        1.0,
        1.0,
        -1.0,
        1.0,
        -1.0,
        1.0,
        1.0,
        1.0,
        1.0,
        1.0,
        1.0,
        1.0,
        -1.0,
        1.0,
        1.0,
        1.0,
        1.0,
        1.0,
        1.0,
        1.0,
        1.0,
        1.0,
        -1.0,
        1.0,
        1.0,
        1.0,
        1.0,
        1.0,
        -1.0,
        1.0,
        1.0,
        1.0,
        1.0,
        1.0,
        1.0,
        1.0,
        1.0,
        1.0,
        -1.0,
        1.0,
        1.0,
        -1.0,
        -1.0,
        1.0,
        1.0,
        1.0,
        1.0,
        1.0,
        1.0,
        1.0,
        -1.0,
        -1.0,
        1.0,
        1.0,
        1.0,
        1.0,
        1.0,
        1.0,
        1.0,
        1.0,
        -1.0,
        1.0,
        -1.0,
        1.0,
        1.0,
        1.0,
        -1.0,
        1.0,
        1.0,
        1.0,
        1.0,
        1.0,
        1.0,
        1.0,
        -1.0,
        1.0,
        1.0,
        1.0,
        -1.0,
        1.0,
        1.0,
        1.0,
        -1.0,
        1.0,
        1.0,
        -1.0,
        1.0,
        1.0,
        1.0,
        1.0,
        1.0,
        1.0,
        1.0,
        1.0,
        1.0,
        1.0,
        1.0,
        1.0,
        -1.0
    ],
    "Corresponding exp value": [
        0.11546779234144293,
        -0.135115205591808,
        0.10318241336750127,
        0.05053008564443406,
        0.03946067270402474,
        0.06584805071641736,
        0.019197342138217874,
        0.0502677317168473,
        0.07790226285237008,
        0.1311871707435777,
        0.05490535511708906,
        0.2195498460251955,
        0.12288092393479917,
        0.04216312058144804,
        0.06466059321198396,
        0.11075455782448144,
        0.11846264208842876,
        0.18711016444816003,
        0.07618992305916795,
        -0.04475230217423217,
        0.1738815586183325,
        -0.11465308312119811,
        0.18892898214381493,
        0.03839792826997421,
        0.11560167630920087,
        0.0868432300337781,
        0.14643141366385645,
        0.06322430451077066,
        0.09369360438681047,
        -0.09362534660862852,
        0.11463365622370189,
        0.12469799505612963,
        0.18925013496213855,
        0.08223991672858172,
        0.1426778312596247,
        0.08219038272359493,
        0.057231968451360325,
        0.07455704922023246,
        0.07414583139865841,
        0.119422203471294,
        0.02824343467205658,
        0.14014858910159683,
        0.04982157312097231,
        -0.11784448215948816,
        0.16453313340211068,
        0.049751848848436676,
        0.00325671079728684,
        0.09446544842710279,
        0.13222071737784244,
        0.05689864420362468,
        0.0895585947545912,
        0.09421047775732816,
        0.1121138916743325,
        0.055147599796608236,
        0.03782953078023733,
        0.17192103218051724,
        0.018310328834177082,
        0.133115262980875,
        0.069086543155458,
        0.24295614529696302,
        0.09406870045096527,
        0.03663789092887959,
        0.12928207484054177,
        0.05715295374575973,
        0.20564040704762693,
        0.049790300043620776,
        0.044488684867574915,
        0.03784948049307361,
        0.058989792210329926,
        0.10300257775280591,
        -0.05893684031983356,
        0.04796500867115682,
        0.13164772471012076,
        0.05481158752838655,
        -0.16923609940452092,
        0.049525866973679986,
        0.012347805318104248,
        -0.146810418728538,
        -0.15985135360639774,
        -0.15923402742124904,
        0.04962105891941306,
        0.11314232325295737,
        0.05579182131493947,
        0.11394822638282591,
        0.06210572875065183,
        -0.1039100611127915,
        0.07175371059709822,
        0.08077804381574674,
        0.0715016065928823,
        0.035628960170693814,
        0.10991738968233494,
        0.031092311987191642,
        0.09309127417903991,
        0.09535023861132393,
        0.06137773873862953,
        -0.13373448622317718,
        0.018954060840836364,
        -0.09442348031105108,
        0.07753288887029659,
        0.05241926189622832,
        0.09063971213843497,
        0.07573940484796339,
        0.10705225743210094,
        0.00905236359049219,
        0.1140705331302477,
        0.09099568744017927,
        0.005459599019947454,
        0.06393788494219439,
        0.04943851348975249,
        0.06651264553298039,
        0.11388117659852603,
        0.09453488209192927,
        0.03874993256097773,
        -0.13271973389455535,
        0.13117974274113436,
        -0.13053352275836808,
        0.04262752800183952,
        0.08777556372821987,
        0.09041600995696163,
        0.05455098590426993,
        0.10839108768163173,
        0.2272897776025138,
        0.13108427511091156,
        -0.1385869338775725,
        0.039841360949351416,
        0.10518966779527973,
        0.040958941761166504,
        0.038683171510522404,
        0.03978149579523031,
        0.1402738243072858,
        0.06862309034924674,
        0.09934313653713306,
        0.11117401469874924,
        -0.14431058879651537,
        0.06667375057462104,
        0.09472681161210941,
        0.10052379951206947,
        0.03648049097494131,
        0.03440245080096623,
        -0.11708028092201518,
        0.08807236291663942,
        0.04493582454337717,
        0.01656265965414141,
        0.06861900943113437,
        0.031172303211964382,
        0.07725413706154874,
        0.0763676901467855,
        0.012268485174168824,
        0.011820177503430472,
        -0.12149470959865909,
        0.059460735531464894,
        0.10418296230666617,
        -0.11706512434750684,
        -0.12283656840245567,
        0.1108691981418828,
        0.030341366075513375,
        0.11164112287171253,
        0.10870595366444964,
        0.12183045443196405,
        0.00484173988341491,
        0.0826724076374925,
        -0.11767855922364208,
        -0.09770354717661385,
        0.03686964913132761,
        0.04238489547836568,
        0.03735070208246215,
        0.12070781672727014,
        0.2232714343526355,
        0.07170956381547545,
        0.02397405742548368,
        0.06187151426320481,
