{
    "Calculated Minimum Energy [norm, row]": [
        0.0001839495740688815,
        -7.374670123429027
    ],
    "Corresponding loss function": -0.002438099096507655,
    "Solution for Minimum Energy": [
        1.0,
        1.0,
        1.0,
        1.0,
        1.0,
        1.0,
        1.0,
        1.0,
        1.0,
        1.0,
        1.0,
        1.0,
        1.0,
        1.0,
        1.0,
        1.0,
        -1.0,
        -1.0,
        1.0,
        1.0,
        1.0,
        1.0,
        1.0,
        1.0,
        1.0,
        1.0,
        -1.0,
        1.0,
        1.0,
        1.0,
        1.0,
        1.0,
        1.0,
        1.0,
        -1.0,
        1.0,
        1.0,
        1.0,
        1.0,
        1.0,
        1.0,
        1.0,
        -1.0,
        1.0,
        1.0,
        1.0,
        1.0,
        1.0,
        1.0,
        1.0,
        1.0,
        1.0,
        1.0,
        1.0,
        1.0,
        -1.0,
        -1.0,
        1.0,
        -1.0,
        1.0,
        1.0,
        1.0,
        1.0,
        1.0,
        1.0,
        1.0,
        -1.0,
        1.0,
        -1.0,
        1.0,
        1.0,
        1.0,
        1.0,
        -1.0,
        1.0,
        1.0,
        1.0,
        1.0,
        -1.0,
        1.0,
        -1.0,
        1.0,
        1.0,
        1.0,
        1.0,
        1.0,
        1.0,
        1.0,
        1.0,
        1.0,
        1.0,
        1.0,
        -1.0,
        1.0,
        1.0,
        1.0,
        -1.0,
        1.0,
        1.0,
        1.0,
        1.0,
        1.0,
        1.0,
        -1.0,
        1.0,
        1.0,
        -1.0,
        1.0,
        1.0,
        1.0,
        -1.0,
        1.0,
        1.0,
        1.0,
        -1.0,
        1.0,
        1.0,
        1.0,
        1.0,
        1.0,
        -1.0,
        1.0,
        1.0,
        1.0,
        1.0,
        1.0,
        -1.0,
        1.0,
        1.0,
        1.0,
        1.0,
        1.0,
        1.0,
        1.0,
        1.0,
        1.0,
        1.0,
        1.0,
        1.0,
        1.0,
        1.0,
        1.0,
        1.0,
        1.0,
        1.0,
        1.0,
        1.0,
        -1.0,
        -1.0,
        1.0,
        1.0,
        1.0,
        -1.0,
        1.0,
        1.0,
        -1.0,
        -1.0,
        1.0,
        1.0,
        1.0,
        1.0,
        1.0,
        1.0,
        1.0,
        -1.0,
        1.0,
        1.0,
        1.0,
        1.0,
        1.0,
        1.0,
        1.0,
        1.0,
        1.0,
        -1.0,
        1.0,
        -1.0,
        -1.0,
        1.0,
        1.0,
        -1.0,
        1.0,
        1.0,
        1.0,
        -1.0,
        1.0,
        -1.0,
        1.0,
        1.0,
        1.0,
        1.0,
        1.0,
        1.0,
        1.0,
        1.0,
        1.0,
        1.0,
        -1.0,
        -1.0,
        -1.0,
        1.0,
        1.0,
        1.0,
        1.0,
        1.0,
        1.0,
        1.0,
        1.0,
        1.0,
        1.0
    ],
    "Corresponding exp value": [
        0.03279768025342625,
        0.019673307800847615,
        0.12670256602951718,
        0.11086897119150942,
        0.13166871193222893,
        0.00653794307810118,
        0.06077066944767635,
        0.08014432239388523,
        0.016358045237506225,
        0.057248132626067726,
        0.07760973050399807,
        0.08875912604007206,
        0.04133769360920452,
        0.00798533120569854,
        0.04759922185209539,
        0.036920475145752814,
        -0.014326944004364338,
        -0.0032202319828760467,
        0.08336961295179342,
        0.08346216713829464,
        0.055888322894559334,
        0.0480578313250002,
        0.13797656737922914,
        0.0900677395523704,
        0.01910888916860355,
        0.13343265181780206,
        -0.05433418298823458,
        0.05312588079373215,
        0.12241736551583697,
        0.02555194051560731,
        0.12905322821502718,
        0.04415685543881886,
        0.02559620747273468,
        0.08601786354035591,
        -0.008221367675148835,
        0.10729355686403631,
        0.13414020346825933,
        0.06745826532790142,
        0.09552692244573614,
        0.06060271836010806,
        0.0992595853865376,
        0.03412810925862392,
        -0.02097463630960609,
        0.03741458500753424,
        0.01063223367947102,
        0.07736011270920304,
        0.09638821053120515,
        0.0786218809618584,
        0.08421780974590594,
        0.021098570173553065,
        0.00438926091582628,
        0.038897990301962476,
        0.09313353411953344,
        0.08065791073274874,
        0.13900731303092662,
        -0.04572936400451299,
        -0.04956471115266689,
        0.1059510987915624,
        -0.023336804639989155,
        0.009510293214989094,
        0.08253704500634403,
        0.024579222156812557,
        0.2150227754500206,
        0.04180150381619313,
        0.1274256215978079,
        0.11620274521232955,
        -0.01592715552931307,
        0.023434073692825012,
        -0.030453486772183923,
        0.058403739064083054,
        0.14116735536395672,
        0.0596118215006127,
        0.0574628912893246,
        -0.11544168142142323,
        0.11413392481977601,
        0.10040141821440496,
        0.0095281841539348,
        0.0523671943304616,
        -0.13166618300794705,
        0.03387405451546707,
        -0.03977828499901684,
        0.010893451743354736,
        0.043708687003693285,
        0.03596356869193511,
        0.10115021025688929,
        0.06354750800845572,
        0.007446280471788683,
        0.045863508206953056,
        0.050809495575277454,
        0.042358510545616894,
        0.013772765387597845,
        0.014916533035240393,
        -0.056832784025103444,
        0.07906413127381487,
        0.020079146285726386,
        0.05756953116849534,
        -0.04548888710159941,
        0.06804077137346916,
        0.09530258853696393,
        0.016678628274171665,
        0.006299612700836376,
        0.01792747367493997,
        0.03428225831671891,
        -0.08881795317381477,
        0.09618119237362216,
        0.13413098029151793,
        -0.07750954282032517,
        0.03301812050071158,
        0.044151320801961144,
        0.004191309850683192,
        -0.03506278515117132,
        0.05805785755029431,
        0.032268878065075064,
        0.019537178499165683,
        -0.04009486783423653,
        0.0029503097088133933,
        0.0779823965263897,
        0.0015273219067957122,
        0.01678107680441017,
        0.03173721666324844,
        -0.05134913850973074,
        0.03547049474696075,
        0.04621042299845856,
        0.06021323163119241,
        0.043639194157638235,
        0.1149399089499867,
        -0.2819736739085632,
        0.10961676286387899,
        0.07843081262277363,
        0.0067004822259384145,
        0.09593084967239039,
        0.05317815925458375,
        0.07081557191412743,
        0.02836772585722124,
        0.06703044603836007,
        0.08464286369382829,
        0.005078486388386367,
        0.06149270191509287,
        0.022037477294576047,
        0.0372568023501846,
        0.0892690840073624,
        0.08419564369880124,
        0.05511684092801462,
        0.02981495084394318,
        0.04975911318061426,
        0.11280285027104199,
        0.04379684719916092,
        -0.09039112299723852,
        -0.08701510634671512,
        0.03804449510881224,
        0.05285250331050473,
        0.08742752846158633,
        -0.03539071700340904,
        0.028371482920696488,
        0.03480393582888882,
        -0.021565052023849174,
        -0.08359957728695562,
        0.10838230181587849,
        0.048945186195038855,
        0.047008614035266495,
        0.03474779240702084,
        0.08289041952037203,
        0.10088086716848324,
        0.058694408272769553,
        -0.07193338442164535,
        0.029839688784193394,
        0.05384783885978336,
        0.00518013254477117,
        0.06873125191213537,
