{
    "Calculated Minimum Energy [norm, row]": [
        0.00010340998746045655,
        -7.377620410751799
    ],
    "Corresponding loss function": 0.002699634613569525,
    "Solution for Minimum Energy": [
        -1.0,
        1.0,
        1.0,
        1.0,
        1.0,
        -1.0,
        1.0,
        1.0,
        1.0,
        1.0,
        1.0,
        -1.0,
        1.0,
        1.0,
        -1.0,
        1.0,
        1.0,
        -1.0,
        1.0,
        -1.0,
        1.0,
        1.0,
        1.0,
        1.0,
        1.0,
        1.0,
        1.0,
        1.0,
        1.0,
        1.0,
        -1.0,
        -1.0,
        1.0,
        1.0,
        1.0,
        1.0,
        1.0,
        -1.0,
        1.0,
        -1.0,
        -1.0,
        1.0,
        1.0,
        -1.0,
        1.0,
        1.0,
        -1.0,
        1.0,
        1.0,
        1.0,
        -1.0,
        1.0,
        1.0,
        1.0,
        1.0,
        -1.0,
        1.0,
        1.0,
        1.0,
        1.0,
        1.0,
        -1.0,
        1.0,
        1.0,
        1.0,
        1.0,
        1.0,
        1.0,
        1.0,
        -1.0,
        -1.0,
        1.0,
        -1.0,
        1.0,
        1.0,
        1.0,
        1.0,
        1.0,
        1.0,
        1.0,
        1.0,
        1.0,
        1.0,
        1.0,
        1.0,
        1.0,
        -1.0,
        1.0,
        -1.0,
        1.0,
        1.0,
        1.0,
        1.0,
        1.0,
        -1.0,
        1.0,
        1.0,
        1.0,
        1.0,
        1.0,
        1.0,
        1.0,
        1.0,
        1.0,
        1.0,
        1.0,
        1.0,
        1.0,
        1.0,
        1.0,
        1.0,
        -1.0,
        1.0,
        1.0,
        1.0,
        -1.0,
        1.0,
        1.0,
        1.0,
        1.0,
        1.0,
        1.0,
        1.0,
        1.0,
        1.0,
        1.0,
        1.0,
        1.0,
        1.0,
        1.0,
        -1.0,
        1.0,
        1.0,
        1.0,
        1.0,
        -1.0,
        1.0,
        1.0,
        1.0,
        1.0,
        1.0,
        1.0,
        1.0,
        1.0,
        1.0,
        1.0,
        1.0,
        1.0,
        1.0,
        1.0,
        1.0,
        1.0,
        1.0,
        1.0,
        1.0,
        1.0,
        1.0,
        1.0,
        1.0,
        -1.0,
        1.0,
        1.0,
        1.0,
        1.0,
        1.0,
        1.0,
        1.0,
        1.0,
        1.0,
        -1.0,
        1.0,
        1.0,
        1.0,
        1.0,
        1.0,
        1.0,
        1.0,
        1.0,
        1.0,
        1.0,
        1.0,
        1.0,
        1.0,
        1.0,
        1.0,
        1.0,
        1.0,
        1.0,
        1.0,
        1.0,
        1.0,
        1.0,
        1.0,
        1.0,
        1.0,
        1.0,
        1.0,
        1.0,
        1.0,
        1.0,
        -1.0,
        -1.0,
        -1.0,
        1.0,
        1.0,
        1.0,
        1.0,
        1.0,
        1.0,
        1.0
    ],
    "Corresponding exp value": [
        -0.04013730105450479,
        0.03656788915599406,
        0.03381008506770325,
        0.06188802655550629,
        0.03213786176522039,
        -0.045202771778620046,
        0.022155974206972986,
        0.16098608496453712,
        0.02223962189297372,
        0.10346681733782864,
        0.060194895134563664,
        -0.08840202618533036,
        0.01504865104765124,
        0.04300425236733055,
        -0.02755486741144734,
        0.00015648043355683157,
        0.15789059242432804,
        -0.03203420240564059,
        0.08559000839138878,
        -0.008457702336612614,
        0.00640861298684512,
        0.0006061254471594274,
        0.03508269127271719,
        0.08872866621588535,
        0.03163322589550377,
        0.002117217920895265,
        0.09610566393969203,
        0.013701676863611845,
        0.020397225065914733,
        0.09188461645706988,
        -0.04321341181638176,
        -0.12058335235136358,
        0.04981546659052928,
        0.10833450209277234,
        0.13140482358210062,
        0.08993860233220119,
        0.044709883020527946,
        -0.04591449527934992,
        0.04039007537028294,
        -0.0514827627138201,
        -0.021777973077538867,
        0.03804044321673604,
        0.07235634280135159,
        -0.04969106297194206,
        0.03387376991755227,
        0.03850932915550909,
        -0.08233347398907956,
        0.02007890359460861,
        0.06966934693134616,
        0.025412521521395528,
        -0.00038593746062826496,
        0.04451823121043469,
        0.052222157555734686,
        0.07611159094177829,
        0.05682919567857875,
        -0.01225544488463725,
        0.08100228449318525,
        0.020578993578661355,
        0.0030366231515798056,
        0.0636032488361658,
        0.005846921173858341,
        -0.06123037548270864,
        0.048510369188820734,
        0.036862733070482975,
        0.03733380365390872,
        0.04111913952944614,
        0.1134904557007301,
        0.01998725582776658,
        0.07721123191940034,
        -0.02564572909103356,
        -0.045212681104274795,
        0.042605618316382765,
        -0.01971022465576827,
        0.0027498097408274248,
        0.052668570380273345,
        0.06148869026785291,
        0.0920496597012362,
        0.12284202058720187,
        0.13854687804550322,
        0.015615542280922552,
        0.1461159790962239,
        0.0802856547547017,
        0.04190945728805932,
        0.14712575666938751,
        0.038700667646793106,
        0.19273333006585508,
        -0.019390542225579288,
        0.05302295907572095,
        -0.06648382780214163,
        0.09707896521723929,
        0.03154109095267095,
        0.015833791015685748,
        0.05537777968511354,
        0.04450819715331426,
        -0.01658814114660084,
        0.09545113138142386,
        0.03859794388692389,
        0.07835952117128178,
        0.03755216250451084,
        0.10576386261780861,
        0.0407605844907366,
        0.1179812835323106,
        0.05713515808477151,
        0.02345857941908794,
        0.0845565690870994,
        0.10730095700237124,
        0.06501863207315058,
        0.0711226923707939,
        0.10282328333622275,
        0.07236083030073268,
        0.02000296515198439,
        -0.0016623546203074682,
        0.011791347744907288,
        0.11439962204395158,
        0.0007167626740516276,
        -0.00018076802845546757,
        0.11342133204792341,
        0.025153196815985823,
        0.05722661661397279,
        0.10079027499462567,
        0.11514103412508579,
        0.12109906366721941,
        0.06849916709323622,
        0.10429252808717324,
        0.07389243019373205,
        0.04052141212664198,
        0.12115836400604549,
        0.01767246904368969,
        0.0014687617665820234,
        0.054580864136180046,
        -0.04053976358501324,
        0.050189771824852604,
        0.03146569084800805,
        0.0997995846748864,
        0.06838939022647662,
        -0.061994736529380354,
        0.02787657479189678,
        0.020865789500690214,
        0.10306894594346779,
        0.03658402024278485,
        0.016733261670776278,
        0.05864442701818152,
        0.11389921460419669,
        0.13705529116153536,
        0.05112308969094568,
        0.02862168240527468,
        0.07746073808945826,
        0.12204273417517869,
        0.0007081567962564019,
        0.06745142479039075,
        0.022093022168209638,
        0.06757544521690775,
        0.0006609371712274657,
        0.15925721538770887,
        0.07567165430384008,
        0.11960831014754125,
        0.07218549082291846,
        0.14708878344860507,
        0.03943654871865621,
        -0.00014348506498255628,
        0.07587844152652994,
        0.03743639561711165,
        0.08082570272673043,
        0.03195134227503864,
        0.09509206442137516,
        0.03549907040421195,
        0.05094612938946734,
        0.033845436492093504,
        0.0258619837654328,
