{
    "Calculated Minimum Energy [norm, row]": [
        0.00019512797780412027,
        -7.374260641530526
    ],
    "Corresponding loss function": 0.005424556108881418,
    "Solution for Minimum Energy": [
        -1.0,
        1.0,
        -1.0,
        1.0,
        1.0,
        1.0,
        1.0,
        -1.0,
        1.0,
        1.0,
        1.0,
        1.0,
        1.0,
        1.0,
        1.0,
        -1.0,
        -1.0,
        1.0,
        1.0,
        1.0,
        -1.0,
        1.0,
        1.0,
        1.0,
        1.0,
        1.0,
        1.0,
        -1.0,
        1.0,
        1.0,
        -1.0,
        -1.0,
        -1.0,
        1.0,
        -1.0,
        1.0,
        1.0,
        1.0,
        -1.0,
        1.0,
        1.0,
        1.0,
        -1.0,
        -1.0,
        1.0,
        1.0,
        -1.0,
        1.0,
        1.0,
        -1.0,
        1.0,
        1.0,
        1.0,
        1.0,
        1.0,
        -1.0,
        1.0,
        1.0,
        1.0,
        1.0,
        -1.0,
        -1.0,
        1.0,
        -1.0,
        -1.0,
        1.0,
        1.0,
        1.0,
        1.0,
        1.0,
        -1.0,
        1.0,
        -1.0,
        1.0,
        1.0,
        1.0,
        1.0,
        1.0,
        1.0,
        1.0,
        1.0,
        1.0,
        1.0,
        1.0,
        1.0,
        1.0,
        1.0,
        1.0,
        1.0,
        1.0,
        1.0,
        1.0,
        1.0,
        1.0,
        1.0,
        1.0,
        1.0,
        1.0,
        1.0,
        1.0,
        1.0,
        1.0,
        1.0,
        1.0,
        1.0,
        1.0,
        1.0,
        1.0,
        1.0,
        1.0,
        1.0,
        -1.0,
        1.0,
        1.0,
        1.0,
        -1.0,
        1.0,
        1.0,
        1.0,
        1.0,
        1.0,
        1.0,
        1.0,
        1.0,
        1.0,
        1.0,
        1.0,
        1.0,
        -1.0,
        1.0,
        1.0,
        1.0,
        1.0,
        1.0,
        1.0,
        1.0,
        1.0,
        1.0,
        1.0,
        1.0,
        1.0,
        1.0,
        1.0,
        1.0,
        1.0,
        1.0,
        1.0,
        -1.0,
        1.0,
        -1.0,
        -1.0,
        1.0,
        1.0,
        1.0,
        1.0,
        1.0,
        1.0,
        1.0,
        1.0,
        1.0,
        1.0,
        1.0,
        1.0,
        1.0,
        1.0,
        -1.0,
        1.0,
        1.0,
        1.0,
        1.0,
        1.0,
        1.0,
        1.0,
        1.0,
        1.0,
        1.0,
        1.0,
        1.0,
        1.0,
        1.0,
        1.0,
        1.0,
        -1.0,
        1.0,
        1.0,
        1.0,
        -1.0,
        1.0,
        1.0,
        1.0,
        1.0,
        1.0,
        1.0,
        1.0,
        1.0,
        1.0,
        1.0,
        1.0,
        1.0,
        1.0,
        -1.0,
        1.0,
        1.0,
        1.0,
        1.0,
        1.0,
        -1.0,
        1.0,
        -1.0,
        -1.0
    ],
    "Corresponding exp value": [
        -0.09080646058475986,
        0.038512865781705076,
        -0.10914731184925358,
        0.007573759554151464,
        0.010906417094310753,
        0.029694623532605866,
        0.03742612492482584,
        -0.035293127339732756,
        0.11380192425054184,
        0.10811260712818521,
        0.13464256159033278,
        0.0624521338794032,
        0.03973411231309328,
        0.050294061821057355,
        0.08297265697820577,
        -0.0373213119652934,
        -0.08107506643037177,
        0.01121500534010634,
        0.0578664701295968,
        0.03670296510343978,
        -0.13068882058395317,
        0.04761281458398053,
        0.03279378190961454,
        0.06203153956238786,
        0.022696911355912622,
        0.007814113568896022,
        0.06524935373148315,
        -0.07348154555110992,
        0.0453132214498889,
        0.017363044992220383,
        -0.002059083988219545,
        -0.0843080805823822,
        -0.0024849256012043465,
        0.03833970124114417,
        -0.033226566384965926,
        0.10930352699407381,
        0.010362293744227995,
        0.04353493719294973,
        -0.05545205699166544,
        0.07792439031172504,
        0.021449254166568437,
        0.012999050316773028,
        -0.009757615929224027,
        -0.11323508041321878,
        0.10974133647559635,
        0.08115799581700855,
        -0.14257122515229195,
        0.0640373007853628,
        0.056768763379383226,
        -0.12842722654352418,
        0.15407495408785174,
        0.15670181378667966,
        0.07829828306994166,
        0.018818912771037023,
        0.019173122197229126,
        -0.12237344283337218,
        0.06117231338027373,
        0.055744527014081884,
        0.016681475380993734,
        0.0269509708584663,
        -0.05189905005340419,
        -0.12436377453511521,
        0.030177576220635046,
        -0.06412495515097215,
        -0.0010091643229496637,
        0.030085433876292474,
        0.06867249991374483,
        0.017318181561660886,
        4.2233525318973e-05,
        0.07581987895306322,
        -0.008882356861812128,
        0.050735650671453,
        -0.016906732690491092,
        0.009786996623836346,
        0.07275933167200795,
        0.17454321467097775,
        0.0062652461888134635,
        0.01430852642693844,
        0.05714958470339979,
        0.04210079749092876,
        0.11952442310084961,
        0.031504463950710083,
        0.17966082571849915,
        0.14812138567835362,
        0.11860424697130603,
        0.03739181434442408,
        0.03670011447926579,
        0.039288572530826286,
        0.00992369098402605,
        0.05563482458125009,
        0.04090082218412562,
        0.041845769073921284,
        0.019020334124263523,
        0.10467057974526763,
        0.052037705097970774,
        0.024643610397554777,
        0.0016093253680106133,
        0.14674131151355416,
        0.0036735810969347645,
        0.07002916254760078,
        0.06640905522922914,
        0.0840833382390228,
        0.08685805453630258,
        0.18968362150638185,
        0.14973260053624568,
        0.023807860138695437,
        0.022736994459555866,
        0.06438167494132482,
        0.03245030051641801,
        0.002710407187345445,
        0.05035129246917493,
        -0.024355868471789884,
        0.10886215474641538,
        0.06949265826231178,
        0.04119749205534389,
        -0.08417805586469967,
        0.039432476214435665,
        0.006149628080598431,
        0.020557855727239283,
        0.10105477993487504,
        0.04331677248373379,
        0.04791748788566949,
        0.17789392553676192,
        0.17397935668919606,
        0.13570839791279715,
        0.04306729486646009,
        0.03544385408903723,
        0.016503717633450092,
        -0.09188671292322702,
        0.07977052079513887,
        0.0006491074493621388,
        0.03154352069622575,
        0.03990611566582523,
        0.07949342402301664,
        0.003770195186177128,
        0.03620086241163064,
        0.12853919600926095,
        0.14373304470521125,
        0.037767601240855105,
        0.0062228242992735236,
        0.01566676020526657,
        0.002678141154859663,
        0.019612251072562824,
        0.0515964681606399,
        0.10831650548723226,
        0.047517415730197146,
        0.026523607777933448,
        -0.0811492625657522,
        0.028965117493824927,
        -0.07096628484644688,
        -0.07341439949576026,
        0.06922743455290378,
        0.0781509455129506,
        0.1158655718714955,
        0.06730452356883268,
        0.026381797103889704,
        0.018114964310833214,
        0.0341672223051573,
        0.05317329609875058,
        0.06625404528791427,
        0.03349144609046485,
        0.03218124119961941,
        0.06439725574551369,
        0.029336320577922213,
        0.001216158973912395,
        -0.17147131738302518,
        0.04051179246445406,
        0.021878210389168335,
        0.11180579368051852,
