{
    "Calculated Minimum Energy [norm, row]": [
        0.00013939083183928545,
        -7.3763023778005055
    ],
    "Corresponding loss function": -0.002513799134855317,
    "Solution for Minimum Energy": [
        1.0,
        1.0,
        1.0,
        -1.0,
        1.0,
        1.0,
        1.0,
        1.0,
        -1.0,
        1.0,
        1.0,
        1.0,
        1.0,
        1.0,
        1.0,
        1.0,
        -1.0,
        1.0,
        1.0,
        1.0,
        1.0,
        1.0,
        1.0,
        1.0,
        1.0,
        1.0,
        1.0,
        -1.0,
        1.0,
        1.0,
        1.0,
        1.0,
        1.0,
        1.0,
        1.0,
        -1.0,
        1.0,
        1.0,
        1.0,
        1.0,
        1.0,
        1.0,
        1.0,
        1.0,
        1.0,
        1.0,
        -1.0,
        1.0,
        1.0,
        1.0,
        1.0,
        1.0,
        1.0,
        1.0,
        -1.0,
        -1.0,
        1.0,
        1.0,
        1.0,
        1.0,
        1.0,
        1.0,
        1.0,
        1.0,
        1.0,
        1.0,
        1.0,
        1.0,
        1.0,
        1.0,
        -1.0,
        1.0,
        1.0,
        -1.0,
        1.0,
        -1.0,
        1.0,
        1.0,
        1.0,
        1.0,
        -1.0,
        1.0,
        1.0,
        1.0,
        1.0,
        1.0,
        1.0,
        1.0,
        -1.0,
        1.0,
        1.0,
        1.0,
        1.0,
        1.0,
        1.0,
        1.0,
        1.0,
        1.0,
        1.0,
        -1.0,
        1.0,
        1.0,
        1.0,
        1.0,
        -1.0,
        1.0,
        -1.0,
        -1.0,
        -1.0,
        -1.0,
        1.0,
        1.0,
        1.0,
        1.0,
        1.0,
        -1.0,
        -1.0,
        1.0,
        -1.0,
        1.0,
        1.0,
        1.0,
        1.0,
        1.0,
        -1.0,
        1.0,
        -1.0,
        1.0,
        1.0,
        1.0,
        -1.0,
        1.0,
        1.0,
        1.0,
        1.0,
        -1.0,
        1.0,
        -1.0,
        -1.0,
        1.0,
        1.0,
        -1.0,
        1.0,
        1.0,
        1.0,
        1.0,
        1.0,
        1.0,
        1.0,
        -1.0,
        1.0,
        1.0,
        1.0,
        1.0,
        1.0,
        1.0,
        1.0,
        1.0,
        1.0,
        1.0,
        1.0,
        1.0,
        -1.0,
        1.0,
        1.0,
        1.0,
        1.0,
        1.0,
        -1.0,
        1.0,
        -1.0,
        1.0,
        1.0,
        1.0,
        -1.0,
        -1.0,
        1.0,
        -1.0,
        1.0,
        1.0,
        1.0,
        -1.0,
        1.0,
        1.0,
        1.0,
        1.0,
        1.0,
        1.0,
        1.0,
        1.0,
        -1.0,
        1.0,
        1.0,
        1.0,
        1.0,
        1.0,
        1.0,
        1.0,
        1.0,
        1.0,
        1.0,
        -1.0,
        1.0,
        1.0,
        1.0,
        -1.0,
        1.0,
        1.0,
        1.0,
        1.0
    ],
    "Corresponding exp value": [
        0.1458325456711316,
        0.10011944126469981,
        0.07525594736788442,
        -0.09294255984605883,
        0.06023209611522107,
        0.05152113741500469,
        0.010004742297357292,
        0.023155073210879777,
        -0.033823722600394596,
        0.06834702853421105,
        0.01009087901688999,
        0.05368717872640921,
        0.016407080911246836,
        0.10908145892521161,
        0.06718625421041478,
        0.09671472383020287,
        -0.016064641678834906,
        0.18349825644904347,
        0.030545420952183867,
        0.04154415800218772,
        0.01316610394811489,
        0.06449828832447212,
        0.13909606135318925,
        0.08838431205581808,
        0.023276394960411895,
        0.060362889817134946,
        0.020693903107650298,
        -0.08558165589253718,
        0.1171774915878366,
        0.11213663218221927,
        0.1645221975733517,
        0.08430405006019041,
        0.11811968869811616,
        0.12067780437725016,
        0.026655202165462237,
        -0.016764257066939455,
        0.022697939098792017,
        0.01424238972968334,
        0.03445362658907535,
        0.10322083185642271,
        0.08072943369905215,
        0.013409068992459184,
        0.021633405514242678,
        0.07763205868830457,
        0.08001982594672162,
        0.08850966074666732,
        -0.045527475150262675,
        0.14201198750870683,
        0.09095887442429577,
        0.07079906562798459,
        0.18502841800012518,
        0.03619382563333155,
        0.09960836140434963,
        0.03311764332185294,
        -0.02282663142167523,
        -0.029933470609698247,
        0.024589699259798082,
        0.06043271570178036,
        0.0391432565582405,
        0.104875192790396,
        0.06859650228876893,
        0.03831134789330942,
        0.08709916706556732,
        0.01155171313860176,
        0.12310939909046906,
        0.11554721333357833,
        0.09502328067638023,
        0.07395988399908582,
        0.036828431279240126,
        0.01560071296626514,
        -0.025506018462251936,
        0.03213338528639874,
        0.05267918743310551,
        -0.10428534923196382,
        0.04846430635313515,
        -0.01589649493059824,
        0.029755665307814302,
        0.019138387103305343,
        0.04261182468070155,
        0.07578770946189795,
        -0.038187506127866436,
        0.05178468454317658,
        0.12135956433731063,
        0.11807208691368921,
        0.037578276543046796,
        0.08024245694701959,
        0.02258138628507957,
        0.02090751621818515,
        -0.11413444001930133,
        0.0563282219397597,
        0.013575214535739122,
        0.013147805990581306,
        0.018489725092300565,
        0.06624696584661266,
        0.059485923682070535,
        0.04702301217694127,
        0.002206229793120785,
        0.08842355083867373,
        0.06752689689357148,
        -0.1414631494897155,
        0.1209491445863447,
        0.04256166184253596,
        0.016036501780440415,
        0.09691575208792205,
        -0.1093649439074678,
        0.08298215647170909,
        -0.01909966302397824,
        -0.04803714958581535,
        -0.12796106956646547,
        -0.057846456739731336,
        0.06933894076128828,
        0.021450600870862962,
        0.08067219248416384,
        0.13158220762707026,
        0.013692558010103632,
        -0.030400336151096014,
        -0.08558071455811499,
        0.051358967746391336,
        -0.03201861545802174,
        0.02315335500004933,
        0.03009149637989974,
        0.03081674166230142,
        0.09449593974599763,
        0.015658140699150627,
        -0.07040290669391036,
        0.06387601465934468,
        -0.05244736886251067,
        0.04924334575443715,
        0.13314375962057765,
        0.05782805508667344,
        -0.03810852851015739,
        0.08088140650503296,
        0.006272370183950253,
        0.04330652580360585,
        0.014757043815412796,
        -0.08095644956539709,
        0.03788501223472291,
        -0.043556828687456896,
        -0.10059432336440964,
        0.07007879300577938,
        0.009919197375972948,
        -0.07512285676716132,
        0.06350639567989919,
        0.06610521234574523,
        0.025072448388958973,
        0.004465702847551376,
        0.15370143223554253,
        0.026118959256178423,
        0.016425382787579247,
        -0.029774382631955962,
        0.01292782027994699,
        0.0075790964014642165,
        0.03810185778226594,
        0.11844366861458479,
        0.05642649836043937,
        0.0538291503922627,
        0.03165793921951663,
        0.015516811350829544,
        0.043893757996437535,
        0.04135642862511349,
        0.03007738053569171,
        0.025588597108091533,
        -0.010232821524429015,
        0.031206991066027312,
        0.060697759562272136,
        0.17356716013221737,
        0.04190786554681366,
        0.03013403389400266,
        -0.09193066679613465,
