{
    "Calculated Minimum Energy [norm, row]": [
        7.645095528111951e-05,
        -7.378607961026419
    ],
    "Corresponding loss function": -0.0023377261443379054,
    "Solution for Minimum Energy": [
        -1.0,
        1.0,
        1.0,
        1.0,
        1.0,
        -1.0,
        1.0,
        1.0,
        1.0,
        -1.0,
        -1.0,
        1.0,
        1.0,
        1.0,
        1.0,
        1.0,
        1.0,
        1.0,
        1.0,
        1.0,
        1.0,
        1.0,
        1.0,
        1.0,
        1.0,
        1.0,
        1.0,
        1.0,
        1.0,
        -1.0,
        1.0,
        1.0,
        1.0,
        1.0,
        1.0,
        1.0,
        1.0,
        1.0,
        1.0,
        1.0,
        1.0,
        1.0,
        1.0,
        1.0,
        1.0,
        -1.0,
        1.0,
        1.0,
        -1.0,
        1.0,
        1.0,
        1.0,
        1.0,
        1.0,
        1.0,
        1.0,
        -1.0,
        1.0,
        1.0,
        1.0,
        1.0,
        -1.0,
        1.0,
        1.0,
        1.0,
        1.0,
        -1.0,
        1.0,
        1.0,
        1.0,
        1.0,
        1.0,
        1.0,
        -1.0,
        -1.0,
        1.0,
        1.0,
        1.0,
        1.0,
        1.0,
        1.0,
        1.0,
        1.0,
        1.0,
        1.0,
        -1.0,
        1.0,
        1.0,
        1.0,
        1.0,
        1.0,
        1.0,
        -1.0,
        1.0,
        1.0,
        1.0,
        1.0,
        -1.0,
        1.0,
        1.0,
        1.0,
        1.0,
        1.0,
        1.0,
        1.0,
        1.0,
        -1.0,
        1.0,
        1.0,
        1.0,
        1.0,
        1.0,
        1.0,
        -1.0,
        1.0,
        -1.0,
        1.0,
        1.0,
        1.0,
        1.0,
        1.0,
        1.0,
        1.0,
        1.0,
        1.0,
        -1.0,
        -1.0,
        1.0,
        1.0,
        1.0,
        1.0,
        -1.0,
        1.0,
        1.0,
        1.0,
        1.0,
        1.0,
        1.0,
        -1.0,
        1.0,
        1.0,
        1.0,
        1.0,
        1.0,
        1.0,
        1.0,
        1.0,
        1.0,
        1.0,
        1.0,
        1.0,
        1.0,
        1.0,
        1.0,
        1.0,
        1.0,
        1.0,
        1.0,
        1.0,
        -1.0,
        1.0,
        1.0,
        1.0,
        1.0,
        1.0,
        1.0,
        1.0,
        1.0,
        1.0,
        1.0,
        1.0,
        1.0,
        1.0,
        1.0,
        1.0,
        1.0,
        1.0,
        1.0,
        1.0,
        1.0,
        -1.0,
        1.0,
        1.0,
        1.0,
        1.0,
        -1.0,
        1.0,
        1.0,
        1.0,
        1.0,
        1.0,
        1.0,
        1.0,
        1.0,
        -1.0,
        1.0,
        -1.0,
        1.0,
        1.0,
        1.0,
        1.0,
        1.0,
        1.0,
        1.0,
        1.0,
        1.0,
        1.0,
        1.0,
        1.0,
        1.0
    ],
    "Corresponding exp value": [
        -0.06637505413447285,
        0.028014982059045984,
        0.06455191767105546,
        0.09843460518996393,
        0.03895066579085996,
        -0.07963536043987494,
        0.06234352116444508,
        0.09003364950277641,
        0.06570690784192809,
        -0.051236065035399396,
        -0.03591286790623701,
        0.043579242686616414,
        0.013970247422681267,
        -0.0007022191180364647,
        0.019302082060976396,
        0.09843554309686926,
        0.03433630713584944,
        0.056260203034418484,
        0.14403454235694438,
        0.01794614920200416,
        0.1440817546315079,
        0.0423638967068849,
        0.14214202718265204,
        0.13177530003575827,
        0.06100321807199872,
        0.09871123040231124,
        0.05596520008176633,
        0.07748371113040499,
        0.042537027732767234,
        -0.018973297728806637,
        0.09537068970253808,
        0.06191016031645829,
        0.07157741237708319,
        0.013314681838840426,
        0.04456445784992052,
        0.10182229663416224,
        0.06830507899469658,
        0.06051713986761983,
        0.09529716823271787,
        0.021987984803403096,
        0.05881228844042178,
        0.08582618897154941,
        0.030118708601442494,
        0.016793399073948355,
        0.13744652131251434,
        -0.02338865038725299,
        0.03168493162839314,
        0.048890366564098474,
        -0.04377281550723689,
        0.05014555718388929,
        0.13604212361515794,
        0.02108185996206885,
        0.0860702359228366,
        0.09090554677639799,
        0.11434833635745036,
        0.07327217797980957,
        -0.07985149894385543,
        0.06819744502456641,
        0.04040515075480474,
        0.05402479177869186,
        0.08029384426682427,
        -0.10462014476963687,
        0.15639193154382278,
        0.1072734918748229,
        0.01382190804732434,
        0.047899475201696025,
        -0.0289203567543895,
        0.03126483984145886,
        0.004069500577539402,
        0.05796791568271329,
        0.010407227088707678,
        0.07238765603704214,
        0.02216034877642854,
        -0.012745064733178851,
        -0.028204893062515488,
        0.0896496572086591,
        0.031139362727721345,
        0.05418293439224151,
        0.0007326443912501336,
        0.07828241848297791,
        0.10160536158984557,
        0.03154661733830595,
        0.010381745342944868,
        0.0014991363319768925,
        0.1190330789100369,
        -0.002740486582959059,
        0.009785501686939396,
        0.04596631729403547,
        0.034445257743758055,
        0.0832725724960991,
        0.04696342597048254,
        0.035225747422528965,
        -0.06728537159233627,
        0.06107859986690814,
        0.15147154303188567,
        0.052122798083685286,
        0.06842476577223384,
        -0.1300441273192778,
        0.0591755218725333,
        0.1024046836961867,
        0.05657941866348048,
        -0.0020440990202682625,
        0.130650412759482,
        0.024735765164146946,
        0.055473058457710375,
        0.14055392654439833,
        -0.10083382381735188,
        0.09569754368217939,
        0.010072803069664632,
        0.0746611486422052,
        0.02562850714205242,
        0.038169639428978566,
        0.0686491809414754,
        -0.04496420513717113,
        0.0209833061637872,
        -0.04791274181886078,
        0.04004585860973447,
        0.1623335627692834,
        0.04721928142453272,
        0.0596986002919218,
        0.02501469759843725,
        0.07295001493891581,
        0.10486721616233455,
        0.13224222677270472,
        0.09341889063162422,
        -0.05543453013099679,
        -0.09001035383660715,
        0.09225375991091313,
        0.057348929006297955,
        0.07256629857778593,
        0.03220019843357399,
        -0.06536009338634871,
        0.08577221393192425,
        0.07095861742306221,
        0.09999325465966294,
        0.05713987115926648,
        0.05016154242069451,
        7.6099917777862e-06,
        -0.07369660269361905,
        0.060316203518897604,
        0.11814003188616523,
        0.04162068379747067,
        0.029249673121890446,
        0.051543377508126174,
        0.013479471822635737,
        0.06066369277397622,
        0.073051787880057,
        0.048693041114387985,
        0.09330174834024875,
        0.07412801634932155,
        0.10608062301877727,
        0.03544186062296956,
        0.11846440758429462,
        0.0441450915882963,
        0.07270470792368174,
        0.050597892243737654,
        0.021063191386443796,
        0.1070715008441307,
        0.060261215286411055,
        -0.04241926577808309,
        0.1254646492241576,
        0.02185791317286683,
        0.07706534140801946,
        0.13562928794174958,
        0.058016461579169114,
        0.0989573055664188,
        0.06793849640995894,
        0.1608747044485521,
        0.11058875794166628,
        0.08963104837041469,
