{
    "Calculated Minimum Energy [norm, row]": [
        0.0001449342773800854,
        -7.376099312974968
    ],
    "Corresponding loss function": -0.002554128121398169,
    "Solution for Minimum Energy": [
        -1.0,
        1.0,
        1.0,
        1.0,
        -1.0,
        1.0,
        1.0,
        1.0,
        1.0,
        1.0,
        1.0,
        1.0,
        1.0,
        1.0,
        -1.0,
        1.0,
        -1.0,
        -1.0,
        1.0,
        1.0,
        1.0,
        -1.0,
        1.0,
        1.0,
        1.0,
        1.0,
        1.0,
        -1.0,
        1.0,
        -1.0,
        -1.0,
        1.0,
        -1.0,
        1.0,
        1.0,
        1.0,
        1.0,
        1.0,
        1.0,
        1.0,
        1.0,
        1.0,
        -1.0,
        1.0,
        1.0,
        1.0,
        1.0,
        1.0,
        1.0,
        -1.0,
        1.0,
        -1.0,
        1.0,
        -1.0,
        1.0,
        -1.0,
        -1.0,
        -1.0,
        1.0,
        1.0,
        -1.0,
        -1.0,
        1.0,
        1.0,
        1.0,
        1.0,
        1.0,
        1.0,
        1.0,
        1.0,
        1.0,
        1.0,
        1.0,
        1.0,
        1.0,
        1.0,
        -1.0,
        1.0,
        1.0,
        -1.0,
        1.0,
        1.0,
        1.0,
        1.0,
        1.0,
        1.0,
        1.0,
        1.0,
        1.0,
        1.0,
        1.0,
        1.0,
        1.0,
        1.0,
        1.0,
        1.0,
        1.0,
        1.0,
        1.0,
        1.0,
        1.0,
        1.0,
        1.0,
        -1.0,
        1.0,
        1.0,
        1.0,
        1.0,
        1.0,
        1.0,
        1.0,
        1.0,
        1.0,
        1.0,
        -1.0,
        1.0,
        1.0,
        1.0,
        1.0,
        1.0,
        1.0,
        1.0,
        1.0,
        1.0,
        1.0,
        -1.0,
        1.0,
        1.0,
        1.0,
        1.0,
        1.0,
        1.0,
        1.0,
        1.0,
        1.0,
        1.0,
        1.0,
        1.0,
        1.0,
        1.0,
        1.0,
        1.0,
        1.0,
        1.0,
        1.0,
        1.0,
        1.0,
        1.0,
        -1.0,
        -1.0,
        1.0,
        1.0,
        1.0,
        1.0,
        1.0,
        1.0,
        1.0,
        1.0,
        1.0,
        1.0,
        1.0,
        1.0,
        1.0,
        1.0,
        1.0,
        1.0,
        -1.0,
        1.0,
        1.0,
        1.0,
        1.0,
        1.0,
        1.0,
        1.0,
        1.0,
        1.0,
        1.0,
        1.0,
        1.0,
        1.0,
        1.0,
        1.0,
        1.0,
        1.0,
        -1.0,
        1.0,
        1.0,
        1.0,
        1.0,
        1.0,
        1.0,
        1.0,
        1.0,
        1.0,
        1.0,
        1.0,
        -1.0,
        1.0,
        1.0,
        1.0,
        1.0,
        1.0,
        1.0,
        1.0,
        1.0,
        -1.0,
        1.0,
        1.0,
        1.0,
        1.0
    ],
    "Corresponding exp value": [
        -0.04942440184762273,
        0.014880538074298505,
        0.07478736491768227,
        0.1310869355725508,
        -0.017055411473612395,
        0.01708204234352762,
        0.01632932763634357,
        0.1291253275692359,
        0.07117121558573165,
        0.036490363388081856,
        0.04051962081716967,
        0.06542141478901572,
        0.032196076715596315,
        0.011056469216015004,
        -0.03152234740389452,
        0.06517846753891261,
        -0.025011279718775304,
        -0.09619256163864282,
        0.010881886762148896,
        0.042482895154369316,
        0.022860340942195374,
        -0.030064276134457977,
        0.03201512988127119,
        0.08602372581042997,
        0.06820570071914775,
        0.03295840267900361,
        0.06967100053052454,
        -0.043602390949494266,
        0.01139094390082278,
        -0.014909375390458258,
        -0.07045826083306042,
        0.04954532887661105,
        -0.01524961971055452,
        0.062889205538252,
        0.03405010545402926,
        0.06362763993233964,
        0.006771191947608597,
        0.11967037223453625,
        0.003704892677131602,
        0.11047930092167213,
        0.0048401414358997825,
        0.03762949128089334,
        -0.002383060426384616,
        0.028036998395625994,
        0.15971908299196308,
        0.04623538691548368,
        0.030456631268273318,
        0.029271023748240296,
        0.01301414345593717,
        -0.0425115144294842,
        0.14302948909385269,
        -0.09886954066689252,
        0.022216331914195406,
        -0.1504737677929161,
        0.25298158151873085,
        -0.012756481931148752,
        -0.04151552350535895,
        -0.10765409012046323,
        0.05238764096842999,
        0.09413033333968315,
        -0.09320354006539797,
        -0.12331139326529708,
        0.036975225768610315,
        0.018076990304022003,
        0.03467844526711001,
        0.0499927158085644,
        0.129775136431617,
        0.10096328946383973,
        0.0013111170340259354,
        0.07073232329879008,
        0.07488122906541392,
        0.0689758339684415,
        0.10839711359336644,
        0.13872981816017815,
        0.033753534395843526,
        0.05407930433575692,
        -0.036554015623208466,
        0.019598622305880012,
        0.028599704432119784,
        -0.062294208565030484,
        0.07845716762169312,
        0.03633402620233346,
        0.06755150247504876,
        0.017241811633092817,
        0.023425081829158825,
        0.0894080229243077,
        0.015956911212925157,
        0.0115254543737172,
        0.03662064645354913,
        0.08115224423170628,
        0.08607656508197757,
        0.017267658823438996,
        0.16316536226907302,
        0.029567827841860694,
        0.016926469595906667,
        0.028415788813438567,
        0.0169901585642845,
        0.08270003938242003,
        0.01918601798018749,
        0.06439676163330246,
        0.09685557145550355,
        0.066439180916724,
        0.031776519898767334,
        -0.06139677164145677,
        0.05241290650331587,
        0.029608134376847707,
        0.08417406617109988,
        0.020035888315090806,
        0.08711636479021011,
        0.05543827603744552,
        0.034950150940035556,
        0.05541738461070871,
        0.03555772592451721,
        0.11507210787584714,
        -0.06959874035451037,
        0.13046388992489832,
        0.24617814529852566,
        0.08558529304264138,
        0.06767717731243417,
        0.03261659999897819,
        0.03971206122147379,
        0.08289080328358205,
        0.08396021722091546,
        0.12348239181651245,
        0.04782384466753148,
        -0.028764542867905887,
        0.013238282360709874,
        0.00819364684322505,
        0.00339607652575228,
        0.04901515146670503,
        0.056250480262758015,
        0.04663281553161564,
        0.051643003586113706,
        0.019111366050700764,
        0.07617450374344435,
        0.058295017949636145,
        0.0791644968084515,
        0.05864301780913038,
        0.0985868523486065,
        0.015738674172484333,
        0.08748742199420961,
        0.08598333081134306,
        0.0985793760458119,
        0.07852333279861165,
        0.09387605863375242,
        0.10607426814832228,
        0.05045227621856843,
        0.076750078438708,
        -0.008857414390003947,
        -0.01300952791072768,
        0.004378806863529633,
        0.11352222050893616,
        0.07726757529982034,
        0.03001199478938761,
        0.05377365258198194,
        0.14416099591013434,
        0.10614666250872916,
        0.06107184384446772,
        0.006196792653030058,
        0.04862548330751291,
        0.021091794686942188,
        0.07374937622597971,
        0.03312563761475216,
        0.05777708653533643,
        0.03110665831213847,
        0.03857489728990709,
        -0.02043566336523932,
        0.01727905934296099,
        0.171708192939893,
        0.12109124236325955,
