{
    "Calculated Minimum Energy [norm, row]": [
        6.917403180595694e-05,
        -7.378874525780246
    ],
    "Corresponding loss function": -0.002507813981323646,
    "Solution for Minimum Energy": [
        1.0,
        1.0,
        1.0,
        1.0,
        1.0,
        1.0,
        1.0,
        1.0,
        1.0,
        -1.0,
        -1.0,
        1.0,
        1.0,
        1.0,
        1.0,
        -1.0,
        -1.0,
        -1.0,
        1.0,
        1.0,
        1.0,
        1.0,
        1.0,
        -1.0,
        1.0,
        -1.0,
        1.0,
        -1.0,
        1.0,
        1.0,
        -1.0,
        1.0,
        1.0,
        1.0,
        1.0,
        1.0,
        1.0,
        1.0,
        1.0,
        1.0,
        -1.0,
        1.0,
        1.0,
        1.0,
        1.0,
        1.0,
        -1.0,
        1.0,
        1.0,
        -1.0,
        1.0,
        1.0,
        1.0,
        1.0,
        1.0,
        1.0,
        1.0,
        1.0,
        1.0,
        -1.0,
        1.0,
        1.0,
        1.0,
        1.0,
        1.0,
        1.0,
        1.0,
        1.0,
        1.0,
        1.0,
        1.0,
        1.0,
        1.0,
        1.0,
        1.0,
        -1.0,
        1.0,
        1.0,
        -1.0,
        1.0,
        1.0,
        1.0,
        -1.0,
        1.0,
        1.0,
        1.0,
        1.0,
        1.0,
        1.0,
        1.0,
        1.0,
        1.0,
        1.0,
        1.0,
        1.0,
        1.0,
        1.0,
        1.0,
        -1.0,
        1.0,
        1.0,
        1.0,
        1.0,
        1.0,
        1.0,
        1.0,
        -1.0,
        1.0,
        -1.0,
        1.0,
        -1.0,
        -1.0,
        1.0,
        1.0,
        1.0,
        1.0,
        1.0,
        -1.0,
        1.0,
        -1.0,
        1.0,
        1.0,
        1.0,
        1.0,
        1.0,
        1.0,
        -1.0,
        1.0,
        1.0,
        1.0,
        1.0,
        1.0,
        1.0,
        1.0,
        1.0,
        1.0,
        1.0,
        1.0,
        1.0,
        1.0,
        1.0,
        1.0,
        1.0,
        1.0,
        1.0,
        1.0,
        1.0,
        1.0,
        -1.0,
        1.0,
        1.0,
        1.0,
        -1.0,
        -1.0,
        1.0,
        1.0,
        1.0,
        -1.0,
        1.0,
        1.0,
        -1.0,
        1.0,
        1.0,
        1.0,
        1.0,
        1.0,
        1.0,
        1.0,
        -1.0,
        1.0,
        1.0,
        1.0,
        1.0,
        1.0,
        1.0,
        1.0,
        1.0,
        1.0,
        1.0,
        1.0,
        1.0,
        -1.0,
        1.0,
        1.0,
        1.0,
        1.0,
        1.0,
        1.0,
        1.0,
        -1.0,
        1.0,
        1.0,
        1.0,
        1.0,
        1.0,
        1.0,
        -1.0,
        1.0,
        1.0,
        1.0,
        1.0,
        -1.0,
        1.0,
        1.0,
        1.0,
        1.0,
        1.0,
        1.0,
        1.0,
        1.0
    ],
    "Corresponding exp value": [
        0.058950824998854984,
        0.12180110538660417,
        -0.04918838798490979,
        0.06056615483167943,
        0.07177151664670392,
        0.11452352436409648,
        -0.050959600141409225,
        0.07997959671493944,
        0.10048353411329124,
        -0.05701076240447986,
        -0.0669729556737906,
        0.08392656071324313,
        0.09242041131559382,
        0.07799785945113448,
        0.09610103750018316,
        -0.09445584147454096,
        -0.06658100711610565,
        -0.06603384906580687,
        0.1470797528363908,
        0.07002127332699297,
        0.08261722355920002,
        0.06537634318704137,
        0.07948372433746408,
        -0.06928103530508993,
        0.0752099052562467,
        -0.11574261994834358,
        0.12698876113737473,
        -0.10339068921116872,
        0.07255992810223634,
        0.11588956900910967,
        -0.11030747073124515,
        0.07892432271334722,
        0.09668486110986686,
        0.06707062488973664,
        -0.038100934471889725,
        0.13958015505176288,
        0.13048943803455615,
        0.06697712987899206,
        0.06755625340558764,
        0.11896123350349168,
        -0.1047197140841472,
        0.08304068931781708,
        0.09061995934965637,
        0.0728661259216625,
        0.06453949439611614,
        -0.043931513629115834,
        -0.07382191811917264,
        0.14459867622394013,
        0.07197834803455398,
        -0.10666169122732926,
        0.1781150809035375,
        0.18646714596471592,
        0.07105186417470243,
        0.11223530181116313,
        0.08689504745988609,
        0.0816615311786011,
        0.08188485975647179,
        -0.03981699384045362,
        0.17921366850251097,
        -0.12088151290473576,
        -0.026726366545649378,
        0.07013129827050528,
        0.05922024206602165,
        0.10723904444895084,
        0.0824132458523839,
        0.07935832421391179,
        0.12380297651899554,
        0.21046619902956976,
        0.10041253002581778,
        0.06426350384897564,
        0.05823378576568941,
        0.08853702917344491,
        0.0644885089396051,
        0.08395206917177915,
        0.06360457305633017,
        -0.10995078832983615,
        0.07348486479226518,
        0.11133775886877402,
        -0.11902487386112673,
        0.11225432202035153,
        0.06768105260600825,
        0.15560500416569925,
        -0.07575558464475454,
        0.07310375835660322,
        0.1491201509801553,
        0.0649068413742615,
        0.07852205575892804,
        0.08942522406584055,
        0.08528857262951946,
        0.11936967920653807,
        0.11047489097825298,
        0.06641061995992704,
        0.08908330908802314,
        0.0662921176355915,
        0.1343428854863525,
        0.06807375116343721,
        0.13951289994460314,
        0.08521040341943957,
        -0.14479315884361157,
        0.13543260536602897,
        0.1003349412436625,
        0.06116807667403542,
        0.07551982732481322,
        0.07148258810123274,
        0.1548212970526882,
        0.0974907924696554,
        -0.07549412653600505,
        0.08370269553355122,
        -0.05580004495443776,
        0.08122953563324355,
        -0.09269230273747986,
        -0.07063949887624447,
        0.1192340765215544,
        0.09933921066762044,
        0.08845703416261566,
        -0.04252659525418686,
        0.06457943012519354,
        -0.12698274083665662,
        0.06300468569859789,
        -0.10877581227075672,
        0.11254559370742445,
        0.19187267543687098,
        0.0700630835882726,
        0.1917088102659429,
        0.07617576980551238,
        0.1009085811354933,
        -0.08147113057877746,
        0.07147920119415829,
        0.09304963941951672,
        0.09250151383422443,
        0.1380274233734645,
        0.07114105306260521,
        0.20381507543333416,
        0.16109584544503977,
        0.07182602456264646,
        0.14277438504234558,
        0.1363668160448443,
        0.06970104547225937,
        -0.05316854717717041,
        0.07428379429359142,
        0.09048322360486907,
        0.08935573762890495,
        0.05689983586712456,
        0.06807084026129151,
        0.10585328813146254,
        0.06210807500343481,
        0.1000026601809808,
        0.14832644890258706,
        -0.06592682119638367,
        0.07420369117618018,
        0.07921091925647769,
        0.08032569124571043,
        -0.07521179012354172,
        -0.08686588009854543,
        0.11156231606204643,
        0.0990068642202617,
        0.060924744688934385,
        -0.10737098756656516,
        0.06854176150766668,
        0.06791288657571709,
        -0.08830655797303755,
        0.09970185826278154,
        0.0792969499749995,
        0.06711003164883525,
        0.0923517137694093,
        -0.04950777491881558,
        0.10169800344859607,
        0.0766278475317856,
        -0.11079614113665646,
        0.14592264242261535,
        0.11583964255362818,
