{
    "Calculated Minimum Energy [norm, row]": [
        0.00015890876808964888,
        -7.375587406165922
    ],
    "Corresponding loss function": -0.002530190080945283,
    "Solution for Minimum Energy": [
        -1.0,
        1.0,
        1.0,
        1.0,
        1.0,
        -1.0,
        1.0,
        1.0,
        1.0,
        -1.0,
        -1.0,
        1.0,
        1.0,
        -1.0,
        -1.0,
        1.0,
        1.0,
        1.0,
        1.0,
        1.0,
        1.0,
        1.0,
        1.0,
        1.0,
        1.0,
        1.0,
        1.0,
        1.0,
        1.0,
        -1.0,
        1.0,
        1.0,
        1.0,
        1.0,
        1.0,
        1.0,
        1.0,
        1.0,
        1.0,
        1.0,
        1.0,
        1.0,
        -1.0,
        1.0,
        1.0,
        1.0,
        1.0,
        1.0,
        1.0,
        1.0,
        1.0,
        1.0,
        1.0,
        1.0,
        1.0,
        1.0,
        -1.0,
        1.0,
        1.0,
        1.0,
        1.0,
        -1.0,
        1.0,
        1.0,
        1.0,
        1.0,
        1.0,
        -1.0,
        1.0,
        1.0,
        1.0,
        1.0,
        1.0,
        1.0,
        1.0,
        1.0,
        1.0,
        1.0,
        1.0,
        1.0,
        1.0,
        1.0,
        1.0,
        1.0,
        1.0,
        1.0,
        1.0,
        -1.0,
        1.0,
        1.0,
        1.0,
        1.0,
        -1.0,
        1.0,
        1.0,
        1.0,
        -1.0,
        1.0,
        1.0,
        1.0,
        1.0,
        -1.0,
        1.0,
        1.0,
        1.0,
        1.0,
        -1.0,
        1.0,
        1.0,
        1.0,
        1.0,
        1.0,
        -1.0,
        1.0,
        -1.0,
        -1.0,
        1.0,
        1.0,
        1.0,
        1.0,
        -1.0,
        1.0,
        1.0,
        1.0,
        1.0,
        1.0,
        1.0,
        1.0,
        -1.0,
        1.0,
        1.0,
        1.0,
        1.0,
        -1.0,
        1.0,
        1.0,
        1.0,
        -1.0,
        -1.0,
        -1.0,
        1.0,
        1.0,
        1.0,
        1.0,
        1.0,
        1.0,
        1.0,
        -1.0,
        1.0,
        -1.0,
        1.0,
        1.0,
        1.0,
        1.0,
        1.0,
        1.0,
        1.0,
        1.0,
        1.0,
        1.0,
        1.0,
        -1.0,
        1.0,
        1.0,
        1.0,
        -1.0,
        1.0,
        1.0,
        1.0,
        1.0,
        1.0,
        -1.0,
        1.0,
        1.0,
        1.0,
        1.0,
        1.0,
        1.0,
        1.0,
        1.0,
        1.0,
        1.0,
        -1.0,
        1.0,
        -1.0,
        1.0,
        1.0,
        1.0,
        1.0,
        1.0,
        1.0,
        1.0,
        1.0,
        1.0,
        -1.0,
        1.0,
        1.0,
        1.0,
        1.0,
        1.0,
        1.0,
        1.0,
        1.0,
        1.0,
        -1.0,
        1.0,
        1.0,
        -1.0,
        -1.0,
        1.0
    ],
    "Corresponding exp value": [
        -0.029711393983071672,
        0.14333649438742554,
        0.09961960755311804,
        0.0811271545023226,
        0.03240580942534357,
        -0.09236168474961652,
        0.04142505671525862,
        0.036575588119244495,
        0.0427649975794889,
        -0.10653928441753462,
        -0.03220633097378023,
        0.12163405528857599,
        0.0631433607808157,
        -0.09561165674476126,
        -0.053357670063556684,
        0.1017005053329358,
        0.06851308963199183,
        0.024461533067657297,
        0.15866452891786822,
        0.10338477076822626,
        0.06671692154740211,
        0.061191055322876775,
        0.10634663405716487,
        0.15028030967203626,
        0.10285887874179188,
        0.07338359392408485,
        0.07297774727291058,
        0.058101228846290126,
        0.04446545688852571,
        -0.04414790657183912,
        0.08751850847124008,
        0.10540154570117106,
        0.05493276342002415,
        0.035820404523903907,
        0.1691442142931366,
        0.03110775471574481,
        0.0666937841060952,
        0.07118305778029733,
        0.10086258274186556,
        0.031468295591339596,
        0.02205874735857068,
        0.039781267178497115,
        -0.008504884728480565,
        0.10984075461907657,
        0.055399472379554546,
        0.05088543096004637,
        0.031913606416513245,
        0.08302131663658101,
        0.049403885592648286,
        0.06131349449480798,
        0.06388820887839847,
        0.031072124585508752,
        0.05492153226397921,
        0.03434183183440548,
        0.22560816518345153,
        0.027726035284753092,
        -0.06634987597968221,
        0.026107470268105233,
        0.08185925417637317,
        0.08021241519697363,
        0.03225115029807999,
        -0.029654202891465285,
        0.07348383653746972,
        0.1486729638379457,
        0.03988123543615156,
        0.0463173404791187,
        0.10322793110781557,
        -0.02725775623687599,
        0.05998489632786699,
        0.11684902897914747,
        0.03349233187698797,
        0.09055661799899548,
        0.03827738429094301,
        0.033481078833804606,
        0.032243081710140634,
        0.05507090557610106,
        0.09358626341460198,
        0.043136375237374035,
        0.029133237861784997,
        0.11104892892476516,
        0.050560449471882846,
        0.04494694412520544,
        0.023004727412262668,
        0.08905154841156172,
        0.04603147551492479,
        0.07204840156869859,
        0.11013917834960285,
        -0.04470010163697976,
        0.07159779305980025,
        0.07093709617708771,
        0.06425672940810898,
        0.056184501400592494,
        -0.09530557924612414,
        0.11915628132325101,
        0.02989421526474837,
        0.029194145418895277,
        -0.034003146234358815,
        0.04894926541750357,
        0.14142092579174181,
        0.03391375258444977,
        0.04890044836591946,
        -0.056457802918675526,
        0.1336943426844246,
        0.04913801879274909,
        0.10571138285862389,
        0.07956283689427449,
        -0.07916023581140462,
        0.07138296446054485,
        0.08114416204391882,
        0.08259414177149861,
        0.032863496293990144,
        0.02666258703914572,
        -0.04599138306009066,
        0.03531847939821603,
        -0.028794244489049138,
        -0.0406323161165896,
        0.1319153837514381,
        0.044998595334474714,
        0.048663697868908444,
        0.16982542903451534,
        -0.025160517424504265,
        0.036595788391702924,
        0.04663732906467155,
        0.040080214737389305,
        0.028219456703852126,
        0.028410118423944884,
        0.035366872969056794,
        0.06421825731041936,
        -0.06821843953381271,
        0.11679077707910068,
        0.07832959739211189,
        0.05268163546480087,
        0.10541826620196985,
        -0.037995268634815824,
        0.05120105728062603,
        0.04921813367418337,
        0.03509878049956999,
        -0.060089894171822665,
        -0.03297314481894218,
        -0.061147243714762385,
        0.07378891730267279,
        0.03322633233329287,
        -0.0017290516244631933,
        0.11923423104513058,
        0.02215802031240843,
        0.09125586116350005,
        0.14096426142932933,
        -0.0352764519707331,
        0.08054580334871056,
        -0.013026164847542982,
        0.05651638574512009,
        0.05384230980137903,
        0.049485823254342136,
        0.059517521877554956,
        0.05221556916185448,
        0.04627604022688482,
        0.02711823098718677,
        0.13560712706840872,
        0.06911633319788835,
        0.03717001420178476,
        0.15618408210736906,
        -0.04620016031927176,
        0.057470902756226,
        0.06012366440959621,
        0.032585955487325735,
        -0.03496729816003112,
        0.06073000606495285,
        0.1332028960189405,
        0.11471872406539778,
