{
    "Calculated Minimum Energy [norm, row]": [
        0.0001344679078253815,
        -7.376482711980513
    ],
    "Corresponding loss function": -0.0025479722460885553,
    "Solution for Minimum Energy": [
        1.0,
        1.0,
        1.0,
        1.0,
        -1.0,
        1.0,
        -1.0,
        1.0,
        1.0,
        -1.0,
        1.0,
        1.0,
        1.0,
        1.0,
        1.0,
        -1.0,
        1.0,
        -1.0,
        1.0,
        1.0,
        1.0,
        -1.0,
        -1.0,
        1.0,
        1.0,
        -1.0,
        1.0,
        1.0,
        1.0,
        -1.0,
        1.0,
        1.0,
        1.0,
        1.0,
        1.0,
        1.0,
        1.0,
        1.0,
        1.0,
        1.0,
        1.0,
        1.0,
        -1.0,
        1.0,
        -1.0,
        1.0,
        -1.0,
        1.0,
        1.0,
        -1.0,
        1.0,
        1.0,
        1.0,
        1.0,
        1.0,
        -1.0,
        1.0,
        1.0,
        1.0,
        1.0,
        1.0,
        1.0,
        1.0,
        -1.0,
        1.0,
        -1.0,
        -1.0,
        1.0,
        -1.0,
        1.0,
        1.0,
        1.0,
        1.0,
        1.0,
        1.0,
        1.0,
        -1.0,
        1.0,
        1.0,
        1.0,
        1.0,
        1.0,
        1.0,
        1.0,
        1.0,
        1.0,
        1.0,
        1.0,
        1.0,
        1.0,
        1.0,
        1.0,
        1.0,
        1.0,
        1.0,
        -1.0,
        1.0,
        1.0,
        1.0,
        1.0,
        1.0,
        1.0,
        1.0,
        1.0,
        1.0,
        1.0,
        1.0,
        -1.0,
        1.0,
        -1.0,
        1.0,
        1.0,
        -1.0,
        1.0,
        -1.0,
        1.0,
        1.0,
        1.0,
        1.0,
        1.0,
        1.0,
        1.0,
        1.0,
        -1.0,
        1.0,
        1.0,
        1.0,
        1.0,
        1.0,
        1.0,
        -1.0,
        1.0,
        1.0,
        1.0,
        1.0,
        1.0,
        -1.0,
        1.0,
        1.0,
        1.0,
        1.0,
        1.0,
        1.0,
        1.0,
        1.0,
        1.0,
        1.0,
        1.0,
        -1.0,
        1.0,
        1.0,
        1.0,
        1.0,
        1.0,
        1.0,
        -1.0,
        1.0,
        1.0,
        1.0,
        -1.0,
        1.0,
        1.0,
        1.0,
        1.0,
        1.0,
        1.0,
        1.0,
        1.0,
        1.0,
        1.0,
        1.0,
        1.0,
        1.0,
        1.0,
        1.0,
        -1.0,
        1.0,
        1.0,
        1.0,
        1.0,
        1.0,
        1.0,
        1.0,
        -1.0,
        1.0,
        -1.0,
        -1.0,
        1.0,
        1.0,
        1.0,
        1.0,
        1.0,
        1.0,
        1.0,
        -1.0,
        1.0,
        1.0,
        1.0,
        -1.0,
        1.0,
        1.0,
        1.0,
        1.0,
        -1.0,
        1.0,
        1.0,
        1.0,
        1.0,
        1.0,
        1.0
    ],
    "Corresponding exp value": [
        0.0356243262581982,
        0.031201090494201784,
        0.02606014377632368,
        0.033766915450984744,
        -0.07652755945878753,
        0.03905716097753335,
        -0.03944256458460255,
        0.033973586813302,
        0.04142816245836481,
        -0.027224993235406718,
        0.05128208303299009,
        0.19247181165734556,
        0.07729048783075082,
        0.03633132746152843,
        0.03626377911519901,
        -0.0754732576039224,
        0.04257775144440977,
        -0.03532059684989495,
        0.06128941428051596,
        0.02509470039231139,
        0.03517474634615316,
        -0.041235021643947656,
        -0.0659107077705428,
        0.07356717720217384,
        0.03799924809044144,
        -0.019429308624483863,
        0.04651646664975499,
        0.0519382940336552,
        0.11045545173800135,
        -0.04038399604321822,
        0.06844869336338881,
        0.030248510202745778,
        0.020771993726454146,
        0.03813819573658974,
        0.04807004633505313,
        0.05221407398093576,
        0.029200471915358323,
        0.021998138589836062,
        0.06995030535758026,
        0.03220016453248452,
        0.14310884862313095,
        0.04023519373812469,
        -0.05471112618885625,
        0.04108292269463569,
        -0.08362657417764767,
        0.04862601763399088,
        -0.08225084416455167,
        0.02829570160963036,
        0.05379493670897824,
        -0.13874017364618113,
        0.04404945636435269,
        0.03687525987088198,
        0.049041312786571686,
        0.20278174136173854,
        0.029395209540815776,
        -0.09272735391730438,
        0.14891369671831828,
        0.08766761377731205,
        0.03536917859506218,
        0.03017837131122275,
        0.05832557214732025,
        0.05520569899638945,
        0.04378868775944253,
        -0.13370083962080132,
        0.17404323268538685,
        -0.06573466949165657,
        -0.10785704702048152,
        0.04433788446860775,
        -0.046906853402553225,
        0.07731446940747012,
        0.12516981063483074,
        0.027906744570930637,
        0.03752990478372302,
        0.08485670313744624,
        0.14006623174186697,
        0.12782110884900105,
        -0.10568724512566825,
        0.09858431282201423,
        0.0384612321295559,
        0.03198259390850099,
        0.0702623320890807,
        0.05161492279377319,
        0.15020694974469448,
        0.03211089805684694,
        0.0328116599938003,
        0.038992466134667426,
        -0.004085897242725118,
        0.06056903648334908,
        0.08616532028225968,
        0.035642380649195705,
        0.049057320682608735,
        0.04872833938945579,
        0.02930400551529699,
        0.07752620590001959,
        0.07231369968357537,
        -0.04045909853002719,
        0.035997989613741496,
        0.055619404547278595,
        0.03230398235052175,
        0.08336117571979054,
        0.09973984119888994,
        0.02807702612775323,
        0.044081550286014494,
        0.050305785979257056,
        0.1720988975055872,
        0.03342739423825157,
        0.08159149592567687,
        -0.08569330877006298,
        0.08179339722298892,
        -0.018562580188301526,
        0.07995477429250784,
        0.04589516017317112,
        -0.027644704729024878,
        0.09328037322803337,
        -0.010287626108308167,
        0.03310777224693297,
        0.04032710678130734,
        0.04869299862707711,
        0.05298573358832671,
        0.12231601071305538,
        0.03577203491739122,
        0.09405225230743497,
        0.03875608291036848,
        -0.020986190923420852,
        0.0469128841039402,
        0.04253873176168199,
        0.03105785965002551,
        0.08268291897847438,
        0.05504883708237971,
        0.02458240618361272,
        -0.03958007055447949,
        0.051149292789292485,
        0.047241527326680424,
        0.045275560515085876,
        0.17847566013980792,
        0.0767214154465553,
        -0.04514523057082317,
        0.02809023731937849,
        0.05198198137464205,
        0.043775099500034734,
        0.03675275374904973,
        0.034448826176051536,
        0.0714584947528768,
        0.0654940239910142,
        0.054341377175037904,
        0.1709450334925683,
        0.043595078625487456,
        0.06420791036552133,
        -0.0902493135038388,
        0.0964224148310102,
        0.09719932353982465,
        0.03542746600933775,
        0.015362476987781745,
        0.08220644676776018,
        0.04846159778716823,
        -0.03412794101880904,
        0.02904453650055587,
        0.11526478707233591,
        0.06068334571047903,
        -0.023849333837199248,
        0.047424296758985664,
        0.1753493351907079,
        0.03132771249710171,
        0.026774429153186494,
        0.05880351054788061,
        0.06309366419243034,
        0.060662647466595956,
        0.02468668214370639,
        0.042334234883176454,
        0.03142744561909318,
