{
  "Calculated Minimum Energy [norm, row, mean, row]": [
    6.645480898594033e-05,
    8.73489685874588e-05
  ],
  "Solution for Minimum Energy": [
    1,
    1,
    1,
    1,
    1,
    1,
    -1,
    -1,
    -1,
    1,
    -1,
    1,
    1,
    -1,
    1,
    -1,
    -1,
    -1,
    1,
    1,
    -1,
    -1,
    -1,
    1,
    -1,
    -1,
    1,
    -1,
    1,
    1,
    -1,
    -1,
    -1,
    -1,
    1,
    -1,
    -1,
    -1,
    1,
    -1,
    1,
    1,
    -1,
    -1,
    1,
    1,
    1,
    -1,
    -1,
    1,
    1,
    -1,
    1,
    -1,
    1,
    1,
    -1,
    1,
    -1,
    -1,
    -1,
    -1,
    1,
    1,
    -1,
    1,
    1,
    1,
    -1,
    1,
    -1,
    1,
    -1,
    1,
    1,
    -1,
    1,
    -1,
    -1,
    1,
    -1,
    -1,
    1,
    -1,
    -1,
    1,
    -1,
    -1,
    -1,
    1,
    -1,
    1,
    -1,
    -1,
    -1,
    1,
    -1,
    1,
    -1,
    -1,
    -1,
    1,
    -1,
    1,
    -1,
    1,
    1,
    -1,
    1,
    -1,
    1,
    1,
    -1,
    1,
    -1,
    1,
    1,
    -1,
    1,
    1,
    1,
    1,
    -1,
    1,
    -1,
    1,
    1,
    -1,
    1,
    -1,
    -1,
    1,
    -1,
    -1,
    -1,
    1,
    1,
    1,
    1,
    -1,
    -1,
    1,
    1,
    -1,
    -1,
    -1,
    1,
    1,
    1,
    1,
    -1,
    -1,
    -1,
    1,
    -1,
    -1,
    1,
    -1,
    1,
    -1,
    -1,
    -1,
    -1,
    1,
    1,
    1,
    -1,
    1,
    1,
    1,
    -1,
    1,
    -1,
    -1,
    1,
    1,
    1,
    1,
    -1,
    -1,
    1,
    -1,
    1,
    1,
    1,
    1,
    -1,
    1,
    -1,
    -1,
    1,
    -1,
    -1,
    1,
    -1,
    1,
    1,
    -1,
    -1,
    1,
    1,
    1,
    -1,
    1,
    -1,
    1,
    1,
    -1,
    1,
    -1,
    1,
    1,
    1,
    1,
    -1,
    -1,
    1,
    -1,
    -1,
    1,
    1,
    -1,
    1,
    -1,
    1,
    -1,
    1,
    -1,
    1,
    -1,
    1,
    1,
    1,
    -1,
    1,
    -1,
    1,
    -1,
    1,
    -1,
    1,
    -1,
    1,
    1,
    1,
    1,
    -1,
    -1,
    1,
    -1,
    1,
    -1,
    1,
    -1,
    -1,
    -1,
    -1,
    1,
    -1,
    1,
    1,
    -1,
    1,
    1,
    1,
    -1,
    1,
    -1,
    -1,
    1,
    1,
    -1,
    1,
    1,
    1,
    1,
    -1,
    -1,
    1,
    1,
    1,
    -1,
    -1,
    1,
    -1,
    1,
    -1,
    -1,
    -1,
    -1,
    1,
    -1,
    1,
    -1,
    1,
    1,
    1,
    -1,
    -1,
    1,
    1,
    1,
    1,
    1,
    -1,
    1,
    -1,
    1,
    1,
    -1,
    -1,
    1,
    -1,
    -1,
    -1,
    1,
    1,
    -1,
    1,
    -1,
    1,
    -1,
    1,
    1,
    1,
    -1,
    1,
    1,
    1,
    -1,
    1,
    -1,
    1,
    1,
    -1,
    1,
    -1,
    1,
    -1,
    1,
    -1,
    1,
    1,
    1,
    1,
    1,
    1,
    1,
    1,
    1,
    -1,
    1,
    1,
    -1,
    -1,
    -1,
    1,
    1,
    -1,
    1,
    1,
    -1,
    1,
    1,
    1,
    1,
    1,
    -1,
    -1,
    1,
    1,
    -1,
    1,
    -1,
    -1,
    1,
    1,
    1,
    -1,
    1,
    -1,
    -1,
    1,
    1,
    1,
    -1,
    1,
    1,
    1,
    1,
    -1,
    -1,
    -1,
    -1,
    -1,
    -1,
    1,
    1,
    1,
    -1,
    1,
    -1,
    1,
    1,
    -1,
    1,
    1,
    -1,
    -1,
    -1,
    -1,
    1,
    -1,
    1,
    1,
    1,
    1,
    1,
    1,
    -1,
    -1,
    1,
    1,
    -1,
    -1,
    -1,
    -1,
    -1,
    1,
    -1,
    -1,
    -1,
    1,
    1,
    -1,
    -1,
    1,
    1,
    -1,
    1,
    1,
    -1,
    1,
    -1,
    -1,
    -1,
    -1,
    -1,
    1,
    1,
    -1,
    1,
    1,
    1,
    -1,
    1,
    1,
    1,
    -1,
    1,
    -1,
    -1,
    1,
    -1,
    -1,
    1,
    -1,
    1,
    -1,
    1,
    1,
    -1,
    1,
    1,
    -1,
    1,
    -1,
    1,
    1,
    1,
    1,
    1,
    -1,
    -1,
    1,
    1,
    -1,
    -1,
    -1,
    1,
    1,
    1,
    1,
    -1,
    -1,
    -1,
    1,
    1,
    -1,
    1,
    -1,
    -1,
    -1,
    -1,
    1,
    -1,
    1,
    1,
    1,
    1,
    -1,
    -1,
    -1,
    1,
    1,
    -1,
    1,
    1,
    -1,
    1,
    1,
    -1,
    -1,
    -1,
    -1,
    1,
    -1,
    -1,
    -1,
    -1,
    -1,
    1,
    -1,
    -1,
    1,
    -1,
    1,
    -1,
    -1,
    -1,
    -1,
    -1,
    1,
    1,
    1,
    1,
    -1,
    1,
    -1,
    -1,
    -1,
    -1,
    1,
    -1,
    -1,
    -1,
    -1,
    1,
    1,
    1,
    -1,
    1,
    1,
    -1,
    1,
    -1,
    -1,
    1,
    -1,
    1,
    -1,
    1,
    1,
    -1,
    1,
    -1,
    1,
    -1,
    1,
    1,
    -1,
    1,
    1,
    1,
    1,
    -1,
    1,
    1,
    -1,
    1,
    1,
    1,
    1,
    1,
    1,
    -1,
    1,
    1,
    -1,
    1,
    -1,
    -1,
    -1,
    1,
    -1,
    1,
    1,
    -1,
    1,
    1,
    -1,
    -1,
    1,
    1,
    -1,
    -1,
    1,
    -1,
    -1,
    1,
    1,
    1,
    1,
    1,
    -1,
    1,
    1,
    1,
    1,
    -1,
    -1,
    1,
    1,
    1,
    1,
    -1,
    1,
    1,
    1,
    -1,
    -1,
    1,
    -1,
    -1,
    1,
    -1,
    1,
    1,
    1,
    1,
    1,
    1,
    1,
    1,
    -1,
    1,
    1,
    1,
    1,
    -1,
    1,
    -1,
    -1,
    -1,
    -1,
    1,
    -1,
    1,
    1,
    1,
    -1,
    1,
    -1,
    -1,
    1,
    1,
    -1,
    1,
    -1,
    -1,
    -1,
    1,
    1,
    1,
    1,
    -1,
    1,
    -1,
    -1,
    1,
    -1,
    -1,
    1,
    -1,
    -1,
    -1,
    -1,
    1,
    1,
    -1,
    -1,
    1,
    -1,
    1,
    1,
    -1,
    -1,
    -1,
    1,
    1,
    -1,
    1,
    1,
    -1,
    -1,
    -1,
    1,
    1,
    -1,
    -1,
    -1,
    -1,
    1,
    1,
    -1,
    -1,
    -1,
    -1,
    -1,
    1,
    1,
    1,
    -1,
    1,
    1,
    -1,
    -1,
    1,
    1,
    -1,
    1,
    -1,
    1,
    -1,
    1,
    1,
    -1,
    -1,
    -1,
    -1,
    1,
    -1,
    -1,
    -1,
    1,
    -1
  ]
}