{
  "Calculated Minimum Energy [norm, row]": [
    0.00021653511577368492,
    -0.039833085587484184
  ],
  "Solution for Minimum Energy": [
    1,
    1,
    1,
    1,
    -1,
    1,
    1,
    -1,
    1,
    -1,
    1,
    -1,
    1,
    1,
    -1,
    1,
    1,
    -1,
    1,
    1,
    1,
    1,
    -1,
    1,
    1,
    1,
    -1,
    1,
    1,
    1,
    1,
    -1,
    1,
    -1,
    1,
    1,
    -1,
    1,
    -1,
    1,
    -1,
    1,
    -1,
    -1,
    -1,
    -1,
    -1,
    1,
    1,
    -1,
    1,
    1,
    -1,
    -1,
    1,
    1,
    1,
    1,
    -1,
    1,
    1,
    -1,
    -1,
    1,
    1,
    1,
    1,
    1,
    1,
    -1,
    -1,
    -1,
    -1,
    1,
    1,
    -1,
    1,
    1,
    -1,
    -1,
    1,
    -1,
    1,
    1,
    -1,
    -1,
    -1,
    -1,
    1,
    -1,
    -1,
    -1,
    1,
    -1,
    -1,
    1,
    -1,
    -1,
    -1,
    -1,
    1,
    1,
    1,
    1,
    1,
    -1,
    1,
    1,
    -1,
    1,
    1,
    1,
    1,
    1,
    -1,
    1,
    -1,
    -1,
    -1,
    -1,
    1,
    1,
    -1,
    1,
    1,
    1,
    1,
    1,
    -1,
    -1,
    1,
    -1,
    -1,
    -1,
    1,
    1,
    -1,
    -1,
    -1,
    1,
    -1,
    1,
    1,
    1,
    -1,
    -1,
    1,
    1,
    -1,
    1,
    1,
    -1,
    1,
    -1,
    -1,
    -1,
    -1,
    1,
    -1,
    -1,
    1,
    1,
    1,
    1,
    1,
    1,
    -1,
    -1,
    1,
    -1,
    1,
    1,
    1,
    1,
    1,
    1,
    -1,
    -1,
    1,
    1,
    -1,
    -1,
    -1,
    -1,
    1,
    1,
    1,
    -1,
    1,
    1,
    -1,
    -1,
    -1,
    -1,
    -1,
    1,
    1,
    -1,
    1,
    1,
    1,
    -1,
    -1,
    1,
    1,
    -1,
    1,
    1,
    1,
    -1,
    -1,
    -1,
    -1,
    1,
    -1,
    1,
    -1,
    1,
    -1,
    1,
    1,
    1,
    -1,
    -1,
    1,
    -1,
    -1,
    1,
    1,
    -1,
    -1,
    -1,
    -1,
    -1,
    1,
    1,
    1,
    -1,
    -1,
    1,
    1,
    1,
    1,
    -1,
    1,
    -1,
    -1,
    -1,
    1,
    -1,
    -1,
    -1,
    1,
    -1,
    -1,
    1,
    1,
    1,
    1,
    -1,
    1,
    1,
    1,
    -1,
    1,
    -1,
    -1,
    1,
    1,
    -1,
    1,
    1,
    -1,
    1,
    -1,
    -1,
    -1,
    1,
    -1,
    -1,
    1,
    1,
    -1,
    -1,
    1,
    1,
    -1,
    -1,
    -1,
    -1,
    1,
    1,
    1,
    -1,
    -1,
    -1,
    -1,
    -1,
    1,
    1,
    -1,
    1,
    1,
    1,
    1,
    1,
    1,
    1,
    1,
    -1,
    1,
    1,
    -1,
    -1,
    -1,
    1,
    1,
    -1,
    -1,
    1,
    1,
    1,
    1,
    -1,
    1,
    1,
    -1,
    1,
    -1,
    1,
    -1,
    -1,
    1,
    1,
    1,
    1,
    -1,
    1,
    1,
    -1,
    1,
    1,
    1,
    1,
    1,
    1,
    1,
    1,
    -1,
    1,
    1,
    -1,
    1,
    1,
    1,
    -1,
    -1,
    1,
    -1,
    -1,
    1,
    -1,
    -1,
    1,
    -1,
    -1,
    1,
    1,
    -1,
    -1,
    -1,
    1,
    -1,
    1,
    -1,
    1,
    1,
    -1,
    1,
    1,
    -1,
    1,
    -1,
    -1,
    -1,
    1,
    1,
    1,
    1,
    -1,
    1,
    -1,
    1,
    -1,
    -1,
    -1,
    1,
    -1,
    1,
    1,
    1,
    1,
    -1,
    1,
    1,
    1,
    1,
    1,
    -1,
    -1,
    1,
    1,
    1,
    -1,
    -1,
    -1,
    -1,
    -1,
    -1,
    1,
    -1,
    -1,
    1,
    -1,
    1,
    1,
    1,
    1,
    -1,
    -1,
    1,
    -1,
    1,
    -1,
    -1,
    -1,
    -1,
    -1,
    1,
    1,
    1,
    1,
    1,
    1,
    1,
    -1,
    1,
    -1,
    -1,
    -1,
    -1,
    -1,
    1,
    1,
    -1,
    1,
    1,
    -1,
    -1,
    1,
    -1,
    -1,
    1,
    -1,
    1,
    -1,
    -1,
    1,
    1,
    -1,
    1,
    -1,
    -1,
    1,
    -1,
    1,
    1,
    1,
    -1,
    1,
    1,
    1,
    -1,
    1,
    1,
    1,
    -1,
    -1,
    -1,
    -1,
    -1,
    1,
    1,
    1,
    1,
    1,
    1,
    1,
    1,
    -1,
    1,
    -1,
    1,
    1,
    -1,
    -1,
    1,
    1,
    1,
    1,
    1,
    -1,
    -1,
    1,
    -1,
    -1,
    1,
    -1,
    1,
    -1,
    1,
    -1,
    -1,
    1,
    1,
    1,
    -1,
    1,
    1,
    -1,
    1,
    1,
    1,
    -1,
    -1,
    1,
    1,
    -1,
    -1,
    1,
    -1,
    -1,
    -1,
    -1,
    -1,
    -1,
    -1,
    1,
    1,
    -1,
    -1,
    1,
    1,
    -1,
    1,
    -1,
    -1,
    1,
    1,
    1,
    1,
    1,
    1,
    1,
    -1,
    -1,
    1,
    1,
    -1,
    -1,
    -1,
    -1,
    1,
    -1,
    1,
    1,
    -1,
    -1,
    1,
    1,
    -1,
    1,
    -1,
    1,
    1,
    -1,
    1,
    -1,
    1,
    -1,
    -1,
    -1,
    1,
    -1,
    1,
    -1,
    1,
    -1,
    -1,
    -1,
    1,
    1,
    -1,
    -1,
    1,
    1,
    -1,
    1,
    -1,
    -1,
    1,
    1,
    -1,
    1,
    1,
    -1,
    -1,
    -1,
    -1,
    1,
    -1,
    -1,
    1,
    1,
    -1,
    -1,
    -1,
    -1,
    1,
    1,
    -1,
    -1,
    1,
    -1,
    -1,
    1,
    1,
    1,
    1,
    1,
    1,
    -1,
    1,
    1,
    1,
    -1,
    -1,
    1,
    -1,
    1,
    1,
    1,
    1,
    -1,
    -1,
    -1,
    1,
    -1,
    -1,
    -1,
    -1,
    1,
    -1,
    -1,
    -1,
    1,
    -1,
    -1,
    -1,
    1,
    -1,
    1,
    1,
    -1,
    1,
    1,
    -1,
    1,
    1,
    -1,
    1,
    -1,
    1,
    1,
    1,
    -1,
    1,
    1,
    -1,
    1,
    1,
    1,
    -1,
    1,
    1,
    1,
    1,
    1,
    1,
    1,
    1,
    1,
    1,
    -1,
    -1,
    -1,
    1,
    1,
    1,
    1,
    -1,
    -1,
    1,
    -1,
    -1,
    -1,
    1,
    -1,
    1,
    -1,
    -1,
    1,
    1,
    1,
    -1,
    1,
    1,
    -1,
    -1,
    -1,
    -1,
    1,
    1,
    1,
    -1,
    1,
    1,
    -1,
    1,
    -1,
    -1,
    1,
    1,
    -1,
    1,
    -1,
    -1,
    -1,
    -1,
    1,
    -1,
    -1,
    1,
    -1,
    -1,
    1
  ]
}