Iteration,Energy,Loss Function,Bias
0,0.08674750121662653,0.06591305469320623,0.0
1,0.012069412057709629,0.016147598139937134,0.09525523512497004
2,0.012069412057709629,0.013483024984713645,0.17055592006809467
3,0.011074960493673593,0.012117089308532572,0.26839908759578257
4,0.011074960493673593,0.011461441494223595,0.40014716696424807
