Iteration,Energy,Loss Function,Bias
0,0.31715481742193236,0.30266606043715183,0.0
1,0.0656253366387351,0.15353043919532341,0.05986055996330561
2,0.055971980288862445,0.11406107255390742,0.08127228731430802
3,0.051174089637377435,0.0867815270716737,0.09639810512427249
4,0.008496483121603646,0.03993885099302534,0.21771765749630898
5,0.002253089748564251,0.03850635837714677,0.31527318959741346
