Iteration,Energy,Loss Function,Bias
0,0.19350746208804306,0.19987129584631746,0.0
1,0.059681695447071165,0.028696305018412742,0.9876308821008555
