Iteration,Energy,Loss Function,Bias
0,0.26696593626859605,0.2879833591877743,0.0
1,0.1574176978740684,0.17843438129245137,0.17130950276266257
2,0.1574176978740684,0.15893651289193234,0.20440442481368862
3,0.013297457501968625,0.022302852697268633,0.5382602444814973
4,0.013297457501968663,0.014793797997578266,0.6743718816012975
5,0.013297457501968663,0.013035516036946816,0.7457246444543885
6,0.008899332764988345,0.012124141540935633,3.133679883754389
