Iteration,Energy,Loss Function,Bias
0,0.3246518017687675,0.18762822177250396,0.0
1,0.059681695447071206,0.029206898717665894,0.9921396482092733
