Iteration,Energy,Loss Function,Bias
0,0.31715481742193236,0.3385126562046015,0.0
1,0.04223127035417127,0.03127683202822575,0.4110923019064219
2,0.03621541784707759,0.027596965759746777,0.5893368306625938
