Iteration,Energy,Loss Function,Bias
0,0.08674750121662653,0.11345240253863251,0.0
1,0.019030598816481274,0.005210482152871612,0.5286670106276807
2,0.019030598816481274,0.004115086723306094,0.7117750489336051
3,0.011448144155327557,0.002394605356546178,0.9407762769824192
