Iteration,Energy,Loss Function,Bias
0,0.3246518017687675,0.28400222469840086,0.0
1,0.029607387673662108,0.06743983528276014,0.11788523179714003
2,0.0054379665548565746,0.039899382752395546,0.45620667547836014
3,0.006896337308748698,0.03545056326308281,0.813759968162321
