Iteration,Energy,Loss Function,Bias
0,0.08674750121662657,0.10365481277763061,0.0
1,0.022686566071034617,0.047830446044164754,0.15506701295155376
2,0.01484246118874262,0.04315912985239095,0.17050438934661857
3,0.015216417529358756,0.04269768546826789,0.19574594172074838
4,0.017173597597679634,0.042254587737100266,0.2623279696593745
5,0.0150845487838476,0.04206839291092126,0.33274554247030547
