Iteration,Energy,Loss Function,Bias
0,0.08674750121662653,0.13079179951522762,0.0
1,0.019030598816481274,0.031054892409563155,0.5380529452618935
