Iteration,Energy,Loss Function,Bias
0,0.3246518017687675,0.18606491937446798,0.0
1,0.045480426008838344,0.009115412098688975,0.4184750582841245
2,0.006066756436421758,-0.0018340551923212139,0.8103840504022675
3,0.006066756436421758,-0.00506484006356396,1.0614816081927079
4,0.008501247387933189,-0.005327708432256688,1.5073453874073133
