Iteration,Energy,Loss Function,Bias
0,0.08674750121662657,0.14875074092626225,0.0
1,0.02562702947946172,0.019630493815042938,0.7964676982667235
