Iteration,Energy,Loss Function,Bias
0,0.3246518017687675,0.3125004102637518,0.0
1,0.06443344238107604,0.12878692446771578,0.021339415064873003
2,0.07164097439043578,0.09238482011801906,0.02740449745201251
3,0.04417866397704412,0.06582792631855572,0.07865773082686855
4,0.04417866397704412,0.061965664923289795,0.11626037384606053
5,0.006169294370687224,0.025476660187303286,0.12598708124666244
6,0.0060514292253356855,0.024021984070207024,0.23930880624436535
7,0.0063500242659868715,0.023760085686815657,0.2479371080303046
8,0.0063500242659868715,0.023721512799811214,0.2536742887729035
