Iteration,Energy,Loss Function,Bias
0,0.19350746208804306,0.2386688391215318,0.0
1,0.0008711235575124076,0.014312389671181688,0.14292493287753566
2,0.01092699976307854,0.009263518871507948,0.3208807502567059
3,0.0006006390983494733,0.004793591801978944,0.4089464017667171
4,0.0006006390983494733,0.003488246555938269,0.51281964694208
5,0.0006006390983494733,0.0025468292511013732,0.5620333671477039
6,0.0006006390983494733,0.0020356387092982345,0.6195195249841675
7,0.0006006390983494733,0.0017871691402003502,0.661466238294743
8,0.0006006390983494733,0.001306927138132044,0.783210022670543
9,0.0006006390983494733,0.0011237138827410514,0.8560417388604804
10,0.0006006390983494733,0.0010543063631915112,0.8917560321000243
11,0.0006006390983494733,0.0009385127406940231,0.968082069883475
12,0.0006006390983494733,0.000790629904108975,1.1290071257737475
13,0.0006006390983494733,0.0007071504216655335,1.435956043268816
