Iteration,Energy,Loss Function,Bias
0,0.08674750121662657,0.13946149800352514,0.0
1,0.019030598816481312,0.04217502236467551,0.5424359818157434
2,0.02028564430370268,0.0382225937326394,0.7233647043437121
