Iteration,Energy,Loss Function,Bias
0,0.31715481742193236,0.3114437687398249,0.0
1,0.04223127035417127,0.08882547765502745,0.09629042833079052
2,0.004681031680585729,0.06451861918805904,0.14624846137218742
3,0.004681031680585729,0.043780100876213084,0.19184401403123524
4,0.005155688582135659,0.04050990442094756,0.3649068155171559
5,0.0016252271216261253,0.03448860833555943,0.827437256387372
6,0.0016252271216261253,0.0342367112850259,0.8879526518002976
