Iteration,Energy,Loss Function,Bias
0,0.08674750121662653,0.07723154547102719,0.0
1,0.019030598816481274,0.018880568795957273,0.20689215736687586
2,0.019497258295815195,0.018005329130980605,0.441505855624364
3,0.012702920266402885,0.015245864773642369,0.6242295000004809
4,0.012702920266402885,0.014639029021565041,0.7803416529236642
