Iteration,Energy,Loss Function,Bias
0,0.31715481742193236,0.3063003787954938,0.0
1,0.042231270354171214,0.06744555656666891,0.128261610505028
2,0.06992914918267948,0.06199475885302831,0.26567548719703504
3,0.007328302011172531,0.03393010933722533,0.34763635661534953
4,0.0055612363544159035,0.022664314975653257,0.7187549178745727
5,0.006286197901476103,0.02172761827575173,1.1464535071796906
6,0.007328302011172531,0.02115465106408189,1.3822422957080125
