Iteration,Energy,Loss Function,Bias
0,0.08674750121662653,0.10793160941225509,0.0
1,0.019030598816481274,0.04737164550280864,0.20732918814686152
2,0.015340948064083296,0.045162740253741715,0.21774525675670198
3,0.018828000370707258,0.044118974996963954,0.2711697530937325
4,0.020337183979930038,0.042842564185503404,0.5205592347802874
