Iteration,Energy,Loss Function,Bias
0,0.31715481742193236,0.345578665340393,0.0
1,0.04223127035417127,0.04331602487818502,0.4093422332635322
2,0.03621541784707759,0.041423746613567805,0.5719564788001161
