Iteration,Energy,Loss Function,Bias
0,0.19350746208804306,0.23338921644284344,0.0
1,0.051885912878821355,0.02926140058955535,0.6895685950427473
