Iteration,Energy,Loss Function,Bias
0,0.3246518017687675,0.18606491937446779,0.0
1,0.04548042600883844,0.010811210709194581,0.4184750582841244
2,0.006066756436421796,0.00033221204689434645,0.8103840504022675
3,0.006066756436421796,-0.0025141236270538343,1.0506926336657836
4,0.0030566576321037755,-0.00289415577272663,1.5429826833477767
