Iteration,Energy,Loss Function,Bias
0,0.26696593626859605,0.27455202795010025,0.0
1,0.19384138473392595,0.17673400359138064,0.05576161088231252
2,0.14731540900373766,0.15869529669897672,0.060639981840855686
3,0.14731540900373766,0.14915445459584906,0.08308151041655777
4,0.14541577338941217,0.14605169532922135,0.11424986549978842
5,0.14541577338941217,0.14552572608519077,0.11523246925212577
6,0.14541577338941217,0.14546206341377055,0.12010229185523716
7,0.033873074714021185,0.062070496825044,0.1693310277081527
8,0.059681695447071165,0.0596743608444803,13.091386144217891
9,0.059681695447071165,0.04372408895607264,13.32811761859825
10,0.059681695447071165,0.0437240872559299,13.32812931910328
11,0.009802860328855901,0.012178905143065542,13.383239939951846
12,0.009802860328855901,0.010016175593075117,13.398659171339482
13,0.009802860328855901,0.009911344473681895,13.39389305800298
14,0.009802860328855901,0.009877003553958544,13.391084668107828
15,0.009802860328855901,0.009847052691075265,13.38706352645543
16,0.009802860328855901,0.00983055566840195,13.38315834755167
17,0.009802860328855901,0.009820057727243607,13.378786468601527
18,0.009802860328855901,0.00981384274455352,13.374142471175768
19,0.009802860328855901,0.009810085816872288,13.369086258221575
20,0.009802860328855901,0.009807845911135236,13.363627974816078
21,0.009802860328855901,0.009806524039446592,13.35777808220716
22,0.009802860328855901,0.009805775752066708,13.351732900478119
23,0.009802860328855901,0.009805384329631277,13.345993277551097
24,0.009802860328855901,0.009805185384396863,13.341258609516515
25,0.009802860328855901,0.009805038542513637,13.337409588804546
26,0.009802860328855901,0.009804823676699374,13.332974364020396
27,0.009802860328855901,0.009804475436239524,13.327846002158559
28,0.009802860328855901,0.009803944402086526,13.321734630807342
29,0.009802860328855901,0.00980349591273584,13.317049416123904
30,0.009802860328855901,0.009803210726691821,13.313647403587558
31,0.009802860328855901,0.00980305132032762,13.311027132443465
32,0.009802860328855901,0.009802964660850965,13.3088089274076
