Iteration,Energy,Loss Function,Bias
0,0.31715481742193236,0.2140753906901864,0.0
1,0.059681695447071165,0.027547542527547302,0.9943358714031432
