Iteration,Energy,Loss Function,Bias
0,0.31715481742193236,0.3293631726607473,0.0
1,0.04223127035417127,0.07432006655787313,0.1761025561434503
2,0.0021703792890895852,0.04341942138359953,0.5049511943285561
3,0.006540657382297638,0.038202666386865335,0.6106499805150757
4,0.0021703792890895852,0.03442052924010231,0.7386581706958533
5,0.002845206711251125,0.03258750575457486,0.9980907011453335
