Iteration,Energy,Loss Function,Bias
0,0.26696593626859605,0.2745520279501007,0.0
1,0.19384138473392595,0.17700098009803197,0.04686405785624241
2,0.14731540900373766,0.15894530356977019,0.05082930711257744
3,0.14731540900373766,0.1491690975739868,0.06876002976659487
4,0.14541577338941214,0.1462235446941684,0.09288423786011088
5,0.14541577338941214,0.1455203217955303,0.09355705944641927
6,0.14541577338941214,0.14545706003560108,0.09757687467834014
7,0.03387307471402111,0.06040182929444423,0.1321178516056019
8,0.059681695447071206,0.059681695447071206,56.269468636292395
