Iteration,Energy,Loss Function,Bias
0,0.3246518017687675,0.2712270730062776,0.0
1,0.029607387673662146,0.054569870487355426,0.1185836842786449
2,0.004588870477009285,0.028662861606639355,0.43788386246647715
3,0.005437966554856613,0.021293818683852564,0.776812387402728
4,0.005437966554856613,0.021018015663668642,0.8066513935403158
