Iteration,Energy,Loss Function,Bias
0,0.31715481742193236,0.2980345612817831,0.0
1,0.042231270354171214,0.0798438576884299,0.09671088620231315
2,0.004681031680585653,0.04784820117773337,0.13927264876637852
3,0.004681031680585653,0.027588130088080122,0.1997349135648515
4,0.005155688582135621,0.0262188182071609,0.3763479191213273
5,0.005155688582135621,0.025411696377076583,0.41132581892346937
6,0.005155688582135621,0.02403285361424,0.533748331237385
7,0.005155688582135621,0.023135280489590807,0.5884274655036046
8,0.003659123887603815,0.020120058634776297,0.7886856600305816
9,0.002663317922689573,0.01868047737150247,0.942731829182575
10,0.00044921515654421,0.018279379223510372,1.7410996605214502
