Iteration,Energy,Loss Function,Bias
0,0.31715481742193236,0.317796185511497,0.0
1,0.04223127035417127,0.06016358512949192,0.17693999714314465
2,0.03621541784707759,0.037014727702098564,0.4946847312835466
3,0.0021703792890895852,0.02602785710354545,0.7467807678791272
4,0.0011232721112792211,0.019543761377525514,0.9332493889010556
5,0.002845206711251125,0.017216761427453268,1.1199119101417363
