Iteration,Energy,Loss Function,Bias
0,0.31715481742193236,0.3218343213693923,0.0
1,0.04223127035417127,0.03679462291757764,0.25934760791588307
2,0.03621541784707759,0.02824601287383344,0.7661426856509387
3,0.0016888227214526693,0.012870721496749914,1.326705299229251
4,0.005004880469501382,0.0067618444682206996,1.6746799292896801
