Iteration,Energy,Loss Function,Bias
0,0.08674750121662657,0.07134711800876141,0.0
1,0.022686566071034617,0.019407123494277756,0.15756412248491766
2,0.019554982078909156,0.01788547499700171,0.3406642799035894
3,0.012702920266402924,0.0148139858701002,0.5858854265276502
4,0.012702920266402924,0.013949800949376024,0.8077782644720509
5,0.013966512485084842,0.013791908569663901,1.2216043723010543
