Iteration,Energy,Loss Function,Bias
0,0.26696593626859605,0.2813064959269808,0.0
1,0.1574176978740684,0.16542472350990176,0.22284380480716778
2,0.05049479659658175,0.06129635581326535,0.39176754271988695
3,0.012828654877866984,0.0013616107244683604,0.6491762385073221
4,0.012828654877866984,-0.001819377899918502,0.8020372905444945
5,0.012130853116638128,-0.003538147712168442,0.9562597304472706
6,0.01109291696542107,-0.004821128136328696,1.5621464569222447
