Iteration,Energy,Loss Function,Bias
0,0.3246518017687675,0.17936014767617509,0.0
1,0.059681695447071206,0.025757514799764018,0.7324970671458318
