Iteration,Energy,Loss Function,Bias
0,0.19350746208804312,0.22964452945541305,0.0
1,0.0008711235575124076,0.026581643046442012,0.04228071847506955
2,0.0012373613681519284,0.020287963766701115,0.0477964494516125
3,0.0006006390983495115,0.019501801303832538,0.09710252822542575
4,0.0006006390983495115,0.018813461617309502,0.11787224146774024
5,0.0007137373972467284,0.01879910306247275,0.15313349649625657
6,0.0007137373972467284,0.01825763409272322,0.2322069076070315
