Iteration,Energy,Loss Function,Bias
0,0.31715481742193236,0.2962895306637505,0.0
1,0.059681695447071206,0.01268170335916439,0.7231525909185279
