Iteration,Energy,Loss Function,Bias
0,0.26696593626859605,0.3077781880108704,0.0
1,0.04579710764251261,0.07238548843683092,0.5192528545804518
2,0.00311880137744709,0.06754983987031166,1.4185025728170095
3,0.009216954825139222,0.04426308331654092,1.6025923861074527
4,0.008501247387933189,0.04271077831771219,1.908376719582145
