Iteration,Energy,Loss Function,Bias
0,0.26696593626859605,0.3002604926146075,0.0
1,0.04579710764251263,0.06211164164274066,0.5184215531291574
2,0.014474144917270226,0.026148203342953282,0.8205228125593367
3,0.014474144917270226,0.026123184012221884,0.944824318894887
4,0.014474144917270226,0.026116624626807347,1.1909014149400472
5,0.014474144917270226,0.026110387625322577,1.406121016627038
