Iteration,Energy,Loss Function,Bias
0,0.19350746208804306,0.259935646970511,0.0
1,0.04347244747175822,0.04736851982543894,0.42127778470538313
2,0.03931232316894737,0.04477004621324435,2.1939776353026414
