Iteration,Energy,Loss Function,Bias
0,0.08674750121662653,0.1815219901166767,0.0
1,0.059681695447071206,0.03969091163366932,0.9978072135350599
