Iteration,Energy,Loss Function,Bias
0,0.26696593626859605,0.30851636369203883,0.0
1,0.1554509201127645,0.19470311058018389,0.03677507264638959
2,0.14138951716680287,0.1945564294690092,0.1131560666924607
3,0.14138951716680287,0.18893235657918286,0.1144095470732275
4,0.04821842581488191,0.08608395838677353,0.12907849303742955
5,0.04821842581488191,0.08605849629719615,0.1324017265349753
6,0.04821842581488191,0.0858435034369444,0.16483919710929834
7,0.00652479558930959,0.040136288747485906,0.44710621180524895
