Iteration,Energy,Loss Function,Bias
0,0.3246518017687675,0.22683681901602354,0.0
1,0.0027533742336434716,0.028734600602875967,0.2457077449201674
2,0.006066756436421758,0.028231237918657195,0.3468504211289171
3,0.006066756436421758,0.025327906807299596,0.5531407867900405
4,0.006066756436421758,0.02389756078653111,0.6187808571002529
5,0.006066756436421758,0.02127230924526027,0.8672207556034559
6,0.004323523437898444,0.019633255538807327,1.5333203325460727
