Iteration,Energy,Loss Function,Bias
0,0.26696593626859605,0.31379505456510176,0.0
1,0.1574176978740684,0.20416895300956162,0.17191607043667734
2,0.14731540900373766,0.1855837045142818,0.3840682372945551
3,0.014258134830297363,0.051176385054137956,0.6168373816309581
4,0.013425158787407198,0.046412541618454956,1.0147161796926292
5,0.02126084796591925,0.04553746779714271,1.1476849923870427
