Iteration,Energy,Loss Function,Bias
0,0.3246518017687675,0.31104427212031377,0.0
1,0.0680161371865412,0.10644460080183611,0.04082142438726427
2,0.0680161371865412,0.07444904469218865,0.07620417197440103
3,0.0021563983444184225,0.020787006341738905,0.09405401579319676
4,0.0021563983444184225,0.020163200769855123,0.11138914958267962
5,0.0021929917477014763,0.020072032680549964,0.18103234255987913
6,0.0029094306421467864,0.019985169938375454,0.42347022122993305
