Iteration,Energy,Loss Function,Bias
0,0.31715481742193236,0.31199811528351157,0.0
1,0.04223127035417127,0.023849923846991115,0.26020207623312647
2,0.03621541784707759,0.013428423833060326,0.7593674865332362
3,0.001434453809267165,-0.008252965867509001,0.9219497245020734
4,0.0019059075961130568,-0.010414190701453467,1.022149053846619
5,0.0019059075961130568,-0.011137805689480201,1.143016302266648
6,0.0019059075961130568,-0.011598258277619239,1.4252656254745057
