Iteration,Energy,Loss Function,Bias
0,0.26696593626859605,0.28378121002840623,0.0
1,0.1574176978740684,0.17558901222248724,0.13655665998124233
2,0.1574176978740684,0.16456074782607863,0.15737679188800266
3,0.14731540900373766,0.15258323320163553,0.18539883894057377
4,0.11858913244830875,0.1309788293162706,0.25517328896014485
5,0.11858913244830875,0.12530599547105706,0.32281005320212275
6,0.11858913244830875,0.11963588063477586,0.36206156186098654
7,0.04222747152275066,0.050233772426533554,0.822649136399392
8,0.028655381567231193,0.01938302920830786,2.9955039196635647
9,0.005321405313656987,0.01619230477684012,3.8130553763962762
