Iteration,Energy,Loss Function,Bias
0,0.31715481742193236,0.3218343213693921,0.0
1,0.042231270354171214,0.03679462291757765,0.25934760791588257
2,0.03621541784707755,0.028246012873833496,0.7661426856509381
3,0.0016888227214526693,0.012870721496750143,1.3267052992292527
4,0.005004880469501382,0.0067618444682206996,1.6746799292896748
