Iteration,Energy,Loss Function,Bias
0,0.26696593626859605,0.28522510182208194,0.0
1,0.04579710764251261,0.048445895817821986,0.5162743968693319
2,0.018185299917198382,0.0430590581709155,1.4764250305833349
3,0.009216954825139222,0.014526159502893517,1.7065989882066395
4,0.011133871372901942,0.012982921942497871,2.1264653683761052
5,0.011133871372901942,0.011217311041003594,2.2726170809509276
6,0.01113387137290198,0.007385373207623684,2.4327233491949967
7,0.011133871372901942,0.006173295429655978,2.5322102515115725
8,0.01113387137290198,0.005215663120606797,2.7220306878784504
