Iteration,Energy,Loss Function,Bias
0,0.26696593626859605,0.26711495695290616,0.0
1,0.026761344800326718,0.044986393114056125,0.8223583048115489
