Iteration,Energy,Loss Function,Bias
0,0.08674750121662653,0.18131618612779007,0.0
1,0.059681695447071206,0.028924934618422642,0.9977763013780592
