Iteration,Energy,Loss Function,Bias
0,0.19350746208804312,0.266989547987874,0.0
1,0.0008711235575124076,0.0418989416776765,0.1428067111378761
2,0.0006006390983495115,0.0388322452196991,0.27802019944148587
3,0.0006006390983495115,0.03722129970709498,0.33559193924903113
4,0.0006006390983495115,0.03682659853394326,0.37635645796971834
5,0.0009741103500218012,0.03613399768307272,1.3183716006753257
