Iteration,Energy,Loss Function,Bias
0,0.19350746208804312,0.23291885512783617,0.0
1,0.04347244747175822,0.0073034480848488525,0.2183560673096972
2,0.0006006390983495115,-0.006615487302603003,0.7392487935521295
3,0.0006006390983495115,-0.012189178706354975,1.0171440372546952
4,0.0010952617698378737,-0.014069708686294341,1.2823247539230427
5,0.0008504277536919226,-0.014788452621226219,1.4190255233357594
6,0.0010952617698378737,-0.015922505411436312,1.7283246051153345
7,0.0009392950421110237,-0.01592440591876086,2.369425304019302
