Iteration,Energy,Loss Function,Bias
0,0.31715481742193236,0.33167052745527287,0.0
1,0.04223127035417127,0.04979568100626308,0.25835321742426726
2,0.032382801409007435,0.04207474535784386,0.775728131493558
3,0.0014908905784054962,0.021868208343535134,1.2492773060573712
4,0.0014908905784054962,0.02059752288588431,1.7639273860067113
