Iteration,Energy,Loss Function,Bias
0,0.08674750121662657,0.15988497727928433,0.0
1,0.02562702947946172,0.039113899121593604,0.803026369721742
