Iteration,Energy,Loss Function,Bias
0,0.26696593626859605,0.2045505352586686,0.0
1,0.059681695447071206,0.028204154145881774,0.9995362071273454
