Iteration,Energy,Loss Function,Bias
0,0.26696593626859605,0.3008892068764382,0.0
1,0.1574176978740684,0.19099719703993612,0.17167338576575328
2,0.1574176978740684,0.17448064189616375,0.21660265740126813
3,0.14731540900373766,0.15312991518426813,0.2688825577611662
4,0.013297457501968625,0.03979725631743493,0.6323299872929868
5,0.013425158787407198,0.03309027453912559,0.9403929306386699
6,0.013425158787407198,0.031166958151328594,1.1260088035800904
7,0.006652764528492958,0.023187743333625763,2.3106522936218594
