Iteration,Energy,Loss Function,Bias
0,0.26696593626859605,0.3174504585821833,0.0
1,0.1574176978740684,0.16895012026537118,0.3184529230936637
2,0.04943393087018607,0.05343160876045541,0.5901242416291248
3,0.013360458071257452,0.0389711283462363,0.7786202551985099
4,0.014474144917270265,0.03776770773140734,1.1450854189796238
5,0.014474144917270265,0.03718908191910142,1.3679515399202615
6,0.014474144917270265,0.03715606339866713,1.5206070378443008
7,0.014474144917270265,0.03707704561272118,1.6994926953745129
8,0.014474144917270265,0.03684205809898795,1.8200476010058404
9,0.014474144917270265,0.03545705853410132,2.203739430972437
10,0.014474144917270265,0.03507098945356954,2.3481254931278985
11,0.014474144917270265,0.03196580802887918,3.2437346167844767
12,0.014474144917270265,0.03174954363333096,3.5613605800435084
