Iteration,Energy,Loss Function,Bias
0,0.19350746208804312,0.24872179613772366,0.0
1,0.0008711235575124076,0.024721516899299297,0.10502908958063592
2,0.0008711235575124076,0.021715924982313298,0.14691555295303316
3,0.0006006390983495115,0.020288705693226366,0.21263913686202315
4,0.0006006390983495115,0.01991066999436107,0.2575208795524704
5,0.0006006390983495115,0.01937175361797837,0.3259065446977024
6,0.0006006390983495115,0.01914543523361759,0.4432592384296388
7,0.0006006390983495115,0.01806956977756617,0.6820973204667602
8,0.0007137373972467284,0.017673995137772708,1.0011446434493056
