Iteration,Energy,Loss Function,Bias
0,0.19350746208804312,0.24047683176944942,0.0
1,0.0008711235575124076,0.024487756378650905,0.06725073021278363
2,0.0008711235575124076,0.022529706583613744,0.0898195777327048
3,0.0006006390983495115,0.02040048052131533,0.11051228431462692
4,0.0008711235575124076,0.019230754203880075,0.1743110085863398
5,0.0006006390983495115,0.018744688373685398,0.22343349304451648
6,0.0005505419135113447,0.018074857363940513,0.35082390353710663
7,0.0006006390983495115,0.017508038956038738,0.5980784991318825
