Iteration,Energy,Loss Function,Bias
0,0.08674750121662653,0.08750096539319599,0.0
1,0.022686566071034617,0.0331350676527527,0.15640006967970005
2,0.014842461188742582,0.03118652208446535,0.1799985074113599
3,0.015216417529358756,0.030813134941489153,0.23921475807586615
4,0.01333074235084237,0.02929855133187213,0.501664982475926
5,0.013330742350842409,0.028060766382408602,0.7987214709959178
