Iteration,Energy,Loss Function,Bias
0,0.26696593626859605,0.27247958398693756,0.0
1,0.18025748289102236,0.1851677754911996,0.02775050612860955
2,0.017865095831445268,0.013414336900003286,0.10681118006476058
3,0.006865978087151331,0.006952148270154129,0.11192178563056056
4,0.006865978087151331,0.006877886226975497,0.11546762219624296
5,0.006865978087151331,0.006873307080690526,0.11657753204317187
6,0.006865978087151331,0.006866204225119312,0.1197430438180458
7,0.002986588861035291,0.0037607575631599228,0.3450319420573723
