Iteration,Energy,Loss Function,Bias
0,0.19350746208804312,0.2373158328746768,0.0
1,0.04347244747175822,0.00964163719148821,0.2904108819269441
2,0.0006006390983495115,-0.008199134347748348,0.7703145849761555
3,0.0006006390983495115,-0.012174105552940993,1.1755941315623004
4,0.0006006390983495115,-0.012697131355047932,1.3630450678602741
5,0.0009392950421110237,-0.013017111748188457,1.5171706741258286
6,0.002258897996402416,-0.013816001644428675,1.9774551236024946
7,0.002258897996402416,-0.014394371905784617,2.3679365235249605
8,0.002258897996402416,-0.014466022410865342,2.740899458516074
