Iteration,Energy,Loss Function,Bias
0,0.3246518017687675,0.18762822177250396,0.0
1,0.059681695447071206,0.05124264040453937,0.9921396482092733
