Iteration,Energy,Loss Function,Bias
0,0.3246518017687675,0.28606441000180394,0.0
1,0.029607387673662108,0.07602253233685424,0.08963845811806406
2,0.004588870477009285,0.020760908134553398,0.20639046907712624
3,0.004588870477009285,0.0200961631700391,0.34507615840076344
4,0.004961279765117922,0.019683335517388125,0.5683385322214882
