Iteration,Energy,Loss Function,Bias
0,0.26696593626859605,0.30728680842602524,0.0
1,0.1574176978740684,0.15855242786763868,0.31766140934767095
2,0.04943393087018607,0.04155094180101005,0.5874605344603969
3,0.014342823538376072,0.03797855398324566,1.2602566852671817
4,0.006953859320527357,0.033539955805147105,1.299670309461496
5,0.014160505855662085,0.03059733243093558,1.4005432971124507
6,0.002265627047396798,0.022336347827667365,1.7583465735893085
7,0.007855976003590193,0.019832893228191376,2.0111186295076804
8,0.007855976003590193,0.018630826497162523,2.1241131196343677
9,0.002265627047396798,0.015753108944131185,2.469346693410227
10,0.0020346601050274552,0.013648861702607864,2.6540909644056967
11,0.003018053203592162,0.012339043699738522,2.802961329627623
12,0.0030180532035922,0.011506585841039271,2.916449430046615
13,0.0030180532035922,0.011028480097193543,3.011944779524063
14,0.003298934501262322,0.010796400495760047,3.08099899990546
15,0.003298934501262322,0.01059651449601936,3.2853782572677432
16,0.003298934501262322,0.010585597227341809,3.3405043594361454
17,0.003298934501262322,0.010572520807748073,3.4107918941801008
18,0.003298934501262322,0.010522993700640798,3.50553685986421
19,0.003298934501262322,0.010375648943081234,3.6065803499696587
20,0.003298934501262322,0.00906619671212537,3.9060621936553797
21,0.003298934501262322,0.008969311608730893,3.926169215316062
22,0.003298934501262322,0.00877839378787364,3.9196752358227496
23,0.003298934501262322,0.008413241428128023,3.9015626431757835
24,0.003298934501262322,0.007792219967679985,3.845028410203161
25,0.003298934501262322,0.007256831839197815,3.7346424061406065
26,0.003298934501262322,0.0070691146126902445,3.6575207448401796
27,0.003298934501262322,0.006957940694274345,3.5906650741282653
28,0.003298934501262322,0.006897728063814198,3.542026860850169
29,0.003298934501262322,0.006870389851669981,3.52755786679944
30,0.003298934501262322,0.006854655528705782,3.52092812985524
31,0.003298934501262322,0.006843737537217352,3.5187197354636948
32,0.003298934501262322,0.0068313655085774005,3.5164106001990976
33,0.003298934501262322,0.0068203506058959655,3.511854412160951
34,0.003298934501262322,0.006811261763168768,3.5053661179691105
35,0.003298934501262322,0.006806813069285347,3.5022148087859164
36,0.003298934501262322,0.006804725406631825,3.502688420801418
37,0.003298934501262322,0.00680457425074891,3.503968877066856
