Iteration,Energy,Loss Function,Bias
0,0.31715481742193236,0.21377052203434377,0.0
1,0.059681695447071165,0.027304665275750123,0.9945171513849194
