Iteration,Energy,Loss Function,Bias
0,0.19350746208804312,0.23291844001699322,0.0
1,0.0008711235575124076,0.025847746470020295,0.048416234367663326
2,0.0012373613681519284,0.020998327294916085,0.05615307080132017
3,0.0006006390983495115,0.018792062648223154,0.0926236943290368
4,0.0006006390983495115,0.018105110977841735,0.11740045435136777
5,0.0006006390983495115,0.01807006299498544,0.13545690646723416
6,0.0006006390983495115,0.018056719015806157,0.1458833047034403
