Iteration,Energy,Loss Function,Bias
0,0.08674750121662657,0.07723154547102716,0.0
1,0.019030598816481312,0.018880568795957273,0.20689215736687586
2,0.019497258295815233,0.01800532913098051,0.44150585562436295
3,0.012702920266402924,0.015245864773642407,0.6242295000004876
4,0.012702920266402924,0.01463902902156508,0.7803416529236635
