Iteration,Energy,Loss Function,Bias
0,0.19350746208804312,0.2679590456940171,0.0
1,0.022464952372798677,0.04725567207670473,0.2180444031110008
2,0.0009741103500218012,0.04605469037603122,0.7426949415938469
3,0.002258897996402416,0.03626733684218532,1.089469081520884
