Iteration,Energy,Loss Function,Bias
0,0.3246518017687675,0.32630379191421477,0.0
1,0.0680161371865412,0.12512133915996249,0.04093086548201299
2,0.0680161371865412,0.0957471786005018,0.0750321883331144
3,0.0021563983444184225,0.03774052632347271,0.09699074490406576
4,0.0021563983444184225,0.03728805996435507,0.09967693169936656
5,0.0021929917477014763,0.03584090688190767,0.11398707586202807
6,0.004781653989327706,0.03571885623980718,0.11753649135381421
7,0.004781653989327706,0.03556300935644605,0.16402700814789045
