Iteration,Energy,Loss Function,Bias
0,0.3246518017687675,0.32631648698143095,0.0
1,0.15450777606473248,0.19885429211556205,0.016229729350391367
2,0.033225419542498004,0.05936344450657337,0.04025014163427849
3,0.006169294370687224,0.04071639685014378,0.06081557453472462
4,0.0007792621375355841,0.03183835836818535,0.07914699266367475
5,0.0005875937861767118,0.031420674124639246,0.08095998897052634
6,0.0005875937861767118,0.03133929343598705,0.0825788338513643
7,0.0005654947491986351,0.031309327936940155,0.08689575666042632
8,0.00046460090377480236,0.03129194997206747,0.13408282032635221
