Iteration,Energy,Loss Function,Bias
0,0.31715481742193236,0.3243806379330186,0.0
1,0.042231270354171214,0.012263840151262959,0.41403455060033056
2,0.03621541784707755,0.0075994042082196634,0.5995113569873658
