Iteration,Energy,Loss Function,Bias
0,0.19350746208804306,0.23967201976018554,0.0
1,0.04347244747175822,0.014758482314676977,0.420492332279513
