Iteration,Energy,Loss Function,Bias
0,0.08674750121662657,0.1307917995152276,0.0
1,0.019030598816481312,0.030133779319959912,0.5380529452618936
