Iteration,Energy,Loss Function,Bias
0,0.3246518017687675,0.29750811896503865,0.0
1,0.07164097439043578,0.0789598104182261,0.03407424096650225
2,0.0680161371865412,0.0589534523668104,0.05531817233017448
3,0.025543013458342645,0.019827901934238334,0.06171949487125
4,0.00496127976511796,0.004317411719503949,0.07593363713665557
5,0.0021563983444183843,0.0021952597369601424,0.07479687370063987
6,0.0021563983444183843,0.0021807885968377653,0.07476657496922127
7,0.0021563983444183843,0.002168645342293015,0.074777394421996
8,0.0021563983444184225,0.0021629826721636567,0.0748105459086646
9,0.0021563983444184225,0.0021598922305861644,0.07485672884652678
10,0.0021563983444183843,0.0021583296000052257,0.0749092900659946
11,0.0021563983444183843,0.002157519722554946,0.07496727633948125
12,0.0021563983444183843,0.0021571079849502972,0.07502891974366141
13,0.0021563983444184225,0.0021569035154107765,0.07509291471142229
14,0.0021563983444184225,0.002156809642804187,0.0751560925953486
15,0.0021563983444183843,0.00215677407810592,0.07521188253181417
16,0.0021563983444184225,0.0021567650396530948,0.07525060112695874
17,0.0021563983444183843,0.002156763345766879,0.0752697060616423
18,0.0021563983444183843,0.002156762148923927,0.0752842299420118
19,0.0021563983444184225,0.00215676000372553,0.075305033920535
20,0.0021563983444184225,0.002156756043345624,0.07533793925592866
21,0.0021563983444183843,0.0021567486605035165,0.07539428227953264
22,0.0021563983444184225,0.0021567348444679266,0.07549600264739216
23,0.0021563983444183843,0.0021511478664720733,0.0794457205294071
24,0.0021563983444183843,0.0021511472996319225,0.07945096057229484
25,0.0021247339830838177,0.0021451646194284597,0.08034317008391018
26,0.0021247339830838177,0.002139223432542024,0.08187463441866308
27,0.0021247339830838177,0.0021337245850615587,0.08194580818677148
28,0.0021247339830838177,0.002130514974449769,0.082297709084722
29,0.0021247339830838177,0.002128192777075583,0.08274088828913273
30,0.0021247339830838177,0.002126765186033998,0.08323682935750618
31,0.0021247339830838177,0.0021258961773775054,0.08379377999244109
32,0.0021247339830838177,0.002125397586603743,0.0843951553714515
33,0.0021247339830838177,0.0021251173833849984,0.08503882809767362
34,0.0021247339830838177,0.002124964998285396,0.0857180464730962
35,0.0021247339830838177,0.0021248959543262546,0.08638421846123609
36,0.0021247339830838177,0.0021248873681531796,0.08673396662533624
