Iteration,Energy,Loss Function,Bias
0,0.19350746208804312,0.2506005073735748,0.0
1,0.0008711235575124076,0.042132218408307116,0.04968770336018502
2,0.0012373613681519284,0.03781257438039515,0.05610772676161148
3,0.0006006390983495115,0.03601765260227862,0.08901319737654503
4,0.0008711235575124076,0.03588622046966483,0.15344700167535152
5,0.0008711235575124076,0.0357215139461027,0.1580481256964478
6,0.0006006390983495115,0.034864763771673066,0.1898253207611735
7,0.0006006390983495115,0.034859510525275965,0.20944505761988852
