Iteration,Energy,Loss Function,Bias
0,0.3246518017687675,0.20233847863908605,0.0
1,0.045480426008838344,0.030035928481981753,0.407663483368901
2,0.0022567225293715766,0.02409291141102078,0.7989086853154777
3,0.01113387137290198,0.01956241716403224,1.4388822222115665
