Iteration,Energy,Loss Function,Bias
0,0.3246518017687675,0.32872838354257017,0.0
1,0.06443344238107604,0.13984268803088082,0.021441254918913098
2,0.07164097439043578,0.11040150658535892,0.02830040029137354
3,0.015043872749335862,0.05122125894003327,0.057905490836545476
4,0.0021563983444184225,0.03999589088794215,0.11310907176594737
5,0.0021563983444184225,0.03861397582198452,0.11766860400687504
