Iteration,Energy,Loss Function,Bias
0,0.26696593626859605,0.3166080317978898,0.0
1,0.1574176978740684,0.20220311721617878,0.2243966902604286
2,0.05049479659658174,0.09261073541125711,0.45106874414942366
3,0.013297457501968625,0.03967377932379047,0.8683478036498135
4,0.013297457501968625,0.038687373602132424,1.0110476137501003
5,0.014474144917270265,0.03409156180090682,1.5966636843400765
6,0.014474144917270265,0.032691848894768824,1.939301699734773
7,0.014474144917270265,0.03245862986009989,2.081623593491842
