Iteration,Energy,Loss Function,Bias
0,0.3246518017687675,0.24567676962203197,0.0
1,0.029607387673662146,0.029745029645141172,0.11991255841519313
2,0.004588870477009285,-0.0030221196760067586,0.380900140277029
3,0.005437966554856613,-0.011126119033946658,0.7194782168026594
4,0.004588870477009285,-0.013422403913575394,0.7779444756816595
5,0.004588870477009285,-0.013926832618800213,0.8171148009257362
6,0.004588870477009285,-0.01402378634193095,0.8362106340996373
7,0.004588870477009285,-0.014105503729369553,0.8712573703444002
8,0.004588870477009285,-0.014140580285424075,0.9078702224403221
9,0.004588870477009285,-0.014155700177693535,0.9541825197663149
10,0.004588870477009285,-0.014158768367546653,0.9831052774711838
11,0.004588870477009285,-0.014160503307439305,1.0141305258042255
12,0.004588870477009285,-0.01416106738295767,1.0425978073880098
