Iteration,Energy,Loss Function,Bias
0,0.3246518017687675,0.20617799507847503,0.0
1,0.0022567225293716148,0.006284452923901652,0.2517341851186998
2,0.006066756436421796,0.001723479021337781,0.7346939656083493
3,0.006066756436421796,-0.002570128554385542,0.8045340458638685
4,0.006066756436421796,-0.0060053862365718955,0.9077532095688061
5,0.006066756436421796,-0.008382655612016138,1.0548087730256417
6,0.006066756436421796,-0.009182959009935845,1.2005841544619884
7,0.006066756436421796,-0.009596778313636372,1.3300102711080561
8,0.006066756436421796,-0.009758800963362338,1.6716692558830448
