Iteration,Energy,Loss Function,Bias
0,0.3246518017687675,0.20233847863908605,0.0
1,0.045480426008838344,0.03167400009699844,0.407663483368901
2,0.0022567225293715766,0.02565210740363902,0.7989086853154777
3,0.01113387137290198,0.023627690421374217,1.4473759402067339
