Iteration,Energy,Loss Function,Bias
0,0.3246518017687675,0.3291698950163721,0.0
1,0.07164097439043578,0.12016184351585737,0.0315283910512375
2,0.04796256439212429,0.06719551304076939,0.06428340351578918
3,0.004961279765117922,0.042238972857505004,0.08174794790064986
4,0.004781653989327706,0.04159210199004292,0.08736244118944918
5,0.004781653989327706,0.04136380044077589,0.08793525566248483
6,0.004781653989327706,0.04135384305373629,0.09529653753371556
