Iteration,Energy,Loss Function,Bias
0,0.19350746208804306,0.24163178465933477,0.0
1,0.0224649523727986,0.017207553716017576,0.17336353713832495
2,0.008649153045731727,0.015281539498597677,0.7310514821666197
3,0.008649153045731727,0.013212134247965997,0.7541812498595948
4,0.001676490896054964,0.005918744428106177,0.9611853044295188
5,0.001676490896054964,0.004404970915158428,1.1675259629123236
6,0.001676490896054964,0.003745322679881297,1.2252580718955333
7,0.001676490896054964,0.003437155727651069,1.2570422994797688
8,0.001676490896054964,0.0027796681347634833,1.3432912479081554
9,0.001676490896054964,0.0024789507748577337,1.3998021489793053
10,0.001676490896054964,0.002336042455507892,1.434322253253904
11,0.001676490896054964,0.0020435430984884935,1.5320290351660404
12,0.001676490896054964,0.0019193737083428308,1.5982085337656422
13,0.001676490896054964,0.001866578338542851,1.6378785666857358
14,0.001676490896054964,0.001780710608256242,1.7404899751754193
15,0.001676490896054964,0.0017577226596450636,1.7916302373040882
16,0.001676490896054964,0.0017396528291980498,1.8714635630215999
