Iteration,Energy,Loss Function,Bias
0,0.19350746208804312,0.19987129584631746,0.0
1,0.059681695447071206,0.03969567128032978,0.9876308821008553
