Iteration,Energy,Loss Function,Bias
0,0.19350746208804312,0.244883840502485,0.0
1,0.0008711235575124076,0.04390875731999735,0.03873315712065657
2,0.0012373613681519284,0.0369194251040036,0.04322128840739706
3,0.0006006390983495115,0.03578442181722671,0.054209694682575915
4,0.0006006390983495115,0.03553467682084958,0.060981194922683606
5,0.0006006390983495115,0.03534602791642931,0.07492367890284005
6,0.0006006390983495115,0.03518787191091437,0.1521782426035161
