Iteration,Energy,Loss Function,Bias
0,0.26696593626859605,0.3077781880108703,0.0
1,0.04579710764251261,0.06897590140469093,0.5192528545804519
2,0.014474144917270265,0.03480695455714558,0.8088008485336358
3,0.014474144917270265,0.03465589952937739,0.9400884518766992
