Iteration,Energy,Loss Function,Bias
0,0.08674750121662657,0.05519327062432683,0.0
1,0.022686566071034617,0.006718157885893103,0.1585467292149039
2,0.015377736019896128,0.002024200328509154,0.39430550065890524
3,0.015377736019896128,-0.0018363717704673844,0.5237263373591862
4,0.015377736019896128,-0.0027051512394468953,0.6101165868351861
5,0.015377736019896128,-0.002902055059859378,0.632971640746372
6,0.015377736019896128,-0.0031301493868149005,0.6724995778083489
7,0.015377736019896128,-0.0032875808384023077,0.736158486692969
8,0.015377736019896128,-0.003321138032449445,0.7956936226616043
9,0.015377736019896128,-0.0033224322456016065,0.8421346147173457
