Iteration,Energy,Loss Function,Bias
0,0.3246518017687675,0.3275403208240188,0.0
1,0.15450777606473248,0.19566684117311847,0.018473187034723226
2,0.05963055399558937,0.09192408870316646,0.03591408824496501
3,0.02118698795312319,0.05739637956527697,0.07171866611044886
4,0.023306227158452007,0.055856542992925216,0.07362932122513237
5,0.02274094235444075,0.05568491022504495,0.07418715241484758
6,0.02118698795312319,0.05552864401283175,0.0908626887830499
7,0.007644140667338677,0.04077805247385983,0.5446233617162419
