Iteration,Energy,Loss Function,Bias
0,0.19350746208804312,0.2176346231595104,0.0
1,0.0008711235575124076,-0.0035237758317332476,0.10419457808222249
2,0.013321406643675341,-0.004078219967065198,0.2693088039104228
3,0.0006006390983495115,-0.014090971565758044,0.8152710710310208
4,0.0006006390983495115,-0.01717903707898609,0.9643290359959285
5,0.0006006390983495115,-0.01784711444592677,1.0605023607339785
