Iteration,Energy,Loss Function,Bias
0,0.26696593626859605,0.3166080317978898,0.0
1,0.1574176978740684,0.20256997514262626,0.2243966902604286
2,0.05049479659658174,0.09332792701121924,0.45034188341990555
3,0.013297457501968625,0.043475743279393825,0.8677126213522786
4,0.013297457501968625,0.04244275060614929,1.0106080664524182
