Iteration,Energy,Loss Function,Bias
0,0.3246518017687675,0.32631648698143095,0.0
1,0.15450777606473248,0.19881463403170363,0.016229729350391367
2,0.033225419542498004,0.05940524882229871,0.040255348178300454
3,0.006169294370687224,0.04057888902455752,0.06084225539042592
4,0.0007792621375355841,0.03191705948803184,0.07909978777616425
5,0.0005875937861767118,0.03162762964472534,0.0808683650509506
6,0.00046460090377480236,0.03147190796402458,0.08531490291344995
7,0.00046460090377480236,0.031457294005367946,0.08730521510147697
