Iteration,Energy,Loss Function,Bias
0,0.08674750121662653,0.08750096539319599,0.0
1,0.022686566071034617,0.03313506765275272,0.15640006967969994
2,0.01484246118874262,0.031186522084465366,0.17999850741135992
3,0.015216417529358756,0.03081313494148919,0.23921475807586598
4,0.013330742350842447,0.029298551331872147,0.5016649824759085
5,0.013330742350842447,0.028060766382408564,0.7987214709959065
