Iteration,Energy,Loss Function,Bias
0,0.08674750121662657,0.1524621530439363,0.0
1,0.02562702947946172,0.026271843285361626,0.7988109197923534
