Iteration,Energy,Loss Function,Bias
0,0.3246518017687675,0.2840022246984003,0.0
1,0.029607387673662146,0.06731946722888947,0.11788523179713999
2,0.005437966554856613,0.03988248943720464,0.45639471872016174
3,0.006896337308748698,0.03499961603361332,0.8125415097109003
4,0.01113387137290198,0.03217784140206545,1.0760119368585666
