Iteration,Energy,Loss Function,Bias
0,0.08674750121662653,0.08750096539319599,0.0
1,0.022686566071034617,0.03332892353379175,0.15640006967969994
2,0.01484246118874262,0.03102070008361824,0.18047814935849604
3,0.015216417529358756,0.030928038615921256,0.2505541697081136
4,0.013330742350842447,0.029555492842334496,0.5170500083327085
