Iteration,Energy,Loss Function,Bias
0,0.26696593626859605,0.26396342918771915,0.0
1,0.02676134480032668,0.02752012017569659,0.8247192271555307
