Iteration,Energy,Loss Function,Bias
0,0.08674750121662653,0.11476229605192238,0.0
1,0.019030598816481274,0.04585339656385599,0.2767433511304476
2,0.019880790788966176,0.04441869842685076,0.3188854406826574
3,0.011313052690337477,0.04385960401433042,0.514771850426036
4,0.009601855435788223,0.04107054668539495,0.9781958911354623
