Iteration,Energy,Loss Function,Bias
0,0.3246518017687675,0.2104752582713951,0.0
1,0.045480426008838344,0.04286162524838532,0.4023209348307687
2,0.0021563983444184225,0.03786999702213412,0.7956239231280801
3,0.009216954825139222,0.037463116259402136,1.2199900923152396
