Iteration,Energy,Loss Function,Bias
0,0.26696593626859605,0.31660803179788966,0.0
1,0.1574176978740684,0.20220311721617892,0.22439669026042877
2,0.05049479659658175,0.09261073541125668,0.45106874414941994
3,0.013297457501968663,0.039673779323790716,0.8683478036498224
4,0.013297457501968663,0.038687373602132466,1.0110476137501214
5,0.014474144917270226,0.0340915618009052,1.5966636843400526
6,0.014474144917270226,0.03269184889476888,1.9393016997348382
7,0.014474144917270226,0.03245862986010008,2.081623593491724
