Iteration,Energy,Loss Function,Bias
0,0.3246518017687675,0.29961097386661,0.0
1,0.029607387673662146,0.088165806415247,0.08934572230788573
2,0.004488579084907835,0.03708818732607224,0.21666090193009824
3,0.0021563983444184225,0.036486865158807655,0.3443846203297245
4,0.0021563983444184225,0.03592092320505366,0.370561305758728
5,0.0022567225293716148,0.033752964743096074,0.5226075656662463
