Iteration,Energy,Loss Function,Bias
0,0.3246518017687675,0.20233847863908586,0.0
1,0.045480426008838344,0.030035928481981694,0.40766348336890096
2,0.0022567225293716148,0.024092911411020743,0.7989086853154774
3,0.01113387137290198,0.01956241716403224,1.4388822222115643
