Iteration,Energy,Loss Function,Bias
0,0.3246518017687675,0.19420169900677683,0.0
1,0.045480426008838344,0.02042098009292885,0.41305028148614104
2,0.006066756436421796,0.012412283188159413,0.8037553949902362
3,0.006066756436421796,0.010225509485529739,0.9814047957788985
4,0.008501247387933227,0.00864270767031476,1.2874645251673371
5,0.004323523437898406,0.0084762515017506,1.5767996546922716
