Iteration,Energy,Loss Function,Bias
0,0.19350746208804312,0.24756737921300653,0.0
1,0.0008711235575124076,0.043021588728889525,0.043557125159942714
2,0.0012373613681519284,0.03730420035905212,0.049402829942013636
3,0.0006006390983495115,0.036996031861206626,0.08170546369097109
4,0.0006006390983495115,0.03656844575653534,0.0905470571950525
5,0.0006006390983495115,0.0349181495235425,0.14059522057455026
6,0.0008711235575124076,0.03485144742356497,0.16170978507377282
7,0.0006006390983495115,0.03475413996337064,0.20942814078238323
