Iteration,Energy,Loss Function,Bias
0,0.31715481742193236,0.2838594732664548,0.0
1,0.0656253366387351,0.16508633321075522,0.04152726822436504
2,0.0656253366387351,0.08713843501655419,0.04974736880757804
3,0.017170472204306113,0.04759556074632704,0.09720861070979678
4,0.017899723856611715,0.03322929028985383,0.1277883346287529
5,0.0168963069457346,0.03251354356257406,0.1416490516173007
6,0.0168963069457346,0.03230314325311884,0.17456120222937976
