Iteration,Energy,Loss Function,Bias
0,0.08674750121662653,0.07252546237135658,0.0
1,0.019880790788966176,0.004341399757582764,0.2684875827032532
2,0.019030598816481274,0.0025824305613758617,0.5477271794049157
3,0.011448144155327557,-0.006114616957024342,0.9206780645975733
4,0.011448144155327557,-0.006420852399864559,0.9571806767554163
5,0.011448144155327557,-0.0066883486535146384,1.0250842652631145
6,0.011448144155327557,-0.006819373411920686,1.111419390296311
7,0.011448144155327557,-0.006858102835716966,1.2084078621833227
8,0.011448144155327557,-0.006858959647460404,1.2396399694825926
