Iteration,Energy,Loss Function,Bias
0,0.19350746208804312,0.23655528132860937,0.0
1,0.0008711235575124076,0.025133124043980177,0.056448599531984535
2,0.0008711235575124076,0.021501933380249236,0.06650115463134541
3,0.0006006390983495115,0.01895306464266411,0.10068184039683167
4,0.0008711235575124076,0.018562330163984623,0.13141659947459716
5,0.0007137373972467284,0.01846099273848378,0.16042726367333848
6,0.0007137373972467284,0.018404667823673965,0.20912185085373777
7,0.0006006390983495115,0.018264091485979208,0.3308811531870436
