Iteration,Energy,Loss Function,Bias
0,0.19350746208804312,0.24642656216362738,0.0
1,0.04347244747175822,0.025647358429956003,0.42091427646924545
2,0.059681695447071206,0.024969805244505414,2.206890659821439
