Iteration,Energy,Loss Function,Bias
0,0.3246518017687675,0.2996109738666106,0.0
1,0.029607387673662108,0.088165806415247,0.08934572230788572
2,0.004488579084907835,0.03708818732607226,0.2166609019300978
3,0.0021563983444184225,0.036486865158807655,0.3443846203297243
4,0.0021563983444184225,0.03592092320505363,0.3705613057587286
5,0.0022567225293715766,0.03375296474309605,0.5226075656662582
