Iteration,Energy,Loss Function,Bias
0,0.08674750121662653,0.1561735651616103,0.0
1,0.025627029479461855,0.032769453621058216,0.8009985023469661
