Iteration,Energy,Loss Function,Bias
0,0.26696593626859605,0.20503162515376983,0.0
1,0.059681695447071206,0.05057973812121305,0.9992674250810126
