Iteration,Energy,Loss Function,Bias
0,0.3246518017687675,0.1871036527199468,0.0
1,0.059681695447071165,0.02880112432788248,0.9924600654844122
