Iteration,Energy,Loss Function,Bias
0,0.19350746208804312,0.24756737921300653,0.0
1,0.0008711235575124076,0.04302318530824012,0.043557125159942714
2,0.0012373613681519284,0.03741909962730191,0.04941568319348397
3,0.0006006390983495115,0.03677029126986104,0.08101387618855335
4,0.0006006390983495115,0.03646508896534268,0.08952731737965866
5,0.0006006390983495115,0.03474511579061438,0.13548311782586436
6,0.0006006390983495115,0.03474435645462249,0.13748112143766258
7,0.0006006390983495115,0.03473175892911024,0.1774912317953979
