Iteration,Energy,Loss Function,Bias
0,0.3246518017687675,0.2061779950784753,0.0
1,0.0022567225293715766,0.0062844529239016135,0.2517341851187
2,0.006066756436421758,0.0017234790213374377,0.7346939656083487
3,0.006066756436421758,-0.0025701285543859994,0.8045340458638731
4,0.006066756436421758,-0.006005386236572238,0.9077532095688206
5,0.006066756436421758,-0.00838265561201633,1.0548087730256714
6,0.006066756436421758,-0.009182959009935921,1.200584154462025
7,0.006066756436421758,-0.009596778313636296,1.3300102711080881
8,0.006066756436421758,-0.009758800963362986,1.6716692558829775
