Iteration,Energy,Loss Function,Bias
0,0.31715481742193236,0.3063003787954939,0.0
1,0.04223127035417127,0.06786110382801266,0.12826161050502824
2,0.06992914918267945,0.06202640603963155,0.26581922000613
3,0.007328302011172493,0.03651294799226046,0.35352866450598064
4,0.00556123635441598,0.023329914856407955,0.663447413492829
5,0.007328302011172493,0.022464682526998736,1.1217692010969573
