Iteration,Energy,Loss Function,Bias
0,0.26696593626859605,0.29098826249127696,0.0
1,0.19165838779354885,0.18973884689508824,0.036133711607798484
2,0.14541577338941214,0.17451968660089154,0.03888166829431593
3,0.14731540900373766,0.16665929394598678,0.05081243297616001
4,0.14541577338941214,0.16562696539525432,0.06700899533103469
5,0.14541577338941214,0.1646640503933372,0.0676251219251028
6,0.14541577338941214,0.1646033072039295,0.06928239983482684
7,0.14541577338941214,0.16449566575974295,0.07352520247525059
8,0.015906155318308746,0.030527146018988736,0.1235612373343152
