Iteration,Energy,Loss Function,Bias
0,0.19350746208804312,0.2609645413986241,0.0
1,0.0008711235575124076,0.03967614755089145,0.08308397746911844
2,0.0008711235575124076,0.036983612095121986,0.11236944025381394
3,0.0006006390983495115,0.035843339545607776,0.15026488327173287
4,0.0006006390983495115,0.035205772622031,0.1823582470651405
5,0.0007137373972467284,0.03492959026128071,0.28362110882902225
6,0.0006006390983495115,0.034902281240402316,0.34234109801013557
7,0.0006006390983495115,0.03448555747869432,0.4510655978247701
