Iteration,Energy,Loss Function,Bias
0,0.19350746208804306,0.2679590456940171,0.0
1,0.0224649523727986,0.04650450553466305,0.21804440311100076
2,0.0009741103500217631,0.04568372246178885,0.7426949415938453
3,0.0011345201313028403,0.03310518567125227,0.9796896801506452
4,0.002258897996402378,0.028111586593342074,1.200135611746719
5,0.002258897996402378,0.027052177778390304,1.3642323677999755
6,0.002258897996402378,0.024976991336043426,1.5974665464540923
7,0.002258897996402378,0.023591736261782844,1.72103399071502
8,0.002258897996402378,0.01790042873541377,2.0148433709613127
9,0.002258897996402378,0.017738420594847367,2.063641726904544
10,0.002258897996402378,0.017110367201152558,2.1363115843049525
11,0.002258897996402378,0.01661915750997202,2.199530679981147
12,0.002258897996402378,0.016265972148669268,2.258166161917747
13,0.002258897996402378,0.016078705520968493,2.311613629867571
14,0.002258897996402378,0.015858707971799606,2.482295103810998
15,0.002258897996402378,0.01584459793993077,2.538540726382538
