Iteration,Energy,Loss Function,Bias
0,0.19350746208804306,0.23062950431367188,0.0
1,0.051885912878821355,0.023420153901097064,0.6895391639139454
