Iteration,Energy,Loss Function,Bias
0,0.3246518017687675,0.28606441000180394,0.0
1,0.029607387673662108,0.07606037614915845,0.08963845811806406
2,0.004588870477009285,0.020406168471167142,0.20636943355203008
3,0.004588870477009285,0.019903162532788243,0.34506415119516437
4,0.004961279765117922,0.01955366015674986,0.5139860083435068
5,0.0029030159305498426,0.01892773970799066,1.547232682757685
