Iteration,Energy,Loss Function,Bias
0,0.19350746208804312,0.2662976517351147,0.0
1,0.04347244747175822,0.04949250267487413,0.2905650088457957
2,0.0006006390983495115,0.03793980636917323,0.7664251131779621
3,0.0009741103500218012,0.03442260687805649,0.9808460011945982
4,0.002258897996402416,0.03418872798430089,1.134545995590511
