Iteration,Energy,Loss Function,Bias
0,0.31715481742193236,0.29362817465635455,0.0
1,0.042231270354171214,0.05549279996838219,0.1288094061544973
2,0.06992914918267945,0.047491882551543255,0.22715678123884667
3,0.001676490896054964,0.010214172363476656,0.3256468364691255
4,0.001676490896054964,0.004026916903200956,0.7399467652302099
5,0.001676490896054964,0.0016609936986586955,0.9217059531925771
6,0.000889404712337867,0.0014613420269931764,1.001273314751555
7,0.000889404712337867,0.0011761933449119734,1.158603392451714
8,0.000889404712337867,0.0011005608565629959,1.2387275283693837
9,0.000889404712337867,0.001081133707920879,1.2691214557296808
10,0.000889404712337867,0.0010591041449151404,1.3132644314444857
11,0.000889404712337867,0.0010376880168347289,1.3718261976441513
12,0.000889404712337867,0.001020147684427029,1.4397588505887062
13,0.000889404712337867,0.0010078293760239587,1.5054870401891058
14,0.000889404712337867,0.0009863296061978252,1.7259282675048355
