Iteration,Energy,Loss Function,Bias
0,0.26696593626859605,0.313795054565102,0.0
1,0.1574176978740684,0.2041689530095616,0.17191607043667723
2,0.14731540900373766,0.1855837045142888,0.38406823729455886
3,0.014258134830297363,0.05117638505414371,0.6168373816308639
4,0.013425158787407198,0.046412541618454,1.0147161796929174
5,0.021260847965919212,0.04553746779716126,1.1476849923872492
