Iteration,Energy,Loss Function,Bias
0,0.31715481742193236,0.33167052745527287,0.0
1,0.04223127035417127,0.04931406266790105,0.25835321742426726
2,0.032382801409007435,0.04097629669364492,0.775728131493558
3,0.0014908905784054962,0.019474977429269874,1.2871094425945795
4,0.0014908905784054962,0.015303506345999142,1.463406217487866
5,0.0014908905784054962,0.014966704701783594,1.7334987415047087
