Iteration,Energy,Loss Function,Bias
0,0.31715481742193236,0.2140753906901864,0.0
1,0.059681695447071206,0.03808933397399544,0.9943358714031432
