Iteration,Energy,Loss Function,Bias
0,0.19350746208804312,0.23890864070118656,0.0
1,0.05188591287882145,0.05074841927602064,0.6893309072126752
