Iteration,Energy,Loss Function,Bias
0,0.26696593626859605,0.2975921634312159,0.0
1,0.1574176978740684,0.1877957509657703,0.13688058124890695
2,0.14731540900373766,0.1798553006464446,0.16689309937075159
3,0.14731540900373766,0.17005354112324553,0.18737972495257094
4,0.11858913244830875,0.1405385384841721,0.4422356429511928
5,0.08218993886524385,0.09971377651696026,1.407888683491168
6,0.038941599110267074,0.030641973279450126,1.796703672791288
7,0.004798192808892016,0.020319270003191163,2.0881793815266967
8,0.004472009899617246,0.017227573963123948,2.37311123101468
9,0.0008392759887786021,0.014490647423869523,2.489190676781625
10,0.0008392759887786021,0.013759086332745987,2.5650831405109313
11,0.0008392759887786021,0.012811468625509007,2.5852826904701818
12,0.0008392759887786021,0.011346760935014504,2.5849518136778125
13,0.0008392759887786021,0.01097417390904162,2.595350393842807
14,0.0008392759887786021,0.010886297441223616,2.641803368536152
15,0.0008392759887786021,0.010796725713258348,2.6542393589577498
16,0.0008392759887786021,0.010710682471508436,2.6764920177033686
17,0.0008392759887786021,0.010671569630150906,2.724308549651277
18,0.0008392759887786021,0.010657268993044453,2.755415702329699
19,0.0008392759887786021,0.010626903294449461,2.8138924651666404
20,0.0008392759887786021,0.010569274935929176,2.9547059899756687
21,0.0008392759887786021,0.010528322485111753,3.0173490956748776
22,0.0008392759887786021,0.010340283291503997,3.260317450091852
23,0.0008392759887786021,0.010268954967289816,3.3500757059293904
24,0.0008392759887786021,0.010207811158866638,3.420537459982825
25,0.0008392759887786021,0.010138122004770059,3.4654130332837774
26,0.0008392759887786021,0.010045050010478064,3.504716698080297
27,0.0008392759887786021,0.009915078460205819,3.551178414727497
28,0.0008392759887786021,0.009735013684915977,3.612759717653291
29,0.0008392759887786021,0.009521933618593615,3.7094392600456727
30,0.0008392759887786021,0.009440973979590785,3.821061711893832
31,0.0008392759887786021,0.009415848361755382,3.8451272606820583
32,0.0008392759887786021,0.009389890636279445,3.8561814913920216
33,0.0008392759887786021,0.009366487153358617,3.8835717265573555
34,0.0008392759887786021,0.009352204795607387,3.940903421073087
35,0.0008392759887786021,0.009348425403426631,3.987826235080985
