Iteration,Energy,Loss Function,Bias
0,0.08674750121662653,0.10365481277763061,0.0
1,0.022686566071034617,0.047830446044164775,0.15506701295155373
2,0.01484246118874262,0.04315912985239095,0.1705043893466186
3,0.015216417529358756,0.04269768546826802,0.19574594172074827
4,0.017173597597679634,0.04225458773710023,0.26232796965935895
5,0.0150845487838476,0.0420683929109212,0.3327455424703235
