Iteration,Energy,Loss Function,Bias
0,0.08674750121662653,0.09996989499650828,0.0
1,0.011074960493673593,0.047690876157891325,0.092207462747527
2,0.011914476181368863,0.04569717060148136,0.14592714102997284
3,0.01155587169400017,0.04471824245632219,0.19141078920207374
4,0.01155587169400017,0.0437985624119647,0.22947140537672597
5,0.014270635191387852,0.04280011807099676,0.42911306333020305
6,0.010753668040385304,0.041420711396653064,0.7126310778796883
7,0.007127426149839745,0.033044501052459846,1.5412286415738743
