Iteration,Energy,Loss Function,Bias
0,0.3246518017687675,0.2630117845834367,0.0
1,0.02601872594384867,0.05145654971459257,0.16323039295533498
2,0.006066756436421758,0.049879374479667546,0.2962780513791322
3,0.006066756436421758,0.042117971766853515,0.3630300987912717
4,0.006066756436421758,0.038634176352154,0.46153684909880716
5,0.0021519171430366417,0.03573153158503231,1.3147126997674778
