Iteration,Energy,Loss Function,Bias
0,0.19350746208804312,0.2547462935502801,0.0
1,0.022464952372798677,0.03068188930362526,0.1732559509566781
2,0.0006006390983495115,0.02368156237035556,0.3325760277253429
3,0.0006006390983495115,0.02081459967240745,0.46634423607403686
4,0.0006006390983495115,0.02032581565938276,0.560908075588762
5,0.0006006390983495115,0.019661885002638657,0.6611551585003175
6,0.0009741103500218012,0.018439169864748223,1.3103535367800772
