Iteration,Energy,Loss Function,Bias
0,0.19350746208804312,0.24456969723572552,0.0
1,0.0008711235575124076,0.024028659306136152,0.08237183155231924
2,0.0008711235575124076,0.021644555944279706,0.11128437102950048
3,0.0006006390983495115,0.02015061290901094,0.1510034578936449
4,0.0006006390983495115,0.019212740004283867,0.1921195531452469
5,0.0006006390983495115,0.018754143500082376,0.23265795704762715
6,0.0006006390983495115,0.018048208015045968,0.343774780420143
7,0.0006006390983495115,0.0177118259827196,0.5479901778350982
8,0.0006006390983495115,0.017703314251350143,0.6737874829373409
