Iteration,Energy,Loss Function,Bias
0,0.08674750121662653,0.1817277941055633,0.0
1,0.059681695447071206,0.050458657736555015,0.9978369894871868
