Iteration,Energy,Loss Function,Bias
0,0.31715481742193236,0.2992259987036483,0.0
1,0.059681695447071165,0.022649482128560758,0.7207458529175493
