Iteration,Energy,Loss Function,Bias
0,0.08674750121662653,0.12212210102693007,0.0
1,0.019030598816481274,0.018113137401983913,0.5334567087624207
2,0.015094468999372848,0.01775152525229961,1.229591623859047
