Iteration,Energy,Loss Function,Bias
0,0.19350746208804312,0.2574419073847921,0.0
1,0.0008711235575124076,0.04061635535135998,0.06827465387230684
2,0.0008711235575124076,0.038643104402728806,0.09235649269235513
3,0.0006006390983495115,0.036770438334178576,0.11206932480008391
4,0.0006006390983495115,0.03558793196585408,0.15568509933703276
5,0.0005505419135113447,0.034679531648492426,0.31227588332757883
6,0.0002959022389133111,0.03457447780233299,0.38070104338202154
