Iteration,Energy,Loss Function,Bias
0,0.08674750121662653,0.06188151350041318,0.0
1,0.019880790788966176,0.005170388846282402,0.20626144825339549
2,0.019030598816481312,0.0029991749086489623,0.4567581688400761
3,0.01772135103852191,0.0017237701512898803,1.085695683363627
