Iteration,Energy,Loss Function,Bias
0,0.26696593626859605,0.2879833591877745,0.0
1,0.1574176978740684,0.17843438129245148,0.17130950276266246
2,0.1574176978740684,0.15893651289193253,0.20440442481368767
3,0.013297457501968625,0.02230285269726974,0.5382602444814996
4,0.013297457501968625,0.014793797997578722,0.67437188160129
5,0.013297457501968625,0.01303551603694693,0.7457246444543829
6,0.008899332764988383,0.012124141540935824,3.1336798837539597
