Iteration,Energy,Loss Function,Bias
0,0.3246518017687675,0.18606491937446798,0.0
1,0.045480426008838344,0.010811210709194658,0.4184750582841245
2,0.006066756436421758,0.0003322120468943846,0.8103840504022675
3,0.006066756436421758,-0.0025141236270538343,1.050692633665785
4,0.0030566576321037374,-0.0028941557727265917,1.5429826833477795
