Iteration,Energy,Loss Function,Bias
0,0.31715481742193236,0.30509893478344396,0.0
1,0.059681695447071165,0.03081859478013163,0.7156073720947584
