Iteration,Energy,Loss Function,Bias
0,0.26696593626859605,0.2930736745506173,0.0
1,0.1574176978740684,0.17745997590034834,0.22346479784771325
2,0.05049479659658174,0.07702542703874735,0.4063835841377924
3,0.012828654877867022,0.015322582291573158,0.6753450882675556
4,0.012828654877867022,0.013445642287797986,0.825339460454001
5,0.012828654877867022,0.0129118410726592,0.9587351049035062
