Iteration,Energy,Loss Function,Bias
0,0.19350746208804306,0.24459891864989644,0.0
1,0.04347244747175812,0.020279743039299813,0.2183999256034079
2,0.0006006390983494733,0.009907224900500665,0.740057349366579
3,0.0009741103500217631,0.004566401482092219,0.9170177255355275
4,0.002258897996402378,0.0036808318323012955,1.1001112294046484
5,0.002258897996402378,0.0032283228187273225,1.2884845926308008
6,0.002258897996402378,0.003022983424059881,1.4171619091617702
7,0.002258897996402378,0.002906796047559199,1.4872813781710692
8,0.002258897996402378,0.0026425187432903307,1.6724919915267689
9,0.002258897996402378,0.0025374620518801,1.8079080144490156
10,0.002258897996402378,0.0025100889296581974,1.9210806544575376
