Iteration,Energy,Loss Function,Bias
0,0.3246518017687675,0.2712270730062781,0.0
1,0.029607387673662108,0.054632139011942325,0.1185836842786449
2,0.004588870477009285,0.02820690640921277,0.4377920937610579
3,0.0054379665548565746,0.021209574747989495,0.783408080806164
