Iteration,Energy,Loss Function,Bias
0,0.26696593626859605,0.300889206876438,0.0
1,0.1574176978740684,0.19086411397426975,0.17167338576575342
2,0.1574176978740684,0.17450501360703038,0.21651537609336985
3,0.14731540900373766,0.15341618411958272,0.2683603006935577
4,0.013297457501968663,0.03687374465368455,0.6281194680423817
5,0.013425158787407236,0.030736155322754286,0.9185144059215747
6,0.013425158787407236,0.029894277631676194,1.0430117931749339
