Iteration,Energy,Loss Function,Bias
0,0.31715481742193236,0.3063003787954939,0.0
1,0.04223127035417127,0.06744555656666895,0.12826161050502824
2,0.06992914918267945,0.061994758853028145,0.26567548719703604
3,0.007328302011172493,0.033930109337226094,0.3476363566153537
4,0.00556123635441598,0.022664314975653927,0.71875491787457
5,0.006286197901476103,0.02172761827575196,1.1464535071796664
6,0.007328302011172493,0.021154651064082194,1.3822422957081169
