Iteration,Energy,Loss Function,Bias
0,0.19350746208804312,0.23967201976018554,0.0
1,0.04347244747175822,0.013327433199116454,0.4204923322795131
2,0.059681695447071206,0.010420099789634775,2.2272051013930296
