Iteration,Energy,Loss Function,Bias
0,0.3246518017687675,0.28400222469840086,0.0
1,0.029607387673662108,0.06731946722888942,0.11788523179714003
2,0.0054379665548565746,0.03988248943720489,0.4563947187201647
3,0.006896337308748698,0.034999616033613276,0.8125415097108954
4,0.01113387137290198,0.032177841402064554,1.0760119368585945
