Iteration,Energy,Loss Function,Bias
0,0.08674750121662657,0.0888921338288962,0.0
1,0.019030598816481312,0.003992170799885363,0.3628979072690798
2,0.019030598816481312,0.0006224852637317338,0.6144401488009427
3,0.011448144155327633,-0.003026239117850675,0.7288124625404501
4,0.011448144155327633,-0.004707972669196651,0.9449546808085323
5,0.011448144155327633,-0.00480226241429946,1.0706539714993861
