Iteration,Energy,Loss Function,Bias
0,0.08674750121662653,0.10793160941225509,0.0
1,0.019030598816481274,0.0479730107118396,0.20732918814686152
2,0.015340948064083296,0.04526764849835433,0.21794069190619936
3,0.018828000370707258,0.044698427099956035,0.28342824451967963
4,0.02266089564769886,0.04374199639119264,0.5944734127613723
