Iteration,Energy,Loss Function,Bias
0,0.26696593626859605,0.2750775114991105,0.0
1,0.19384138473392595,0.16637014051873908,0.17082673182530475
2,0.1574176978740684,0.141402593016468,0.2041121245510801
3,0.026132396497250323,0.007765705003038234,0.4688548386259396
4,0.013297457501968663,-0.0006272061467573675,0.6311618836321959
5,0.013297457501968663,-0.0038936399926055333,0.7578897940688611
6,0.011092916965421147,-0.006513044885001551,0.9185709711262258
7,0.011092916965421147,-0.007145404061362271,1.1411151666599955
