Iteration,Energy,Loss Function,Bias
0,0.26696593626859605,0.25766037365734523,0.0
1,0.02676134480032668,0.021517787144945472,0.8288154099667665
