Iteration,Energy,Loss Function,Bias
0,0.08674750121662653,0.1034639832015922,0.0
1,0.03882753065666394,0.08326058665248595,0.03450398637895477
2,0.012069412057709629,0.061426323086378354,0.037802726789890606
3,0.012069412057709629,0.0495722066268603,0.04478712175252662
4,0.011074960493673593,0.047696937315242036,0.07921157809508086
5,0.011074960493673593,0.047243771335797234,0.08118398742677593
6,0.011074960493673593,0.04688674406070173,0.12265344912191298
7,0.009808767952063101,0.04417313694641024,0.2831585039366843
8,0.00807022480193305,0.04271005875092321,0.3439021055728495
