Iteration,Energy,Loss Function,Bias
0,0.26696593626859605,0.2897679083217669,0.0
1,0.19165838779354885,0.2035954064012247,0.02301228223748923
2,0.011651794679982702,0.030158892371583968,0.10759404806804444
3,0.011651794679982702,0.030062950622594592,0.10816119125032829
4,0.011651794679982702,0.029004181860088265,0.12230524923529072
5,0.011651794679982702,0.02898115551120638,0.12297425590562674
6,0.011291707738269095,0.027422198344795142,0.2250081956851702
