Iteration,Energy,Loss Function,Bias
0,0.19350746208804306,0.23291885512783617,0.0
1,0.04347244747175812,0.007303448084848929,0.21835606730969723
2,0.0006006390983494733,-0.006615487302602965,0.7392487935521294
3,0.0006006390983494733,-0.012189178706354898,1.0171440372546945
4,0.0010952617698378356,-0.014069708686294265,1.2823247539230394
5,0.0008504277536918464,-0.014788452621226257,1.4190255233357578
6,0.0010952617698378356,-0.01592250541143639,1.728324605115367
7,0.0009392950421109856,-0.01592440591876071,2.369425304019369
