Iteration,Energy,Loss Function,Bias
0,0.3246518017687675,0.21650740704724916,0.0
1,0.0027533742336435098,0.017305266059355513,0.24871844448744895
2,0.006066756436421796,0.014776015511059126,0.3723260104886728
3,0.006066756436421796,0.00843470922380949,0.587845664142228
4,0.006066756436421796,0.006155122926812059,0.791545266517116
5,0.0021563983444184225,0.0034418189251267696,1.5131634668427068
6,0.0024367210161135504,0.0034372294024139433,1.740189837396962
