Iteration,Energy,Loss Function,Bias
0,0.19350746208804306,0.23890864070118656,0.0
1,0.05188591287882132,0.04073057288442258,0.6893309072126751
