Iteration,Energy,Loss Function,Bias
0,0.08674750121662653,0.18111038213890346,0.0
1,0.059681695447071206,0.018160767145303614,0.9977442533332995
