Iteration,Energy,Loss Function,Bias
0,0.19350746208804312,0.24697643916148945,0.0
1,0.04347244747175822,0.023011988273292712,0.29061992678405857
2,0.0006006390983495115,0.007707993560306337,0.7680699969614939
3,0.0006006390983495115,0.003838249028691877,1.100473222840374
4,0.000678904710005385,0.0032484390305109194,1.252286979362803
5,0.002258897996402416,0.0029966057860572252,1.3913131521091413
6,0.002258897996402416,0.002811622641138693,1.683151134790769
7,0.002258897996402416,0.0027859345653044555,1.989845530325248
