Iteration,Energy,Loss Function,Bias
0,0.3246518017687675,0.30357321088893724,0.0
1,0.0680161371865412,0.11021056267500196,0.05722441366451901
2,0.0021563983444184225,0.030793431223338434,0.10896674379605384
3,0.004588870477009285,0.02333385577331897,0.18008480565014917
4,0.004781653989327706,0.021348195344184032,0.23370811513340234
5,0.004961279765117922,0.021092410014237426,0.2449127675755398
6,0.006066756436421758,0.021068799080413002,0.2662371588262537
