Iteration,Energy,Loss Function,Bias
0,0.08674750121662653,0.15246215304393632,0.0
1,0.025627029479461855,0.026271843285361664,0.7988109197923533
