Iteration,Energy,Loss Function,Bias
0,0.08674750121662657,0.1815219901166767,0.0
1,0.059681695447071165,0.02915777540331323,0.9978072135350599
