Iteration,Energy,Loss Function,Bias
0,0.26696593626859605,0.3048408531742536,0.0
1,0.1574176978740684,0.1896629267860339,0.2239831581084628
2,0.05049479659658174,0.08768878611894523,0.4259773234127948
3,0.014361229992680656,0.027705016580166573,0.7375696485969805
4,0.014361229992680656,0.02633565178389729,0.8557089887752686
5,0.014474144917270265,0.02564778175744025,1.0906633461679613
6,0.014474144917270265,0.025517715007977042,1.2165520807715178
7,0.014474144917270265,0.025477976055949075,1.3446341423279988
8,0.014474144917270265,0.025449175922440784,1.4496922479960683
