Iteration,Energy,Loss Function,Bias
0,0.31715481742193236,0.26897600345200645,0.0
1,0.18094491021423367,0.16637739242527602,0.041603786884645326
2,0.0656253366387351,0.07431352788571408,0.04842589377676363
3,0.017170472204306113,0.029864040372494738,0.09947221577265991
4,0.017170472204306113,0.016850750774617267,0.12808813301919
5,0.014516415385393588,0.014613846660577511,0.1927788933051267
6,0.014516415385393588,0.0145722501754915,0.23281148907943283
7,0.014321584510510844,0.014294190175834358,0.5445558629122539
