Iteration,Energy,Loss Function,Bias
0,0.26696593626859605,0.2930736745506171,0.0
1,0.1574176978740684,0.17745997590034843,0.2234647978477134
2,0.05049479659658175,0.07702542703874614,0.4063835841377901
3,0.012828654877867022,0.01532258229157251,0.6753450882675585
4,0.012828654877867022,0.013445642287797795,0.8253394604539804
5,0.012828654877867022,0.012911841072659086,0.9587351049035022
