Iteration,Energy,Loss Function,Bias
0,0.08674750121662653,0.12495160181749922,0.0
1,0.019030598816481274,0.04444828936248029,0.3765296910453966
2,0.019030598816481274,0.04263462707757142,0.40932110285242757
