Iteration,Energy,Loss Function,Bias
0,0.08674750121662653,0.09961386934743982,0.0
1,0.011074960493673593,0.05383303920350734,0.06347874625936184
2,0.011074960493673593,0.048094813068518656,0.08092809851554647
3,0.013112301380720547,0.04503355084206784,0.19623030330075653
4,0.01155587169400017,0.04370139612930618,0.22977595848445306
5,0.01155587169400017,0.04351341014316515,0.24087762330036758
6,0.010753668040385304,0.043476414016990914,0.25018629722952024
