Iteration,Energy,Loss Function,Bias
0,0.08674750121662657,0.07252546237135653,0.0
1,0.019880790788966214,0.004341399757582802,0.2684875827032533
2,0.019030598816481312,0.0025824305613758617,0.5477271794049158
3,0.011448144155327557,-0.006114616957024304,0.9206780645975864
4,0.011448144155327557,-0.006420852399864559,0.9571806767554261
5,0.011448144155327557,-0.0066883486535146,1.0250842652631293
6,0.011448144155327557,-0.006819373411920723,1.111419390296319
7,0.011448144155327557,-0.006858102835717003,1.2084078621834247
8,0.011448144155327557,-0.006858959647460328,1.2396399694826985
