Iteration,Energy,Loss Function,Bias
0,0.3246518017687675,0.3134742356458048,0.0
1,0.07164097439043578,0.10152997092590293,0.03139974894145677
2,0.04796256439212429,0.051043645415666694,0.06569145489748074
3,0.004961279765117922,0.024294972444152834,0.08358498447825055
4,0.004781653989327706,0.0229864219891275,0.12024198500189272
5,0.004961279765117922,0.022833981616755452,0.12460917325892479
6,0.004961279765117922,0.02281406601237937,0.14039879093664984
7,0.004488579084907835,0.02255294744612352,0.35971709006150593
8,0.004588870477009285,0.02186574458052948,0.28053276120579274
