Iteration,Energy,Loss Function,Bias
0,0.19350746208804312,0.2528291935547029,0.0
1,0.0008711235575124076,0.027933378193615414,0.14292464494300625
2,0.0006006390983495115,0.024514826552744805,0.3035065659408439
3,0.0006006390983495115,0.022145583860192705,0.36533991129048266
4,0.0006006390983495115,0.021532461251674188,0.42515088178945837
5,0.0006006390983495115,0.02029249834088829,0.5227005127627458
6,0.0009741103500218012,0.018845721873547026,0.765000627317756
