Iteration,Energy,Loss Function,Bias
0,0.31715481742193236,0.2139229563622651,0.0
1,0.059681695447071206,0.02742642428883455,0.9944270060541781
