Iteration,Energy,Loss Function,Bias
0,0.31715481742193236,0.31199811528351157,0.0
1,0.04223127035417127,0.024400096234387516,0.26020207623312647
2,0.03621541784707759,0.015449666399307598,0.7593674865332362
3,0.001434453809267165,-0.005148850955101889,0.8990000645138677
4,0.0019059075961130568,-0.007581332792162136,0.9761252519906705
5,0.0019059075961130568,-0.008986018597420826,1.0973900999832855
6,0.0019059075961130568,-0.010286861292037076,1.6268093066546645
