Iteration,Energy,Loss Function,Bias
0,0.08674750121662653,0.11345240253863248,0.0
1,0.019030598816481312,0.006131512472053875,0.5286670106276808
2,0.019030598816481312,0.004427177962167328,0.7117750489336048
3,0.011448144155327633,0.0023536359983366666,1.0680798912176273
