Iteration,Energy,Loss Function,Bias
0,0.31715481742193236,0.2819419079701329,0.0
1,0.0656253366387351,0.17404310113729232,0.03141538382424973
2,0.0656253366387351,0.08712548254220026,0.036176438998679554
3,0.03994867735718619,0.04718075648919677,0.1306997339393103
4,0.02501389346946077,0.038493637324354506,0.19241528295775226
5,0.011054364072176616,0.03270910318029266,0.26136299612840286
6,0.011054364072176616,0.029205512817058986,0.31216336421962976
7,0.008656531142974273,0.027508914004773555,0.33717731543006807
8,0.008872235871145545,0.02665988604397608,0.3996261420761321
