Iteration,Energy,Loss Function,Bias
0,0.31715481742193236,0.29466221121299635,0.0
1,0.042231270354171214,0.0327549283560864,0.17837083960433048
2,0.03621541784707755,0.01317676804345759,0.4854634601583386
3,0.000889404712337867,-0.00985530154650557,1.1724499764107907
4,0.000889404712337867,-0.011720608243200144,1.3667401876261223
5,0.000889404712337867,-0.013290252468709147,1.435667181769543
6,0.000889404712337867,-0.014422788354771713,1.5265317649705163
7,0.000889404712337867,-0.015229112914674416,1.6139698568076009
8,0.000889404712337867,-0.015646411193359275,1.706713815133062
9,0.001676490896054964,-0.016032860999306134,2.0213271418286287
