Iteration,Energy,Loss Function,Bias
0,0.08674750121662653,0.10195888000403414,0.0
1,0.03882753065666394,0.07920891985367065,0.040315382717025214
2,0.012069412057709629,0.05619779063923363,0.04517377256520748
3,0.011074960493673593,0.04809498854642382,0.06026688570529583
4,0.011074960493673593,0.047776266855633034,0.06348528685439761
5,0.011074960493673593,0.047506197269196485,0.09212484210895337
6,0.01242727785746254,0.04679034739448106,0.4079177413740024
