Iteration,Energy,Loss Function,Bias
0,0.19350746208804312,0.25318110456706916,0.0
1,0.04347244747175822,0.0378459938408132,0.4211763935709043
