Iteration,Energy,Loss Function,Bias
0,0.3246518017687675,0.19420169900677703,0.0
1,0.045480426008838344,0.020420980092928868,0.413050281486141
2,0.006066756436421758,0.012412283188159375,0.8037553949902361
3,0.006066756436421758,0.010225509485529775,0.9814047957788999
4,0.008501247387933189,0.008642707670314722,1.287464525167331
5,0.004323523437898444,0.008476251501750638,1.5767996546922722
