Iteration,Energy,Loss Function,Bias
0,0.19350746208804312,0.25663704544830207,0.0
1,0.04347244747175822,0.036291008041270306,0.29067138615380234
2,0.0006006390983495115,0.023148766292734362,0.7668189033733257
3,0.0006006390983495115,0.01939977763212699,1.0322388574885293
4,0.0011345201313029166,0.01877047947841436,1.1463079969278753
