Iteration,Energy,Loss Function,Bias
0,0.19350746208804312,0.2506005073735748,0.0
1,0.0008711235575124076,0.04214201938256261,0.04968770336018502
2,0.0012373613681519284,0.03772366730971706,0.05612872498039173
3,0.0006006390983495115,0.03629155362011724,0.08968843188118247
4,0.0008711235575124076,0.03529391465089441,0.14212400483487694
5,0.0008711235575124076,0.03503640948726098,0.15011157286122048
6,0.0008711235575124076,0.03490190776443315,0.16728957533781552
