Iteration,Energy,Loss Function,Bias
0,0.19350746208804312,0.20001428610590177,0.0
1,0.059681695447071206,0.028850044315883734,0.9876077747726113
