Iteration,Energy,Loss Function,Bias
0,0.31715481742193236,0.3314466470688101,0.0
1,0.04223127035417127,0.021717071088296673,0.41265863129535446
2,0.03621541784707759,0.017680611925873366,0.5932012673350012
