Iteration,Energy,Loss Function,Bias
0,0.3246518017687675,0.2996109738666106,0.0
1,0.029607387673662108,0.08825856059261761,0.08934572230788572
2,0.004488579084907835,0.03655363213486238,0.216605052865799
3,0.0021563983444184225,0.0359197264867049,0.3443571162926659
4,0.0021563983444184225,0.035799195590384233,0.3719750065867744
5,0.0022567225293715766,0.034866795338160006,0.5085853449985633
