Iteration,Energy,Loss Function,Bias
0,0.31715481742193236,0.33851265620460147,0.0
1,0.042231270354171214,0.031276832028225794,0.4110923019064212
2,0.03621541784707755,0.02759696575974676,0.5893368306625932
