Iteration,Energy,Loss Function,Bias
0,0.26696593626859605,0.28130649592698104,0.0
1,0.1574176978740684,0.1654319402347389,0.22284380480716767
2,0.05049479659658174,0.06072824473952203,0.3917570227208451
3,0.012828654877867022,-6.797726349198419e-05,0.6505783011012478
4,0.012828654877867022,-0.002644225815239313,0.8008620704601871
5,0.012130853116638128,-0.003616295046931068,0.9572539175431469
6,0.011092916965421109,-0.004690017957055918,1.3884786605126151
7,0.011092916965421109,-0.004867814232157003,1.4977271000981345
