Iteration,Energy,Loss Function,Bias
0,0.08674750121662653,0.08216380907206501,0.0
1,0.012069412057709629,0.03648781614092519,0.06467325926334785
2,0.011074960493673593,0.031185755660423062,0.08322822908478927
3,0.011074960493673593,0.02997262051212435,0.14526097624227058
4,0.011914476181368863,0.029130174094223873,0.175282210248365
5,0.011914476181368863,0.027875788093551342,0.2078858339934453
6,0.010753668040385304,0.0276132757785124,0.22259984415602357
7,0.010753668040385304,0.02757967459889675,0.2449473403539753
