Iteration,Energy,Loss Function,Bias
0,0.19350746208804312,0.23062950431367188,0.0
1,0.05188591287882145,0.023420153901097085,0.6895391639139454
