Iteration,Energy,Loss Function,Bias
0,0.08674750121662653,0.09961386934743982,0.0
1,0.011074960493673593,0.05369163081229214,0.06347874625936184
2,0.011074960493673593,0.04801865160274242,0.08111162194919039
3,0.013112301380720547,0.04583431619224903,0.19279693924737135
4,0.010753668040385304,0.04438412286454424,0.25761314304319155
5,0.010753668040385304,0.044157879740346496,0.2686234133740919
6,0.010753668040385304,0.04399938590080767,0.2821112676850151
7,0.010753668040385304,0.04353040978725496,0.3341063435819288
8,0.010753668040385304,0.04316412889081355,0.3668511815647769
