Iteration,Energy,Loss Function,Bias
0,0.3246518017687675,0.2061779950784753,0.0
1,0.0022567225293715766,0.005916237149135942,0.2517341851187
2,0.006066756436421758,-0.0003403891263724794,0.7346939656083487
3,0.006066756436421758,-0.005946269379723573,0.8304987850493613
4,0.006066756436421758,-0.009316201810766,0.9916130319051053
5,0.006066756436421758,-0.010437785822402075,1.1367888244519373
6,0.006066756436421758,-0.010820374819420756,1.2765613503229
7,0.006066756436421758,-0.010843171276343688,1.5814349211665883
