Iteration,Energy,Loss Function,Bias
0,0.3246518017687675,0.2860644100018034,0.0
1,0.029607387673662146,0.07602253233685416,0.08963845811806403
2,0.004588870477009285,0.02076090813455334,0.20639046907712613
3,0.004588870477009285,0.020096163170039046,0.34507615840076317
4,0.00496127976511796,0.019683335517388087,0.568338532221472
