Iteration,Energy,Loss Function,Bias
0,0.19350746208804312,0.23967201976018554,0.0
1,0.04347244747175822,0.014758482314677053,0.4204923322795131
