Iteration,Energy,Loss Function,Bias
0,0.08674750121662657,0.1561735651616103,0.0
1,0.02562702947946172,0.032769453621058216,0.8009985023469661
