Iteration,Energy,Loss Function,Bias
0,0.31715481742193236,0.34150673354115335,0.0
1,0.042231270354171214,0.0618963577628479,0.25722383014245587
2,0.0323828014090073,0.05343526386238886,0.7876025073484166
3,0.0014908905784055343,0.031129708256259776,1.2880284127592263
4,0.0014908905784055343,0.025947047585602834,1.4358554875373302
5,0.0014908905784055343,0.024923591726235195,1.6102544680543092
6,0.0014908905784055343,0.024272280786491757,1.6765644036674179
7,0.0014908905784055343,0.02329730139082517,1.9172710818388246
