Iteration,Energy,Loss Function,Bias
0,0.19350746208804312,0.22964452945541305,0.0
1,0.0008711235575124076,0.026578683576240075,0.04228071847506955
2,0.0012373613681519284,0.020245299913688636,0.047820187925733684
3,0.0006006390983495115,0.01954506131986384,0.09723059525386721
4,0.0006006390983495115,0.01883189775412034,0.11804249305183855
5,0.0007137373972467284,0.01875632668095276,0.15252424466882017
6,0.0007137373972467284,0.01807360612195452,0.234248259964268
7,0.0012373613681519284,0.01803927064707037,0.25881360370984746
8,0.0006006390983495115,0.018009533017656325,0.3603478391684429
