Iteration,Energy,Loss Function,Bias
0,0.08674750121662653,0.09258157744164115,0.0
1,0.019030598816481274,0.0330073261087981,0.20724949932495662
2,0.01970746106917295,0.03243155700359996,0.25418020662342355
3,0.01958918475440719,0.031769513755798603,0.35054508072860924
4,0.00912298820885947,0.028903848773405304,0.8781279275459534
