Iteration,Energy,Loss Function,Bias
0,0.26696593626859605,0.20487126185540275,0.0
1,0.059681695447071206,0.028453025222583146,0.999358605709696
