Iteration,Energy,Loss Function,Bias
0,0.31715481742193236,0.26540021966480365,0.0
1,0.27453120236384954,0.18507931948502462,0.023529210422631466
2,0.06562533663873507,0.07897893567770316,0.025478885860883344
3,0.06562533663873506,0.07632950218640583,0.025676451938311688
4,0.008332094519124675,0.010917144928481103,0.031116961478553997
5,0.008332094519124675,0.008561054491454997,0.03251728512015224
6,0.008332094519124675,0.00844262239633369,0.034241452395526034
7,0.008332094519124675,0.008384648617661875,0.03538957295851188
8,0.008332094519124675,0.00837355501639325,0.0359094776674965
9,0.008332094519124675,0.00835745222837964,0.037121906956051075
10,0.008332094519124675,0.008347444785532307,0.03845339257624014
11,0.008332094519124675,0.008340351891733513,0.040166779772418726
12,0.008332094519124675,0.008336523724696227,0.041975172675065835
13,0.008332094519124675,0.008334713879157294,0.043776568824993874
14,0.008332094519124675,0.0083343097863379,0.04502903213467482
15,0.008332094519124675,0.00833420325777681,0.04532062496972801
16,0.008332094519124675,0.00833400101333255,0.04570527438170682
17,0.008332094519124675,0.008333635687665708,0.04638710239722836
18,0.008332094519124675,0.008333055945914368,0.0478261019217403
19,0.008332094519124675,0.00833257726993031,0.04997669068818044
20,0.008332094519124675,0.008332372338207154,0.05185045340188205
21,0.008332094519124675,0.008332261036974617,0.05386302403505933
