Iteration,Energy,Loss Function,Bias
0,0.26696593626859605,0.3002604926146077,0.0
1,0.04579710764251261,0.06380446955843341,0.5184215531291574
2,0.00311880137744709,0.06139116643134407,1.430767266684846
3,0.006624871771656573,0.046144643683685926,1.526007522932217
4,0.009216954825139222,0.0320297921393733,1.677154761232213
5,0.01113387137290198,0.02794326706144437,1.8972086755505286
6,0.01113387137290198,0.027854587462955667,1.987838771993678
7,0.01113387137290198,0.027060592698903416,2.152665717675059
8,0.01113387137290198,0.0268041661784983,2.2571784762046456
