Iteration,Energy,Loss Function,Bias
0,0.26696593626859605,0.2869595081137093,0.0
1,0.1574176978740684,0.13805538577268145,0.3158103043472855
2,0.04943393087018607,0.016664553279468447,0.5799580359468091
3,0.012039767625699603,0.0050817154199668405,1.1906020544447244
4,0.012039767625699603,-0.0004944957225941227,1.4610329329585299
5,0.012039767625699603,-0.0021122920548841107,1.6550115441731084
6,0.012039767625699603,-0.0031445352941446465,1.9981123648733807
