Iteration,Energy,Loss Function,Bias
0,0.08674750121662657,0.18131618612779005,0.0
1,0.059681695447071165,0.028924934618422583,0.9977763013780591
