Iteration,Energy,Loss Function,Bias
0,0.3246518017687675,0.3097737542690713,0.0
1,0.15450777606473248,0.18001046909616572,0.016174445810309305
2,0.004236896921714829,0.02478109795880847,0.03535266389181999
3,0.004408717813327843,0.02227211729898228,0.03776191975791241
4,0.004236896921714829,0.022221976231868973,0.03789890181256856
