Iteration,Energy,Loss Function,Bias
0,0.26696593626859605,0.3008892068764382,0.0
1,0.1574176978740684,0.1908641139742695,0.17167338576575328
2,0.1574176978740684,0.17450501360703052,0.21651537609336813
3,0.14731540900373766,0.15341618411958413,0.268360300693556
4,0.013297457501968625,0.036873744653681685,0.628119468042373
5,0.013425158787407198,0.03073615532275421,0.9185144059214964
6,0.013425158787407198,0.029894277631678137,1.0430117931747152
