Iteration,Energy,Loss Function,Bias
0,0.26696593626859605,0.29274279721834473,0.0
1,0.04579710764251263,0.05526019865250956,0.5174277925600742
2,0.018185299917198344,0.05435166075856863,1.4501567661077763
3,0.009216954825139222,0.03069153244894541,1.6064604537373235
4,0.011133871372901942,0.016809963078433177,1.8846573464210956
5,0.011133871372901942,0.016248059555415667,2.1736278751251685
6,0.011133871372901942,0.015372508271236937,2.23639074607911
7,0.011133871372901942,0.014302802210539726,2.346591312377096
8,0.00811989196135117,0.013475020471291744,2.5056798431241067
