Iteration,Energy,Loss Function,Bias
0,0.26696593626859605,0.2852251018220821,0.0
1,0.04579710764251261,0.04844589581782205,0.5162743968693321
2,0.018185299917198382,0.043059058170915654,1.4764250305833362
3,0.009216954825139222,0.01452615950289367,1.706598988206638
4,0.01113387137290198,0.012982921942497947,2.126465368376101
5,0.01113387137290198,0.011217311041003784,2.2726170809509267
6,0.01113387137290198,0.007385373207623989,2.4327233491949882
7,0.01113387137290198,0.0061732954296560925,2.5322102515115565
8,0.01113387137290198,0.005215663120606873,2.722030687878462
