Iteration,Energy,Loss Function,Bias
0,0.19350746208804312,0.259935646970511,0.0
1,0.04347244747175822,0.04991239888455866,0.4212777847053831
