Iteration,Energy,Loss Function,Bias
0,0.26696593626859605,0.29274279721834484,0.0
1,0.04579710764251261,0.05526019865250969,0.5174277925600741
2,0.018185299917198382,0.0543516607585688,1.4501567661077772
3,0.009216954825139222,0.030691532448946266,1.6064604537373168
4,0.01113387137290198,0.016809963078433292,1.8846573464210759
5,0.01113387137290198,0.016248059555415934,2.17362787512516
6,0.01113387137290198,0.01537250827123747,2.23639074607908
7,0.01113387137290198,0.014302802210540337,2.346591312377033
8,0.00811989196135117,0.013475020471291897,2.50567984312401
