Iteration,Energy,Loss Function,Bias
0,0.19350746208804312,0.2176346231595104,0.0
1,0.0008711235575124076,-0.003578442578436241,0.10419457808222249
2,0.013321406643675341,-0.003759387816229019,0.27009494152026736
3,0.0006006390983495115,-0.016406163440795513,0.5920374802640387
4,0.0006006390983495115,-0.016739920938625225,0.6519965098971535
