Iteration,Energy,Loss Function,Bias
0,0.3246518017687675,0.32872838354257017,0.0
1,0.06443344238107604,0.1399198510467132,0.021441254918913098
2,0.07164097439043578,0.1104088909059797,0.028297598213950274
3,0.015043872749335862,0.05124758580639831,0.05794616872640102
4,0.0021563983444184225,0.040001834637802144,0.112733426081187
5,0.0021563983444184225,0.03872434475454951,0.11663202582800307
6,0.0021563983444184225,0.03870830614291933,0.11797397133358302
