Iteration,Energy,Loss Function,Bias
0,0.26696593626859605,0.2897679083217669,0.0
1,0.19165838779354885,0.20359042672978891,0.02301228223748923
2,0.011651794679982702,0.0300582484916846,0.10842852469197575
3,0.011651794679982702,0.03000027812238316,0.10930569073675561
4,0.011651794679982702,0.02880110423104403,0.13565405126651087
5,0.011375889276821932,0.028308688440318412,0.1817223257001077
6,0.011375889276821932,0.028308586050949193,0.1829620691487716
