Iteration,Energy,Loss Function,Bias
0,0.26696593626859605,0.3002604926146077,0.0
1,0.04579710764251261,0.062111641642740724,0.5184215531291574
2,0.014474144917270265,0.026148203342953223,0.8205228125593367
3,0.014474144917270265,0.026123184012221863,0.9448243188948862
4,0.014474144917270265,0.026116624626806452,1.1909014149392183
5,0.014474144917270265,0.02611038762533596,1.406121016655125
