Iteration,Energy,Loss Function,Bias
0,0.3246518017687675,0.18684136819366828,0.0
1,0.059681695447071165,0.028596713455808075,0.992617893437043
