Iteration,Energy,Loss Function,Bias
0,0.19350746208804312,0.2373158328746768,0.0
1,0.04347244747175822,0.010523611399924878,0.2904108819269441
2,0.0006006390983495115,-0.006859088261416621,0.7703145849761555
3,0.0006006390983495115,-0.011024110310684048,1.1651883504799696
4,0.0006006390983495115,-0.011792642807493342,1.3586606296506478
5,0.0010952617698378737,-0.012256251222994403,1.5839661238298002
6,0.002258897996402416,-0.01248661945727541,1.7533803816656999
7,0.002258897996402416,-0.013080769707938342,2.1555505329813744
8,0.002258897996402416,-0.013184385628810715,2.279643081158081
