Iteration,Energy,Loss Function,Bias
0,0.3246518017687675,0.19184572914304954,0.0
1,0.059681695447071165,0.04027219740412144,0.7177858480966418
