Iteration,Energy,Loss Function,Bias
0,0.08674750121662657,0.12495160181749913,0.0
1,0.019030598816481312,0.04347731070744842,0.37652969104539663
2,0.019030598816481312,0.04261330299418331,0.4100249483007389
