Iteration,Energy,Loss Function,Bias
0,0.19350746208804306,0.25474629355028017,0.0
1,0.0224649523727986,0.030472829891359143,0.17325595095667812
2,0.0006006390983495115,0.022727347160731003,0.3312239318785816
3,0.0006006390983495115,0.019528528556723598,0.47941628147746607
4,0.0006006390983495115,0.01874356863413069,0.5878883197885302
5,0.0006006390983495115,0.01767131265534044,0.7580040126017147
6,0.0009741103500218393,0.016351729207544918,1.0365401462944037
7,0.0009741103500218393,0.014840396100082335,1.4573423193043327
8,0.0009741103500218393,0.014182111894060438,1.592794608373719
9,0.0011345201313028785,0.013276922078337873,1.934869077909975
