Iteration,Energy,Loss Function,Bias
0,0.26696593626859605,0.28130649592698104,0.0
1,0.1574176978740684,0.16542472350990173,0.22284380480716767
2,0.05049479659658174,0.06129635581326623,0.39176754271988856
3,0.012828654877867022,0.0013616107244689706,0.6491762385073201
4,0.012828654877867022,-0.0018193778999180444,0.8020372905445088
5,0.012130853116638128,-0.00353814771216787,0.9562597304472625
6,0.011092916965421109,-0.0048211281363286194,1.5621464569222367
