Iteration,Energy,Loss Function,Bias
0,0.3246518017687675,0.2165074070472494,0.0
1,0.0027533742336434716,0.017305266059355513,0.248718444487449
2,0.006066756436421758,0.014776015511059087,0.3723260104886733
3,0.006066756436421758,0.0084347092238093,0.5878456641422323
4,0.006066756436421758,0.006155122926812021,0.7915452665171294
5,0.0021563983444184225,0.003441818925126846,1.5131634668426823
6,0.002436721016113512,0.0034372294024139815,1.7401898373969233
