Iteration,Energy,Loss Function,Bias
0,0.3246518017687675,0.2104752582713951,0.0
1,0.045480426008838344,0.039649529458711884,0.4023209348307687
2,0.0021563983444184225,0.03536835109367744,0.7956239231280801
3,0.009216954825139222,0.030519167278499338,1.2565291767047486
4,0.01113387137290198,0.026666701055122463,1.8550875078599631
5,0.01113387137290198,0.02656716037748879,2.009501150300868
6,0.01113387137290198,0.026398079087840507,2.1549033369422887
7,0.01113387137290198,0.026007436452988072,2.313862918896744
8,0.01113387137290198,0.02524552003833883,2.701779154459863
