Iteration,Energy,Loss Function,Bias
0,0.26696593626859605,0.2869595081137091,0.0
1,0.1574176978740684,0.13805538577268145,0.31581030434728563
2,0.04943393087018607,0.016664553279468867,0.5799580359468071
3,0.012039767625699603,0.005081715419966803,1.1906020544447231
4,0.012039767625699603,-0.0004944957225940846,1.4610329329585352
5,0.012039767625699603,-0.0021122920548840725,1.6550115441731101
6,0.012039767625699603,-0.0031445352941446084,1.9981123648733772
