Iteration,Energy,Loss Function,Bias
0,0.31715481742193236,0.21422782501810775,0.0
1,0.059681695447071206,0.04875252326314855,0.9942437482566971
