Iteration,Energy,Loss Function,Bias
0,0.19350746208804306,0.23731583287467684,0.0
1,0.04347244747175812,0.010523611399924764,0.2904108819269441
2,0.0006006390983494733,-0.006859088261416583,0.7703145849761555
3,0.0006006390983494733,-0.011024110310683895,1.1651883504799658
4,0.0006006390983494733,-0.011792642807493304,1.3586606296506378
5,0.0010952617698378356,-0.012256251222994365,1.583966123829811
6,0.002258897996402378,-0.012486619457275371,1.7533803816657123
7,0.002258897996402378,-0.013080769707938304,2.1555505329813904
8,0.002258897996402378,-0.013184385628810715,2.2796430811580977
