Iteration,Energy,Loss Function,Bias
0,0.08674750121662653,0.12495160181749922,0.0
1,0.019030598816481274,0.04347731070744833,0.3765296910453966
2,0.019030598816481274,0.04261330299418331,0.4100249483007388
