Iteration,Energy,Loss Function,Bias
0,0.26696593626859605,0.27507751149911075,0.0
1,0.19384138473392595,0.16637014051873902,0.17082673182530472
2,0.1574176978740684,0.14140259301646832,0.20411212455107894
3,0.0261323964972504,0.007765705003038845,0.4688548386259369
4,0.013297457501968625,-0.0006272061467574057,0.631161883632192
5,0.013297457501968625,-0.0038936399926056096,0.7578897940688476
6,0.011092916965421109,-0.006513044885000941,0.9185709711262271
7,0.011092916965421109,-0.00714540406136189,1.1411151666599881
