Iteration,Energy,Loss Function,Bias
0,0.3246518017687675,0.2104752582713949,0.0
1,0.04548042600883844,0.03964952945871186,0.4023209348307687
2,0.0021563983444184225,0.0353683510936774,0.7956239231280806
3,0.009216954825139222,0.03051916727849932,1.2565291767047426
4,0.011133871372901942,0.026666701055122446,1.855087507859965
5,0.01113387137290198,0.02656716037748877,2.0095011503008706
6,0.011133871372901942,0.026398079087840393,2.1549033369422927
7,0.01113387137290198,0.026007436452987864,2.3138629188968483
8,0.01113387137290198,0.025245520038339974,2.701779154460075
