Iteration,Energy,Loss Function,Bias
0,0.26696593626859605,0.2576603736573453,0.0
1,0.026761344800326718,0.014134130854569984,0.8288154099667663
