Iteration,Energy,Loss Function,Bias
0,0.31715481742193236,0.3062291983622466,0.0
1,0.042231270354171214,0.04612227375306364,0.17769719535989562
2,0.03621541784707755,0.02698870615615542,0.4879702909261445
3,0.002170379289089471,0.01314640179790102,0.803874882527194
4,0.002170379289089471,0.011767069735491595,0.8891088082483902
5,0.002170379289089471,0.00961075553977421,1.0693830003953884
6,0.002170379289089471,0.008426004470717922,1.1282455154063027
7,0.0021703792890895093,0.007461081191413738,1.1575935956969279
8,0.0021703792890895093,0.006600917375106203,1.18251903633913
9,0.002170379289089471,0.0057877853288848665,1.2061651146073982
10,0.0021703792890895093,0.005074052791420808,1.233622902422011
11,0.002170379289089471,0.004496263272842488,1.2635712199168456
12,0.0021703792890895093,0.004075382237847359,1.2938720050946735
13,0.002170379289089471,0.0029570945918713856,1.42636368255469
14,0.001123272111279183,0.0024938791519620272,1.5392293326780828
15,0.001123272111279183,0.0020011864476394423,1.8360844671392693
