Iteration,Energy,Loss Function,Bias
0,0.08674750121662653,0.06188151350041322,0.0
1,0.019880790788966176,0.005281257697947202,0.2062614482533955
2,0.019030598816481274,0.00281102689813558,0.45675816884007603
3,0.01772135103852189,0.0023285662437202504,1.1723121695786953
