Iteration,Energy,Loss Function,Bias
0,0.26696593626859605,0.2869595081137093,0.0
1,0.1574176978740684,0.1379700148989107,0.3158103043472855
2,0.04943393087018607,0.01580613278640885,0.5801094791862351
3,0.012039767625699603,0.004279857110646054,1.1905998289623319
4,0.012039767625699603,-0.0008795427881577894,1.4605647997046898
5,0.012039767625699603,-0.0020782231767209887,1.6401725582902962
6,0.012039767625699603,-0.0026472191254788154,1.8921282999129836
