Iteration,Energy,Loss Function,Bias
0,0.3246518017687675,0.18352200816513323,0.0
1,0.059681695447071206,0.030556303904342764,0.7276328691957363
