Iteration,Energy,Loss Function,Bias
0,0.08674750121662653,0.07252546237135658,0.0
1,0.019880790788966176,0.004740846760477649,0.2684875827032532
2,0.019030598816481274,0.0024721465329517254,0.5477271794049157
3,0.011448144155327557,-0.006208227745656049,1.0287553633646815
4,0.011448144155327557,-0.006781944860078099,1.0531588863144004
5,0.011448144155327557,-0.006943309396924502,1.0684683559481247
6,0.011448144155327557,-0.007011516210282725,1.10813765078451
7,0.011448144155327557,-0.00704049067263938,1.1416843865872697
8,0.011448144155327557,-0.007074665652685434,1.2349214171082805
