Iteration,Energy,Loss Function,Bias
0,0.31715481742193236,0.2654941438950639,0.0
1,0.27453120236384954,0.19221141644221545,0.020312501570358767
2,0.06562533663873506,0.08275496563520217,0.021706484779505528
3,0.06562533663873507,0.08042630291771044,0.02182397106557107
4,0.009443378867996588,0.010845659306246489,0.023461039796352248
5,0.008332094519124675,0.008711112870431722,0.0240236802080117
6,0.008332094519124675,0.008468654732142554,0.026529693982269734
7,0.008332094519124675,0.008394439949419937,0.02789539224821278
8,0.008332094519124675,0.008381782087725843,0.02816319293816396
9,0.008332094519124675,0.00836176329130174,0.028747695200134975
10,0.008332094519124675,0.008345729472109787,0.029631904654507404
11,0.008332094519124675,0.008339380225168712,0.03038826926270173
12,0.008332094519124675,0.008336140729162498,0.0311812592486832
13,0.008332094519124675,0.008334583355364125,0.031958498020461204
14,0.008332094519124675,0.00833375704644272,0.032764031301664984
15,0.008332094519124675,0.008333288270853686,0.033621023847019926
16,0.008332094519124675,0.008333003438416638,0.03457184286289834
17,0.008332094519124675,0.00833285505747386,0.035562148801569535
18,0.008332094519124675,0.008332824998867092,0.03608142604556155
19,0.008332094519124675,0.008332757105133884,0.03637912360851949
20,0.008332094519124675,0.008332637249485785,0.036503717938256186
21,0.008332094519124675,0.008332452336410454,0.03652581754969456
22,0.008332094519124675,0.008332332762698725,0.0365467320327871
23,0.008332094519124675,0.00833229631427547,0.03666823823667909
24,0.008332094519124675,0.008332281619344692,0.036897877609329846
