Iteration,Energy,Loss Function,Bias
0,0.19350746208804312,0.244883840502485,0.0
1,0.0008711235575124076,0.043915018614772185,0.03873315712065657
2,0.0012373613681519284,0.03681628569040652,0.043253980579010615
3,0.0006006390983495115,0.03588868034361115,0.05422194119680356
4,0.0006006390983495115,0.03567133060812725,0.06147796988321587
5,0.0006006390983495115,0.035485186139124596,0.07372481651782527
6,0.0006006390983495115,0.035182972066114156,0.1495731592741596
7,0.0007137373972467284,0.0349990325623435,0.31795174710050284
8,0.0006006390983495115,0.034886211042646983,0.44404920743347354
