Iteration,Energy,Loss Function,Bias
0,0.3246518017687675,0.31104427212031377,0.0
1,0.0680161371865412,0.10637165248087561,0.04082142438726427
2,0.0680161371865412,0.07450033196062736,0.07621678740047097
3,0.0021563983444184225,0.0207746570547411,0.09398901016619418
4,0.0021563983444184225,0.020215787983264774,0.1106253737210444
5,0.0021563983444184225,0.020176523514353832,0.12745149208225293
