Iteration,Energy,Loss Function,Bias
0,0.3246518017687675,0.2725178461369967,0.0
1,0.029607387673662146,0.0639242256068532,0.08991211770192806
2,0.0029094306421467864,0.004445892860166313,0.1981411424338048
3,0.0029094306421468246,0.0033608445654910632,0.31492413529672875
4,0.0029094306421468246,0.002950283544151128,0.4216182203560521
5,0.0021563983444183843,0.0022694281713088985,0.7846796489542108
6,0.0021563983444184225,0.002242374196396866,0.8688131715343291
