Iteration,Energy,Loss Function,Bias
0,0.19350746208804312,0.2539291157029632,0.0
1,0.0008711235575124076,0.04133914985115766,0.05764912186968848
2,0.0008711235575124076,0.03823685991790436,0.06585211371477409
3,0.0006006390983495115,0.03554733629925453,0.09534928993444988
4,0.0006006390983495115,0.03526128354757236,0.11897428731114462
5,0.0006006390983495115,0.03524292386367299,0.13647932823029268
