Iteration,Energy,Loss Function,Bias
0,0.31715481742193236,0.31199811528351146,0.0
1,0.042231270354171214,0.02440009623438761,0.260202076233126
2,0.03621541784707755,0.01544966639930775,0.7593674865332356
3,0.001434453809267165,-0.005148850955101813,0.8990000645138674
4,0.0019059075961130568,-0.0075813327921620596,0.9761252519906705
5,0.0019059075961130568,-0.00898601859742075,1.0973900999832886
6,0.0019059075961130568,-0.010286861292037,1.6268093066546818
