Iteration,Energy,Loss Function,Bias
0,0.31715481742193236,0.3293631726607472,0.0
1,0.042231270354171214,0.07348415728296298,0.17610255614345
2,0.002170379289089471,0.04213667394030963,0.5049511943285561
3,0.006540657382297676,0.036325862285314384,0.6119318583642743
4,0.002170379289089471,0.031451092910935945,0.7534579826905972
5,0.0014605264492394121,0.02614746266562923,1.0360650724126257
6,0.0014605264492394121,0.02562315147852062,1.1006989974067032
7,0.0014605264492394121,0.024237352435268793,1.3260406845362187
8,0.0014605264492394121,0.022786146803817568,1.7052619461471812
9,0.0014605264492394503,0.021974838767934067,1.8007431128489257
10,0.0014605264492394121,0.019145715448511003,2.0764783281890438
11,0.0014605264492394503,0.01812361096984804,2.29363024441152
12,0.0014605264492394503,0.017881820915596428,2.388020127854117
13,0.0014605264492394121,0.017485697988547558,2.49843593234091
14,0.0014605264492394121,0.016626944251134347,2.6776759257795684
15,0.0014605264492394503,0.016238285488599232,2.7693724115971725
16,0.0014605264492394121,0.015507797070745082,2.9917145022402902
17,0.0014605264492394503,0.015181590070126306,3.093428806035418
18,0.0014605264492394121,0.013627837161701096,4.164973746159809
19,0.0014605264492394503,0.01356871808450187,4.330763766124939
