Iteration,Energy,Loss Function,Bias
0,0.26696593626859605,0.26081190142253213,0.0
1,0.02676134480032668,0.024541778335908475,0.826873292295299
