Iteration,Energy,Loss Function,Bias
0,0.19350746208804312,0.23291885512783617,0.0
1,0.04347244747175822,0.006722985888759948,0.2183560673096972
2,0.0006006390983495115,-0.007579871422314825,0.7392487935521295
3,0.0006006390983495115,-0.012481731048086704,1.0248091404797686
4,0.0010952617698378737,-0.01332202820856201,1.2604954464068276
5,0.0008504277536919226,-0.014076315744132373,1.5555982192335032
