Iteration,Energy,Loss Function,Bias
0,0.3246518017687675,0.18768386865409142,0.0
1,0.059681695447071206,0.04146614466420252,0.7227274471175015
