Iteration,Energy,Loss Function,Bias
0,0.31715481742193236,0.31897258293463315,0.0
1,0.04223127035417127,0.08066097601218379,0.12766520758917904
2,0.002458919305597516,0.06459469385410253,0.5266872636337303
3,0.016411472340095976,0.04962826111111387,0.5885608020743203
4,0.013862993435799394,0.04466142554841889,0.765488571529346
5,0.013862993435799394,0.04306539965577887,0.8389452133246811
6,0.013862993435799394,0.04167216937612515,0.9808961450064793
7,0.016256216071612536,0.041608421088923035,1.0129749723639216
