Iteration,Energy,Loss Function,Bias
0,0.26696593626859605,0.313795054565102,0.0
1,0.1574176978740684,0.2045362318821676,0.17191607043667723
2,0.14731540900373766,0.18589493071930419,0.38335746670654325
3,0.014258134830297363,0.05130408387735451,0.6171531444154981
4,0.013425158787407198,0.0436193521768843,1.0127402422633875
5,0.018896381860765653,0.043171938890587465,1.234068265588717
