Iteration,Energy,Loss Function,Bias
0,0.31715481742193236,0.3415067335411535,0.0
1,0.04223127035417127,0.06189635776284786,0.25722383014245626
2,0.032382801409007435,0.053435263862388976,0.7876025073484167
3,0.0014908905784054962,0.03112970825625947,1.288028412759219
4,0.0014908905784054962,0.025947047585602758,1.435855487537325
5,0.0014908905784054962,0.02492359172623491,1.6102544680542996
6,0.0014908905784054962,0.02427228078649151,1.676564403667422
7,0.0014908905784054962,0.023297301390825247,1.9172710818388363
