Iteration,Energy,Loss Function,Bias
0,0.3246518017687675,0.2512614187709254,0.0
1,0.026018725943848728,0.03921399402643543,0.16472460608822556
2,0.006066756436421796,0.031779436986402336,0.3018198070221785
3,0.006066756436421796,0.02424006014050593,0.36108190890618996
4,0.006066756436421796,0.022325726561865888,0.43643317422230654
5,0.0022567225293716148,0.016747303237866974,0.9861613931222271
6,0.002151917143036718,0.016726170813022124,1.4043074467163386
7,0.002151917143036718,0.016453957770217777,1.573959770951304
8,0.002151917143036718,0.01622328431368563,1.876992513637157
