Iteration,Energy,Loss Function,Bias
0,0.19350746208804312,0.19958531532714888,0.0
1,0.059681695447071206,0.028386244125892156,0.9876744812226872
