Iteration,Energy,Loss Function,Bias
0,0.3246518017687675,0.18352200816513317,0.0
1,0.059681695447071165,0.030556303904342726,0.7276328691957362
