Iteration,Energy,Loss Function,Bias
0,0.08674750121662653,0.07134711800876141,0.0
1,0.022686566071034617,0.019407123494277718,0.1575641224849176
2,0.019554982078909117,0.017885474997001556,0.3406642799035904
3,0.012702920266402885,0.014813985870100086,0.585885426527675
4,0.012702920266402885,0.01394980094937591,0.8077782644720959
5,0.013966512485084804,0.013791908569664054,1.221604372301131
