Iteration,Energy,Loss Function,Bias
0,0.3246518017687675,0.2395110529584144,0.0
1,0.026018725943848728,0.02708526400348344,0.1662017616984967
2,0.03987025190993456,0.025314385633495,0.6178912486479049
3,0.005437966554856613,0.012952651345028113,0.6738739252826534
4,0.005437966554856613,0.007020662145569187,0.8572078445887397
5,0.005437966554856613,0.006506342501903665,0.9957294691619213
6,0.005437966554856613,0.006344123958597888,1.0503801609027885
7,0.005437966554856613,0.006111831349783575,1.149371371296666
8,0.005437966554856613,0.006041433986568021,1.186848082731577
9,0.005437966554856613,0.005936599320484171,1.2504607400596202
10,0.005437966554856613,0.0057806582749556894,1.3666302282100635
11,0.005437966554856613,0.005724548117951521,1.4179720176621566
12,0.005437966554856613,0.005630059853072214,1.5276701780398145
13,0.005437966554856613,0.005597195981896557,1.578639116207795
14,0.005437966554856613,0.0055487870966352765,1.6780563747192707
