Iteration,Energy,Loss Function,Bias
0,0.31715481742193236,0.2972432463030896,0.0
1,0.0656253366387351,0.17593246477435706,0.03136641432091263
2,0.0656253366387351,0.10259031019451986,0.036930513345331165
3,0.017358506455818053,0.05922992005839753,0.08524213588254981
4,0.01568685183776714,0.051887568017281296,0.1427378959169486
5,0.013580363907758276,0.0487399248454087,0.2541970175103041
6,0.007784125659892372,0.04328573725842296,0.3142526458868259
