Iteration,Energy,Loss Function,Bias
0,0.19350746208804306,0.2000142861059018,0.0
1,0.059681695447071165,0.028850044315883734,0.987607774772611
