Iteration,Energy,Loss Function,Bias
0,0.3246518017687675,0.3291698950163721,0.0
1,0.07164097439043578,0.12017191796355581,0.0315283910512375
2,0.04796256439212429,0.06721001544609514,0.06428182468350226
3,0.004961279765117922,0.042326048237194755,0.08174391937143007
4,0.004781653989327706,0.041468489309854764,0.08736039257629727
5,0.004781653989327706,0.04131190790505618,0.087797423396491
6,0.004781653989327706,0.04129842127019701,0.09327901507419334
