Iteration,Energy,Loss Function,Bias
0,0.19350746208804306,0.25627898217195677,0.0
1,0.0224649523727986,0.033326646171818984,0.21829582641878456
2,0.0009741103500217631,0.027292006007600074,0.7412549160495902
3,0.0009741103500217631,0.023064057933755957,0.8308248388127568
4,0.002258897996402378,0.017025530258748235,1.2398307898647767
5,0.002258897996402378,0.016513801030521347,1.5106768531536172
6,0.002258897996402378,0.01589699007496235,1.6863331465096953
7,0.002258897996402378,0.014455140642455944,1.9249720712613203
8,0.002258897996402378,0.012215918881623947,2.136854973454316
9,0.002258897996402378,0.011751306480782075,2.1975846343766223
10,0.002258897996402378,0.011416972647333282,2.2410340959905986
11,0.002258897996402378,0.01077870831989401,2.431085149111441
12,0.002258897996402378,0.010519243248431433,2.5376311834580574
13,0.002258897996402378,0.009907247641289604,2.785759859740285
14,0.002258897996402378,0.009552228603247203,2.9162439651304473
15,0.002258897996402378,0.009404661393493757,3.008365744639303
16,0.002258897996402378,0.009258250492644185,3.2218379870828397
