Iteration,Energy,Loss Function,Bias
0,0.19350746208804312,0.23291844001699322,0.0
1,0.0008711235575124076,0.025851299900136033,0.048416234367663326
2,0.0012373613681519284,0.021039657954663935,0.0561588518091818
3,0.0006006390983495115,0.01863981882633612,0.09232061734412844
4,0.0006006390983495115,0.018070677512625477,0.11223987650067198
5,0.0006006390983495115,0.01803833469610206,0.122469940637186
6,0.0006006390983495115,0.018023238296069805,0.13075684320214737
