Iteration,Energy,Loss Function,Bias
0,0.31715481742193236,0.3455786653403929,0.0
1,0.042231270354171214,0.04091116520027195,0.40934223326353153
2,0.03621541784707755,0.03735115186432602,0.5876806613613516
