Iteration,Energy,Loss Function,Bias
0,0.08674750121662653,0.0869303378629787,0.0
1,0.03882753065666394,0.06500017472450574,0.031102012850094736
2,0.012069412057709629,0.04525289373989938,0.034276912565646335
3,0.012069412057709629,0.03278704260033548,0.03970004148742711
4,0.012069412057709629,0.03129383788559586,0.05236226376275201
5,0.012069412057709629,0.03111537616935853,0.06259672166868549
6,0.004774714260603739,0.024052820367307638,0.08529360311294665
7,0.004774714260603739,0.023848763234600775,0.11449633795711563
8,0.004774714260603739,0.023774812999417354,0.12302989492025668
