Iteration,Energy,Loss Function,Bias
0,0.3246518017687675,0.18736593724622536,0.0
1,0.059681695447071165,0.029004516329136892,0.9923006496273579
