Iteration,Energy,Loss Function,Bias
0,0.08674750121662657,0.12212210102693004,0.0
1,0.019030598816481312,0.018113137401983913,0.5334567087624206
2,0.015094468999372848,0.017751525252299553,1.2295916238590445
