Iteration,Energy,Loss Function,Bias
0,0.31715481742193236,0.3415067335411535,0.0
1,0.04223127035417127,0.06280102033259573,0.25722383014245626
2,0.032382801409007435,0.05523590310166691,0.7876025073484167
3,0.0014908905784054962,0.03710355856690211,1.2350364543491803
4,0.0014908905784054962,0.0350980923012333,1.6159614125830557
5,0.0014908905784054962,0.034973100052910655,1.6766188321836633
