Iteration,Energy,Loss Function,Bias
0,0.31715481742193236,0.31897258293463304,0.0
1,0.042231270354171214,0.07988661959466731,0.12766520758917876
2,0.002458919305597516,0.06453523485274788,0.5266872636337296
3,0.016411472340095976,0.04744143351863662,0.5858076304117816
4,0.013862993435799355,0.04127494763183985,0.782775093485675
5,0.013862993435799355,0.03735822707728732,0.8722937854626858
6,0.013862993435799355,0.03533290855098414,0.9431942495834272
7,0.013862993435799355,0.03448701569534014,0.9837586362189641
8,0.016256216071612383,0.033556954417767994,1.079350764117772
9,0.016256216071612383,0.03199472218431276,1.1894898897933281
10,0.016256216071612383,0.031435204380265785,1.403957757939733
