Iteration,Energy,Loss Function,Bias
0,0.08674750121662653,0.08294147484485725,0.0
1,0.011074960493673593,0.031831595808885595,0.09374306200405391
2,0.011914476181368863,0.029436197633765773,0.16021890177089312
3,0.01155587169400017,0.028045152533366775,0.24182919829655314
4,0.010753668040385304,0.02782692670127557,0.31199866313718716
5,0.010753668040385304,0.027737108330621648,0.32835692733231453
6,0.010753668040385304,0.02764080106236406,0.37570408884291334
7,0.005441697192630794,0.026408045647027117,1.3808545114168216
