Iteration,Energy,Loss Function,Bias
0,0.08674750121662653,0.09996989499650828,0.0
1,0.011074960493673593,0.0479743459854043,0.092207462747527
2,0.011914476181368863,0.04552887967522349,0.14553556469138884
3,0.01155587169400017,0.044742805494125286,0.16787807702589716
4,0.01155587169400017,0.04399207432464766,0.1982051695060296
5,0.01155587169400017,0.04312380480912324,0.2320652239179927
6,0.013817284213173504,0.04280116238174908,0.44204848817341846
7,0.005867992786178434,0.039536409356723194,1.8250582773615007
