Iteration,Energy,Loss Function,Bias
0,0.31715481742193236,0.3177961855114969,0.0
1,0.042231270354171214,0.05972664601553443,0.1769399971431443
2,0.03621541784707755,0.035525117843051825,0.49468473128354595
3,0.002170379289089471,0.024683719375487967,0.7582445787177211
4,0.001123272111279183,0.017318422549119594,0.9343471416788456
5,0.002845206711251125,0.01517797122749161,1.1425301487921566
6,0.002845206711251125,0.01441384199158432,1.2928637432570804
7,0.0014605264492394121,0.013203771835708806,1.585914398269114
8,0.0014605264492394503,0.012634601703983565,1.6931739053432755
9,0.0014605264492394121,0.010858455145385802,1.9409520114087053
10,0.0014605264492394503,0.009771261620320847,2.1218568752478655
11,0.0014605264492394121,0.009395320267955611,2.281734126552257
12,0.0014605264492394121,0.009216622668051353,2.601803197407664
