Iteration,Energy,Loss Function,Bias
0,0.31715481742193236,0.2992259987036483,0.0
1,0.059681695447071206,0.022649482128560737,0.7207458529175498
