Iteration,Energy,Loss Function,Bias
0,0.08674750121662657,0.09258157744164112,0.0
1,0.019030598816481312,0.032762178584900506,0.20724949932495662
2,0.01970746106917297,0.03250045867464364,0.25393005388674217
3,0.015216417529358756,0.031222842782726558,0.4377300924890742
4,0.015216417529358756,0.029298947216399057,0.69284314679273
