Iteration,Energy,Loss Function,Bias
0,0.3246518017687675,0.31113756310530727,0.0
1,0.15450777606473248,0.17693369329850345,0.018394482928550795
2,0.04219132482644853,0.056760680726903774,0.03760594297384191
3,0.008098338744769687,0.027039488395580163,0.0703655069319431
4,0.007823511356190983,0.02674377610762087,0.08906877556419765
5,0.007823511356190983,0.025400859812828306,0.10566778488321388
