Iteration,Energy,Loss Function,Bias
0,0.26696593626859605,0.26711495695290605,0.0
1,0.02676134480032668,0.030477858813203976,0.8223583048115489
