Iteration,Energy,Loss Function,Bias
0,0.26696593626859605,0.2852251018220821,0.0
1,0.04579710764251261,0.046769122391180515,0.5162743968693321
2,0.018185299917198382,0.04545451212750191,1.4764250305833362
3,0.009216954825139222,0.014074078521110717,1.712347120911592
4,0.01113387137290198,0.010555404310419464,2.1803670356650584
5,0.01113387137290198,0.006616122761952716,2.5057547185522995
6,0.01113387137290198,0.004525878127364289,2.5853393705409715
7,0.01113387137290198,0.002337478585574945,2.8498278774937273
