Iteration,Energy,Loss Function,Bias
0,0.26696593626859605,0.3048408531742536,0.0
1,0.1574176978740684,0.1897906139699667,0.2239831581084628
2,0.05049479659658174,0.08808847073342888,0.4257533910418332
3,0.014361229992680656,0.02927326682616395,0.736606409915664
4,0.014361229992680656,0.027791655507093924,0.8550250049467766
