Iteration,Energy,Loss Function,Bias
0,0.08674750121662653,0.09258157744164115,0.0
1,0.019030598816481274,0.03276217858490057,0.20724949932495662
2,0.01970746106917295,0.032500458674643705,0.2539300538867426
3,0.015216417529358756,0.031222842782726787,0.4377300924890153
4,0.015216417529358756,0.029298947216399744,0.6928431467926217
