Iteration,Energy,Loss Function,Bias
0,0.19350746208804312,0.259935646970511,0.0
1,0.04347244747175822,0.04736851982543897,0.4212777847053831
2,0.03931232316894737,0.04477004621324427,2.1939776353026397
