Iteration,Energy,Loss Function,Bias
0,0.08674750121662653,0.11345240253863251,0.0
1,0.019030598816481274,0.006131512472053951,0.5286670106276807
2,0.019030598816481274,0.004427177962167404,0.7117750489336051
3,0.011448144155327557,0.0023536359983367047,1.0680798912176281
