Iteration,Energy,Loss Function,Bias
0,0.08674750121662653,0.1487507409262623,0.0
1,0.025627029479461855,0.016192518951798407,0.7964676982667235
