Iteration,Energy,Loss Function,Bias
0,0.26696593626859605,0.30484085317425336,0.0
1,0.1574176978740684,0.18966292678603386,0.2239831581084628
2,0.05049479659658175,0.08768878611894353,0.42597732341279404
3,0.014361229992680542,0.027705016580166192,0.737569648596993
4,0.014361229992680542,0.026335651783897348,0.8557089887752678
5,0.014474144917270226,0.02564778175744067,1.0906633461678936
6,0.014474144917270226,0.025517715007977157,1.2165520807713874
7,0.014474144917270226,0.025477976055949113,1.3446341423281591
8,0.014474144917270226,0.025449175922440993,1.4496922479964143
