{
    "Calculated Minimum Energy [norm, row]": [
        0.059681695447071165,
        -0.6788026074381464
    ],
    "Corresponding loss function": 0.027668025215271702,
    "Solution for Minimum Energy": [
        1.0,
        1.0,
        1.0,
        1.0,
        1.0,
        1.0,
        1.0,
        1.0,
        1.0,
        1.0,
        1.0,
        1.0,
        1.0,
        1.0,
        1.0,
        1.0,
        1.0,
        1.0
    ],
    "Corresponding exp value": [
        -0.13966242679793067,
        -0.197603073589335,
        -0.048451646532006475,
        0.1208155231875314,
        -0.40352903779178384,
        -0.39893770902029907,
        -0.1744314450117973,
        0.14485868386721862,
        0.017425489439300033,
        0.03426337329689577,
        0.05025300457297223,
        0.026658798398843095,
        0.15529741965339217,
        0.2715148158617857,
        -0.0846606354445731,
        -0.15738938847340295,
        0.23697418594926856,
        -0.2827703015299081
    ],
    "Number for Minimum Energy": 0,
    "Elapsed Time [seconds]": 0.024940967559814453,
    "Elapsed Time [hours, minutes, seconds]": [
        0,
        0,
        0.02
    ],
    "Current function value": -0.847719922471097,
    "Iterations": 1,
    "Function Evaluations, Estimation": [
        41,
        2088
    ],
    "Gradient Evaluations": 29,
    "Number of Parameters": 71,
    "Minimum Parameters": [
        5.169746457239972,
        3.943078370562684,
        4.792458225374912,
        2.250254034576246,
        6.095508612941777,
        5.606060671922234,
        4.911924330933367,
        1.191131869311066,
        2.9598285220969,
        0.2462219889635203,
        0.9330961954446876,
        4.3182504468894685,
        4.713184913771308,
        6.045756951528992,
        2.0339874421540114,
        2.3496092296148032,
        2.992442344235319,
        1.1675986854223381,
        0.7969132084393729,
        2.9916399592230536,
        1.4199627777061299,
        4.244203475040374,
        2.7569495012348098,
        5.241674834413867,
        4.39859511307742,
        1.9509378245791977,
        5.216829569432123,
        5.072594675038241,
        2.454251954390647,
        1.797040941025232,
        4.305437973225073,
        0.8721919724578439,
        1.2550023957597876,
        0.04408362929138551,
        4.947708328252412,
        4.160621823396976,
        4.416508170122146,
        4.868268682025725,
        2.893334024927746,
        3.557358531150185,
        0.8856135601755114,
        0.7461266331466303,
        4.181384528179165,
        2.9694004767922237,
        3.5512363458808425,
        4.815948223714209,
        4.007199855974742,
        3.463292923186831,
        3.498160833671012,
        1.9328508986580035,
        0.18055250019661506,
        2.7513488592843283,
        1.3368945798846241,
        2.5404493513510165,
        5.383020292778975,
        1.4831911290592812,
        0.38814705449785786,
        1.7702964833720165,
        1.8357800911101947,
        4.17573108807447,
        3.500777019274017,
        4.933024848704135,
        4.118569603710314,
        2.52891036894554,
        5.140325737966702,
        1.012515994019673,
        0.17033110051495484,
        0.5729694435292371,
        4.508603354871595,
        2.8921421055055245,
        0.9942437482566971
    ],
    "Cmin, Cmax, frob_norm, shift": [
        1.473728550170648,
        2983.2052837360643,
        565.1058963899055,
        563.0238790798359
    ]
}