{
    "Calculated Minimum Energy [norm, row]": [
        0.0014908905784054962,
        -0.9858412708231932
    ],
    "Corresponding loss function": 0.021868208343535134,
    "Solution for Minimum Energy": [
        -1.0,
        1.0,
        1.0,
        -1.0,
        -1.0,
        1.0,
        1.0,
        1.0,
        1.0,
        1.0,
        1.0,
        1.0,
        1.0,
        1.0,
        1.0,
        1.0,
        1.0,
        -1.0
    ],
    "Corresponding exp value": [
        -0.24125614322531944,
        0.38957934871653577,
        0.23395692150664374,
        -0.3403014481551821,
        -0.3679138934119205,
        0.34297380591817245,
        0.01177632983627136,
        -0.013704169446759035,
        -0.1721356010693055,
        -0.031543310983768544,
        0.41482090042567576,
        0.23333878189556584,
        -0.0175615302734997,
        -0.0602363832070901,
        0.14937306342819698,
        0.0009851037783756705,
        0.11007413461865714,
        -0.6405603129485484
    ],
    "Number for Minimum Energy": 131097,
    "Elapsed Time [seconds]": 0.03334450721740723,
    "Elapsed Time [hours, minutes, seconds]": [
        0,
        0,
        0.03
    ],
    "Current function value": -0.8850268060857102,
    "Iterations": 4,
    "Function Evaluations, Estimation": [
        58,
        3312
    ],
    "Gradient Evaluations": 46,
    "Number of Parameters": 71,
    "Minimum Parameters": [
        4.97854769655856,
        3.881966970737178,
        5.128195805589614,
        1.9927152050156525,
        5.956104589909273,
        5.548592289330084,
        5.153670200166622,
        1.1535662344785516,
        2.8705377997636394,
        0.11514100190783437,
        0.7914728169208185,
        4.1016314184449865,
        4.85540506864734,
        5.943848097791426,
        1.8636289552325047,
        2.3367076982422166,
        3.110095193598473,
        1.4468242060816006,
        0.6243306738243998,
        2.9727245134452125,
        1.3640348390524484,
        4.111525151149955,
        2.8998199133535225,
        5.358975200102648,
        4.361894113709027,
        2.152668988589051,
        5.270629493044901,
        4.821850423387754,
        2.4063310522938206,
        1.6852840467364982,
        4.508957429589247,
        0.8401075796481483,
        1.092373804463139,
        -0.017593929070087833,
        4.845779806773355,
        3.810979306322927,
        4.43336858267454,
        4.405991824528305,
        2.951865651062224,
        3.572976130614458,
        0.8600397778671843,
        0.9566068548268681,
        3.7574371784040563,
        3.1391727568494296,
        3.38460299483075,
        4.925903780175311,
        4.231775215720014,
        3.4740214457018506,
        3.290168659709637,
        2.29458947723242,
        0.1382656145540055,
        2.5320480373307888,
        1.10400661585567,
        2.4618783633202526,
        5.505766442697297,
        1.4995578967428744,
        0.4431042754198884,
        1.7583202693865339,
        1.8161659894964344,
        4.237806596913243,
        3.245690449349268,
        4.933731329922726,
        3.8844092907977847,
        2.4345995319946176,
        5.306587104820432,
        0.9955803682271045,
        0.25454485749421385,
        0.7279884477196165,
        4.458027308608484,
        2.899098377256721,
        1.2492773060573712
    ],
    "Cmin, Cmax, frob_norm, shift": [
        1.473728550170648,
        2983.2052837360643,
        565.1058963899055,
        563.0238790798359
    ]
}