{
    "Calculated Minimum Energy [norm, row]": [
        0.001434453809267165,
        -0.9861390544713333
    ],
    "Corresponding loss function": -0.005148850955101813,
    "Solution for Minimum Energy": [
        1.0,
        1.0,
        -1.0,
        -1.0,
        -1.0,
        1.0,
        1.0,
        1.0,
        1.0,
        1.0,
        1.0,
        1.0,
        1.0,
        1.0,
        1.0,
        1.0,
        1.0,
        -1.0
    ],
    "Corresponding exp value": [
        0.12574865042237737,
        0.19691382875582314,
        -0.19206284915352737,
        -0.17817385887097847,
        -0.3927431983100252,
        0.25195405342233496,
        0.1317737040696647,
        0.13870557027736427,
        0.23032673749375807,
        0.2820544551136907,
        0.3396760533826416,
        0.4794854989880174,
        0.2853236107348655,
        0.06223851975972249,
        0.3518151447817355,
        0.227041411835451,
        0.28074948307813896,
        -0.2745060389952647
    ],
    "Number for Minimum Energy": 131100,
    "Elapsed Time [seconds]": 0.03212285041809082,
    "Elapsed Time [hours, minutes, seconds]": [
        0,
        0,
        0.03
    ],
    "Current function value": -1.0479855425881752,
    "Iterations": 6,
    "Function Evaluations, Estimation": [
        52,
        2880
    ],
    "Gradient Evaluations": 40,
    "Number of Parameters": 71,
    "Minimum Parameters": [
        4.943479014392567,
        3.836107524765414,
        5.067384920515221,
        2.1617897014000875,
        5.93320241944945,
        5.558994683283797,
        4.995505427063812,
        1.1240622964026143,
        2.988862030885159,
        0.08337872916614768,
        0.7129902407044104,
        4.248138820609839,
        4.8978003953258815,
        5.948420608989733,
        1.8831727254417177,
        2.327777810099697,
        3.113737789257723,
        1.277518248763143,
        0.6914853004915014,
        2.969097642732697,
        1.4043159138363246,
        4.241228495817882,
        2.8828898143565684,
        5.338501680130142,
        4.294133313875544,
        2.007774243250078,
        5.2256328822077895,
        4.942151449541262,
        2.5067971481033564,
        1.7672892056683218,
        4.437907768938814,
        0.8763814448494659,
        1.1734118736603927,
        -0.03566921832911939,
        4.953845202593476,
        3.824066765472618,
        4.3829460379576295,
        4.53901931935852,
        2.989234632775392,
        3.4852062429332777,
        0.8260618593297067,
        0.9026846107774987,
        3.9702529331579197,
        3.1129662533610354,
        3.4015920443589884,
        4.876165844289041,
        4.1983725180482985,
        3.4949400339788657,
        3.340436574482942,
        2.2802000266190205,
        0.1262889573194989,
        2.679134323086912,
        1.1455598171293875,
        2.4353525262183595,
        5.462752812786521,
        1.530213072462803,
        0.5508517542300817,
        1.7811497658808377,
        1.8143003548362273,
        4.246429306750191,
        3.3451955330100236,
        4.888519023806366,
        3.8824150861371445,
        2.3667509000388094,
        5.293304108113438,
        0.8795800206181229,
        0.20943312597977615,
        0.6772349889626584,
        4.395994519452953,
        2.922024154644591,
        0.8990000645138674
    ],
    "Cmin, Cmax, frob_norm, shift": [
        1.473728550170648,
        2983.2052837360643,
        565.1058963899055,
        563.0238790798359
    ]
}