{
    "Calculated Minimum Energy [norm, row]": [
        6.749750409944188e-05,
        -0.9933516791771048
    ],
    "Corresponding loss function": 0.01875784765752012,
    "Solution for Minimum Energy": [
        1.0,
        1.0,
        1.0,
        1.0,
        -1.0,
        -1.0,
        1.0,
        1.0,
        1.0,
        1.0,
        -1.0,
        1.0,
        1.0,
        1.0,
        -1.0,
        1.0,
        1.0,
        1.0
    ],
    "Corresponding exp value": [
        -0.018408551520795242,
        0.30304515908609597,
        -0.01748912028956793,
        -0.01672204748431185,
        -0.021584178519321366,
        -0.3404430971649327,
        -0.017468485752894527,
        0.2703365626082248,
        -0.018412932606247517,
        -0.015961137919682296,
        -0.021273333110597398,
        -0.015882975793229608,
        0.3674895428762705,
        0.1799600255949957,
        -0.01973944235323829,
        0.5408412868527327,
        0.315379128336615,
        0.26733575122779407
    ],
    "Number for Minimum Energy": 17456,
    "Elapsed Time [seconds]": 0.6853330135345459,
    "Elapsed Time [hours, minutes, seconds]": [
        0,
        0,
        0.69
    ],
    "Current function value": -0.8949898581700986,
    "Iterations": 507,
    "Function Evaluations, Estimation": [
        557,
        40104
    ],
    "Gradient Evaluations": 557,
    "Number of Parameters": 71,
    "Minimum Parameters": [
        3.8959652686187227,
        0.47036219179768385,
        0.9428301161569742,
        2.566482368353522,
        6.084555394011275,
        3.7723863106753828,
        5.8994354591020794,
        4.930876297707722,
        2.891757627811036,
        4.783156491644242,
        -0.1305028636912749,
        0.6115162202032633,
        5.1159628870110145,
        4.921840008864234,
        1.553302113037161,
        3.3022755341484857,
        3.9587554488298276,
        5.488693142039077,
        3.6262244733937026,
        2.6903429913222285,
        2.202122831564115,
        2.7594152129184444,
        3.8645339295006544,
        5.476886493107032,
        2.7742348709100484,
        1.6508756441657872,
        1.6582442577934815,
        4.505621528679527,
        5.572525565894283,
        0.9642647402763546,
        0.5971355574673395,
        3.763633410331394,
        0.8521466929220537,
        5.197529228735453,
        1.8922519025190936,
        0.8622692898873466,
        5.6480086104269525,
        0.8384105893964663,
        2.4804942991890595,
        1.1678298349735985,
        0.5045271820148323,
        0.46151636684407005,
        0.3717973693440472,
        1.4013674168951757,
        0.4257846215956052,
        3.7500879570218695,
        4.351808092909432,
        2.6357775320326984,
        2.129592067521031,
        3.1264480322790886,
        5.511300543032248,
        5.695001559211647,
        0.053200369613159076,
        1.3330043489334278,
        1.787904122256741,
        1.8026938553888654,
        3.816555379320993,
        2.2859056840680383,
        0.8293363196812856,
        2.169447786548079,
        3.343158524954836,
        0.5561213976525877,
        5.627260210820647,
        0.6620543940044308,
        5.9339144978548815,
        0.3359639968638974,
        5.429982049297402,
        5.743634678671378,
        5.850404022759694,
        5.124320439609402,
        0.22651180480611546
    ],
    "Cmin, Cmax, frob_norm, shift": [
        1.473728550170648,
        2983.2052837360643,
        565.1058963899055,
        563.0238790798359
    ]
}