{
    "Calculated Minimum Energy [norm, row]": [
        0.011448144155327557,
        -0.9333026981716506
    ],
    "Corresponding loss function": -0.006770651612551697,
    "Solution for Minimum Energy": [
        -1.0,
        -1.0,
        -1.0,
        1.0,
        1.0,
        1.0,
        1.0,
        1.0,
        -1.0,
        1.0,
        -1.0,
        -1.0,
        1.0,
        1.0,
        -1.0,
        1.0,
        1.0,
        1.0
    ],
    "Corresponding exp value": [
        -0.46477398358321564,
        -0.4836662930212656,
        -0.42558748800244356,
        0.19689588057131802,
        0.40865068959183304,
        0.39141453036144236,
        0.4470341043336339,
        0.361904888898794,
        -0.5627804121826758,
        0.17469298869482494,
        -0.4837221369005071,
        -0.38981919100092005,
        0.2985204640118961,
        0.34343240430963673,
        -0.2730499835609217,
        0.34697230727242406,
        0.29727041795271203,
        0.20830088849523865
    ],
    "Number for Minimum Energy": 19719,
    "Elapsed Time [seconds]": 0.21661067008972168,
    "Elapsed Time [hours, minutes, seconds]": [
        0,
        0,
        0.22
    ],
    "Current function value": -1.032254255226702,
    "Iterations": 167,
    "Function Evaluations, Estimation": [
        171,
        12312
    ],
    "Gradient Evaluations": 171,
    "Number of Parameters": 71,
    "Minimum Parameters": [
        0.9239825547882009,
        3.1429521178067636,
        0.8321588003796518,
        4.281681827711359,
        2.901229229047202,
        2.4659706114411306,
        1.9290820187665767,
        3.802394643413044,
        2.1986572944648053,
        0.6234415871191037,
        0.8524578307722437,
        6.179096532351074,
        5.841907294259802,
        4.428247954138314,
        1.7308377296966335,
        6.179698237727236,
        5.020006099042114,
        4.586347054439066,
        2.3813358363005723,
        1.5503694842201414,
        0.9196413332316882,
        5.578561126063038,
        3.012212650914037,
        1.3949718390333625,
        1.6927483318776497,
        3.612080807893172,
        1.0293240438030478,
        5.507726821914275,
        4.86004306703059,
        4.528927725098663,
        2.4696364037952727,
        3.8845410336898696,
        3.502264926707533,
        4.288620566031302,
        0.4919644988401161,
        2.5452119942860394,
        0.3221318705598409,
        2.933130217798682,
        1.9882205389814407,
        0.8785250364916489,
        0.5738668546126706,
        3.572609259089045,
        0.8033642214453893,
        5.929348966546652,
        3.826728269693702,
        2.2666430388274543,
        3.829083640474656,
        0.014795749194146468,
        5.9095647853144735,
        2.929277393319278,
        4.889252863399436,
        0.49771093608479927,
        2.8483899719783228,
        3.0805779493987737,
        5.943156059894802,
        3.6377751141176145,
        2.831087011392174,
        1.5712214504649318,
        2.1775907099990626,
        3.3342163288389943,
        2.879137746454444,
        0.3064748093476422,
        5.149629534022128,
        5.667621845620551,
        0.9789354087837384,
        3.4335580242335095,
        0.6538629806857289,
        4.2953804519601695,
        1.9088579037591438,
        4.176929013239689,
        0.21624608677423868
    ],
    "Cmin, Cmax, frob_norm, shift": [
        1.473728550170648,
        2983.2052837360643,
        565.1058963899055,
        563.0238790798359
    ]
}