{
    "Calculated Minimum Energy [norm, row]": [
        0.00029590223891327297,
        -0.992146521684502
    ],
    "Corresponding loss function": 0.016256417703016477,
    "Solution for Minimum Energy": [
        1.0,
        1.0,
        1.0,
        1.0,
        -1.0,
        -1.0,
        -1.0,
        1.0,
        -1.0,
        -1.0,
        -1.0,
        1.0,
        1.0,
        1.0,
        1.0,
        1.0,
        1.0,
        1.0
    ],
    "Corresponding exp value": [
        0.00036542653640339595,
        0.20787178304280035,
        0.21232409478163097,
        0.5211546170645861,
        -0.0219317624252284,
        -0.17980610585698412,
        -0.22177039057307893,
        0.19433757635132315,
        -0.244769394305046,
        -0.460580707694825,
        -0.005471645017890006,
        0.002970270149034771,
        0.22277328236867383,
        0.23659214148409108,
        0.5634929009075111,
        0.5922316741668507,
        0.5430438452345497,
        0.38643883345781344
    ],
    "Number for Minimum Energy": 1904,
    "Elapsed Time [seconds]": 0.19140625,
    "Elapsed Time [hours, minutes, seconds]": [
        0,
        0,
        0.19
    ],
    "Current function value": -0.9359546054090511,
    "Iterations": 113,
    "Function Evaluations, Estimation": [
        169,
        12168
    ],
    "Gradient Evaluations": 169,
    "Number of Parameters": 71,
    "Minimum Parameters": [
        4.040248396331387,
        0.4848964319358313,
        0.9869210985175706,
        2.5512208020068297,
        6.29504861254786,
        3.7255807944901536,
        5.84082808723985,
        5.025097034452397,
        2.930506898284285,
        4.80050945341624,
        -0.042143638422751414,
        0.6104999665487341,
        5.17131025458634,
        4.9622003838738085,
        1.5199814948721881,
        3.4919947365844166,
        3.868811079612142,
        5.506268706528887,
        3.9319932993285307,
        2.6844208154532403,
        2.351686645822726,
        2.815041237129444,
        4.017856607017843,
        5.411408307527194,
        2.6251255345257047,
        1.5776425437030948,
        1.579763411471216,
        4.48790224160323,
        5.300501452021359,
        0.9242844583085889,
        0.4170556619993379,
        3.742710737224106,
        0.9318123197700958,
        5.210863730655624,
        1.799490496992423,
        0.8402829031953785,
        5.771450676308334,
        1.043278767396639,
        1.9661685933141946,
        0.975469439770755,
        0.7396078288371251,
        0.36476789923120506,
        0.3350464140003294,
        1.2843382163728054,
        0.38357886140516645,
        3.7466814701432027,
        4.2701226383256765,
        2.434907425201748,
        1.9968335409891096,
        3.1892242959583665,
        5.42458514202068,
        5.341031761065481,
        0.19324682834395968,
        1.3201820028525713,
        1.5979017301893965,
        1.8799798618560972,
        3.979407209495693,
        2.484078744106018,
        0.707854636097578,
        2.2858897440584993,
        3.330813619335608,
        0.6659740014209924,
        5.438138233786282,
        0.5244956028014198,
        5.961998223658245,
        0.37631151017023506,
        5.30802252145464,
        5.6642273140586745,
        6.056664586044688,
        4.837259474221625,
        0.11247682204765651
    ],
    "Cmin, Cmax, frob_norm, shift": [
        1.473728550170648,
        2983.2052837360643,
        565.1058963899055,
        563.0238790798359
    ]
}