{
    "Calculated Minimum Energy [norm, row]": [
        0.011448144155327557,
        -0.9333026981716506
    ],
    "Corresponding loss function": -0.0003478062652644921,
    "Solution for Minimum Energy": [
        -1.0,
        -1.0,
        -1.0,
        1.0,
        1.0,
        1.0,
        1.0,
        1.0,
        -1.0,
        1.0,
        -1.0,
        -1.0,
        1.0,
        1.0,
        -1.0,
        1.0,
        1.0,
        1.0
    ],
    "Corresponding exp value": [
        -0.4466060268753072,
        -0.6534430566038312,
        -0.5688804427759118,
        0.33566307838269377,
        0.45031996505442595,
        0.5204519514966526,
        0.4753499903390672,
        0.40848217280276444,
        -0.5665623080021007,
        0.09150381836153268,
        -0.5271497697008887,
        -0.26580866051814983,
        0.3600725285975485,
        0.4271918962461865,
        -0.27494333146816335,
        0.32528555331969833,
        0.20565415281387783,
        0.1268657078778226
    ],
    "Number for Minimum Energy": 19719,
    "Elapsed Time [seconds]": 0.10276103019714355,
    "Elapsed Time [hours, minutes, seconds]": [
        0,
        0,
        0.1
    ],
    "Current function value": -1.010682633343285,
    "Iterations": 89,
    "Function Evaluations, Estimation": [
        91,
        6552
    ],
    "Gradient Evaluations": 91,
    "Number of Parameters": 71,
    "Minimum Parameters": [
        0.9085637138401926,
        3.1597905294798596,
        0.901650613697285,
        4.285636638984273,
        2.879595089231345,
        2.471440991662686,
        2.119351222531334,
        3.9094142841712496,
        2.1968829475813076,
        0.6012445587121958,
        0.8108749315056504,
        6.189208824463889,
        5.803947534684444,
        4.368946396608033,
        1.746769699675063,
        6.1534923123979945,
        4.97744749065091,
        4.568561715053141,
        2.4980754065615507,
        1.5714365721122583,
        1.0032947869484183,
        5.638297960642186,
        2.953237535479118,
        1.3796889905980125,
        1.7423280643898873,
        3.603078968918215,
        1.1096029772547975,
        5.447221783174494,
        4.841489583795865,
        4.524533609368986,
        2.5261699845134795,
        3.868049329430007,
        3.4993795598693924,
        4.27394290280426,
        0.3842785927047447,
        2.5727196188048462,
        0.2972994419309236,
        2.9008733155409665,
        2.081223111303588,
        0.8557107979487333,
        0.5934003218972629,
        3.6147480878290588,
        0.8322642047776677,
        5.900123486143431,
        3.8243376028991984,
        2.3143554165439846,
        3.813478985240676,
        0.0398045501306137,
        5.9105192035988825,
        2.959564870291541,
        4.895051820727329,
        0.4462969665234164,
        2.8840446028280975,
        3.1128441031412626,
        5.926599629040674,
        3.5950323229170467,
        2.8170370180623676,
        1.6151285670397773,
        2.133453350809059,
        3.281012600802159,
        2.9223388228807115,
        0.2919277873513519,
        5.197664710307453,
        5.634814848973086,
        0.9795936891497774,
        3.387735783896878,
        0.646255279140888,
        4.2862074850495615,
        1.8173958370157497,
        4.174277385386093,
        0.41283343851698817
    ],
    "Cmin, Cmax, frob_norm, shift": [
        1.473728550170648,
        2983.2052837360643,
        565.1058963899055,
        563.0238790798359
    ]
}