{
    "Calculated Minimum Energy [norm, row]": [
        0.005103646546587979,
        -0.9667788817376557
    ],
    "Corresponding loss function": 0.007044908583047264,
    "Solution for Minimum Energy": [
        1.0,
        -1.0,
        -1.0,
        -1.0,
        -1.0,
        1.0,
        -1.0,
        1.0,
        -1.0,
        -1.0,
        1.0,
        -1.0,
        1.0,
        1.0,
        -1.0,
        1.0,
        1.0,
        1.0
    ],
    "Corresponding exp value": [
        0.08200431007507628,
        -0.29209448286537937,
        -0.44292196388708355,
        -0.1529837531475031,
        -0.11400268450118142,
        0.3039549889109045,
        -0.2690656160566648,
        0.3882658914535661,
        -0.35397228065603814,
        -0.3343689811371111,
        0.04597428135292295,
        -0.3313922905211078,
        0.26131150119455704,
        0.28104802829788833,
        -0.25116224719041635,
        0.2520966449833461,
        0.3009739768740331,
        0.25744128761569157
    ],
    "Number for Minimum Energy": 19294,
    "Elapsed Time [seconds]": 0.28014039993286133,
    "Elapsed Time [hours, minutes, seconds]": [
        0,
        0,
        0.28
    ],
    "Current function value": -0.9660722775762017,
    "Iterations": 195,
    "Function Evaluations, Estimation": [
        203,
        14616
    ],
    "Gradient Evaluations": 203,
    "Number of Parameters": 71,
    "Minimum Parameters": [
        1.0893595999296308,
        3.315142120504756,
        1.0899592391962731,
        4.53742825754056,
        2.9982976912935677,
        2.4383257954357673,
        1.8165438997031715,
        3.8008059649724486,
        2.376799805667565,
        0.3927229403617519,
        0.8586184179800251,
        5.871391355483874,
        5.856667241928419,
        4.393327280209872,
        1.8428093461481179,
        6.214113772567439,
        4.877835551088291,
        4.462794648842131,
        2.1099819142569145,
        1.556736938056153,
        0.931161079522575,
        5.602093736574192,
        3.2667825530951182,
        1.4627640190483318,
        1.597631860872149,
        3.5883947386716737,
        1.0702745144883146,
        5.69635302325876,
        4.927182345438354,
        4.443355887107351,
        2.5532492758191827,
        3.981459189193537,
        3.7322854753988857,
        4.3022911128582315,
        0.4953366161136439,
        2.5522001198080817,
        0.25631353627163034,
        3.1128522361240645,
        2.0401487319669243,
        0.9109389207430426,
        0.6129992994341937,
        3.5929396589561433,
        0.7759911870804601,
        5.917147332060692,
        3.6776626556213254,
        2.1871313021477454,
        3.764966978611184,
        0.014239916883167822,
        5.827479280731281,
        2.957490497800439,
        4.953406712540377,
        0.561640320989886,
        2.8215573564958545,
        3.241671143697753,
        5.926677660462616,
        3.616808028946197,
        2.706170721189596,
        1.4909549780459683,
        1.9212698830278145,
        3.4069989453614506,
        2.8764194428290644,
        0.3008765441671082,
        5.186816254870146,
        5.691311656922841,
        0.9767044336662396,
        3.571566739948112,
        0.6499527133857426,
        4.365539413669218,
        1.805743660493273,
        4.31018431919373,
        0.22172154505415806
    ],
    "Cmin, Cmax, frob_norm, shift": [
        1.473728550170648,
        2983.2052837360643,
        565.1058963899055,
        563.0238790798359
    ]
}