{
    "Calculated Minimum Energy [norm, row]": [
        0.005103646546587979,
        -0.9667788817376557
    ],
    "Corresponding loss function": 0.008302622334981443,
    "Solution for Minimum Energy": [
        1.0,
        -1.0,
        -1.0,
        -1.0,
        -1.0,
        1.0,
        -1.0,
        1.0,
        -1.0,
        -1.0,
        1.0,
        -1.0,
        1.0,
        1.0,
        -1.0,
        1.0,
        1.0,
        1.0
    ],
    "Corresponding exp value": [
        0.006319569861419516,
        -0.3412045933217457,
        -0.46896256515428003,
        -0.10178286950571006,
        -0.1444792625376429,
        0.5164595233382241,
        -0.33485734540696493,
        0.4350693206030716,
        -0.2706104187078335,
        -0.28495680303635856,
        0.08683545036296972,
        -0.38561949166246,
        0.2544958054253647,
        0.3292100252143068,
        -0.19164846814502073,
        0.38094667469686655,
        0.21972007522235615,
        0.29053047849769775
    ],
    "Number for Minimum Energy": 19294,
    "Elapsed Time [seconds]": 0.34067487716674805,
    "Elapsed Time [hours, minutes, seconds]": [
        0,
        0,
        0.34
    ],
    "Current function value": -0.9635096153036625,
    "Iterations": 203,
    "Function Evaluations, Estimation": [
        208,
        14976
    ],
    "Gradient Evaluations": 208,
    "Number of Parameters": 71,
    "Minimum Parameters": [
        0.9500276423065168,
        3.3165092004104717,
        1.0697682556399595,
        4.549923254321154,
        2.9067700663019833,
        2.3511799978953447,
        1.8725003750202533,
        3.796109784029036,
        2.53732116638818,
        0.3424168254705515,
        0.8851218329051905,
        5.828436345441764,
        5.846263241356058,
        4.416627604371705,
        1.7966101148331073,
        6.330066254200463,
        4.812266383096972,
        4.384759876646816,
        2.1656844772155535,
        1.6684975028782223,
        0.9187537285199922,
        5.558716859465464,
        3.1678251982288126,
        1.4999339717812181,
        1.5800038283237694,
        3.594793783216551,
        1.0326412874648292,
        5.74644956671989,
        4.888678801500734,
        4.417332496890494,
        2.5941038108282495,
        4.004800685982395,
        3.6816478517545956,
        4.228032553635561,
        0.32475840136094664,
        2.5909264017623146,
        0.23807840246161863,
        3.0475415091219578,
        2.1537453339940407,
        0.8054337808537599,
        0.625124300398415,
        3.5405227047330916,
        0.8076510679858833,
        5.895736867494686,
        3.7673451893906806,
        2.2415757547579434,
        3.7623085375000693,
        0.07385773585130363,
        5.758139612354126,
        3.0032782161224403,
        4.927183392353932,
        0.5379990194989654,
        2.8038777902469834,
        3.189718484451702,
        6.013837697370692,
        3.6527907122682732,
        2.6668763603881445,
        1.4950469219618185,
        1.9718430578721147,
        3.3909891068863733,
        2.938982512092192,
        0.23494796008268404,
        5.157094693589926,
        5.861026588005812,
        1.1053002607843243,
        3.5533982515274816,
        0.5321037632925786,
        4.3666171848251185,
        1.7104881857122807,
        4.339144894937963,
        0.30978244880305217
    ],
    "Cmin, Cmax, frob_norm, shift": [
        1.473728550170648,
        2983.2052837360643,
        565.1058963899055,
        563.0238790798359
    ]
}