{
    "Calculated Minimum Energy [norm, row]": [
        0.011448144155327557,
        -0.9333026981716506
    ],
    "Corresponding loss function": 0.002394605356546178,
    "Solution for Minimum Energy": [
        -1.0,
        -1.0,
        -1.0,
        1.0,
        1.0,
        1.0,
        1.0,
        1.0,
        -1.0,
        1.0,
        -1.0,
        -1.0,
        1.0,
        1.0,
        -1.0,
        1.0,
        1.0,
        1.0
    ],
    "Corresponding exp value": [
        -0.5134453219317691,
        -0.5943386502679116,
        -0.5846761347607657,
        0.3138822912320426,
        0.4687508769649712,
        0.506786328718729,
        0.39376373079769866,
        0.4000678560975231,
        -0.5301317326726045,
        0.06879243922748908,
        -0.40627918065817525,
        -0.2734617739935517,
        0.34917934575719833,
        0.38826822885254764,
        -0.27763635525519753,
        0.3485818013644362,
        0.18429999890148535,
        0.17421064457693813
    ],
    "Number for Minimum Energy": 19719,
    "Elapsed Time [seconds]": 0.027443408966064453,
    "Elapsed Time [hours, minutes, seconds]": [
        0,
        0,
        0.03
    ],
    "Current function value": -0.9810728992877268,
    "Iterations": 3,
    "Function Evaluations, Estimation": [
        49,
        2736
    ],
    "Gradient Evaluations": 38,
    "Number of Parameters": 71,
    "Minimum Parameters": [
        0.9161395083235765,
        3.1665334011087465,
        0.9141104511306124,
        4.310991819881552,
        2.876367335401784,
        2.457038743073265,
        2.0369664948236745,
        3.924449729528884,
        2.217479733696318,
        0.5822334301762909,
        0.7964971363167921,
        6.151136896226619,
        5.779408580954973,
        4.3704587651401665,
        1.7506512449921183,
        6.159189145348604,
        4.9428539377212655,
        4.567335798069594,
        2.5606447083515587,
        1.5856298060353136,
        0.9016282495349244,
        5.640651753157179,
        2.9553357549517703,
        1.3785518294282293,
        1.7579956173895945,
        3.624027537071126,
        1.0978016001476667,
        5.444548370193368,
        4.804069594581324,
        4.518239465726078,
        2.5729161303826533,
        3.879736331639025,
        3.5306483527077415,
        4.246835993384192,
        0.41902411707877757,
        2.577762784238321,
        0.30860459979512495,
        2.961038633578063,
        2.0831939091897897,
        0.8649217307030895,
        0.6073056957332794,
        3.6229551472416155,
        0.8880948285048124,
        5.9034182358093,
        3.8008677514424374,
        2.280580232864672,
        3.8020684628224823,
        0.050440400501593666,
        5.956671703415566,
        2.9733415864039086,
        4.908584316362923,
        0.47566560287721726,
        2.90428128128963,
        3.0938553157801163,
        5.9307029714976265,
        3.6053330963032106,
        2.826050685943359,
        1.6042770361856866,
        2.1418204502622897,
        3.2912468357878617,
        2.89663135849594,
        0.2736704749265152,
        5.182148615081337,
        5.623944871760466,
        0.9720028538142875,
        3.421020607905484,
        0.6659788615543344,
        4.2567401657660495,
        1.795339037652849,
        4.159883543917715,
        0.9407762769824192
    ],
    "Cmin, Cmax, frob_norm, shift": [
        1.473728550170648,
        2983.2052837360643,
        565.1058963899055,
        563.0238790798359
    ]
}