{
    "Calculated Minimum Energy [norm, row]": [
        0.004147707734341572,
        -0.9718228087954179
    ],
    "Corresponding loss function": 0.024565381646575003,
    "Solution for Minimum Energy": [
        1.0,
        1.0,
        1.0,
        -1.0,
        1.0,
        1.0,
        -1.0,
        1.0,
        -1.0,
        -1.0,
        -1.0,
        1.0,
        1.0,
        1.0,
        1.0,
        -1.0,
        1.0,
        1.0
    ],
    "Corresponding exp value": [
        -0.012136969252366906,
        0.10009778133450487,
        -0.011480370739605398,
        -0.013430709148421153,
        -0.012985625799098375,
        0.1621772016662761,
        -0.013715310664467295,
        0.3193219799797208,
        -0.01334051241145634,
        -0.013337543136038688,
        -0.01528277162896892,
        -0.013209952209694203,
        0.48526915908655044,
        0.10178987049375476,
        0.5874343203024639,
        -0.25524409972285594,
        0.29839144651317406,
        0.32015382431863804
    ],
    "Number for Minimum Energy": 34632,
    "Elapsed Time [seconds]": 0.36926698684692383,
    "Elapsed Time [hours, minutes, seconds]": [
        0,
        0,
        0.37
    ],
    "Current function value": -0.8641810713416753,
    "Iterations": 178,
    "Function Evaluations, Estimation": [
        254,
        18288
    ],
    "Gradient Evaluations": 254,
    "Number of Parameters": 71,
    "Minimum Parameters": [
        0.522418946843976,
        3.0790748425218806,
        0.7612339485553627,
        4.410955640448387,
        2.6001728109972233,
        2.640352930122567,
        1.5434470207152409,
        3.5374317011350187,
        1.9184263867770284,
        0.5408304748432992,
        0.769871403530373,
        6.230414100554121,
        6.082423646735906,
        4.139126816682399,
        2.05784231978293,
        6.429906870914373,
        4.852334654699703,
        4.825463282154178,
        2.3909932181231284,
        1.727325373088135,
        0.847157956010099,
        5.34740499679643,
        3.605134903343424,
        1.8334384377458501,
        1.465584479491811,
        3.9534027189350645,
        0.5727789139064797,
        5.367340516710938,
        4.67237968059833,
        4.249849019666289,
        2.801928756757905,
        4.045868256472105,
        3.961403052638286,
        3.7892058865197527,
        0.7533061249543395,
        2.4600370847187483,
        0.15066378302665098,
        3.2118576552253812,
        1.60785683046472,
        1.0075194516827062,
        0.49903754017638086,
        3.7480275815163155,
        1.000932294463177,
        6.243343875080694,
        3.562721823955871,
        2.4848085911466633,
        3.6802992565870443,
        0.25329653958624854,
        6.0237650095838715,
        2.823924273876508,
        4.650090021502332,
        0.4160069426579928,
        2.8425710449197465,
        2.679496695585182,
        5.6336124043800515,
        3.4798934926151786,
        3.1297797391705484,
        1.447003523286829,
        2.669336501017679,
        3.2101443814539676,
        3.2751411139420252,
        -0.12753509964950174,
        4.893347104225916,
        5.648688198462296,
        1.2393201124772293,
        3.423283331405335,
        0.2336032856982155,
        4.121577287840398,
        1.656869682091632,
        4.530092846814469,
        0.37158196340516936
    ],
    "Cmin, Cmax, frob_norm, shift": [
        1.473728550170648,
        2983.2052837360643,
        565.1058963899055,
        563.0238790798359
    ]
}