{
    "Calculated Minimum Energy [norm, row]": [
        0.0002510570335184595,
        -0.9923831434661516
    ],
    "Corresponding loss function": 0.015832828227283987,
    "Solution for Minimum Energy": [
        1.0,
        1.0,
        -1.0,
        1.0,
        -1.0,
        -1.0,
        1.0,
        1.0,
        1.0,
        -1.0,
        -1.0,
        1.0,
        1.0,
        1.0,
        1.0,
        1.0,
        1.0,
        1.0
    ],
    "Corresponding exp value": [
        0.2572693578458232,
        0.21443418469599462,
        -0.07251510358513857,
        0.5320526557035701,
        -0.2886181883501504,
        -0.3577550089361957,
        0.1207077449470772,
        0.21020248040641673,
        -0.014533051865447462,
        -0.2794290058280164,
        -0.02051327692117185,
        0.015319259752894318,
        0.2447824273581451,
        0.37408206749180317,
        0.4643289718379872,
        0.5227271385423927,
        0.4341429843470658,
        0.4546814589676995
    ],
    "Number for Minimum Energy": 1588,
    "Elapsed Time [seconds]": 0.3377809524536133,
    "Elapsed Time [hours, minutes, seconds]": [
        0,
        0,
        0.34
    ],
    "Current function value": -0.9651181204074588,
    "Iterations": 250,
    "Function Evaluations, Estimation": [
        285,
        20520
    ],
    "Gradient Evaluations": 285,
    "Number of Parameters": 71,
    "Minimum Parameters": [
        4.017321711282183,
        0.5047999648699083,
        1.0696309254028264,
        2.63306736817278,
        6.329612248287576,
        3.734519271852895,
        5.872061130972609,
        5.03120185480171,
        2.7768576660059803,
        4.811313930577565,
        -0.05336368239483162,
        0.6862981877103208,
        5.229437764749378,
        4.967639664549238,
        1.5743586513928307,
        3.462050266209504,
        3.989699357505384,
        5.4559777996118255,
        3.8418771400925777,
        2.749434305541723,
        2.3042365571524788,
        2.7546052144145015,
        3.892233469139043,
        5.392032864245635,
        2.6146646819042987,
        1.6047574533714877,
        1.5986370813301853,
        4.457750838256233,
        5.339440228189551,
        1.0087862759582313,
        0.4235164991730721,
        3.664511485161946,
        0.8886569133712027,
        5.236828906935188,
        1.7972975287975637,
        0.8089297034250292,
        5.762803879790505,
        0.9252045851921107,
        2.0625525484364378,
        1.0741217775105476,
        0.6140397486979196,
        0.3715856070995043,
        0.39712108608591923,
        1.3682936528580403,
        0.2622618234812526,
        3.671154470723361,
        4.216860059005635,
        2.445925147609605,
        2.020277525697678,
        3.1708130945387762,
        5.407771487547204,
        5.2685386522127295,
        0.09110770571058949,
        1.3223190559353852,
        1.5977760858002046,
        1.8509355946701425,
        3.8446948173450575,
        2.441357898501588,
        0.5499123663764224,
        2.2378297878003015,
        3.265237287344495,
        0.6566350370420958,
        5.309928903340132,
        0.47538577576874436,
        5.887641724374108,
        0.339285331756173,
        5.421302087266371,
        5.641112812757427,
        6.100362637233679,
        4.885716238908464,
        0.18566037119293116
    ],
    "Cmin, Cmax, frob_norm, shift": [
        1.473728550170648,
        2983.2052837360643,
        565.1058963899055,
        563.0238790798359
    ]
}