{
    "Calculated Minimum Energy [norm, row]": [
        0.002258897996402416,
        -0.9817889472366097
    ],
    "Corresponding loss function": 0.02219842486998416,
    "Solution for Minimum Energy": [
        1.0,
        1.0,
        1.0,
        1.0,
        -1.0,
        -1.0,
        1.0,
        1.0,
        1.0,
        1.0,
        1.0,
        1.0,
        1.0,
        1.0,
        1.0,
        1.0,
        1.0,
        1.0
    ],
    "Corresponding exp value": [
        -0.009291272820472776,
        0.08651716510736034,
        -0.2661807950102937,
        0.16296913731239887,
        -0.5150465980083637,
        -0.49890308831230856,
        -0.07374514358661696,
        0.3594296304241613,
        0.04087200586327785,
        -0.07523185148940603,
        0.1875077652908925,
        -0.04350761810641425,
        0.2925071536582054,
        0.30989095453234494,
        0.052227427818630934,
        0.16780142415984156,
        0.22552253274316264,
        -0.13138659886354348
    ],
    "Number for Minimum Energy": 48,
    "Elapsed Time [seconds]": 0.20813274383544922,
    "Elapsed Time [hours, minutes, seconds]": [
        0,
        0,
        0.21
    ],
    "Current function value": -0.9136621571846735,
    "Iterations": 151,
    "Function Evaluations, Estimation": [
        156,
        11232
    ],
    "Gradient Evaluations": 156,
    "Number of Parameters": 71,
    "Minimum Parameters": [
        5.0766911000813195,
        3.832371583506197,
        4.811150922123501,
        2.335151374468559,
        6.001636819364145,
        5.57654672870071,
        4.91150605946876,
        1.1272805571215263,
        2.9170318853384694,
        0.14475558829468724,
        0.8120791874100132,
        4.41799716305215,
        4.708857228564867,
        5.971078221132067,
        1.9179154618146184,
        2.45595398673006,
        3.0414860272121134,
        1.0905636771321812,
        0.7068383764107259,
        2.974923771442783,
        1.4838140218473148,
        4.250604220123182,
        2.730246457593901,
        5.282289451655997,
        4.3663393762441665,
        1.8717008885499784,
        5.148336671097492,
        5.094403380282404,
        2.551597810814416,
        1.7966332314949398,
        4.361909763688894,
        0.850632021266592,
        1.2902188762565387,
        -0.04852840651512942,
        4.967227018301966,
        4.185832263342364,
        4.353690674943755,
        4.879997868212428,
        2.873477703228088,
        3.4583101135230057,
        0.9160836895833021,
        0.8404690611174779,
        4.100977256638923,
        2.986868858584031,
        3.42253124991352,
        4.83458922860924,
        4.0324989796072375,
        3.493098591678155,
        3.6161933510755992,
        1.9015078092161655,
        0.08169348354046437,
        2.707077404976164,
        1.2460654964806768,
        2.433254253943763,
        5.459451721730912,
        1.5644121778942413,
        0.39329105393537345,
        1.7310685496267906,
        1.7891570341257,
        4.210215004752691,
        3.4476482769470334,
        4.908180262428666,
        4.136858196962124,
        2.5154225489454354,
        5.223449429932799,
        0.9716654494047539,
        0.20532495163547368,
        0.5506503879175529,
        4.485798655872195,
        2.8694992665290933,
        0.8550222524119144
    ],
    "Cmin, Cmax, frob_norm, shift": [
        1.473728550170648,
        2983.2052837360643,
        565.1058963899055,
        563.0238790798359
    ]
}