{
    "Calculated Minimum Energy [norm, row]": [
        0.0018801809153952092,
        -0.9837872146023211
    ],
    "Corresponding loss function": 0.015058116911461587,
    "Solution for Minimum Energy": [
        -1.0,
        1.0,
        1.0,
        -1.0,
        -1.0,
        1.0,
        1.0,
        1.0,
        1.0,
        -1.0,
        1.0,
        -1.0,
        1.0,
        -1.0,
        -1.0,
        1.0,
        1.0,
        1.0
    ],
    "Corresponding exp value": [
        -0.14682735613907355,
        0.26763424938627467,
        0.21656758036598558,
        -0.14203287838754883,
        -0.40739840039214775,
        0.31301365733896663,
        -0.13401063978757455,
        0.37144300024335875,
        -0.09035104982404833,
        -0.1457636416763753,
        -0.01287857463807331,
        -0.14579463776701046,
        0.21561985743578832,
        -0.4742558609398979,
        -0.2729269200514438,
        0.19787366242452437,
        0.1422437312711619,
        0.507463755362287
    ],
    "Number for Minimum Energy": 27161,
    "Elapsed Time [seconds]": 0.3202643394470215,
    "Elapsed Time [hours, minutes, seconds]": [
        0,
        0,
        0.32
    ],
    "Current function value": -0.9257109246994091,
    "Iterations": 269,
    "Function Evaluations, Estimation": [
        293,
        21096
    ],
    "Gradient Evaluations": 293,
    "Number of Parameters": 71,
    "Minimum Parameters": [
        4.219799207645667,
        4.4403190942131765,
        0.9307965299264073,
        5.990630887956192,
        1.5660939005625594,
        0.2646752460396816,
        3.093128318037954,
        2.419285581451029,
        5.444792731129794,
        5.345037981195985,
        2.235197387319734,
        6.064534907586171,
        1.744417067942733,
        3.101989736076188,
        1.3707907680636888,
        6.116448661249193,
        0.4880061517836077,
        0.17851269200108869,
        2.438334122847988,
        6.065569319998003,
        5.26757601425425,
        4.260738901052426,
        5.229147973482673,
        5.2481034959461725,
        3.493428932182539,
        2.3812100113084904,
        5.090171060940611,
        3.5595713565305456,
        2.5031740459710847,
        0.6582944897984299,
        4.487327977790546,
        1.3571313526217486,
        5.389342615246684,
        1.4930085165666016,
        0.62414317973673,
        5.073511764541939,
        1.0372303743601239,
        1.443934824633246,
        3.4639894804385127,
        6.10089254266725,
        1.5719450318600818,
        1.6079792985858183,
        5.5959082376366345,
        6.140493895462685,
        2.612679402606214,
        1.1933734567364749,
        0.3546363502897699,
        1.5519926390656984,
        1.3197820393996431,
        4.408948019301778,
        0.22166990835685116,
        3.2555601356004575,
        4.422972424615046,
        3.2508582721967376,
        1.002279561338871,
        4.863082571067128,
        4.891188894162574,
        4.729513027130146,
        1.361042842053437,
        0.7178931674918765,
        6.099153127232758,
        2.33889054212929,
        2.5958560253168064,
        3.2795150361359933,
        4.137687080123208,
        6.329736900637487,
        1.726381212533087,
        5.863809438874612,
        0.09089855889248227,
        2.98700633549376,
        1.0801937574411384
    ],
    "Cmin, Cmax, frob_norm, shift": [
        1.473728550170648,
        2983.2052837360643,
        565.1058963899055,
        563.0238790798359
    ]
}