{
    "Calculated Minimum Energy [norm, row]": [
        0.0006006390983494733,
        -0.9905386044505572
    ],
    "Corresponding loss function": 0.014381472994290788,
    "Solution for Minimum Energy": [
        1.0,
        1.0,
        1.0,
        1.0,
        -1.0,
        -1.0,
        -1.0,
        1.0,
        -1.0,
        -1.0,
        1.0,
        1.0,
        1.0,
        1.0,
        1.0,
        1.0,
        1.0,
        1.0
    ],
    "Corresponding exp value": [
        0.1849171047701355,
        0.18398421109879096,
        0.10870374733034896,
        0.516967731693949,
        -0.22495306641758064,
        -0.13169571385612985,
        -0.25404901287937615,
        0.02573867599797127,
        -0.2970650935695735,
        -0.4297514545260289,
        0.08377405347145302,
        -0.011170649298277685,
        0.4792513775884654,
        0.4852313304532154,
        0.568542868752193,
        0.7326246934392608,
        0.584917806087658,
        0.5533056438401426
    ],
    "Number for Minimum Energy": 880,
    "Elapsed Time [seconds]": 0.14934587478637695,
    "Elapsed Time [hours, minutes, seconds]": [
        0,
        0,
        0.15
    ],
    "Current function value": -0.9833179028945259,
    "Iterations": 135,
    "Function Evaluations, Estimation": [
        136,
        9792
    ],
    "Gradient Evaluations": 136,
    "Number of Parameters": 71,
    "Minimum Parameters": [
        4.092773961155568,
        0.5495596879861565,
        0.9933151644549498,
        2.6428492843726517,
        6.201639235216878,
        3.745464174080246,
        5.89069388065803,
        5.075224852011896,
        2.8370500414120605,
        4.853926832446254,
        -0.015233864457436633,
        0.6999919198317273,
        5.229728085878489,
        5.018394041685692,
        1.4526555667243348,
        3.4798982152233933,
        3.9198846507283647,
        5.4824132870017666,
        3.981172496162138,
        2.686380274068034,
        2.3347632289369256,
        2.638526376266021,
        3.9431564481646255,
        5.26809069882455,
        2.6826535570347847,
        1.5549860541933431,
        1.4860460917034184,
        4.551687085346047,
        5.311201998338499,
        0.8438462525502671,
        0.31974231370165423,
        3.748537782193976,
        0.8859091553492672,
        5.307303661111313,
        1.911562951948441,
        0.8383422561082677,
        5.7569950276203965,
        0.9450472251604087,
        2.0443380881278674,
        1.0127330668759034,
        0.7283043866257684,
        0.38775760101930506,
        0.28510351423973623,
        1.236441560133279,
        0.20877967855209922,
        3.7229142656540213,
        4.187858846816548,
        2.3697486682716224,
        1.9865571797564694,
        3.239554612634551,
        5.412529103082592,
        5.1888969045911715,
        0.11483453766276919,
        1.2436336189249655,
        1.509507814334722,
        1.885314227239076,
        3.779381219326641,
        2.5611642245273076,
        0.5287026279914769,
        2.3328645018122156,
        3.4289610315361023,
        0.7088627669109874,
        5.337883483089016,
        0.4199979984553906,
        5.850547339734468,
        0.4234190557457878,
        5.349769378265065,
        5.619519871838198,
        6.052522348775157,
        4.826606241774707,
        0.3135676740988768
    ],
    "Cmin, Cmax, frob_norm, shift": [
        1.473728550170648,
        2983.2052837360643,
        565.1058963899055,
        563.0238790798359
    ]
}