{
    "Calculated Minimum Energy [norm, row]": [
        0.0007713623752417982,
        -0.9896377980969753
    ],
    "Corresponding loss function": 0.017131593264284626,
    "Solution for Minimum Energy": [
        1.0,
        1.0,
        -1.0,
        1.0,
        -1.0,
        -1.0,
        -1.0,
        1.0,
        1.0,
        -1.0,
        1.0,
        1.0,
        1.0,
        1.0,
        1.0,
        1.0,
        1.0,
        1.0
    ],
    "Corresponding exp value": [
        0.02704094720100708,
        0.2864730259912175,
        -0.41079691737204754,
        0.007396931991958275,
        -0.2632588235296008,
        -0.447783902197083,
        -0.14311723752349587,
        0.4206381391605455,
        0.2502743077017804,
        -0.13272101360759972,
        0.08193648709172176,
        0.12696042073358096,
        0.10914263629866741,
        0.1844833779747611,
        0.3358817328776847,
        0.38075420865325155,
        0.20589185728664688,
        0.15744924207562044
    ],
    "Number for Minimum Energy": 628,
    "Elapsed Time [seconds]": 0.21065211296081543,
    "Elapsed Time [hours, minutes, seconds]": [
        0,
        0,
        0.21
    ],
    "Current function value": -0.9652326556211042,
    "Iterations": 146,
    "Function Evaluations, Estimation": [
        183,
        13176
    ],
    "Gradient Evaluations": 183,
    "Number of Parameters": 71,
    "Minimum Parameters": [
        4.853825885008138,
        3.746354484914208,
        5.0773301182205755,
        2.4978573640067605,
        6.057860412391474,
        5.561817064485367,
        4.928316742984113,
        0.9470796681798319,
        2.846891945335051,
        0.05242107372359279,
        0.4709064090055012,
        4.583982334516665,
        4.821265636959478,
        5.757141887099334,
        1.8511264019562228,
        2.352533815733263,
        3.176353968081999,
        0.9339458293577239,
        0.4006207119806742,
        2.9125813913611758,
        1.5634687308182684,
        4.218812531430412,
        2.722947369775987,
        5.280587650360104,
        4.2291599822383334,
        1.6163921504551524,
        5.160872319829751,
        4.955305991444075,
        2.635126133015021,
        1.7336110320116895,
        4.615359101156076,
        0.7562710499159202,
        1.1176280552268345,
        -0.09564977806753905,
        4.929317284296856,
        3.880478474109959,
        4.454180895178843,
        4.765722893117305,
        3.1221557044115196,
        3.4654999435216167,
        0.9438516599993261,
        1.2001740977565012,
        4.18231486105594,
        3.3124970206321143,
        3.407671796906967,
        5.032865554335893,
        4.194191439235695,
        3.341263998486742,
        3.482452647585581,
        2.2161819694549982,
        0.063249613363081,
        2.531508060876782,
        1.408095788765908,
        2.2290031743671097,
        5.712693434771899,
        1.7176594241521081,
        0.46182539410663004,
        1.8645907399550734,
        1.719392340991407,
        4.042730792742943,
        3.2536465512333073,
        5.031059333302119,
        4.007275868595489,
        2.4245232494897664,
        5.2318211903449185,
        1.0772386959865714,
        0.17253021808644498,
        0.6263580470770183,
        4.55959474264667,
        3.0505035503074973,
        0.39163588365613666
    ],
    "Cmin, Cmax, frob_norm, shift": [
        1.473728550170648,
        2983.2052837360643,
        565.1058963899055,
        563.0238790798359
    ]
}