{
    "Calculated Minimum Energy [norm, row]": [
        0.0021563983444184225,
        -0.9823297776343611
    ],
    "Corresponding loss function": 0.014233709776769446,
    "Solution for Minimum Energy": [
        1.0,
        1.0,
        1.0,
        -1.0,
        -1.0,
        1.0,
        -1.0,
        -1.0,
        1.0,
        1.0,
        1.0,
        -1.0,
        1.0,
        1.0,
        1.0,
        1.0,
        1.0,
        1.0
    ],
    "Corresponding exp value": [
        0.18331143165895197,
        0.43896583183343574,
        0.5127190620143858,
        -0.23430286880527276,
        -0.08192529729068401,
        0.5506274575751993,
        -0.16417998498817077,
        -0.27975195812458187,
        0.035937024102164344,
        0.3513105146369072,
        0.07016302018031126,
        -0.2862293013894658,
        0.08681876034044035,
        0.2462725852678984,
        0.2725680973335631,
        0.5416004403705377,
        -0.0016058886683140011,
        0.21321441609135644
    ],
    "Number for Minimum Energy": 2264,
    "Elapsed Time [seconds]": 0.06754732131958008,
    "Elapsed Time [hours, minutes, seconds]": [
        0,
        0,
        0.07
    ],
    "Current function value": -0.9753082621188187,
    "Iterations": 24,
    "Function Evaluations, Estimation": [
        104,
        6624
    ],
    "Gradient Evaluations": 92,
    "Number of Parameters": 71,
    "Minimum Parameters": [
        4.9943498616972155,
        3.9469221385694206,
        4.724067402628996,
        0.9340698989881407,
        3.9605542345204965,
        3.293922598407141,
        5.2543922092895174,
        2.928997571243577,
        2.4332190117689962,
        4.114168737668987,
        1.5604941329179947,
        0.6682808967689731,
        3.0692919198317767,
        2.6903155541962427,
        1.5020578888744074,
        2.2916091497746947,
        2.109923726214895,
        2.011234637349306,
        2.1051533599629306,
        4.171371865988945,
        1.7617129196212593,
        6.156685367352627,
        5.767537589375108,
        3.081126028013285,
        2.111608130404291,
        3.4565126067619056,
        5.321293531677212,
        4.273544776977076,
        5.22936619220522,
        3.4007226384818146,
        3.773574779862722,
        1.8517403706350255,
        4.670029349752786,
        1.5542879664911817,
        4.208253353373386,
        5.343207639283278,
        0.9326138578499914,
        3.9943439782450922,
        0.5882027520151265,
        4.16289533420017,
        0.46819928433303204,
        5.546132424356351,
        0.893961301381131,
        6.029616310485985,
        4.988112716484453,
        3.661067554480723,
        4.9295449651291525,
        5.10179690037892,
        6.119275906551216,
        1.5298522284561553,
        3.6952140181163897,
        0.4488194110467146,
        3.789455656178,
        1.0578477928396577,
        3.5087111181992587,
        3.656606412833976,
        2.937206292665427,
        3.257054373827136,
        4.956763489421192,
        4.958387239804694,
        2.608915175550772,
        3.6831016414463704,
        5.870443407497905,
        0.6952159409854207,
        0.7975509954265976,
        0.4775207295497052,
        4.164906084637121,
        2.641716607415169,
        4.993582498185516,
        4.220678033099327,
        0.10904802526318019
    ],
    "Cmin, Cmax, frob_norm, shift": [
        1.473728550170648,
        2983.2052837360643,
        565.1058963899055,
        563.0238790798359
    ]
}