{
    "Calculated Minimum Energy [norm, row]": [
        0.015340948064083296,
        -0.9127626607608937
    ],
    "Corresponding loss function": 0.04526764849835433,
    "Solution for Minimum Energy": [
        -1.0,
        -1.0,
        -1.0,
        1.0,
        1.0,
        1.0,
        -1.0,
        1.0,
        -1.0,
        1.0,
        -1.0,
        -1.0,
        1.0,
        1.0,
        1.0,
        1.0,
        1.0,
        1.0
    ],
    "Corresponding exp value": [
        -0.5442189197883895,
        -0.3605459460048322,
        -0.13012398500334885,
        0.11820523864750417,
        0.32649273061803624,
        0.4377561693688515,
        -0.03133332167901684,
        0.4279954017614982,
        -0.025609558291553744,
        0.04129283276895504,
        -0.36561030140565265,
        -0.033136581522001246,
        -0.005267479003990216,
        0.3233542655014557,
        0.12439232441425091,
        0.2417467326054108,
        0.32468015712512227,
        0.24519965042140443
    ],
    "Number for Minimum Energy": 3399,
    "Elapsed Time [seconds]": 0.042572736740112305,
    "Elapsed Time [hours, minutes, seconds]": [
        0,
        0,
        0.04
    ],
    "Current function value": -0.7629070274392553,
    "Iterations": 4,
    "Function Evaluations, Estimation": [
        72,
        4320
    ],
    "Gradient Evaluations": 60,
    "Number of Parameters": 71,
    "Minimum Parameters": [
        0.9080875030634652,
        3.11988799820771,
        0.8960520744331614,
        4.302713484318827,
        2.900704258725011,
        2.4719779136111897,
        1.828546895446355,
        3.80629652237117,
        2.202959727949651,
        0.6237653203583099,
        0.9116049257516047,
        6.131657550262274,
        5.876697711915551,
        4.486750179294684,
        1.8124702872343434,
        6.245606309673872,
        4.952804045407975,
        4.563363739376161,
        2.635806264460942,
        1.5904127138824486,
        0.7709971240341553,
        5.570178710290903,
        3.1558999101069283,
        1.4786793847565685,
        1.5969610483394856,
        3.6192121386789635,
        1.057783554720112,
        5.352283772059807,
        4.756976664058812,
        4.5377723262168885,
        2.5539294188961428,
        3.944060787925319,
        3.5774306740912656,
        4.231764005216647,
        0.5375816166131565,
        2.417669375407983,
        0.43672576843829103,
        3.0273486815885273,
        1.983051711342565,
        0.7958005047420017,
        0.6004254398686151,
        3.739138019036077,
        1.0058700401528866,
        5.964069836743931,
        3.736631073672448,
        2.206664462911265,
        3.723276415887592,
        0.08241631651884401,
        6.0525863147937455,
        2.826367070871827,
        4.821669519669395,
        0.5776969359791249,
        2.8978581319781287,
        3.0105357638555548,
        5.87008006658463,
        3.4551127719451427,
        2.850861979390463,
        1.5747525658861052,
        2.318405456740294,
        3.4102553387952517,
        2.8247972234598926,
        0.27405337458566864,
        5.138585572527134,
        5.523656336973827,
        0.9171403331812253,
        3.490237124444254,
        0.8085223594555825,
        4.1377230105339295,
        1.782342588268187,
        4.241910630186108,
        0.21794069190619936
    ],
    "Cmin, Cmax, frob_norm, shift": [
        1.473728550170648,
        2983.2052837360643,
        565.1058963899055,
        563.0238790798359
    ]
}