{
    "Calculated Minimum Energy [norm, row]": [
        0.01243720257719475,
        -0.9280840184069488
    ],
    "Corresponding loss function": 0.00012685246821763006,
    "Solution for Minimum Energy": [
        -1.0,
        1.0,
        -1.0,
        -1.0,
        1.0,
        1.0,
        1.0,
        -1.0,
        -1.0,
        -1.0,
        1.0,
        1.0,
        1.0,
        1.0,
        1.0,
        1.0,
        1.0,
        -1.0
    ],
    "Corresponding exp value": [
        -0.44152286035904525,
        0.10161015786794894,
        -0.0495013323484165,
        -0.14177214293875817,
        0.3190279118441497,
        0.22332511657288165,
        0.5298689162409465,
        -0.32178568829586174,
        -0.18509340305105407,
        -0.07608566832811492,
        0.055400490807466535,
        0.3960111886563769,
        0.6906538330617935,
        0.15540049865073902,
        0.2121416411624124,
        0.02747013550593841,
        0.07839362260034945,
        -0.5149597871176511
    ],
    "Number for Minimum Energy": 131981,
    "Elapsed Time [seconds]": 0.0551300048828125,
    "Elapsed Time [hours, minutes, seconds]": [
        0,
        0,
        0.06
    ],
    "Current function value": -1.0280783307609294,
    "Iterations": 29,
    "Function Evaluations, Estimation": [
        77,
        5472
    ],
    "Gradient Evaluations": 76,
    "Number of Parameters": 71,
    "Minimum Parameters": [
        5.068913736047579,
        4.101966545591314,
        4.818492186300481,
        2.126447401722107,
        6.192359369063171,
        5.571531272946008,
        5.080996271354702,
        1.1071484107682361,
        2.9116015641216286,
        0.36025636664877847,
        0.7362193271118999,
        4.171423426912001,
        4.751659990399302,
        5.897934117089993,
        2.037673668494804,
        2.174745646128165,
        3.1317910121889545,
        1.2697712612213738,
        0.6755002003565174,
        2.851466210141722,
        1.2854809563394674,
        4.1125173053488115,
        2.8370729802518553,
        5.107935701052736,
        4.275653699464587,
        2.058119472399652,
        5.199066455797027,
        4.844135529909663,
        2.3284688005679355,
        1.6942791172285974,
        4.45089742045423,
        0.645002793693465,
        1.2420405493913802,
        -0.1480715150859549,
        4.930788900067721,
        3.995430451731396,
        4.3418468363733105,
        4.742768848552757,
        3.0555147784712045,
        3.437365470485325,
        1.0721185705502267,
        1.030841825380391,
        3.944305977230224,
        2.8485456412455066,
        3.7495156939963366,
        5.160785755915873,
        4.207787887518582,
        3.4791285327362904,
        3.349782958803114,
        2.167828231633499,
        0.36439256718130986,
        2.848938488583172,
        1.3595703095484186,
        2.2637125152592708,
        5.708305957792925,
        1.5691903263850533,
        0.5273493565481989,
        1.5321223229110639,
        1.8627305664227853,
        4.132855289652195,
        3.3028119647206857,
        4.9045882753329,
        4.203346379712955,
        2.555140043211309,
        5.036881598379354,
        0.8990592072445196,
        0.2958746489819474,
        0.5633652594328916,
        4.394401020874056,
        2.9010102161046807,
        0.04128225002031828
    ],
    "Cmin, Cmax, frob_norm, shift": [
        1.473728550170648,
        2983.2052837360643,
        565.1058963899055,
        563.0238790798359
    ]
}