{
    "Calculated Minimum Energy [norm, row]": [
        0.005437966554856613,
        -0.9650148716210512
    ],
    "Corresponding loss function": 0.004549271081295656,
    "Solution for Minimum Energy": [
        1.0,
        1.0,
        1.0,
        1.0,
        1.0,
        1.0,
        -1.0,
        -1.0,
        1.0,
        1.0,
        -1.0,
        -1.0,
        1.0,
        1.0,
        1.0,
        1.0,
        1.0,
        1.0
    ],
    "Corresponding exp value": [
        0.1792677331876282,
        0.5429194454259836,
        0.17138805321538514,
        -0.004807880486323746,
        0.11543989016776479,
        0.4071444741564865,
        -0.305525033238792,
        -0.6387222227380225,
        0.2651530552888547,
        0.18601689271643257,
        -0.21993935834466882,
        -0.4720306677308734,
        0.5945372971320146,
        0.7452127153886857,
        0.4965661166020795,
        0.5995638602378565,
        0.748271034346296,
        0.6975306359233596
    ],
    "Number for Minimum Energy": 3264,
    "Elapsed Time [seconds]": 0.10059595108032227,
    "Elapsed Time [hours, minutes, seconds]": [
        0,
        0,
        0.1
    ],
    "Current function value": -0.9928869057823387,
    "Iterations": 82,
    "Function Evaluations, Estimation": [
        85,
        6120
    ],
    "Gradient Evaluations": 85,
    "Number of Parameters": 71,
    "Minimum Parameters": [
        4.932515713410307,
        3.9243265010166355,
        4.91070037033719,
        0.967027790666603,
        3.8027190355145883,
        3.2193262035854935,
        5.2795157608324885,
        2.8743791412479367,
        2.559943633636198,
        4.1123844862082,
        1.3836772357102594,
        0.7353129399319938,
        2.830469929652333,
        2.745306710720724,
        1.4134432838445496,
        2.433577781274237,
        2.258564781255481,
        1.9911693343225463,
        2.087602923241152,
        4.3856640314050725,
        1.9352690974881397,
        6.046068034410121,
        5.699297767923085,
        3.1577512030502835,
        2.1289040103868744,
        3.3890975198570126,
        5.374231794055103,
        4.407824244531265,
        5.3619627706988195,
        3.3889167740487243,
        3.526867092562799,
        1.8905641456150808,
        4.727669530733867,
        1.3391779178953607,
        4.224749954303678,
        5.294032685688899,
        0.8635766145445294,
        3.891601473260216,
        0.8620976439393655,
        4.390996813523977,
        0.3515093278497998,
        5.795827011458155,
        1.0589585275661575,
        6.099927465683638,
        4.827967043616096,
        3.4224842545691656,
        4.841552201808108,
        5.089429055358493,
        5.806434412895106,
        1.506307747484318,
        3.6014471505654058,
        0.546639231974211,
        3.798154875760658,
        1.1451290091518889,
        3.5510720006283054,
        3.864671287640548,
        3.0534943674356434,
        3.208135356890649,
        5.0125565056633175,
        4.6125966523938615,
        2.7126811633009584,
        3.685480649362206,
        5.868838903890678,
        0.5607331335531445,
        0.831443266031368,
        0.476613575869875,
        4.0322569997413575,
        2.8210200648387858,
        5.156374390134711,
        4.018289662021069,
        0.3861258765231761
    ],
    "Cmin, Cmax, frob_norm, shift": [
        1.473728550170648,
        2983.2052837360643,
        565.1058963899055,
        563.0238790798359
    ]
}