{
    "Calculated Minimum Energy [norm, row]": [
        0.0007713623752417982,
        -0.9896377980969753
    ],
    "Corresponding loss function": 0.0023832982909583415,
    "Solution for Minimum Energy": [
        1.0,
        1.0,
        -1.0,
        1.0,
        -1.0,
        -1.0,
        -1.0,
        1.0,
        1.0,
        -1.0,
        1.0,
        1.0,
        1.0,
        1.0,
        1.0,
        1.0,
        1.0,
        1.0
    ],
    "Corresponding exp value": [
        0.4248971145891835,
        0.34481888259302224,
        -0.4528190875137685,
        0.5684274605205479,
        -0.6257375240904767,
        -0.7205258563290531,
        -0.235390557800468,
        0.307829522811535,
        0.17576819959598006,
        -0.2531404487244444,
        0.09636293939954871,
        0.41179159743882177,
        0.592375650065527,
        0.28046901406761254,
        0.4438842163464499,
        0.4874670862690666,
        0.41285629073243774,
        0.5959568625956186
    ],
    "Number for Minimum Energy": 628,
    "Elapsed Time [seconds]": 0.19191503524780273,
    "Elapsed Time [hours, minutes, seconds]": [
        0,
        0,
        0.19
    ],
    "Current function value": -0.9833179567633609,
    "Iterations": 113,
    "Function Evaluations, Estimation": [
        117,
        8424
    ],
    "Gradient Evaluations": 117,
    "Number of Parameters": 71,
    "Minimum Parameters": [
        5.010279468879104,
        3.8641602805293203,
        4.707294509216671,
        2.375974442089047,
        5.6803258412267725,
        5.484632976292898,
        4.606932197724103,
        1.001429328409927,
        3.247745980749568,
        0.2428004325403059,
        0.5774182701307403,
        4.415003540398522,
        4.867291678699452,
        5.715910254945342,
        1.8717974893365836,
        2.5013578773073784,
        3.1331361984904356,
        1.0675493128660205,
        0.6833934641526228,
        2.792195012395785,
        1.705949204890052,
        4.326752620488677,
        2.798093947095159,
        5.25466607636344,
        4.132664025835522,
        1.7954745210017524,
        5.030719873541598,
        5.216953796443811,
        2.749724142625994,
        1.8076085684662115,
        4.449442203804925,
        0.6477866766246021,
        1.4412610661360832,
        -0.1556941958349626,
        5.151537499535333,
        3.9683847672164947,
        4.334987192354607,
        5.146740186966156,
        2.755290903599753,
        3.2765360030417883,
        0.8188635134463155,
        0.997510401332898,
        4.099707799393108,
        3.1696643822575847,
        3.287599169474709,
        5.005233399551666,
        3.994728818302069,
        3.583223946805595,
        3.8354510424728305,
        2.1230565712144367,
        -0.08165100137937534,
        2.629420796490547,
        1.3098819733239242,
        2.4713441822491027,
        5.415762130901717,
        1.6666177078881603,
        0.4156940185907713,
        1.7287484699448388,
        1.917728665469476,
        4.155984702840267,
        3.294242010494202,
        4.856106732886973,
        4.245352091877233,
        2.3012625361712753,
        5.354186114924057,
        0.9877986170723798,
        0.29823683846089927,
        0.7734526194049078,
        4.232302852640558,
        2.9777919315828782,
        0.9005873125074827
    ],
    "Cmin, Cmax, frob_norm, shift": [
        1.473728550170648,
        2983.2052837360643,
        565.1058963899055,
        563.0238790798359
    ]
}