{
    "Calculated Minimum Energy [norm, row]": [
        0.008754573945966456,
        -0.9475150844529986
    ],
    "Corresponding loss function": 0.024733492258732753,
    "Solution for Minimum Energy": [
        1.0,
        1.0,
        1.0,
        1.0,
        1.0,
        -1.0,
        1.0,
        1.0,
        1.0,
        1.0,
        1.0,
        1.0,
        1.0,
        1.0,
        1.0,
        1.0,
        1.0,
        1.0
    ],
    "Corresponding exp value": [
        -0.11662665794103313,
        0.2385666805784867,
        -0.16732902747407544,
        0.10903081247676294,
        -0.34000206246898446,
        -0.5518670157509802,
        0.013179272684704455,
        0.24869926800095354,
        0.07182873657327503,
        -0.0015242481541291458,
        -0.07463719829742252,
        -0.1361900596150643,
        0.07800263419049518,
        0.007367926331119393,
        0.006052071302485362,
        0.18325146481360757,
        -0.07923120996380781,
        -0.13462658749074974
    ],
    "Number for Minimum Energy": 32,
    "Elapsed Time [seconds]": 0.19092369079589844,
    "Elapsed Time [hours, minutes, seconds]": [
        0,
        0,
        0.19
    ],
    "Current function value": -0.9053588622638774,
    "Iterations": 190,
    "Function Evaluations, Estimation": [
        194,
        13968
    ],
    "Gradient Evaluations": 194,
    "Number of Parameters": 71,
    "Minimum Parameters": [
        5.197589012519925,
        3.809710092512552,
        4.872465592702676,
        2.331131349142959,
        6.025470627902854,
        5.579647691346286,
        4.9371406839044525,
        1.2117400490359205,
        2.8549871617588938,
        0.13874011360363886,
        0.8677715023539239,
        4.412047610488769,
        4.66707916715135,
        6.02874228729476,
        1.8882759621433924,
        2.5433206182846915,
        3.012803656629496,
        1.0917589039068099,
        0.8217064318901781,
        3.0317131354607882,
        1.5058418287012003,
        4.275840092740753,
        2.6466348401673288,
        5.308376918565989,
        4.469125559652193,
        1.9191897897071728,
        5.151006705734396,
        5.15460541672559,
        2.5571965305934814,
        1.7072547734558527,
        4.431436277152938,
        0.8434765249621693,
        1.3270816756348411,
        -0.023695727745048134,
        4.878639764505233,
        4.2901228253945405,
        4.352682625534609,
        4.970005713788303,
        2.829127520930549,
        3.419679736399003,
        0.9085331645368157,
        0.8592033018367435,
        3.997438656340363,
        2.9134306734095476,
        3.438851844612336,
        4.843539279259562,
        3.968141262739872,
        3.439792553651027,
        3.573291788793701,
        1.8032248380767115,
        0.06797350500544609,
        2.7425899017413324,
        1.2179118422281743,
        2.35939016709045,
        5.411971601266672,
        1.5382798030767992,
        0.274310017964157,
        1.6371589995041538,
        1.6971699928311672,
        4.164421564213347,
        3.398922107523,
        5.008334929001376,
        4.200618888836191,
        2.551786623794653,
        5.191818650018994,
        0.952247077592154,
        0.28633433441712297,
        0.5023434711338198,
        4.506813200052797,
        2.887810089561166,
        1.013845658261171
    ],
    "Cmin, Cmax, frob_norm, shift": [
        1.473728550170648,
        2983.2052837360643,
        565.1058963899055,
        563.0238790798359
    ]
}