{
    "Calculated Minimum Energy [norm, row]": [
        0.002025179217743841,
        -0.9830221438141321
    ],
    "Corresponding loss function": 0.03179969658490198,
    "Solution for Minimum Energy": [
        1.0,
        1.0,
        -1.0,
        1.0,
        -1.0,
        1.0,
        -1.0,
        -1.0,
        -1.0,
        1.0,
        1.0,
        -1.0,
        1.0,
        1.0,
        1.0,
        1.0,
        1.0,
        1.0
    ],
    "Corresponding exp value": [
        0.21741099629314486,
        0.32185028155489426,
        -0.002464680006375994,
        6.075330025653858e-06,
        -0.23350702816441893,
        0.10768637707530135,
        -0.15668309320442125,
        -0.16922137472640947,
        -0.002402047855123421,
        0.02848766732466093,
        0.29559391503564747,
        -0.0020905673138255088,
        0.3343692983759877,
        0.49631871230604035,
        0.1746703177824036,
        0.5237055692452982,
        0.17839320880539034,
        0.03298482662065064
    ],
    "Number for Minimum Energy": 2516,
    "Elapsed Time [seconds]": 0.3365943431854248,
    "Elapsed Time [hours, minutes, seconds]": [
        0,
        0,
        0.34
    ],
    "Current function value": -0.8669676485917828,
    "Iterations": 169,
    "Function Evaluations, Estimation": [
        253,
        18216
    ],
    "Gradient Evaluations": 253,
    "Number of Parameters": 71,
    "Minimum Parameters": [
        5.113015385531174,
        3.98149312297721,
        4.952425468809083,
        2.000618015866173,
        5.5952294816991,
        5.427866136083072,
        4.978471771780982,
        1.1539385100289405,
        2.8860801057863936,
        0.20312386793743165,
        0.8451350509638411,
        4.058119497903729,
        4.892762345872923,
        5.91874146493423,
        1.9230997779511472,
        2.3547637361337204,
        3.2023315925121363,
        1.3842523982065653,
        0.660343965830837,
        2.520525441673578,
        1.594265246372835,
        4.1118989286767915,
        2.729354861698143,
        5.136554273117508,
        4.4487136766150295,
        1.9709004691980174,
        5.305317083475192,
        5.079178028329349,
        2.398738941510933,
        1.5200231747646784,
        4.652607139654935,
        0.45598548330200994,
        1.1080567576605778,
        -0.09173286608734912,
        5.019553480347899,
        4.069764313960305,
        4.1006301317288685,
        4.840668897557343,
        2.9266645578136536,
        3.575466294182252,
        0.9134191492551164,
        0.7048566791499287,
        3.892762242409761,
        3.1588745358127395,
        3.7623023159195825,
        5.178963716408326,
        4.429707645108749,
        3.286501538741327,
        3.2816543643529075,
        2.0378639428595333,
        -0.03389337133104024,
        2.9133427570489467,
        1.1930574592515208,
        2.245623692616491,
        5.407331486224945,
        1.418056999063539,
        0.36866133729301787,
        1.7207093731692442,
        2.160258277305204,
        4.2063587308209005,
        3.1980793921389026,
        5.1245439038452005,
        3.9800164131335327,
        2.5622917550326303,
        5.135683658899689,
        0.8154231002130046,
        0.24100292146882954,
        0.7516225965753393,
        4.395840448619018,
        2.8006073393857225,
        0.05308471490996906
    ],
    "Cmin, Cmax, frob_norm, shift": [
        1.473728550170648,
        2983.2052837360643,
        565.1058963899055,
        563.0238790798359
    ]
}