{
    "Calculated Minimum Energy [norm, row]": [
        0.0021563983444184225,
        -0.9823297776343611
    ],
    "Corresponding loss function": 0.01871619108845214,
    "Solution for Minimum Energy": [
        1.0,
        1.0,
        1.0,
        -1.0,
        -1.0,
        1.0,
        -1.0,
        -1.0,
        1.0,
        1.0,
        1.0,
        -1.0,
        1.0,
        1.0,
        1.0,
        1.0,
        1.0,
        1.0
    ],
    "Corresponding exp value": [
        0.08760678594930676,
        0.4350375371072372,
        0.2672323316378201,
        -0.21984321724479255,
        -0.2765861906268751,
        0.5279493604644439,
        -0.37890835891752983,
        -0.5032400438134802,
        0.29211063837431284,
        0.11067480575248287,
        0.16188542638675754,
        -0.5112990371140419,
        0.2192838957642924,
        0.4147891232097611,
        0.0694609760182282,
        0.372319481796388,
        0.37545692019155913,
        0.5008623970228373
    ],
    "Number for Minimum Energy": 2264,
    "Elapsed Time [seconds]": 0.15033292770385742,
    "Elapsed Time [hours, minutes, seconds]": [
        0,
        0,
        0.15
    ],
    "Current function value": -0.9438317567769157,
    "Iterations": 96,
    "Function Evaluations, Estimation": [
        99,
        7128
    ],
    "Gradient Evaluations": 99,
    "Number of Parameters": 71,
    "Minimum Parameters": [
        4.905342143818529,
        3.9150381065799467,
        4.8607630223329465,
        0.9908556580194966,
        3.6130065508837865,
        3.2333360033443235,
        5.357871243687249,
        2.805791688314974,
        2.434933044816743,
        4.092779892906595,
        1.4064027296089499,
        0.7112166953859546,
        2.944643430317791,
        2.7721863481647775,
        1.3508123105840137,
        2.4237379696307064,
        2.1959792380605734,
        1.9338417715156035,
        2.1310406186016637,
        4.331684890548179,
        1.865505862045622,
        6.12208292126046,
        5.822803686462098,
        3.1254092916322618,
        2.1437212109942845,
        3.3820666216309965,
        5.49148636457876,
        4.27340308789815,
        5.267594227748939,
        3.440771778596898,
        3.733648005344329,
        1.905021140710587,
        4.634133478132059,
        1.4388430597048631,
        4.284180129029434,
        5.307235709798557,
        0.7829705208314819,
        3.876880337258163,
        0.6990191106135184,
        4.36687388701819,
        0.4871806817874301,
        5.76227620157702,
        1.0371227220551014,
        6.157522064731059,
        4.869848488605792,
        3.6019256872829124,
        4.957969451065404,
        5.082617304911908,
        5.953934103632481,
        1.5210522910977113,
        3.6547003977618435,
        0.48032093746446564,
        3.8176426561484442,
        1.1280250504992266,
        3.516311510374455,
        3.724827697402019,
        3.0243317506918395,
        3.1562675921218717,
        4.9365993088050395,
        4.863018709462494,
        2.778617942849535,
        3.6776723726938534,
        5.8030779201994855,
        0.6668647300312124,
        0.8357350135123575,
        0.42067182673412956,
        4.10302430999988,
        2.745815586649546,
        5.02752598031378,
        4.124915106950771,
        0.43838014891802224
    ],
    "Cmin, Cmax, frob_norm, shift": [
        1.473728550170648,
        2983.2052837360643,
        565.1058963899055,
        563.0238790798359
    ]
}