{
    "Calculated Minimum Energy [norm, row]": [
        0.004037253673810844,
        -0.9724056099301908
    ],
    "Corresponding loss function": 0.004692410378609073,
    "Solution for Minimum Energy": [
        1.0,
        1.0,
        1.0,
        1.0,
        1.0,
        1.0,
        -1.0,
        -1.0,
        -1.0,
        -1.0,
        -1.0,
        -1.0,
        1.0,
        1.0,
        1.0,
        1.0,
        1.0,
        1.0
    ],
    "Corresponding exp value": [
        0.34047114957806396,
        0.3013908700665545,
        0.36407994486390655,
        0.3263295678155544,
        0.30879795952929834,
        0.3179633217803589,
        -0.23135717569860573,
        -0.3493960639022428,
        -0.0539858086090119,
        -0.1916077015128605,
        -0.23042817467220578,
        -0.22297620669877335,
        0.5108010372719166,
        0.40144834412482705,
        0.30232666506098393,
        0.5742894122229093,
        0.4873160726615033,
        0.5196157073712958
    ],
    "Number for Minimum Energy": 4032,
    "Elapsed Time [seconds]": 0.13494300842285156,
    "Elapsed Time [hours, minutes, seconds]": [
        0,
        0,
        0.13
    ],
    "Current function value": -0.9722769269032763,
    "Iterations": 112,
    "Function Evaluations, Estimation": [
        113,
        8136
    ],
    "Gradient Evaluations": 113,
    "Number of Parameters": 71,
    "Minimum Parameters": [
        5.0997037480238525,
        4.21339095044348,
        4.857638149319609,
        0.752267205715527,
        3.9387581118798156,
        3.3134745548122098,
        5.2641701228389435,
        2.887526267650799,
        2.4297896206749567,
        3.8842600630263897,
        1.4501064635173682,
        0.7389498201750834,
        2.9074327398493973,
        2.6672068172095127,
        1.410977437798316,
        2.2397432014439906,
        2.3781422087691952,
        2.12521097529705,
        2.066618371697822,
        4.2494535577444665,
        2.1639647167884912,
        6.1765891201582805,
        5.6922163008987505,
        3.283922306355187,
        2.0627026247763363,
        3.326706428281825,
        5.31139203860594,
        4.4169807332695825,
        5.384902041637808,
        3.3821857946560208,
        3.813205388914039,
        1.8742358343798275,
        4.733034831843657,
        1.5488125551170158,
        4.107226103288906,
        5.3690519859764105,
        1.0419514509664107,
        4.051064044206045,
        0.6871172142028571,
        4.479268792388813,
        0.3436564127307631,
        5.6059064004343995,
        0.9102102002164125,
        6.121859658304525,
        4.838134136882359,
        3.56977881578301,
        4.6920867588857975,
        5.109624682219063,
        5.8874823853597285,
        1.537472983731916,
        3.6115574611043715,
        0.37330784086854496,
        3.693770170026879,
        1.079691021193597,
        3.631979024450835,
        3.7373466055632547,
        3.033510106344231,
        3.185417959706155,
        5.366855543782207,
        4.739886083617315,
        2.618177251027687,
        3.652699418658489,
        5.988528152105241,
        0.5808976446668981,
        0.8811166511130477,
        0.38114263208971166,
        4.25924985421674,
        2.7289001449193875,
        5.147251475847041,
        4.079695474084865,
        0.40675161324154785
    ],
    "Cmin, Cmax, frob_norm, shift": [
        1.473728550170648,
        2983.2052837360643,
        565.1058963899055,
        563.0238790798359
    ]
}