{
    "Calculated Minimum Energy [norm, row]": [
        0.004897634869377748,
        -0.9678658842315222
    ],
    "Corresponding loss function": 0.027937789867976133,
    "Solution for Minimum Energy": [
        -1.0,
        -1.0,
        -1.0,
        1.0,
        -1.0,
        1.0,
        -1.0,
        1.0,
        1.0,
        -1.0,
        1.0,
        -1.0,
        1.0,
        1.0,
        -1.0,
        1.0,
        1.0,
        1.0
    ],
    "Corresponding exp value": [
        -0.036211668550572104,
        -0.1908531711640356,
        -0.04781909833443636,
        0.021661113921932495,
        -0.18574614416893231,
        0.1522125363097374,
        -0.017238286666911795,
        0.25836157928740094,
        0.007395310995374257,
        -0.06455026428882654,
        0.022578212602283487,
        -0.0048881469793592425,
        0.2676145584113233,
        0.3845929148867494,
        -0.03817235075500651,
        0.6278182429748504,
        0.4525502008603369,
        0.4856813975962504
    ],
    "Number for Minimum Energy": 19031,
    "Elapsed Time [seconds]": 0.10396862030029297,
    "Elapsed Time [hours, minutes, seconds]": [
        0,
        0,
        0.1
    ],
    "Current function value": -0.8737748829401417,
    "Iterations": 124,
    "Function Evaluations, Estimation": [
        132,
        9504
    ],
    "Gradient Evaluations": 132,
    "Number of Parameters": 71,
    "Minimum Parameters": [
        1.0484180936937226,
        3.2150408371938823,
        1.199822729692192,
        4.474418480894856,
        2.9348586594250117,
        2.524146482196054,
        1.8472965433569113,
        3.9428133350451517,
        2.2551767059468038,
        0.5497200957175111,
        0.7225284241707474,
        5.974230446404253,
        5.680196777444643,
        4.267436503787716,
        1.8363083111468,
        6.204668592534837,
        5.021286803580984,
        4.608105123515141,
        2.269933351390072,
        1.4969405247721037,
        0.6528277340798051,
        5.578169545794924,
        3.2910779222612248,
        1.5041503784232277,
        1.7045083667708458,
        3.6608517315894176,
        1.0854535889258956,
        5.484584603005883,
        4.785655371934985,
        4.471767414076434,
        2.6135951834748163,
        3.8171986273512855,
        3.899875221209893,
        4.327635999627941,
        0.5680333604397488,
        2.413065546300136,
        0.4257927164685413,
        3.060998065200347,
        1.8941079185554746,
        0.8439118237289321,
        0.5814008082260117,
        3.7244262511468693,
        0.8177161065886825,
        5.9272313778499575,
        3.6515772528269723,
        2.3172062948534426,
        3.685268949296687,
        0.07918314340319785,
        6.176136941722497,
        2.825722751093345,
        4.938496200991043,
        0.5172996939642808,
        2.7535932815927864,
        3.146589041528196,
        5.937269983445735,
        3.4966121780216297,
        2.7232619753060607,
        1.5149585785255297,
        2.083677139484629,
        3.352688874454834,
        2.813109491121402,
        0.3438663107762575,
        4.925606067963705,
        5.485444214949998,
        0.9889060780705766,
        3.505175418884137,
        0.7623074436841112,
        4.192974811760954,
        1.844265212565512,
        4.292771946552827,
        0.006220699318705211
    ],
    "Cmin, Cmax, frob_norm, shift": [
        1.473728550170648,
        2983.2052837360643,
        565.1058963899055,
        563.0238790798359
    ]
}