{
    "Calculated Minimum Energy [norm, row]": [
        0.0006006390983494733,
        -0.9905386044505572
    ],
    "Corresponding loss function": 0.019604053117917273,
    "Solution for Minimum Energy": [
        1.0,
        1.0,
        1.0,
        1.0,
        -1.0,
        -1.0,
        -1.0,
        1.0,
        -1.0,
        -1.0,
        1.0,
        1.0,
        1.0,
        1.0,
        1.0,
        1.0,
        1.0,
        1.0
    ],
    "Corresponding exp value": [
        0.04054767473802404,
        0.10434256668944578,
        0.27352445393730596,
        0.4914046309707992,
        -0.0986709151913058,
        -0.07551097252269426,
        -0.18820233231064853,
        0.0647744545613336,
        -0.2882120256187708,
        -0.33069098240482403,
        0.14703527773652744,
        0.07333447070350563,
        0.3503765733556035,
        0.3743626645344074,
        0.5736826182813706,
        0.5694232874779248,
        0.6453323084312893,
        0.47138826958472213
    ],
    "Number for Minimum Energy": 880,
    "Elapsed Time [seconds]": 0.12881994247436523,
    "Elapsed Time [hours, minutes, seconds]": [
        0,
        0,
        0.13
    ],
    "Current function value": -0.9111770866178072,
    "Iterations": 62,
    "Function Evaluations, Estimation": [
        97,
        6984
    ],
    "Gradient Evaluations": 97,
    "Number of Parameters": 71,
    "Minimum Parameters": [
        4.033749864551707,
        0.49384586594000884,
        0.880477917045908,
        2.613264764242989,
        6.306423185503788,
        3.7318047044167297,
        5.8399212241488865,
        5.045654049193961,
        2.877148830604598,
        4.799933181529814,
        -0.0008170410299475142,
        0.6787673122995326,
        5.219673761319915,
        4.991293260310045,
        1.481624265499184,
        3.4741601875704666,
        3.8268662139495215,
        5.462424214363976,
        3.9903496129846276,
        2.659237359771805,
        2.4042283962432505,
        2.6900679178870015,
        4.095787726457219,
        5.356220140157739,
        2.690602917416734,
        1.5648993590557851,
        1.561311239333395,
        4.573341115495291,
        5.19834728936572,
        0.8331562565640976,
        0.31002895691352617,
        3.742469929728781,
        0.9402861372747041,
        5.200788405552357,
        1.7674574877592324,
        0.782747069921833,
        5.794191510272002,
        1.0326444099681913,
        1.962212731175376,
        0.9831802221112174,
        0.7411722579179202,
        0.3656258754425318,
        0.3249023424367155,
        1.175163033580569,
        0.21703431711976554,
        3.754804162823518,
        4.202747858466527,
        2.438684716240917,
        1.936572740830838,
        3.2850227993326717,
        5.393535306741111,
        5.293847763227813,
        0.12898493749407927,
        1.23426949258891,
        1.521521227353445,
        1.8829308022427929,
        3.9264097430596245,
        2.6270392012062733,
        0.6700333288586026,
        2.3347140707683285,
        3.4177571686660833,
        0.6419473175350475,
        5.407086155376633,
        0.5229029436768974,
        5.966694556045796,
        0.4978827976258116,
        5.323145366250994,
        5.693390747176954,
        6.055285840208228,
        4.803097488669699,
        0.03733301783459215
    ],
    "Cmin, Cmax, frob_norm, shift": [
        1.473728550170648,
        2983.2052837360643,
        565.1058963899055,
        563.0238790798359
    ]
}