{
    "Calculated Minimum Energy [norm, row]": [
        0.004147707734341611,
        -0.9718228087954177
    ],
    "Corresponding loss function": 0.0041516004493837985,
    "Solution for Minimum Energy": [
        1.0,
        1.0,
        1.0,
        -1.0,
        1.0,
        1.0,
        -1.0,
        1.0,
        -1.0,
        -1.0,
        -1.0,
        1.0,
        1.0,
        1.0,
        1.0,
        -1.0,
        1.0,
        1.0
    ],
    "Corresponding exp value": [
        0.09384391637303552,
        0.23871231695838005,
        0.3910657485832142,
        -0.09172304981560223,
        0.36417016202641206,
        0.39057142217770024,
        -0.20099463797866118,
        0.3111245325464143,
        -0.13130512032656336,
        -0.2048073534363286,
        -0.20061405526868492,
        0.04783398023070482,
        0.3317370761449455,
        0.14068774822582536,
        0.25957535634227713,
        -0.18797690754722013,
        0.28332606131682214,
        0.2100424734798274
    ],
    "Number for Minimum Energy": 34632,
    "Elapsed Time [seconds]": 0.1866157054901123,
    "Elapsed Time [hours, minutes, seconds]": [
        0,
        0,
        0.19
    ],
    "Current function value": -0.9718220507989579,
    "Iterations": 95,
    "Function Evaluations, Estimation": [
        127,
        9144
    ],
    "Gradient Evaluations": 127,
    "Number of Parameters": 71,
    "Minimum Parameters": [
        1.0458633353182243,
        2.842629034478542,
        0.6082890366002008,
        4.415823834723561,
        2.7325225535468807,
        2.4244047030177702,
        1.4388010898298276,
        3.5961242851512787,
        2.0840815303542453,
        0.7916346163174728,
        1.1899892454666088,
        5.910891378761259,
        5.832169245689889,
        4.621503764338714,
        1.7250186967161796,
        6.165037561444047,
        4.953582147959344,
        4.614078579815755,
        2.6686662706767184,
        1.7847390919875872,
        0.5891880397168575,
        5.461631535743875,
        3.1350552201842135,
        1.4793527625578409,
        1.4050890207990492,
        3.6672947322100797,
        1.0110147704546328,
        5.302446065596016,
        4.782736205049465,
        4.765584565738522,
        2.804208236341615,
        3.9835113217969838,
        3.8468030238264186,
        4.0138265778145366,
        0.6325447166550956,
        2.4081079895543795,
        0.2680631586345644,
        2.903260276654787,
        1.547228982680206,
        1.0064624194964213,
        0.6852549445464408,
        3.767405414088131,
        1.2185038254597798,
        6.003496312714287,
        3.3514569079010106,
        2.2758308830657095,
        3.6014222200270862,
        0.15639761756148707,
        6.002508568462633,
        2.7578556456740944,
        4.881229964400034,
        0.7117203859246359,
        3.0663767643629165,
        3.1966565999768632,
        5.711000262227961,
        3.368372370847436,
        3.0204240650758827,
        1.6487605052723764,
        2.712944380562865,
        3.1979929240720284,
        2.8226229517783192,
        0.10516081782727542,
        5.300808065384357,
        5.630004507793782,
        0.9654341486806055,
        3.5038804440422266,
        0.7655576796533498,
        4.323272632437135,
        2.0373454148512056,
        4.069668075727266,
        0.14364202621508362
    ],
    "Cmin, Cmax, frob_norm, shift": [
        1.473728550170648,
        2983.2052837360643,
        565.1058963899055,
        563.0238790798359
    ]
}