{
    "Calculated Minimum Energy [norm, row]": [
        0.004401777769332493,
        -0.9704822306039687
    ],
    "Corresponding loss function": 0.019569128354212383,
    "Solution for Minimum Energy": [
        1.0,
        -1.0,
        1.0,
        1.0,
        1.0,
        1.0,
        1.0,
        1.0,
        1.0,
        1.0,
        1.0,
        1.0,
        1.0,
        1.0,
        1.0,
        1.0,
        -1.0,
        1.0
    ],
    "Corresponding exp value": [
        0.005683962113097421,
        -0.3807143486761089,
        -0.13918871640787744,
        0.07338873857092824,
        0.07571025144581243,
        0.2703259061080696,
        0.04424662461999608,
        0.5207691633510154,
        0.1658206900473097,
        0.08025375986526387,
        0.006690840018780175,
        -0.03725884728535969,
        0.4225640210662859,
        0.5241558093053557,
        -0.006030671236409907,
        0.2239661850430849,
        -0.40316447704037883,
        0.28756553999964307
    ],
    "Number for Minimum Energy": 65538,
    "Elapsed Time [seconds]": 0.2666659355163574,
    "Elapsed Time [hours, minutes, seconds]": [
        0,
        0,
        0.27
    ],
    "Current function value": -0.9474595277113932,
    "Iterations": 168,
    "Function Evaluations, Estimation": [
        190,
        13680
    ],
    "Gradient Evaluations": 190,
    "Number of Parameters": 71,
    "Minimum Parameters": [
        0.7850102937001678,
        3.2961032835512047,
        1.090386666314653,
        4.502476888456683,
        2.772040194428271,
        2.48044565538331,
        1.9440369469462597,
        3.9231740388122054,
        2.3422104944799083,
        0.4479144262171185,
        0.5566077091342805,
        5.997593440316297,
        5.6244200402196505,
        4.339158276358641,
        1.845901910672682,
        6.31777141957236,
        4.93872730370978,
        4.558279323484867,
        2.308873389048372,
        1.5538834496221874,
        0.8018013420148782,
        5.631868202924887,
        3.0479575841713613,
        1.5534290870133016,
        1.7321410941101714,
        3.5371784699650184,
        1.092778275553531,
        5.411126858819596,
        4.744126740591513,
        4.28419312428798,
        2.7773959810574795,
        3.8399112860231606,
        3.5966832672355133,
        4.282215556597862,
        0.3447170933880923,
        2.5234270599759254,
        0.4113821788834874,
        3.173845557773577,
        2.2570184568320353,
        0.7813743742736048,
        0.7056616746754885,
        3.707620540285728,
        1.0120625390963034,
        5.800486748319687,
        3.5866470997778186,
        2.344463713260023,
        3.814224694711993,
        0.04909788705818231,
        6.180559734183544,
        2.9723768138169806,
        4.948825266832559,
        0.418507448652327,
        2.837599001100214,
        3.0934338747620806,
        5.906080157656566,
        3.6389439561099506,
        2.5969295768424625,
        1.6330871576390067,
        2.0402747916901904,
        3.2931392384457996,
        2.820266334252012,
        0.29533618628926617,
        4.986894719789519,
        5.526258817830572,
        0.9662205207897109,
        3.3833807282243624,
        0.7575456030128503,
        4.171614610985665,
        1.700283375019064,
        4.192420737877122,
        0.6310990050780222
    ],
    "Cmin, Cmax, frob_norm, shift": [
        1.473728550170648,
        2983.2052837360643,
        565.1058963899055,
        563.0238790798359
    ]
}