{
    "Calculated Minimum Energy [norm, row]": [
        0.0023417973404777958,
        -0.9813515361394809
    ],
    "Corresponding loss function": -0.01093405020384238,
    "Solution for Minimum Energy": [
        -1.0,
        1.0,
        1.0,
        -1.0,
        1.0,
        -1.0,
        -1.0,
        1.0,
        -1.0,
        -1.0,
        1.0,
        1.0,
        1.0,
        1.0,
        1.0,
        1.0,
        1.0,
        1.0
    ],
    "Corresponding exp value": [
        -0.2362489229959524,
        0.003462145440708622,
        0.10405256497021649,
        -0.26428029438213296,
        0.44952282453763276,
        -0.14859025049659735,
        -0.07376284931576788,
        0.4328919559510322,
        -0.10693839144586507,
        -0.019850135573664218,
        0.07702737898197527,
        0.21831870709124887,
        0.17533634630529574,
        0.1939415891145605,
        0.40695280949748597,
        0.20629778857002717,
        0.10138536712979458,
        0.14342874161803207
    ],
    "Number for Minimum Energy": 873,
    "Elapsed Time [seconds]": 0.3301670551300049,
    "Elapsed Time [hours, minutes, seconds]": [
        0,
        0,
        0.33
    ],
    "Current function value": -1.0749055386126554,
    "Iterations": 218,
    "Function Evaluations, Estimation": [
        253,
        18216
    ],
    "Gradient Evaluations": 253,
    "Number of Parameters": 71,
    "Minimum Parameters": [
        1.0990099637920347,
        3.054938348383488,
        0.7859182718460278,
        4.188737319312004,
        2.795522081644993,
        2.479866478783708,
        1.6111125133029307,
        3.790333756991889,
        1.8263629728993311,
        0.6204386949323679,
        1.0388283255055073,
        6.239023503644282,
        5.8394340016939354,
        4.430632765325107,
        1.9754765442400104,
        6.287021946735254,
        4.599362210320896,
        4.7479638446239765,
        2.371343645842294,
        1.9018989123595322,
        0.7990572920075625,
        5.621612936540007,
        3.231320095152931,
        1.73585857662313,
        1.615858964962331,
        3.448977246527138,
        0.8994891765733866,
        5.2623714797858945,
        4.946375758785291,
        4.559641350265361,
        2.611811757323594,
        4.010171413422844,
        4.094577525332321,
        4.203091605788867,
        0.8265678690517981,
        2.3294215795476836,
        0.43969963567546577,
        3.155780864325255,
        1.90879333145921,
        1.1040698770900657,
        0.6240680205043837,
        3.755569234479755,
        0.9165033328703133,
        5.7621984588323425,
        3.4668347722304027,
        2.1825295448354787,
        3.6616412254736748,
        0.09896021618664975,
        5.917770449925805,
        2.657019648690218,
        4.918741082378191,
        0.5955324449327191,
        2.8933261943494935,
        3.417854148403725,
        5.790181132815124,
        3.3871738484648812,
        2.550166046137968,
        1.7333402108114215,
        2.437088483568905,
        3.5478315705833285,
        2.6677695906629424,
        0.3347994126087881,
        5.206991519807073,
        5.593845270926699,
        0.9239461526547591,
        3.388119689235925,
        0.9473588359964077,
        4.159221849532466,
        1.790408725895733,
        3.957267836146817,
        0.026251773870990803
    ],
    "Cmin, Cmax, frob_norm, shift": [
        1.473728550170648,
        2983.2052837360643,
        565.1058963899055,
        563.0238790798359
    ]
}