{
    "Calculated Minimum Energy [norm, row]": [
        0.0006006390983494733,
        -0.9905386044505572
    ],
    "Corresponding loss function": 0.03620962846213972,
    "Solution for Minimum Energy": [
        1.0,
        1.0,
        1.0,
        1.0,
        -1.0,
        -1.0,
        -1.0,
        1.0,
        -1.0,
        -1.0,
        1.0,
        1.0,
        1.0,
        1.0,
        1.0,
        1.0,
        1.0,
        1.0
    ],
    "Corresponding exp value": [
        0.1666683220489504,
        0.15970834611131093,
        0.04140153473482713,
        0.4664994944047197,
        -0.27495457925260103,
        -0.14757750777451814,
        -0.22692702541740267,
        0.007665287373445476,
        -0.19928974043482994,
        -0.37071244517373175,
        0.07591603037896674,
        -0.05556214030987892,
        0.44984184853266784,
        0.5026280784624036,
        0.5176600981413959,
        0.69089850298501,
        0.5653355727333397,
        0.5397125808113139
    ],
    "Number for Minimum Energy": 880,
    "Elapsed Time [seconds]": 0.2719697952270508,
    "Elapsed Time [hours, minutes, seconds]": [
        0,
        0,
        0.27
    ],
    "Current function value": -0.8801835179708091,
    "Iterations": 176,
    "Function Evaluations, Estimation": [
        179,
        12888
    ],
    "Gradient Evaluations": 179,
    "Number of Parameters": 71,
    "Minimum Parameters": [
        4.102837873311151,
        0.5418262326743167,
        0.999660233178437,
        2.6534838378957923,
        6.192172822951921,
        3.7454817164510104,
        5.886182045901073,
        5.073041636980919,
        2.8324274417069133,
        4.846085454211571,
        -0.024741151747562112,
        0.7126665221099313,
        5.2253882477126155,
        5.016620980546466,
        1.4567014825433446,
        3.4949682369938313,
        3.9320472583804382,
        5.473705580123644,
        3.970048525363236,
        2.700537524932666,
        2.316285119758582,
        2.624642212983133,
        3.943271485782084,
        5.243924444074296,
        2.6652116456254493,
        1.5653582200215812,
        1.4975488515690139,
        4.557714684317079,
        5.341380932031979,
        0.8579929100553514,
        0.3104910796012891,
        3.7426787245917073,
        0.885570205066355,
        5.302126053936901,
        1.9314538053205232,
        0.8246933574224439,
        5.749738731863871,
        0.9396026789982167,
        2.076652267482043,
        1.0287543150387342,
        0.6920475448616,
        0.36645516381597226,
        0.2828401946225339,
        1.2470849672758528,
        0.20226720716916277,
        3.714068866896238,
        4.184025731868397,
        2.364065234040893,
        2.003534691957118,
        3.2437329687141925,
        5.394077188420651,
        5.204490467598609,
        0.10301265751774792,
        1.2499804966240624,
        1.541421551611003,
        1.8769960051271433,
        3.792498958485604,
        2.552289005272831,
        0.5346815794035891,
        2.3265004727404803,
        3.4461606569140337,
        0.7154562608794923,
        5.32855088688983,
        0.4202276518597972,
        5.870461021017506,
        0.43328224932059783,
        5.355880747743511,
        5.606736799131,
        6.080560386382121,
        4.8582551483314935,
        0.284627584355366
    ],
    "Cmin, Cmax, frob_norm, shift": [
        1.473728550170648,
        2983.2052837360643,
        565.1058963899055,
        563.0238790798359
    ]
}