{
    "Calculated Minimum Energy [norm, row]": [
        0.002253089748564251,
        -0.9818195939454302
    ],
    "Corresponding loss function": 0.03850635837714677,
    "Solution for Minimum Energy": [
        -1.0,
        1.0,
        1.0,
        1.0,
        -1.0,
        1.0,
        1.0,
        1.0,
        1.0,
        1.0,
        1.0,
        1.0,
        1.0,
        1.0,
        1.0,
        1.0,
        1.0,
        -1.0
    ],
    "Corresponding exp value": [
        -0.04880558677808892,
        0.26337602899806556,
        0.030916936490705114,
        0.0719894978741501,
        -0.08109539166461366,
        -0.014820638589013897,
        0.1403575599738079,
        0.30225840077397215,
        0.10637287460685535,
        0.180786759145544,
        0.08015968761806011,
        0.2939230028432549,
        0.3028455551978659,
        0.06560247272736448,
        0.23260815051532266,
        0.11458046234077832,
        0.15465979240553102,
        -0.13931155765657027
    ],
    "Number for Minimum Energy": 131089,
    "Elapsed Time [seconds]": 0.0383763313293457,
    "Elapsed Time [hours, minutes, seconds]": [
        0,
        0,
        0.04
    ],
    "Current function value": -0.7905324108899353,
    "Iterations": 5,
    "Function Evaluations, Estimation": [
        65,
        3816
    ],
    "Gradient Evaluations": 53,
    "Number of Parameters": 71,
    "Minimum Parameters": [
        5.1358492040359565,
        3.9266987100334063,
        4.917982639811852,
        2.263177386751797,
        5.967134346851499,
        5.557923546654102,
        5.007867902018552,
        1.129088843025968,
        3.0542527671725566,
        0.1870507790006105,
        0.5476305514002097,
        4.338487112656108,
        4.873988901087855,
        5.894043902917989,
        1.9075816462278863,
        2.3454435666847107,
        3.176549727603856,
        1.1526804838295361,
        0.6030517483926349,
        2.878753922824203,
        1.3780075507832545,
        4.306069229021658,
        2.7652032490711007,
        5.218502888072196,
        4.47724785602856,
        1.8914613929829265,
        5.1240241135017754,
        5.048848976624696,
        2.5403244830046154,
        1.6220628566523214,
        4.54825008706272,
        0.6726745232876472,
        1.066965340385689,
        -0.10562254593466427,
        4.913212642255679,
        4.04609301989379,
        4.453051604834971,
        4.769676231749797,
        2.9194331374281886,
        3.34934460351942,
        1.021220917197567,
        1.092381095896563,
        4.063328127524244,
        2.9853589759421624,
        3.590488074471742,
        5.07953655607238,
        4.191172121246717,
        3.4152941782953334,
        3.3095735984141244,
        2.14358522487869,
        0.23982960733960934,
        2.870695490908836,
        1.195387808175263,
        2.2690408262340727,
        5.676400931814053,
        1.726390170771148,
        0.4706378289962203,
        1.604512265761081,
        1.8766438415996796,
        4.230617707968764,
        3.1091699949244838,
        4.937019188758631,
        4.025634040532718,
        2.523565459134393,
        5.287967140146396,
        0.7847836096918338,
        0.4021192508261041,
        0.6552967641000188,
        4.353548084362803,
        3.0024402012667677,
        0.31527318959741346
    ],
    "Cmin, Cmax, frob_norm, shift": [
        1.473728550170648,
        2983.2052837360643,
        565.1058963899055,
        563.0238790798359
    ]
}