{
    "Calculated Minimum Energy [norm, row]": [
        0.014474144917270265,
        -0.917336271320433
    ],
    "Corresponding loss function": 0.03480695455714558,
    "Solution for Minimum Energy": [
        1.0,
        1.0,
        1.0,
        1.0,
        1.0,
        1.0,
        1.0,
        1.0,
        1.0,
        1.0,
        1.0,
        1.0,
        -1.0,
        -1.0,
        1.0,
        1.0,
        1.0,
        1.0
    ],
    "Corresponding exp value": [
        0.20242399119491944,
        0.49155090704080656,
        0.19349379367099614,
        -0.0871692136854582,
        -0.1330411308848592,
        0.4149980875895311,
        0.1494992019414453,
        0.3131524018981538,
        0.014911062058103447,
        0.014971835562985217,
        0.2504004083361497,
        -0.17915066370824373,
        -0.45474259810921736,
        -0.2556766070663029,
        -0.05782350312962015,
        0.037127417023357645,
        0.40678048371012426,
        0.4865927642631256
    ],
    "Number for Minimum Energy": 12288,
    "Elapsed Time [seconds]": 0.031540870666503906,
    "Elapsed Time [hours, minutes, seconds]": [
        0,
        0,
        0.03
    ],
    "Current function value": -0.8108490183110993,
    "Iterations": 3,
    "Function Evaluations, Estimation": [
        46,
        2448
    ],
    "Gradient Evaluations": 34,
    "Number of Parameters": 71,
    "Minimum Parameters": [
        4.414419687385978,
        4.672518824418748,
        0.7624848475024982,
        5.91372358946245,
        1.558264955376197,
        0.29924143202744935,
        3.6266099617608147,
        2.3816910744468722,
        5.072942067205719,
        5.211844232678053,
        2.10828580052516,
        6.0613701771881905,
        1.738537596872724,
        3.16923928704995,
        1.6234650997261548,
        6.000730255185257,
        1.0900945757672174,
        0.1355121486827134,
        2.553769658217278,
        6.198826356028435,
        5.644696675081891,
        4.697222148173762,
        5.511890013957406,
        5.644027014403894,
        3.346537453359306,
        2.0674918002424665,
        4.985539542350013,
        4.01631512179537,
        2.2172825393177127,
        0.5151315205445874,
        4.465438958584343,
        1.7334957842252943,
        5.724541675977629,
        1.4650325831947815,
        0.7889375982921308,
        5.234244955038934,
        1.0576615214702378,
        1.1846818492038746,
        3.5740195538730126,
        5.613890955119729,
        1.1489953176213323,
        1.9232795730106247,
        5.0658478362316925,
        6.061850697995896,
        2.8714252865983845,
        0.825350425165698,
        0.22791773576135224,
        1.4023548925117106,
        0.9261333322322762,
        4.404041944373854,
        0.7458410621600322,
        3.0928708414432116,
        4.419408807301972,
        3.5478097199551866,
        1.3816300199405283,
        4.867966961038382,
        4.872465883447466,
        4.636762741880568,
        0.884970952361171,
        0.7186978019484748,
        5.742136801294545,
        2.4275396635929876,
        2.076489622574968,
        2.9014247908276976,
        4.257356199960565,
        6.110475390429665,
        1.7081185131344854,
        5.710660445920217,
        -0.011678705222084106,
        3.2884068520671454,
        0.8088008485336358
    ],
    "Cmin, Cmax, frob_norm, shift": [
        1.473728550170648,
        2983.2052837360643,
        565.1058963899055,
        563.0238790798359
    ]
}