{
    "Calculated Minimum Energy [norm, row]": [
        0.000889404712337867,
        -0.9890149580883756
    ],
    "Corresponding loss function": -0.009855301546505494,
    "Solution for Minimum Energy": [
        1.0,
        1.0,
        -1.0,
        1.0,
        -1.0,
        -1.0,
        1.0,
        1.0,
        1.0,
        -1.0,
        1.0,
        1.0,
        1.0,
        1.0,
        1.0,
        1.0,
        1.0,
        1.0
    ],
    "Corresponding exp value": [
        0.3245660307906263,
        0.1066900710736205,
        -0.3883733227569862,
        0.2420917777319189,
        -0.38540190905018235,
        -0.34756027919813004,
        0.2925851528149299,
        -0.04574559197387348,
        0.20985401525900435,
        -0.23307052048089322,
        0.1573467650555298,
        0.0749843742056371,
        0.11384051239681282,
        0.3182162125888558,
        0.44853761209980314,
        0.27239255168577753,
        0.2027389643345655,
        0.3517679460273349
    ],
    "Number for Minimum Energy": 564,
    "Elapsed Time [seconds]": 0.033453941345214844,
    "Elapsed Time [hours, minutes, seconds]": [
        0,
        0,
        0.03
    ],
    "Current function value": -1.078303804621371,
    "Iterations": 9,
    "Function Evaluations, Estimation": [
        57,
        3240
    ],
    "Gradient Evaluations": 45,
    "Number of Parameters": 71,
    "Minimum Parameters": [
        4.868652452013326,
        3.8202717935611945,
        4.852920763665465,
        2.43248848697438,
        5.840317961123829,
        5.552980456268153,
        4.9107840583158255,
        1.070769566237503,
        3.0207503520050136,
        0.10557028861780798,
        0.6545349985711487,
        4.533282584125044,
        4.981967758179738,
        5.89197694786531,
        1.7613255966458041,
        2.383402095863373,
        3.1331977701166895,
        1.0091868611786978,
        0.5902736164122134,
        2.9557021075279173,
        1.6126769052632923,
        4.298119227605209,
        2.9939877862662128,
        5.382547046851594,
        4.060044670487285,
        1.703283085080395,
        5.085329060194861,
        5.049313830890312,
        2.7512316388262397,
        1.730715329533488,
        4.4744552970412075,
        0.8925061050316877,
        1.195551018604275,
        -0.1347037890068954,
        5.06130981999588,
        3.9397299888820307,
        4.276946336775013,
        4.586453514400301,
        3.1372990528981624,
        3.518657410581747,
        0.735819940745639,
        1.0821609872057472,
        4.007967994646552,
        3.197222367476744,
        3.3361648085974265,
        4.812413594250399,
        4.201260509211182,
        3.4569144527924083,
        3.493858939973107,
        2.144159287472895,
        -0.017298062172295542,
        2.628805476896993,
        1.1730548816397366,
        2.442877634753693,
        5.405698823926853,
        1.5753653923053992,
        0.7164489997989547,
        1.8037041532355802,
        1.8965914484373971,
        4.217465211809759,
        3.087501406568924,
        4.899617236148854,
        3.89179240201034,
        2.3345646797867907,
        5.382842839167757,
        0.9284464293273965,
        0.21149228781035212,
        0.7232566931280664,
        4.482760040321999,
        2.863942476555499,
        1.1724499764107934
    ],
    "Cmin, Cmax, frob_norm, shift": [
        1.473728550170648,
        2983.2052837360643,
        565.1058963899055,
        563.0238790798359
    ]
}