{
    "Calculated Minimum Energy [norm, row]": [
        0.009216799718612981,
        -0.9450761908213359
    ],
    "Corresponding loss function": -0.0050384132747017295,
    "Solution for Minimum Energy": [
        -1.0,
        -1.0,
        -1.0,
        1.0,
        1.0,
        1.0,
        1.0,
        1.0,
        -1.0,
        -1.0,
        -1.0,
        -1.0,
        1.0,
        1.0,
        -1.0,
        1.0,
        1.0,
        1.0
    ],
    "Corresponding exp value": [
        -0.612353888164965,
        -0.392256220415857,
        -0.5199985941351084,
        0.22159213236532857,
        0.467550260180714,
        0.35681201180512034,
        0.10051676320063335,
        0.3379840345913433,
        -0.3296439662415949,
        -0.22334482878578155,
        -0.27137680495270006,
        -0.2930106794161249,
        0.19985299427979303,
        0.3981171943738821,
        -0.0665038526914784,
        0.242143775369503,
        0.2376043540870289,
        0.018092036286913568
    ],
    "Number for Minimum Energy": 20231,
    "Elapsed Time [seconds]": 0.1778550148010254,
    "Elapsed Time [hours, minutes, seconds]": [
        0,
        0,
        0.18
    ],
    "Current function value": -1.044914686232184,
    "Iterations": 138,
    "Function Evaluations, Estimation": [
        140,
        10080
    ],
    "Gradient Evaluations": 140,
    "Number of Parameters": 71,
    "Minimum Parameters": [
        0.9349897627547452,
        3.0944018538264144,
        0.7621666965335604,
        4.299188104807523,
        2.894224186163516,
        2.4383147219215586,
        1.796407702628385,
        3.5925047437977127,
        2.256649758038519,
        0.650371972093589,
        0.793082749476644,
        6.097329863386244,
        5.778374852673741,
        4.657429618135228,
        1.8394722047141905,
        6.279510813715726,
        4.973563934619806,
        4.489477475221938,
        2.4727195880239154,
        1.584944962971989,
        0.8791625168473776,
        5.482242889797524,
        3.033092759182747,
        1.5109290916262128,
        1.7007444677113468,
        3.5893536401722046,
        0.9711321591765678,
        5.398055203489134,
        4.834106061797716,
        4.432583447883997,
        2.4785723253340763,
        3.9937006146303182,
        3.6544798511107968,
        4.223630801218492,
        0.5313371867611465,
        2.504519734087426,
        0.47265671975794565,
        3.049899993269689,
        1.8706724677852289,
        0.8311098100276016,
        0.593088152564157,
        3.6552385055897636,
        0.8442454166263847,
        5.807311123552495,
        3.864073205129364,
        2.1415167712586793,
        3.6261566736540263,
        0.07380197592860734,
        5.826900632688126,
        2.89017787909549,
        4.708588956920115,
        0.5281929294971638,
        2.771021784539419,
        3.0185232812060794,
        5.910093994969932,
        3.497865636250573,
        2.9090565265468524,
        1.6816117381355538,
        2.2329189439747514,
        3.4603193267957675,
        2.792598254922671,
        0.22697251865452048,
        5.255514370203318,
        5.705752624674145,
        0.895269208185731,
        3.5255929677981044,
        0.7371486613529242,
        4.17679604396275,
        1.9272566998573712,
        4.194401904102603,
        0.060225492813288824
    ],
    "Cmin, Cmax, frob_norm, shift": [
        1.473728550170648,
        2983.2052837360643,
        565.1058963899055,
        563.0238790798359
    ]
}