{
    "Calculated Minimum Energy [norm, row]": [
        0.0007713623752417982,
        -0.9896377980969753
    ],
    "Corresponding loss function": 0.0023832982909583415,
    "Solution for Minimum Energy": [
        1.0,
        1.0,
        -1.0,
        1.0,
        -1.0,
        -1.0,
        -1.0,
        1.0,
        1.0,
        -1.0,
        1.0,
        1.0,
        1.0,
        1.0,
        1.0,
        1.0,
        1.0,
        1.0
    ],
    "Corresponding exp value": [
        0.42489711458917895,
        0.34481888259301974,
        -0.45281908751376976,
        0.5684274605205459,
        -0.6257375240904761,
        -0.720525856329052,
        -0.23539055780046195,
        0.30782952281153814,
        0.17576819959598686,
        -0.2531404487244431,
        0.09636293939954711,
        0.41179159743882265,
        0.5923756500655261,
        0.2804690140676136,
        0.4438842163464536,
        0.48746708626906865,
        0.4128562907324374,
        0.5959568625956171
    ],
    "Number for Minimum Energy": 628,
    "Elapsed Time [seconds]": 0.16811490058898926,
    "Elapsed Time [hours, minutes, seconds]": [
        0,
        0,
        0.17
    ],
    "Current function value": -0.983317956763361,
    "Iterations": 113,
    "Function Evaluations, Estimation": [
        117,
        8424
    ],
    "Gradient Evaluations": 117,
    "Number of Parameters": 71,
    "Minimum Parameters": [
        5.010279468879104,
        3.864160280529323,
        4.707294509216675,
        2.3759744420890474,
        5.680325841226777,
        5.484632976292896,
        4.606932197724103,
        1.0014293284099263,
        3.2477459807495674,
        0.24280043254030603,
        0.5774182701307438,
        4.415003540398523,
        4.86729167869945,
        5.715910254945343,
        1.8717974893365852,
        2.501357877307379,
        3.133136198490436,
        1.0675493128660198,
        0.6833934641526218,
        2.792195012395785,
        1.7059492048900515,
        4.326752620488678,
        2.798093947095159,
        5.254666076363444,
        4.132664025835526,
        1.7954745210017513,
        5.030719873541597,
        5.216953796443812,
        2.7497241426259937,
        1.807608568466212,
        4.449442203804926,
        0.6477866766246017,
        1.4412610661360836,
        -0.15569419583496208,
        5.151537499535333,
        3.9683847672164965,
        4.334987192354607,
        5.146740186966158,
        2.755290903599752,
        3.276536003041789,
        0.8188635134463154,
        0.9975104013328988,
        4.099707799393104,
        3.169664382257582,
        3.287599169474708,
        5.005233399551666,
        3.9947288183020673,
        3.5832239468055946,
        3.8354510424728283,
        2.123056571214434,
        -0.08165100137937373,
        2.629420796490547,
        1.3098819733239242,
        2.471344182249104,
        5.415762130901715,
        1.6666177078881594,
        0.4156940185907714,
        1.7287484699448368,
        1.917728665469475,
        4.155984702840267,
        3.294242010494202,
        4.856106732886973,
        4.245352091877233,
        2.3012625361712775,
        5.354186114924056,
        0.9877986170723798,
        0.29823683846090215,
        0.7734526194049098,
        4.232302852640557,
        2.9777919315828774,
        0.9005873125074814
    ],
    "Cmin, Cmax, frob_norm, shift": [
        1.473728550170648,
        2983.2052837360643,
        565.1058963899055,
        563.0238790798359
    ]
}