{
    "Calculated Minimum Energy [norm, row]": [
        0.059681695447071206,
        -0.6788026074381461
    ],
    "Corresponding loss function": 0.028453025222583146,
    "Solution for Minimum Energy": [
        1.0,
        1.0,
        1.0,
        1.0,
        1.0,
        1.0,
        1.0,
        1.0,
        1.0,
        1.0,
        1.0,
        1.0,
        1.0,
        1.0,
        1.0,
        1.0,
        1.0,
        1.0
    ],
    "Corresponding exp value": [
        0.10634735651828472,
        0.08298185891506416,
        -0.1504027721797423,
        0.30357581792483745,
        -0.08859163989316186,
        -0.04283141705094426,
        -0.11854085688646417,
        -0.1711568094568072,
        -0.06159825840634761,
        0.23865209234568127,
        0.43994089594292785,
        0.18461971341763006,
        -0.33137694104354565,
        -0.11848687237072553,
        0.2473666476914446,
        -0.1780715603841118,
        0.15010151744120048,
        0.18158684446388124
    ],
    "Number for Minimum Energy": 0,
    "Elapsed Time [seconds]": 0.03924727439880371,
    "Elapsed Time [hours, minutes, seconds]": [
        0,
        0,
        0.04
    ],
    "Current function value": -0.8435779389816758,
    "Iterations": 1,
    "Function Evaluations, Estimation": [
        68,
        4032
    ],
    "Gradient Evaluations": 56,
    "Number of Parameters": 71,
    "Minimum Parameters": [
        4.538721418253878,
        4.8023766822045655,
        0.6950272272162918,
        5.781781945566048,
        1.4553642813652796,
        0.25868115730416397,
        3.4983292430057213,
        2.3369934854774312,
        5.190848854735478,
        5.086110129102368,
        2.015656165589223,
        6.0078836082639615,
        1.8087740517999529,
        3.21252771449889,
        1.607152631446952,
        5.905024472831288,
        1.0397058796985494,
        0.25935847552464514,
        2.7073392203239983,
        6.21504165787415,
        5.6106196780386615,
        4.700702323239086,
        5.592949632865307,
        5.612791317852561,
        3.258591877740263,
        1.988133200463604,
        4.866123271274452,
        4.153736349985702,
        2.3362680461323855,
        0.5761887194180627,
        4.65888802686137,
        1.6640669689103993,
        5.878974033078576,
        1.493486274107895,
        0.7690252120488138,
        5.215310512918589,
        0.9640112308306222,
        1.1436721930947897,
        3.7536563883234186,
        5.497541879042209,
        1.2003513205375165,
        1.951508872813732,
        4.898222601479191,
        6.1006746054380985,
        3.1084917657211886,
        0.8892933973465583,
        0.0997543242967798,
        1.4230039100162446,
        0.8405709302630493,
        4.271625917392328,
        0.7574452150761957,
        3.1716166938004613,
        4.38034620904547,
        3.6482469576056733,
        1.292423193005715,
        5.040429206134935,
        4.524119928819558,
        4.637316172957015,
        0.8353271296633576,
        0.7594415355338026,
        5.828505776328708,
        2.4733715497076068,
        1.9070475878732605,
        3.053030561908094,
        4.169036903572398,
        6.023633880921866,
        1.7916159725123872,
        5.808327072922466,
        0.1347299884373276,
        3.460035773828291,
        0.999358605709696
    ],
    "Cmin, Cmax, frob_norm, shift": [
        1.473728550170648,
        2983.2052837360643,
        565.1058963899055,
        563.0238790798359
    ]
}