{
    "Calculated Minimum Energy [norm, row]": [
        0.0016764908960550022,
        -0.9848619670726512
    ],
    "Corresponding loss function": -0.011462272038883451,
    "Solution for Minimum Energy": [
        1.0,
        1.0,
        -1.0,
        1.0,
        -1.0,
        -1.0,
        1.0,
        1.0,
        1.0,
        1.0,
        1.0,
        1.0,
        1.0,
        1.0,
        1.0,
        1.0,
        1.0,
        1.0
    ],
    "Corresponding exp value": [
        0.18039208062239379,
        -0.0038890474326361522,
        -0.20626829777916925,
        0.5331306625748123,
        -0.722249722594779,
        -0.6286951456702089,
        0.14371769997241468,
        0.04357772050120336,
        0.1803288706644397,
        0.04908711521805606,
        0.3491761155372034,
        0.09580470671412754,
        0.2260346778571394,
        0.33594768053071933,
        0.41339311358193226,
        0.12918133814407576,
        0.38819749883004484,
        0.31061804193702214
    ],
    "Number for Minimum Energy": 52,
    "Elapsed Time [seconds]": 0.10532283782958984,
    "Elapsed Time [hours, minutes, seconds]": [
        0,
        0,
        0.11
    ],
    "Current function value": -1.0847768999463174,
    "Iterations": 72,
    "Function Evaluations, Estimation": [
        146,
        9648
    ],
    "Gradient Evaluations": 134,
    "Number of Parameters": 71,
    "Minimum Parameters": [
        4.062769922334684,
        0.46172282193444775,
        1.0780733627817691,
        2.6620338239383856,
        6.380563301863117,
        3.736146478827163,
        6.140815300925427,
        4.982753081846693,
        2.676328730459613,
        4.770532370181621,
        -0.06140761684246634,
        0.7129710079908191,
        5.1787845395823915,
        4.919829513721349,
        1.5692025075511156,
        3.5128164013042116,
        4.029252381500558,
        5.430026218251495,
        3.7369759796474624,
        2.6024791450422775,
        2.0422980459627964,
        2.694193700791416,
        3.8346920705301923,
        5.244030427377382,
        2.638093216003977,
        1.5747844462962564,
        1.4810424831449618,
        4.612895912547,
        5.28699008099027,
        0.9386719782444853,
        0.39053917711614666,
        3.692730778617351,
        0.9748589413646462,
        5.15450992564898,
        1.6744241898303434,
        0.8544304397887734,
        5.73549831470022,
        0.9552257286425334,
        2.018113734885256,
        0.9800629148303218,
        0.5898659540982476,
        0.335334654772005,
        0.4410841315787869,
        1.2954490648475525,
        0.04612117316575524,
        3.6971108445080456,
        4.218552738199459,
        2.3926301297369967,
        2.2472683287743527,
        3.2386219858513323,
        5.346319447599244,
        5.177172326909896,
        -0.11104102540198296,
        1.316627199316478,
        1.5307810757869191,
        1.9867990544292835,
        3.8437451120614328,
        2.533375845712587,
        0.6615542068874329,
        2.2955296980258906,
        3.1497088195323637,
        0.7119061262520804,
        5.142259302095186,
        0.4687467137567776,
        5.898462004875265,
        0.33373417517761167,
        5.372197310954719,
        5.612072891104187,
        6.0444383334387055,
        4.751988549220333,
        0.8396083388953344
    ],
    "Cmin, Cmax, frob_norm, shift": [
        1.473728550170648,
        2983.2052837360643,
        565.1058963899055,
        563.0238790798359
    ]
}