{
    "Calculated Minimum Energy [norm, row]": [
        0.004588870477009285,
        -0.9694950523887195
    ],
    "Corresponding loss function": -0.0005234844989005467,
    "Solution for Minimum Energy": [
        1.0,
        1.0,
        1.0,
        -1.0,
        1.0,
        1.0,
        -1.0,
        -1.0,
        1.0,
        1.0,
        -1.0,
        -1.0,
        1.0,
        1.0,
        1.0,
        1.0,
        1.0,
        1.0
    ],
    "Corresponding exp value": [
        0.39168856647796313,
        -0.029601323166729948,
        0.1412795778593764,
        -0.20027632067561932,
        0.02197757440853028,
        0.23090352661722732,
        -0.29534746017768676,
        -0.10818472214305817,
        -0.01619331161393496,
        0.20575350261789144,
        -0.12503036907047982,
        -0.19456572563829372,
        0.5937082515031623,
        0.552222057967406,
        0.44035787278697125,
        0.738907495487586,
        0.3744810005510917,
        0.31936698139413205
    ],
    "Number for Minimum Energy": 3272,
    "Elapsed Time [seconds]": 0.15503478050231934,
    "Elapsed Time [hours, minutes, seconds]": [
        0,
        0,
        0.16
    ],
    "Current function value": -1.0691899058249208,
    "Iterations": 130,
    "Function Evaluations, Estimation": [
        132,
        9504
    ],
    "Gradient Evaluations": 132,
    "Number of Parameters": 71,
    "Minimum Parameters": [
        4.9963554148394245,
        4.059076830698065,
        4.637989239270239,
        0.7293318615556645,
        3.975479505418854,
        3.28166629296886,
        5.227703284491683,
        2.913282892532514,
        2.352316386908022,
        4.046148798171408,
        1.4587094506112657,
        0.7643143600249988,
        2.8079251620418004,
        2.6917299555512897,
        1.564599101476775,
        2.4026212735054724,
        2.131900135699426,
        2.216019962290922,
        1.995411268978064,
        4.200381045518997,
        1.9470293344339085,
        6.197705019655178,
        5.708314923952477,
        3.3175125630426803,
        2.1285785970763658,
        3.3972446074757188,
        5.2994075995123495,
        4.499190418728476,
        5.31965458566916,
        3.467794131686714,
        3.6644567096840484,
        1.723007907207108,
        4.69740157498737,
        1.5494753532725287,
        4.065512941932657,
        5.377986001180499,
        1.0866721329454228,
        4.060339837229562,
        0.5970379965607072,
        4.376738563548149,
        0.36018708300849167,
        5.454343138499374,
        0.9318706056199478,
        6.182160685694092,
        4.876204333733439,
        3.5018882744451516,
        4.668919113538138,
        5.106763392040852,
        5.953289064722637,
        1.5595685919687547,
        3.611535759246316,
        0.37471830740166595,
        3.7174689862859234,
        1.1462512530507991,
        3.5314534415431478,
        3.7466036466493025,
        3.005693164976738,
        3.1136993083205295,
        5.151185141101192,
        4.685513387387488,
        2.5326675834967833,
        3.680188330683186,
        5.876341183871986,
        0.6504371731391219,
        0.8844543050165414,
        0.4399665284067512,
        4.201043397051594,
        2.68508622503382,
        5.124753706671097,
        4.168092161179148,
        0.3447214559199301
    ],
    "Cmin, Cmax, frob_norm, shift": [
        1.473728550170648,
        2983.2052837360643,
        565.1058963899055,
        563.0238790798359
    ]
}