{
    "Calculated Minimum Energy [norm, row]": [
        0.00210371434463607,
        -0.9826077601250907
    ],
    "Corresponding loss function": 0.013352951858052593,
    "Solution for Minimum Energy": [
        1.0,
        1.0,
        1.0,
        -1.0,
        -1.0,
        1.0,
        1.0,
        -1.0,
        1.0,
        -1.0,
        1.0,
        -1.0,
        1.0,
        1.0,
        1.0,
        1.0,
        1.0,
        1.0
    ],
    "Corresponding exp value": [
        -0.04310406070372469,
        0.37430289213128287,
        -0.045701761882074254,
        -0.05317857064024248,
        -0.1458072520761607,
        0.37670407397245137,
        -0.04328393916353808,
        -0.5979688095132779,
        -0.045721326541472984,
        -0.04703346282583003,
        -0.026395088061552434,
        -0.06527150943551742,
        0.47634313745112034,
        0.6965453904876948,
        0.3748926300241291,
        0.5181474880021173,
        0.5911317716272555,
        0.44111913012955895
    ],
    "Number for Minimum Energy": 2712,
    "Elapsed Time [seconds]": 0.23218250274658203,
    "Elapsed Time [hours, minutes, seconds]": [
        0,
        0,
        0.23
    ],
    "Current function value": -0.9267699673897332,
    "Iterations": 200,
    "Function Evaluations, Estimation": [
        209,
        15048
    ],
    "Gradient Evaluations": 209,
    "Number of Parameters": 71,
    "Minimum Parameters": [
        4.956241034839663,
        4.105027065836834,
        4.646361340330305,
        0.9419733662981432,
        3.758419779229307,
        3.117812924411182,
        5.457092801265683,
        2.8429227094156815,
        2.5407910328661822,
        4.098369149085387,
        1.2403654254334517,
        0.643618791251993,
        2.936518846169594,
        2.7881272531533403,
        1.35552729234344,
        2.252730135513956,
        2.1170111045082938,
        2.193350934384081,
        2.058884986633993,
        4.522169042498889,
        2.1575084066224277,
        6.030827877405335,
        5.721695857774938,
        2.87477270018052,
        2.13754713669234,
        3.247057693610131,
        5.287641124827233,
        4.276748423305313,
        5.2965020498352615,
        3.3433122057570985,
        3.7222848274780573,
        1.8240461813452056,
        4.801501124210632,
        1.5860868781337547,
        4.195707939677532,
        5.146113429716996,
        0.7891234651868734,
        4.007264820372874,
        0.9314264769445647,
        4.408251480264383,
        0.2358653069826139,
        5.734122993427211,
        0.9780961623953424,
        6.1590916162650595,
        4.7732755144766115,
        3.5992071112441804,
        4.683945343685004,
        5.092839479576275,
        5.657655058376977,
        1.4493268875860317,
        3.7066707935540872,
        0.4319231809857559,
        3.896913745938876,
        1.1793451806726596,
        3.50167200867494,
        3.634912833383272,
        2.954008927351756,
        3.1740019916981463,
        5.0414072038524305,
        4.7107581512814685,
        2.5741109337765185,
        3.626551800654199,
        5.667716052464662,
        0.46820250056759055,
        1.1512110271298883,
        0.31530678255176836,
        3.9821931926245537,
        2.8084673224289354,
        5.124005781470579,
        4.210447893725889,
        0.2772257482512064
    ],
    "Cmin, Cmax, frob_norm, shift": [
        1.473728550170648,
        2983.2052837360643,
        565.1058963899055,
        563.0238790798359
    ]
}