{
    "Calculated Minimum Energy [norm, row]": [
        0.059681695447071165,
        -0.6788026074381464
    ],
    "Corresponding loss function": 0.01757887853731565,
    "Solution for Minimum Energy": [
        1.0,
        1.0,
        1.0,
        1.0,
        1.0,
        1.0,
        1.0,
        1.0,
        1.0,
        1.0,
        1.0,
        1.0,
        1.0,
        1.0,
        1.0,
        1.0,
        1.0,
        1.0
    ],
    "Corresponding exp value": [
        0.0477287256534943,
        0.06325516127658161,
        0.4655970830182528,
        -0.14420912412715486,
        -0.06743822102317842,
        0.1695760181780464,
        0.07117275634680259,
        -0.02996667819293647,
        0.4502406114613846,
        -0.5327475861323022,
        0.3308852070103206,
        -0.07377195471469625,
        -0.008641856794746355,
        0.46576797455734126,
        -0.2048765898415985,
        0.04649895503946119,
        0.2835559301041464,
        0.08753401941361494
    ],
    "Number for Minimum Energy": 0,
    "Elapsed Time [seconds]": 0.16204404830932617,
    "Elapsed Time [hours, minutes, seconds]": [
        0,
        0,
        0.16
    ],
    "Current function value": -0.914572661118536,
    "Iterations": 124,
    "Function Evaluations, Estimation": [
        128,
        9216
    ],
    "Gradient Evaluations": 128,
    "Number of Parameters": 71,
    "Minimum Parameters": [
        4.895679790380947,
        4.0377809392334605,
        4.888528338054355,
        0.8548930186809568,
        3.42033831413064,
        3.2282492025430285,
        5.383237606991803,
        2.8991847980100194,
        2.4136678235627276,
        4.017614028558767,
        1.6267628523922482,
        0.8654073158141761,
        3.005363453528091,
        2.627666151749945,
        1.4625064367143419,
        2.3224066780466535,
        2.299958803343416,
        2.0526363404246015,
        2.3454540384714218,
        4.311552629261152,
        1.8923872417679215,
        6.001703570672036,
        5.7768051996449215,
        3.0463359380013944,
        2.0679153373203714,
        3.3656512567574444,
        5.350336456233875,
        4.138700487549041,
        5.085731520333235,
        3.361684551010869,
        3.9345508316595064,
        1.8214672221792945,
        4.616471456264743,
        1.311719299763203,
        4.339002743070428,
        5.398457752181629,
        0.8276264603077389,
        3.854853559727474,
        0.6147415934726569,
        4.557251345424531,
        0.506073046574818,
        5.847683083093547,
        0.8836088216106928,
        6.0570457020976916,
        5.005007003259214,
        3.7121670584326427,
        4.918815684482281,
        4.991840962035949,
        5.947991732016721,
        1.5800580177989818,
        3.6909367380539386,
        0.5538366840724601,
        3.861965774591231,
        1.0801295077579294,
        3.552085515403726,
        3.59781728481455,
        2.944818776853999,
        3.253990641453311,
        4.849175708210574,
        5.00673678518382,
        3.040019840399765,
        3.7720587771852054,
        5.846653329439897,
        0.7354747811984731,
        0.7565570493448749,
        0.5078056136582509,
        4.140192537811346,
        2.638479958319808,
        4.897464739932611,
        4.220776336566948,
        0.9924138478826898
    ],
    "Cmin, Cmax, frob_norm, shift": [
        1.473728550170648,
        2983.2052837360643,
        565.1058963899055,
        563.0238790798359
    ]
}