{
    "Calculated Minimum Energy [norm, row]": [
        0.0008894047123379051,
        -0.9890149580883755
    ],
    "Corresponding loss function": -0.016203318109963945,
    "Solution for Minimum Energy": [
        1.0,
        1.0,
        -1.0,
        1.0,
        -1.0,
        -1.0,
        1.0,
        1.0,
        1.0,
        -1.0,
        1.0,
        1.0,
        1.0,
        1.0,
        1.0,
        1.0,
        1.0,
        1.0
    ],
    "Corresponding exp value": [
        0.2117504324780717,
        0.20466385999078687,
        -0.3993381975373653,
        0.3373782494116665,
        -0.45233086843608067,
        -0.5937597832430795,
        0.3157769769058431,
        0.30503903421714057,
        0.2323710937754628,
        -0.0643381007812977,
        0.14748890087865538,
        0.14005001173412657,
        0.20429932021494154,
        0.2838186368480041,
        0.4418981944610249,
        0.5552973785432378,
        0.2562677314128406,
        0.2618680586895599
    ],
    "Number for Minimum Energy": 564,
    "Elapsed Time [seconds]": 0.1994800567626953,
    "Elapsed Time [hours, minutes, seconds]": [
        0,
        0,
        0.2
    ],
    "Current function value": -1.0887968419417955,
    "Iterations": 156,
    "Function Evaluations, Estimation": [
        160,
        11520
    ],
    "Gradient Evaluations": 160,
    "Number of Parameters": 71,
    "Minimum Parameters": [
        4.842647295019096,
        3.7532405155872675,
        4.8379012279168,
        2.556817902949374,
        5.997188368044849,
        5.564090723865288,
        4.821264032983828,
        0.9489093155381559,
        2.9854119661095257,
        0.06451526833506593,
        0.5263660707658925,
        4.630540240417922,
        4.803351938048178,
        5.758658772978133,
        1.8187948053114391,
        2.3943524630652906,
        3.205322213331161,
        0.8791918854727204,
        0.3791078191412307,
        2.8902727136048774,
        1.601516070492783,
        4.2903977013181995,
        2.7845319464145173,
        5.293783953508802,
        4.159874745379159,
        1.6028780014008968,
        5.078943771379376,
        5.028315223296614,
        2.7038937450046943,
        1.7260558606991199,
        4.530809466377585,
        0.791169681088353,
        1.1026086144834943,
        -0.11991368567590127,
        5.0229984856740915,
        4.00512411635478,
        4.392096488146173,
        4.746290356611926,
        3.02697532997475,
        3.3799007853868597,
        0.8833824033001929,
        1.1660094222615893,
        4.146713013226401,
        3.24190812322333,
        3.3696513407417874,
        4.936370756580882,
        4.207958871166836,
        3.390559350280674,
        3.52101691110741,
        2.130199435253263,
        0.1158302072392381,
        2.624939432825867,
        1.357760560786579,
        2.222751429418137,
        5.5896701531416495,
        1.7504641815971254,
        0.5104391453730242,
        1.7713538728257585,
        1.8488674427518499,
        4.1203800124624745,
        3.1795572858363603,
        4.941741626823165,
        4.011403013598098,
        2.399198613960912,
        5.281334078756778,
        0.9254141185769007,
        0.21003361390428843,
        0.6581089743942263,
        4.474113735743494,
        3.0106944480793105,
        0.3506088695046349
    ],
    "Cmin, Cmax, frob_norm, shift": [
        1.473728550170648,
        2983.2052837360643,
        565.1058963899055,
        563.0238790798359
    ]
}