{
    "Calculated Minimum Energy [norm, row]": [
        0.059681695447071165,
        -0.6788026074381464
    ],
    "Corresponding loss function": 0.02920642404912486,
    "Solution for Minimum Energy": [
        1.0,
        1.0,
        1.0,
        1.0,
        1.0,
        1.0,
        1.0,
        1.0,
        1.0,
        1.0,
        1.0,
        1.0,
        1.0,
        1.0,
        1.0,
        1.0,
        1.0,
        1.0
    ],
    "Corresponding exp value": [
        0.04793711114687815,
        0.06360547281490218,
        0.46486704573355986,
        -0.14427841198090163,
        -0.0678144143905075,
        0.17006294474750455,
        0.06863564946833463,
        -0.029200201125774983,
        0.44561547953874564,
        -0.5303600490157014,
        0.3304795090179815,
        -0.0735677480931347,
        -0.00509627723635786,
        0.46621338296517945,
        -0.19902616198958328,
        0.04945931500722814,
        0.28303932149564265,
        0.09070047426725378
    ],
    "Number for Minimum Energy": 0,
    "Elapsed Time [seconds]": 0.24085092544555664,
    "Elapsed Time [hours, minutes, seconds]": [
        0,
        0,
        0.24
    ],
    "Current function value": -0.8588306285461695,
    "Iterations": 200,
    "Function Evaluations, Estimation": [
        201,
        14472
    ],
    "Gradient Evaluations": 201,
    "Number of Parameters": 71,
    "Minimum Parameters": [
        4.895000434285632,
        4.037630032021035,
        4.888411183295711,
        0.8550001896129323,
        3.420743858847573,
        3.2281370045725732,
        5.3826907419633425,
        2.898675497144668,
        2.413325622231843,
        4.017895015471551,
        1.6265438380606618,
        0.8650880871195653,
        3.00535422756929,
        2.6280707641276866,
        1.4622971396432112,
        2.322775807111704,
        2.2997509283074833,
        2.0525416321448664,
        2.344984545731148,
        4.311907098707881,
        1.8921853298668503,
        6.002099603569798,
        5.776970068784669,
        3.046740740593559,
        2.06795320070846,
        3.365463687309519,
        5.3502837216149315,
        4.139409840392185,
        5.085805853461409,
        3.362248381431915,
        3.9336061679523975,
        1.8216134122368255,
        4.616232242738223,
        1.311917305247898,
        4.338830965157085,
        5.397800355398954,
        0.8269512745765331,
        3.8548778668606167,
        0.6147755013016871,
        4.557487253693333,
        0.5063789010057125,
        5.8468841674908765,
        0.8842327963166863,
        6.058004149662853,
        5.0048389447928034,
        3.712333774643432,
        4.9183242083726135,
        4.991834084779515,
        5.94776566597194,
        1.579389366882555,
        3.6906321421551223,
        0.5529682023439695,
        3.861499879992525,
        1.0802689658195765,
        3.5521269889044143,
        3.598254955802344,
        2.9453208961036808,
        3.253106560618022,
        4.849921136974533,
        5.006653027856915,
        3.039948761762124,
        3.7720487063183894,
        5.846054414771816,
        0.7347823918096478,
        0.7575212892869629,
        0.5069501515624542,
        4.140889553915368,
        2.6383446783465025,
        4.89859444384244,
        4.220164239816191,
        0.9918993425261654
    ],
    "Cmin, Cmax, frob_norm, shift": [
        1.473728550170648,
        2983.2052837360643,
        565.1058963899055,
        563.0238790798359
    ]
}