{
    "Calculated Minimum Energy [norm, row]": [
        0.0006006390983495115,
        -0.990538604450557
    ],
    "Corresponding loss function": 0.037380801168923485,
    "Solution for Minimum Energy": [
        1.0,
        1.0,
        1.0,
        1.0,
        -1.0,
        -1.0,
        -1.0,
        1.0,
        -1.0,
        -1.0,
        1.0,
        1.0,
        1.0,
        1.0,
        1.0,
        1.0,
        1.0,
        1.0
    ],
    "Corresponding exp value": [
        0.08235612487291177,
        0.04368476520823532,
        0.24036311862768156,
        0.5309105529174737,
        -0.1620218615593115,
        -0.16403118387120982,
        -0.14850051833898797,
        0.04062049225220479,
        -0.3151264890572476,
        -0.4375883383326074,
        0.03374845987459125,
        0.028498329479904855,
        0.47111259080556284,
        0.5383635152192257,
        0.6115708270552374,
        0.727371854465938,
        0.579821615116625,
        0.5485243355006952
    ],
    "Number for Minimum Energy": 880,
    "Elapsed Time [seconds]": 0.03887128829956055,
    "Elapsed Time [hours, minutes, seconds]": [
        0,
        0,
        0.04
    ],
    "Current function value": -0.8912201670633522,
    "Iterations": 12,
    "Function Evaluations, Estimation": [
        64,
        3816
    ],
    "Gradient Evaluations": 53,
    "Number of Parameters": 71,
    "Minimum Parameters": [
        4.032374892189439,
        0.5426842568357675,
        0.9355844788926614,
        2.6305607886630025,
        6.239129092893914,
        3.7408827323111735,
        5.884461741654958,
        5.0636568381761915,
        2.8169804804306793,
        4.85068662128199,
        0.015825739944997017,
        0.6873224580030998,
        5.207156324126897,
        5.003669127910374,
        1.4955192725823507,
        3.4377098156507393,
        3.853650928793642,
        5.456639401703656,
        3.975346229064815,
        2.675053544620401,
        2.3032170581375926,
        2.666854413646071,
        3.989086815634157,
        5.325658330139276,
        2.6791609592818264,
        1.5544564823955473,
        1.5315611242899376,
        4.549021062780863,
        5.243841863918246,
        0.8672366127436552,
        0.3174623151795066,
        3.718075638682098,
        0.8742943927123599,
        5.2531925576161616,
        1.84984975159977,
        0.8619550185364712,
        5.77554184504174,
        0.9875413372897436,
        2.0859805402217515,
        0.9791769032361219,
        0.6838558328090644,
        0.32314361908188843,
        0.3803063225976514,
        1.2512858973805525,
        0.18694051298615283,
        3.7007368745770823,
        4.157456310579676,
        2.374800138899059,
        1.969653032583997,
        3.1975511060706054,
        5.398392457664009,
        5.192087656538328,
        0.08482690270069404,
        1.2939643360376607,
        1.5230062798821007,
        1.922428627578118,
        3.8043403617236575,
        2.5324380810223173,
        0.5597835508308979,
        2.2985918554704226,
        3.378067747496148,
        0.7091132770349883,
        5.398219590227717,
        0.4308315083351254,
        5.884560067985075,
        0.4007776185157844,
        5.378913917247093,
        5.602476436759274,
        6.065585419333633,
        4.825493914635078,
        0.31555190087763774
    ],
    "Cmin, Cmax, frob_norm, shift": [
        1.473728550170648,
        2983.2052837360643,
        565.1058963899055,
        563.0238790798359
    ]
}