{
    "Calculated Minimum Energy [norm, row]": [
        0.0006006390983495115,
        -0.990538604450557
    ],
    "Corresponding loss function": 0.025585551543487677,
    "Solution for Minimum Energy": [
        1.0,
        1.0,
        1.0,
        1.0,
        -1.0,
        -1.0,
        -1.0,
        1.0,
        -1.0,
        -1.0,
        1.0,
        1.0,
        1.0,
        1.0,
        1.0,
        1.0,
        1.0,
        1.0
    ],
    "Corresponding exp value": [
        0.17519976643117538,
        0.1720746432333441,
        0.07439130601005672,
        0.4933249762008415,
        -0.25172054649071185,
        -0.1401331826941722,
        -0.24247797592283538,
        0.018411670821880128,
        -0.25033634183276676,
        -0.40261855236192484,
        0.08230635647512637,
        -0.03450261521084716,
        0.46814985552195976,
        0.49645750543780226,
        0.5456274475246161,
        0.7140792771405596,
        0.578190909363923,
        0.5471156520302339
    ],
    "Number for Minimum Energy": 880,
    "Elapsed Time [seconds]": 0.22190308570861816,
    "Elapsed Time [hours, minutes, seconds]": [
        0,
        0,
        0.22
    ],
    "Current function value": -0.9208221217025602,
    "Iterations": 134,
    "Function Evaluations, Estimation": [
        137,
        9864
    ],
    "Gradient Evaluations": 137,
    "Number of Parameters": 71,
    "Minimum Parameters": [
        4.097955019163623,
        0.5454713724372886,
        0.996388326076454,
        2.64817771567388,
        6.197457552242694,
        3.7454785546252265,
        5.889128313529364,
        5.074177279789536,
        2.834508494673917,
        4.849771237824931,
        -0.02026929481263396,
        0.7063014741265481,
        5.227679945748562,
        5.017540133494297,
        1.4546417670946057,
        3.4876397485618704,
        3.9258453078794355,
        5.478058323152036,
        3.9755137484207683,
        2.6933069559166456,
        2.3251081967839977,
        2.631714312129273,
        3.9431061740879345,
        5.255815693477638,
        2.674005869058811,
        1.5603111851310179,
        1.4914867332918396,
        4.55468030471708,
        5.326038871513738,
        0.8508374621961806,
        0.3148755566989679,
        3.7457062469344864,
        0.8860886116031004,
        5.3052116151457644,
        1.9211027488329702,
        0.8312916118270322,
        5.753423626394383,
        0.9417947723690672,
        2.0599423355573294,
        1.0207579485933675,
        0.7106432521259407,
        0.3776005098959283,
        0.28400206256828525,
        1.2416309201827047,
        0.20571202476535966,
        3.7186110947520867,
        4.1858436028307136,
        2.366852501414657,
        1.9948884086038847,
        3.2417569629950425,
        5.403418855134762,
        5.196489644518724,
        0.10850823052959113,
        1.2463703552591574,
        1.525340422973384,
        1.8810794945791198,
        3.7859800666853545,
        2.5572064002883566,
        0.5318728799091316,
        2.329944103299444,
        3.4371686435054443,
        0.7121296596304333,
        5.333269930127907,
        0.41995317600721127,
        5.859983726528109,
        0.4277735184199674,
        5.3523133578114805,
        5.61328983896359,
        6.066221718458351,
        4.841777773176515,
        0.29839907348955913
    ],
    "Cmin, Cmax, frob_norm, shift": [
        1.473728550170648,
        2983.2052837360643,
        565.1058963899055,
        563.0238790798359
    ]
}