{
    "Calculated Minimum Energy [norm, row]": [
        0.0007137373972467284,
        -0.9899418512246324
    ],
    "Corresponding loss function": -0.014990313628205422,
    "Solution for Minimum Energy": [
        -1.0,
        1.0,
        1.0,
        1.0,
        -1.0,
        -1.0,
        -1.0,
        1.0,
        -1.0,
        -1.0,
        1.0,
        1.0,
        1.0,
        1.0,
        1.0,
        1.0,
        1.0,
        1.0
    ],
    "Corresponding exp value": [
        -0.014990976473539364,
        0.030829844601156967,
        0.3010769602151718,
        0.53384341239397,
        -0.150892324128999,
        -0.10481986157091283,
        -0.1996951809419211,
        0.11261765990941451,
        -0.3099677129385366,
        -0.35962320381347546,
        0.1991397064069707,
        0.009246448255359464,
        0.3573626716772169,
        0.38212142409791794,
        0.5987694619278467,
        0.5916316031312736,
        0.6206481372242973,
        0.4834317676836481
    ],
    "Number for Minimum Energy": 881,
    "Elapsed Time [seconds]": 0.054146528244018555,
    "Elapsed Time [hours, minutes, seconds]": [
        0,
        0,
        0.05
    ],
    "Current function value": -1.089939547604365,
    "Iterations": 25,
    "Function Evaluations, Estimation": [
        85,
        5256
    ],
    "Gradient Evaluations": 73,
    "Number of Parameters": 71,
    "Minimum Parameters": [
        4.065524666595531,
        0.4919591019700143,
        0.8796221057961283,
        2.6144231000433598,
        6.331548439291265,
        3.731722020023867,
        5.854430693432813,
        5.042000574533929,
        2.8721912669660052,
        4.798080436748605,
        0.008084441360878485,
        0.6767322262004328,
        5.216055692027116,
        4.987203276627777,
        1.4720615258124796,
        3.4991130381291327,
        3.825348841535979,
        5.458483893693054,
        3.981372978216083,
        2.652592630364351,
        2.3853281840935163,
        2.6959782116102518,
        4.089247110840745,
        5.335003892232442,
        2.6579570814741413,
        1.5516024893086107,
        1.5551226901057174,
        4.578428149400965,
        5.182692181985056,
        0.8275113028589692,
        0.29295071783900467,
        3.7443295808286345,
        0.9410262443422546,
        5.196279914108794,
        1.7542949616573735,
        0.7850146867530673,
        5.78905212547853,
        1.0306581629285188,
        1.967542683602967,
        0.958104890174013,
        0.7372233785473797,
        0.3464021793222702,
        0.3358257807224947,
        1.168494337196125,
        0.21434246514523708,
        3.756253813727812,
        4.186934735182512,
        2.4364579087313576,
        1.9320924148536396,
        3.278355601615145,
        5.386060600912542,
        5.2893639746929155,
        0.11132126682797225,
        1.240392624705014,
        1.5234796156018109,
        1.875284082871646,
        3.9249479417336506,
        2.637076878076,
        0.6712040498614399,
        2.339721472752043,
        3.4044284524655852,
        0.6406696605046437,
        5.406960128457937,
        0.5233179314912231,
        5.949070390381891,
        0.4785705580470236,
        5.308650112318742,
        5.685287802732405,
        6.04153854327407,
        4.802671979618598,
        0.06901652233877295
    ],
    "Cmin, Cmax, frob_norm, shift": [
        1.473728550170648,
        2983.2052837360643,
        565.1058963899055,
        563.0238790798359
    ]
}