{
    "Calculated Minimum Energy [norm, row]": [
        0.0006006390983495115,
        -0.990538604450557
    ],
    "Corresponding loss function": 0.01961131457741388,
    "Solution for Minimum Energy": [
        1.0,
        1.0,
        1.0,
        1.0,
        -1.0,
        -1.0,
        -1.0,
        1.0,
        -1.0,
        -1.0,
        1.0,
        1.0,
        1.0,
        1.0,
        1.0,
        1.0,
        1.0,
        1.0
    ],
    "Corresponding exp value": [
        0.05906433646142045,
        0.11555553650156694,
        0.2543427343124841,
        0.4845831663378246,
        -0.09892701605407109,
        -0.07340608619433855,
        -0.17934328243760664,
        0.08046748054701244,
        -0.26896159533592134,
        -0.32359771307885254,
        0.17254292931432957,
        0.08533502788165839,
        0.3250341710747978,
        0.3471682329605731,
        0.5523733960083493,
        0.5585775308675054,
        0.6444241089954548,
        0.4588884567458973
    ],
    "Number for Minimum Energy": 880,
    "Elapsed Time [seconds]": 0.04709935188293457,
    "Elapsed Time [hours, minutes, seconds]": [
        0,
        0,
        0.05
    ],
    "Current function value": -0.9042764968927463,
    "Iterations": 11,
    "Function Evaluations, Estimation": [
        78,
        4824
    ],
    "Gradient Evaluations": 67,
    "Number of Parameters": 71,
    "Minimum Parameters": [
        4.03228351734934,
        0.4853919389426903,
        0.8822939218958403,
        2.6102005310722065,
        6.305910005280348,
        3.7322601938288935,
        5.8394238590814975,
        5.043621777461413,
        2.8776985216075346,
        4.790446289110557,
        -0.009366800040169421,
        0.6762058902278468,
        5.219005466417096,
        4.990090101797773,
        1.4844831627989041,
        3.474765239789662,
        3.8310407337874275,
        5.469039673198054,
        3.9907571343885846,
        2.657464805355335,
        2.4110907713402763,
        2.6895015840201713,
        4.09728809270271,
        5.356798388087394,
        2.6963059122826194,
        1.5597005190271338,
        1.555606358172235,
        4.574746679337466,
        5.196886625164938,
        0.830276555681601,
        0.3098252875897588,
        3.749236239777237,
        0.9452751848392357,
        5.198624934506284,
        1.7628785957599111,
        0.7818491461382602,
        5.789281947044529,
        1.0290448176993408,
        1.9437331224029644,
        0.9854688207547535,
        0.7509992805663112,
        0.3749690658963613,
        0.3165475904364135,
        1.1719043607837154,
        0.21176464615152715,
        3.7635737754108747,
        4.210765094843767,
        2.4400497770727156,
        1.9305687793875947,
        3.292277502882496,
        5.3882437748147165,
        5.304730176671322,
        0.13382453642725337,
        1.2275613463303927,
        1.5192476257776732,
        1.8780397476145017,
        3.9278055275625343,
        2.6350579954291593,
        0.6741433956391614,
        2.3431903997820402,
        3.4200372223191677,
        0.641159374631526,
        5.407552810343164,
        0.5271137278454777,
        5.971652531446956,
        0.5101345214848539,
        5.315305030650426,
        5.700938319382925,
        6.053932683061871,
        4.800322857328318,
        0.09661540400479784
    ],
    "Cmin, Cmax, frob_norm, shift": [
        1.473728550170648,
        2983.2052837360643,
        565.1058963899055,
        563.0238790798359
    ]
}