{
    "Calculated Minimum Energy [norm, row]": [
        0.004280498240413716,
        -0.9711221513704753
    ],
    "Corresponding loss function": 0.015949199198192696,
    "Solution for Minimum Energy": [
        -1.0,
        1.0,
        -1.0,
        1.0,
        -1.0,
        1.0,
        -1.0,
        1.0,
        1.0,
        -1.0,
        1.0,
        1.0,
        -1.0,
        1.0,
        -1.0,
        1.0,
        1.0,
        1.0
    ],
    "Corresponding exp value": [
        -0.16668364121624066,
        0.22095972990068982,
        -0.19010197239083934,
        -0.16312583870147124,
        -0.281044027370334,
        0.33707892131119316,
        -0.1721473057530277,
        0.11979903971541993,
        -0.1613118418026884,
        -0.17616428318836913,
        -0.1411457003405717,
        -0.16325400010750282,
        -0.3902698869623507,
        0.2806188818027038,
        -0.2290367599866109,
        0.11410687774744795,
        0.28234409165817703,
        0.21934934990660881
    ],
    "Number for Minimum Energy": 21077,
    "Elapsed Time [seconds]": 0.34339404106140137,
    "Elapsed Time [hours, minutes, seconds]": [
        0,
        0,
        0.34
    ],
    "Current function value": -0.9111544953801913,
    "Iterations": 272,
    "Function Evaluations, Estimation": [
        300,
        21600
    ],
    "Gradient Evaluations": 300,
    "Number of Parameters": 71,
    "Minimum Parameters": [
        4.41178449535974,
        4.67233463171209,
        0.986053470200472,
        6.421058343774426,
        1.9301339521990064,
        -0.16003829205960227,
        3.4302337602971216,
        2.4969132709290527,
        5.382974443539703,
        5.354256045167747,
        2.061407459407853,
        6.348986172039095,
        1.4219021939058667,
        3.4617898289978477,
        1.8071642957697307,
        5.900887419113165,
        1.070726360047672,
        0.5102447803260364,
        2.4211806764606547,
        6.501693782334477,
        5.639605935301593,
        4.805699397016758,
        5.7557370360594735,
        5.2926267973871495,
        3.108776874964907,
        2.029641008392837,
        5.238649730418276,
        3.860532587123192,
        2.0386794477549017,
        0.25657578121919666,
        4.196557536992508,
        1.762182944577195,
        5.841330223359627,
        1.707692627280654,
        0.858767269820241,
        5.170605224095947,
        1.152478180816799,
        1.4780275486541032,
        4.037409347482525,
        5.633441925048859,
        1.5400264840081848,
        1.505057130374348,
        5.562009928927251,
        6.0463022311913335,
        2.7964450228351017,
        0.7939539561308802,
        -0.3111567664757697,
        1.8017692063917754,
        1.3927529769737834,
        4.606531884384845,
        0.68637936911929,
        3.038547895418218,
        4.371963031485944,
        3.3904951930372724,
        1.10431743838624,
        5.186551556672474,
        5.215897639613387,
        4.645015072224577,
        1.3324145496841489,
        0.9324197323927925,
        6.149524787775719,
        2.6278524670104364,
        2.302928753199174,
        2.89308231834502,
        4.0868688763156635,
        5.794740620412018,
        1.590063895979791,
        5.3702243128071965,
        -0.0021682925067359714,
        3.462456259532199,
        1.6334706067354297
    ],
    "Cmin, Cmax, frob_norm, shift": [
        1.473728550170648,
        2983.2052837360643,
        565.1058963899055,
        563.0238790798359
    ]
}