{
    "Calculated Minimum Energy [norm, row]": [
        0.0021563983444184225,
        -0.9823297776343611
    ],
    "Corresponding loss function": 0.03536835109367744,
    "Solution for Minimum Energy": [
        1.0,
        1.0,
        1.0,
        -1.0,
        -1.0,
        1.0,
        -1.0,
        -1.0,
        1.0,
        1.0,
        1.0,
        -1.0,
        1.0,
        1.0,
        1.0,
        1.0,
        1.0,
        1.0
    ],
    "Corresponding exp value": [
        0.11663313547859779,
        0.5694616280869848,
        0.3205848612287183,
        -0.21129701575894036,
        -0.2316203874000696,
        0.5595494859683757,
        -0.28559457241698427,
        -0.3355680196529094,
        0.14919624026918896,
        0.06899430756499714,
        0.010635395142905651,
        -0.2360810426759527,
        0.20186123662639424,
        0.3361381908801774,
        0.08795264192327587,
        0.1591553571339353,
        -0.16753602159314457,
        0.3703481540629216
    ],
    "Number for Minimum Energy": 2264,
    "Elapsed Time [seconds]": 0.049852609634399414,
    "Elapsed Time [hours, minutes, seconds]": [
        0,
        0,
        0.05
    ],
    "Current function value": -0.86050205795191,
    "Iterations": 8,
    "Function Evaluations, Estimation": [
        81,
        4968
    ],
    "Gradient Evaluations": 69,
    "Number of Parameters": 71,
    "Minimum Parameters": [
        4.856714971050831,
        3.8638699704604806,
        4.838846794618359,
        0.9704281032463731,
        3.628697885214854,
        3.2346120177191207,
        5.279929463298721,
        2.899753547724922,
        2.424382703159076,
        4.136414568168103,
        1.4312020102036602,
        0.7474292230094562,
        3.0425368634950485,
        2.6410093745956003,
        1.477230535735441,
        2.381330925829658,
        2.16883496464107,
        1.9668464361285505,
        2.165055687996249,
        4.3207141437665895,
        1.78842473222007,
        6.111146369167678,
        5.884681129489462,
        3.093079540695895,
        2.096591000679018,
        3.468644517108103,
        5.434007601307087,
        4.198505063407968,
        5.176767613708243,
        3.4790907426493005,
        3.7194136003492706,
        1.899330161774037,
        4.581549649952693,
        1.4489300415140636,
        4.230021066614899,
        5.377452228969689,
        0.8242010574375547,
        3.7704183197287064,
        0.5963295919967612,
        4.416827415299327,
        0.4948444229550106,
        5.7188040018928925,
        1.010824022508004,
        6.130966681022344,
        4.9744478768503,
        3.679277006753728,
        5.0427844745224615,
        5.036204661511473,
        5.998487900866981,
        1.5677431520469267,
        3.6609054288997824,
        0.4329399556963555,
        3.8107322291456436,
        1.0625916962552706,
        3.5128873446587927,
        3.632109262919136,
        2.980487253187326,
        3.1774299710074816,
        4.966351604668397,
        4.971757593513194,
        2.8177150896181624,
        3.7321576344864895,
        5.789252387743471,
        0.7303244368321063,
        0.7643363691474729,
        0.37820365818083806,
        4.188871331999117,
        2.6482193612071914,
        4.958720416858135,
        4.22768456803728,
        0.7956239231280801
    ],
    "Cmin, Cmax, frob_norm, shift": [
        1.473728550170648,
        2983.2052837360643,
        565.1058963899055,
        563.0238790798359
    ]
}