{
    "Calculated Minimum Energy [norm, row]": [
        0.059681695447071165,
        -0.6788026074381464
    ],
    "Corresponding loss function": 0.05123986362945347,
    "Solution for Minimum Energy": [
        1.0,
        1.0,
        1.0,
        1.0,
        1.0,
        1.0,
        1.0,
        1.0,
        1.0,
        1.0,
        1.0,
        1.0,
        1.0,
        1.0,
        1.0,
        1.0,
        1.0,
        1.0
    ],
    "Corresponding exp value": [
        0.04805211032069012,
        0.06372061800719904,
        0.46481873995856304,
        -0.14416752782828318,
        -0.06778840637282624,
        0.17030556298045885,
        0.06842552677250281,
        -0.029085157045409246,
        0.44536981308266954,
        -0.5301933323506317,
        0.33046134053749926,
        -0.07359931840137365,
        -0.004866306843640186,
        0.46632716734376206,
        -0.19868136237019063,
        0.049762704452849055,
        0.28302637586343427,
        0.09095297835220763
    ],
    "Number for Minimum Energy": 0,
    "Elapsed Time [seconds]": 0.23015999794006348,
    "Elapsed Time [hours, minutes, seconds]": [
        0,
        0,
        0.23
    ],
    "Current function value": -0.7930614839031269,
    "Iterations": 162,
    "Function Evaluations, Estimation": [
        164,
        11808
    ],
    "Gradient Evaluations": 164,
    "Number of Parameters": 71,
    "Minimum Parameters": [
        4.894996035093162,
        4.0376313655324445,
        4.888400753903726,
        0.8550163965483163,
        3.4208326901156,
        3.228132234725905,
        5.382681282093119,
        2.898659975190947,
        2.41331503087506,
        4.017894001607634,
        1.6264631823396507,
        0.8650659292301481,
        3.0053588996419047,
        2.628085438730685,
        1.4622988596600415,
        2.322798858339834,
        2.2997469361059735,
        2.052532882984113,
        2.3449181559956216,
        4.31191260250046,
        1.892230744766544,
        6.002167668895233,
        5.77700285164218,
        3.046783172373872,
        2.0679613160757384,
        3.3654657634297775,
        5.350315211246677,
        4.139475932607639,
        5.085859398288855,
        3.3622738417880202,
        3.9335332269468064,
        1.8216321466058423,
        4.6162301497169915,
        1.3119852392092226,
        4.338785788696626,
        5.3977830098239235,
        0.8269460739187297,
        3.854868762223615,
        0.6148047085846874,
        4.5574833328727475,
        0.5063374564039235,
        5.846827010099564,
        0.8842680949269632,
        6.058060263149238,
        5.004792837703004,
        3.712303537521935,
        4.918325818175633,
        4.991827286961055,
        5.947771926930124,
        1.5793679489118557,
        3.6906035220849125,
        0.5528933826434899,
        3.861482997192498,
        1.0802757537817933,
        3.552131111114288,
        3.59825760736234,
        2.9453504053073067,
        3.2530546683331782,
        4.850005774115705,
        5.006627408490943,
        3.039860248351928,
        3.772056640912189,
        5.846045831790104,
        0.7347527539096177,
        0.7575580499706227,
        0.5068755038386755,
        4.1409020893229815,
        2.6383584626670773,
        4.898650908435436,
        4.220168793724362,
        0.991837510157757
    ],
    "Cmin, Cmax, frob_norm, shift": [
        1.473728550170648,
        2983.2052837360643,
        565.1058963899055,
        563.0238790798359
    ]
}