{
    "Calculated Minimum Energy [norm, row]": [
        0.0006006390983494733,
        -0.9905386044505572
    ],
    "Corresponding loss function": 0.0007699209500051193,
    "Solution for Minimum Energy": [
        1.0,
        1.0,
        1.0,
        1.0,
        -1.0,
        -1.0,
        -1.0,
        1.0,
        -1.0,
        -1.0,
        1.0,
        1.0,
        1.0,
        1.0,
        1.0,
        1.0,
        1.0,
        1.0
    ],
    "Corresponding exp value": [
        0.21749950506534715,
        0.18549218386462785,
        0.03200168579810762,
        0.4375378910181367,
        -0.19403383308118743,
        -0.14602096418326554,
        -0.19520923873919013,
        0.5413005657694572,
        -0.042647510899064794,
        -0.15656931190185827,
        0.3869574478001117,
        0.006682788514873573,
        0.1203138803144129,
        0.07155978837862789,
        0.4256940652995014,
        0.20910501475948992,
        0.5083520333534266,
        0.1411087549047393
    ],
    "Number for Minimum Energy": 880,
    "Elapsed Time [seconds]": 0.06459283828735352,
    "Elapsed Time [hours, minutes, seconds]": [
        0,
        0,
        0.06
    ],
    "Current function value": -0.9905377943383376,
    "Iterations": 40,
    "Function Evaluations, Estimation": [
        71,
        5112
    ],
    "Gradient Evaluations": 71,
    "Number of Parameters": 71,
    "Minimum Parameters": [
        4.110395994554673,
        0.3842060279936941,
        0.9362648830956468,
        2.5173476272999546,
        6.3561792602303075,
        3.722307378367017,
        5.866785258952534,
        4.974710937765878,
        2.822400471977387,
        4.697060375043752,
        -0.08521687585717014,
        0.5751603594979118,
        5.13480256986885,
        4.911695178631949,
        1.5582933819309333,
        3.5339146101999765,
        3.883681364351064,
        5.553503501261617,
        3.872459299844145,
        2.640743302505997,
        2.42941851732154,
        2.751398439473838,
        3.959654321284289,
        5.432997550734525,
        2.6600879110914817,
        1.5218002702165845,
        1.5029045467382744,
        4.560064741640896,
        5.209110212898332,
        0.9121177442039067,
        0.4037949373147374,
        3.805907371908487,
        0.8953968344924176,
        5.245896249087672,
        1.7589842570212215,
        0.8319056531997637,
        5.668015624182637,
        0.9009162084203122,
        1.7925775407108377,
        0.9562985832981789,
        0.8133758061785422,
        0.4498128596165179,
        0.29329794360741146,
        1.2706242318926801,
        0.34116351120975774,
        3.843175361717611,
        4.284391777061791,
        2.3734146769844466,
        1.833910806419212,
        3.29521136322124,
        5.309328745841085,
        5.403476169647955,
        0.17947953657397261,
        1.2237126799127926,
        1.5220062876632459,
        1.857826501280313,
        3.952517222905664,
        2.580980384110824,
        0.6729754103283692,
        2.336736832189641,
        3.353460436809855,
        0.7408139719346425,
        5.36002430098523,
        0.533310165585286,
        5.930565429830873,
        0.4683860836726623,
        5.2289849130536155,
        5.699961703656375,
        6.034385471574764,
        4.777655889862671,
        0.05508004532957459
    ],
    "Cmin, Cmax, frob_norm, shift": [
        1.473728550170648,
        2983.2052837360643,
        565.1058963899055,
        563.0238790798359
    ]
}