{
    "Calculated Minimum Energy [norm, row]": [
        0.004588870477009285,
        -0.9694950523887195
    ],
    "Corresponding loss function": 0.014013806445054297,
    "Solution for Minimum Energy": [
        1.0,
        1.0,
        1.0,
        -1.0,
        1.0,
        1.0,
        -1.0,
        -1.0,
        1.0,
        1.0,
        -1.0,
        -1.0,
        1.0,
        1.0,
        1.0,
        1.0,
        1.0,
        1.0
    ],
    "Corresponding exp value": [
        0.3960122985433334,
        -0.029000936887893042,
        0.17032559792608487,
        -0.13473501026161253,
        0.09790101079167926,
        0.18620504375543623,
        -0.3042888713088348,
        -0.11971999432412424,
        -0.013425764608581057,
        0.1461475435642535,
        -0.1212792271118406,
        -0.16857839583029968,
        0.6105246989699346,
        0.5473808312655731,
        0.47254728793783163,
        0.6915743904729763,
        0.40623399448443154,
        0.33268466908155164
    ],
    "Number for Minimum Energy": 3272,
    "Elapsed Time [seconds]": 0.04171299934387207,
    "Elapsed Time [hours, minutes, seconds]": [
        0,
        0,
        0.04
    ],
    "Current function value": -0.9690473917018873,
    "Iterations": 14,
    "Function Evaluations, Estimation": [
        64,
        3744
    ],
    "Gradient Evaluations": 52,
    "Number of Parameters": 71,
    "Minimum Parameters": [
        5.02010641721418,
        4.09374625405552,
        4.643906883509422,
        0.7252650894372086,
        3.9850141446622835,
        3.2886220817661376,
        5.218193792882456,
        2.9110044244814635,
        2.355445119403611,
        4.015610445213605,
        1.4776667913761719,
        0.7590764517163813,
        2.8153052022548746,
        2.683788664311864,
        1.5449729151435951,
        2.3684822340966245,
        2.1643300214792247,
        2.2071968356087717,
        2.002872034388854,
        4.197593431429138,
        1.9833410476834634,
        6.195585227214473,
        5.688311504923893,
        3.325642473823982,
        2.1093001277212466,
        3.3835732767735043,
        5.281600494734184,
        4.506982083955316,
        5.332714953769934,
        3.4538276127025274,
        3.6942924224549034,
        1.7476395761630068,
        4.7171005946066416,
        1.5419077426915935,
        4.072399988463399,
        5.38549603521462,
        1.0882764317845908,
        4.0811705890928325,
        0.5979402148176161,
        4.401886577459853,
        0.3266081454795554,
        5.459907418548525,
        0.9338459141081721,
        6.163186742041803,
        4.865596738800165,
        3.509797463771565,
        4.660783751238452,
        5.107851400397902,
        5.955175431987344,
        1.5644428483901929,
        3.600399176986837,
        0.3557975630147953,
        3.72062673171711,
        1.1451560320134857,
        3.545234783520737,
        3.747775403181978,
        3.002915019374043,
        3.132044200579356,
        5.20250191987454,
        4.702222738432566,
        2.524317593288066,
        3.6768085863685718,
        5.8914195104688085,
        0.6531503806408326,
        0.9033963718338685,
        0.42727326792379494,
        4.203063938914519,
        2.683588136303118,
        5.128626355695639,
        4.16709690279556,
        0.4119360826505437
    ],
    "Cmin, Cmax, frob_norm, shift": [
        1.473728550170648,
        2983.2052837360643,
        565.1058963899055,
        563.0238790798359
    ]
}