{
    "Calculated Minimum Energy [norm, row]": [
        0.0021247339830838177,
        -0.9824968518517234
    ],
    "Corresponding loss function": 0.0021910064132915977,
    "Solution for Minimum Energy": [
        -1.0,
        1.0,
        1.0,
        -1.0,
        -1.0,
        1.0,
        -1.0,
        -1.0,
        1.0,
        1.0,
        1.0,
        -1.0,
        1.0,
        1.0,
        1.0,
        1.0,
        1.0,
        1.0
    ],
    "Corresponding exp value": [
        -0.10717606214441214,
        0.6478689166293607,
        0.36787448588833027,
        -0.3191201949344762,
        -0.39804082531012686,
        0.5091651839688723,
        -0.26183960998271855,
        -0.4539781715403349,
        0.001286227529746671,
        0.28553070401455805,
        0.2352344641664495,
        -0.13009498058373484,
        0.4392161900687956,
        0.6248276937648278,
        0.3969948796441132,
        0.4227718644663345,
        0.6432580225920984,
        0.4365568721038905
    ],
    "Number for Minimum Energy": 2265,
    "Elapsed Time [seconds]": 0.14200305938720703,
    "Elapsed Time [hours, minutes, seconds]": [
        0,
        0,
        0.14
    ],
    "Current function value": -0.9824523310462587,
    "Iterations": 141,
    "Function Evaluations, Estimation": [
        163,
        11736
    ],
    "Gradient Evaluations": 163,
    "Number of Parameters": 71,
    "Minimum Parameters": [
        4.5411875307871865,
        4.153235096407142,
        4.913006074715016,
        0.9329010547733332,
        4.041810658229524,
        3.268515399560148,
        5.076705075798333,
        2.917497019515782,
        2.539184667097524,
        4.196322821734953,
        1.3603302372658261,
        0.3568870857470387,
        2.6549270831504277,
        2.5059359174458913,
        1.4353549134661705,
        2.3651016830375675,
        2.4935416886143047,
        2.029035201675755,
        2.168195879865483,
        4.097497053614498,
        2.1913333416663408,
        6.266039320826307,
        6.174737775902071,
        3.225018084845383,
        1.9381661153650178,
        3.3745985924163824,
        5.181787762034998,
        4.407540163985155,
        5.451628552040229,
        3.3692811247706653,
        3.5952969171195592,
        1.9786085599351366,
        4.924024187687844,
        1.6253249716056384,
        3.9144197467313746,
        5.250179128791338,
        0.5518460752615719,
        3.4172623821429164,
        0.7729226624385951,
        4.658502559194825,
        0.6464598424793369,
        5.921845698126369,
        0.9303874055429912,
        6.142972805596831,
        4.590458839141192,
        3.4257474546824387,
        4.976168868287615,
        4.944917758136682,
        6.084498609625205,
        1.4052584357047873,
        3.670082369565987,
        0.5477320426875592,
        3.8884563296038563,
        1.434719167660028,
        3.2950335461042823,
        3.785793314520312,
        3.0306648204878788,
        3.188046883639688,
        5.309550056991194,
        4.278677364225295,
        2.6380822254271132,
        3.778533400368411,
        6.062133977368656,
        0.5328023822709999,
        1.2678742433133416,
        0.4225761423344293,
        4.015795109575455,
        2.76445517361352,
        5.543090652658939,
        3.6734304287423347,
        -0.0043148161279132295
    ],
    "Cmin, Cmax, frob_norm, shift": [
        1.473728550170648,
        2983.2052837360643,
        565.1058963899055,
        563.0238790798359
    ]
}