{
    "Calculated Minimum Energy [norm, row]": [
        0.059681695447071165,
        -0.6788026074381464
    ],
    "Corresponding loss function": 0.028696305018412742,
    "Solution for Minimum Energy": [
        1.0,
        1.0,
        1.0,
        1.0,
        1.0,
        1.0,
        1.0,
        1.0,
        1.0,
        1.0,
        1.0,
        1.0,
        1.0,
        1.0,
        1.0,
        1.0,
        1.0,
        1.0
    ],
    "Corresponding exp value": [
        0.2696767597194141,
        0.0023115669501787284,
        0.42221172300807464,
        0.30796641049575635,
        0.029084578733646838,
        -0.12769418792299578,
        0.004202168588019859,
        -0.2874811020980251,
        -0.1375644822910329,
        -0.326910112312395,
        -0.17428569751870682,
        0.3160958877556234,
        0.06550193466771613,
        0.09030218360836023,
        0.09035323175726444,
        0.2781296522714124,
        0.21860913819162692,
        0.2813592901996392
    ],
    "Number for Minimum Energy": 0,
    "Elapsed Time [seconds]": 0.021849870681762695,
    "Elapsed Time [hours, minutes, seconds]": [
        0,
        0,
        0.02
    ],
    "Current function value": -0.8422942945380443,
    "Iterations": 1,
    "Function Evaluations, Estimation": [
        39,
        1944
    ],
    "Gradient Evaluations": 27,
    "Number of Parameters": 71,
    "Minimum Parameters": [
        4.013213882773937,
        0.6353053990438661,
        0.9009260962262138,
        2.632059215837862,
        6.0962633167011,
        3.7463016763997827,
        5.845049703440625,
        5.0564594025160154,
        2.9090636918872868,
        4.910698078843732,
        0.08237187613655575,
        0.6873264583263023,
        5.215764112304677,
        5.0081651592234655,
        1.452801876184462,
        3.3669725162222885,
        3.8308759016549616,
        5.46613136088076,
        3.8346970533319564,
        2.6147389668299548,
        2.3800404152045864,
        2.6602918427784594,
        4.06376772153157,
        5.423251962614401,
        2.8243286126560805,
        1.5536437974110595,
        1.4830568694713853,
        4.663585406892324,
        5.159982419471874,
        0.7076695388342141,
        0.4024316352252712,
        3.741383696270354,
        0.9017827703816566,
        5.214136418932879,
        1.9427883184065773,
        0.8944237081551958,
        5.766691654076919,
        1.0091835765259214,
        1.82839120150114,
        0.9788627322911084,
        0.7284790761115326,
        0.1868312697406344,
        0.3466384181416711,
        1.1333437494431506,
        0.32454568148975793,
        3.7209193736734956,
        4.260532458949375,
        2.452092984510896,
        1.9464731474988273,
        3.1862320275560267,
        5.471561495982924,
        5.324522394933015,
        0.25268626510986986,
        1.1576703478151256,
        1.4894583668376433,
        1.6241899656897125,
        3.6319542457744896,
        2.587891689329052,
        0.34280734408507446,
        2.347360185624021,
        3.3315223042758855,
        0.6535488760430805,
        5.27517967253745,
        0.34418950610155497,
        5.829125796134375,
        0.5903824639108686,
        5.300702523221079,
        5.665404963342915,
        6.1382500923387155,
        5.01256937976283,
        0.9876308821008555
    ],
    "Cmin, Cmax, frob_norm, shift": [
        1.473728550170648,
        2983.2052837360643,
        565.1058963899055,
        563.0238790798359
    ]
}