{
    "Calculated Minimum Energy [norm, row]": [
        0.025627029479461855,
        -0.8584890569436654
    ],
    "Corresponding loss function": 0.03911389912159359,
    "Solution for Minimum Energy": [
        -1.0,
        -1.0,
        -1.0,
        1.0,
        1.0,
        1.0,
        1.0,
        1.0,
        1.0,
        1.0,
        1.0,
        1.0,
        1.0,
        1.0,
        1.0,
        1.0,
        1.0,
        1.0
    ],
    "Corresponding exp value": [
        -0.5711791165691026,
        -0.43752877244405797,
        -0.44628247646590236,
        0.20423418605535917,
        0.38829362010236323,
        0.4548770246778641,
        0.39711245349481267,
        0.4140806130278534,
        -0.3141044540323777,
        0.04646933341113435,
        -0.2028645963328607,
        -0.20199558449574795,
        0.5290379473791299,
        0.403495766215972,
        -0.01653933156963678,
        0.3209942031969626,
        0.14384314214217844,
        0.22985831488676722
    ],
    "Number for Minimum Energy": 7,
    "Elapsed Time [seconds]": 0.039943695068359375,
    "Elapsed Time [hours, minutes, seconds]": [
        0,
        0,
        0.04
    ],
    "Current function value": -0.7873267755915765,
    "Iterations": 1,
    "Function Evaluations, Estimation": [
        67,
        3960
    ],
    "Gradient Evaluations": 55,
    "Number of Parameters": 71,
    "Minimum Parameters": [
        0.967199724962829,
        3.154391975240429,
        0.8953720586755467,
        4.348520039282409,
        2.818788739950617,
        2.452036945905474,
        1.9713809051901297,
        3.916296763346351,
        2.2300284102178303,
        0.583569314137616,
        0.7369048534199895,
        6.104568443699955,
        5.749397119307074,
        4.396522838487881,
        1.782888764379028,
        6.1682622770757884,
        4.849590532189697,
        4.576205058624976,
        2.6000241770898884,
        1.60183455197544,
        0.7916731913482531,
        5.645510796174325,
        2.9950004916896464,
        1.3904397177754382,
        1.797621155664051,
        3.661366069659074,
        1.0267555187927757,
        5.413240615020958,
        4.746357939481145,
        4.4865314260601155,
        2.6887335602410136,
        3.8971367458823245,
        3.558946693212669,
        4.200888822191262,
        0.44087634930220404,
        2.556600153040065,
        0.32938830585175116,
        3.0454759180212383,
        2.0687398220773012,
        0.8664584382091481,
        0.6850482125017102,
        3.690666666628044,
        0.9565829410775126,
        5.848740589313639,
        3.762337936073262,
        2.236436261005056,
        3.7821267992933976,
        0.06381498219227966,
        6.015810536633684,
        2.9639086862900523,
        4.870613329490347,
        0.4668169948446693,
        2.937562527542643,
        3.0364286497221675,
        5.898246959812644,
        3.569695841352043,
        2.8798238597358474,
        1.6505477912347502,
        2.162010434766595,
        3.299184484792238,
        2.8480258102517926,
        0.2508348727518487,
        5.182668989415867,
        5.603363869937832,
        0.9483139871938444,
        3.4174422429388183,
        0.707954012465608,
        4.202887554416817,
        1.8017612811821844,
        4.142899520453337,
        0.803026369721742
    ],
    "Cmin, Cmax, frob_norm, shift": [
        1.473728550170648,
        2983.2052837360643,
        565.1058963899055,
        563.0238790798359
    ]
}