{
    "Calculated Minimum Energy [norm, row]": [
        0.0021563983444183843,
        -0.9823297776343612
    ],
    "Corresponding loss function": -0.01678064439784098,
    "Solution for Minimum Energy": [
        1.0,
        1.0,
        1.0,
        -1.0,
        -1.0,
        1.0,
        -1.0,
        -1.0,
        1.0,
        1.0,
        1.0,
        -1.0,
        1.0,
        1.0,
        1.0,
        1.0,
        1.0,
        1.0
    ],
    "Corresponding exp value": [
        0.10002379191329033,
        0.16987395989371354,
        0.432966543377393,
        -0.4018032897210784,
        -0.11274503210896164,
        0.33088417709909507,
        -0.15901566835481873,
        -0.30496504172808375,
        0.1792289873040208,
        0.3524203156601031,
        0.3152901559692307,
        -0.19610273880039375,
        0.34458519919244807,
        0.3920921132546941,
        0.11928121692005508,
        0.7260574681946996,
        0.1812959536013677,
        0.27360609526761
    ],
    "Number for Minimum Energy": 2264,
    "Elapsed Time [seconds]": 0.05181384086608887,
    "Elapsed Time [hours, minutes, seconds]": [
        0,
        0,
        0.05
    ],
    "Current function value": -1.0823292710410355,
    "Iterations": 35,
    "Function Evaluations, Estimation": [
        36,
        2592
    ],
    "Gradient Evaluations": 36,
    "Number of Parameters": 71,
    "Minimum Parameters": [
        5.016855313477804,
        3.9922531830716355,
        4.700765875209504,
        0.8562483774980583,
        3.973631530034545,
        3.32133455344016,
        5.297496556298829,
        3.0014356661328607,
        2.4572710187370608,
        4.08996874090695,
        1.6645274644974084,
        0.6421017702133158,
        2.979008507733168,
        2.7155071894828966,
        1.4762274186893891,
        2.3572095606576196,
        2.075809417106115,
        2.0559430577116724,
        2.0376536222612183,
        4.044647849409304,
        1.7335561014424734,
        6.118019772065051,
        5.780036613932032,
        3.127019792891479,
        2.0739158550144134,
        3.3446473323247465,
        5.297889612945626,
        4.3662452668037535,
        5.20336316225947,
        3.3665922321766018,
        3.851207773339658,
        1.812829557217259,
        4.676113726159087,
        1.5475985665413157,
        4.264124197766413,
        5.3295425324076,
        0.9546830767570055,
        4.160633094515471,
        0.6943572333121814,
        4.012708296478487,
        0.5530757871211361,
        5.523110860185111,
        0.8244308119738514,
        6.006579932643665,
        4.920956461582213,
        3.6401377475111483,
        4.870833908138985,
        5.180707339297446,
        6.175764286394466,
        1.5171363962256248,
        3.745754070853432,
        0.5029688321224935,
        3.89517112618078,
        1.0687463111586029,
        3.458548558750821,
        3.6842476067983876,
        2.9348110994179164,
        3.2520336955459257,
        4.7764898619074465,
        4.9286544908858225,
        2.63659160736827,
        3.6090640340480067,
        5.8598983802441555,
        0.6982854271776063,
        0.8568582504041684,
        0.5608079870309957,
        4.031433695348419,
        2.759271910095517,
        5.070285655510883,
        4.200037954033396,
        0.07236895543552532
    ],
    "Cmin, Cmax, frob_norm, shift": [
        1.473728550170648,
        2983.2052837360643,
        565.1058963899055,
        563.0238790798359
    ]
}