Iteration,Energy,Loss Function,Bias
0,0.14705332664130993,0.19512618315608507,0.0
1,0.062207340277918556,0.07045389448682574,0.05672495137675585
2,0.06818534179557248,0.07042634083766654,0.1306090077183937
3,0.05239654576763632,0.05478140362388239,0.1420623733303848
4,0.01811609086773547,0.03134148050804987,0.16642194906926616
5,0.0008897867529376101,0.010959198509566883,0.25387866991412317
