Iteration,Energy,Loss Function,Bias
0,0.061858335851732234,0.15592898247358514,0.0
1,0.061858335851732234,0.016352829210173073,1.0079882202324109
2,0.061858335851732234,0.012459217509879744,0.9094035790600191
3,0.061858335851732234,0.009068256338471734,0.7224979611029303
