Iteration,Energy,Loss Function,Bias
0,0.05186504875258771,0.12515478303578392,0.0
1,0.00032647378852103376,0.0246945159703017,0.30714253610683656
2,0.021238539966631928,0.024309648588224046,0.9663826109104672
3,0.0005859072475942416,0.01553694945820368,1.0473745117675903
4,0.0005650136420491632,0.013158340699932637,1.4377732598471575
5,0.00057593550152923,0.012830970969903717,1.5972099037267993
