Iteration,Energy,Loss Function,Bias
0,0.04387434554825353,0.19591081726461287,0.0
1,0.0026853453386963817,0.02296304988392565,0.3205255331070695
2,0.004521674998104743,0.01415044252170286,0.9068271927138316
3,0.011047377790029874,0.010544556592387911,0.9431752291652603
4,0.005919680962914715,0.010446084240922148,0.9167484746415384
5,0.004703772321775065,0.010439221817343233,0.909648075516636
6,0.00387093484357325,0.010435302702872875,0.9051749153468938
7,0.00387093484357325,0.010431965980830724,0.8986518082831444
