Iteration,Energy,Loss Function,Bias
0,0.14705332664130993,0.21006150651953623,0.0
1,0.037686880633105505,0.07178499946688245,0.09329888511518554
2,0.028126448755922476,0.04452650085484879,0.32336680433281256
3,0.0013988159134871842,0.023859891563297052,0.39593610036404
4,0.0011312167179213534,0.01890928192769636,0.5293622114378561
5,0.0018030063269656406,0.01760047796421135,0.5670875170751069
6,0.0013056297666782363,0.01712028218496963,0.6309516483615814
7,0.0038130157679574,0.01704467392451527,0.6815153143283386
