Iteration,Energy,Loss Function,Bias
0,0.22460679446139065,0.18671965421395006,0.0
1,0.09077749623451555,0.09046365001387491,0.07109685424773905
2,0.017432414645021432,0.0269583347302717,0.1098032611198833
3,0.00807557902436611,0.00956443133196072,0.1808225678479221
4,0.0019335685509222923,0.0024503339375910207,0.29230645790179594
5,0.0015217693532543894,0.0017081498032796038,0.3931657333552853
6,0.0015217693532543894,0.0014166864800437072,0.4344358370865369
7,0.001042255464066675,0.0013412806515682096,0.6219539370552691
