Iteration,Energy,Loss Function,Bias
0,0.1695042425272787,0.16642794296908756,0.0
1,0.09729856791367529,0.11408127909793125,0.10727614777049316
2,0.056105182247262415,0.06389677057525756,0.13603016301358958
3,0.01644145828641272,0.03963440537258806,0.1561444237987483
4,0.017709350191322193,0.03249612313550096,0.2021502397494495
5,0.013630988277386895,0.024087891503482645,0.2672321444638488
6,0.0024177664791551474,0.013585524427362954,0.35121999730421366
7,0.0020364298906398208,0.01189098639438351,0.5049470924185648
8,0.0015252955332459475,0.011275587898415868,0.6569371060830825
