Iteration,Energy,Loss Function,Bias
0,0.061858335851732234,0.17566797870760248,0.0
1,0.0038494590938116325,0.03488553926223963,0.3395915709946121
2,0.006438533852291866,0.011321188878903416,0.8289349012636059
3,0.006438533852291866,0.009940285740948024,0.8034487525700019
4,0.006438533852291866,0.009907324830962124,0.8012876142042571
5,0.002065129896354794,0.00980912195024108,0.8004899048044668
6,0.001461944755438891,0.009255545776615075,0.7979434720077703
7,0.0007595197769873115,0.008999650860829891,0.7986136231179212
8,0.002937558244033396,0.00880670164024592,0.804047312065536
