Iteration,Energy,Loss Function,Bias
0,0.05186504875258771,0.10062683300028866,0.0
1,0.027223840655235136,0.05648351444540294,0.13484391862206535
2,0.004887327605901863,0.02342482540936271,0.20795018345116983
3,0.0038796555562285637,0.01957746915546352,0.30272693747399493
4,0.00040027596066390803,0.01898700281285408,0.4906525522905931
5,0.0011609251603323094,0.018458446035077306,0.6979490468838067
6,0.0032910031491275617,0.018045400823089683,0.7907959739948771
7,0.0027577940640077956,0.017641787542262744,1.0061114711281904
