Iteration,Energy,Loss Function,Bias
0,0.061858335851732234,0.15700601912109802,0.0
1,0.061858335851732234,0.016394992595791903,1.0053617493838354
2,0.061858335851732234,0.012038491606207515,0.8942606426500015
3,0.061858335851732234,0.008966805504201762,0.7143827721823145
