Iteration,Energy,Loss Function,Bias
0,0.05934023090121543,0.18318196312276672,0.0
1,0.05934023090121543,0.035611931761387834,0.8726094964864742
2,0.019957778141792584,0.02932862758922739,0.5640321959924133
