Iteration,Energy,Loss Function,Bias
0,0.003087025074910478,0.17388475620353191,0.0
1,0.00996981350409605,0.021376219801239882,0.26266862592294177
2,0.0005553897440522386,0.011529760000188922,0.6376176600915326
3,0.0005553897440522386,0.011246794837015727,0.6350038384538298
4,0.0003932789868900008,0.0108583702309281,0.6374823139160886
5,0.0003932789868900008,0.010410381693359455,0.6424580686080246
6,0.0008178005981778397,0.010166431619173804,0.6480789507037524
7,0.0009750802921123249,0.009891092008641945,0.6567866946188982
8,0.0010497584474814016,0.009705711511103233,0.6683064850811598
9,0.0010189915102118774,0.009614877488760944,0.665263077302546
10,0.0009057728970459406,0.009556174765975785,0.6648206548014777
11,0.0009057728970459406,0.009491507073569161,0.6657073817316218
12,0.0016943193164301376,0.009417236467774185,0.6678052348019003
13,0.0013687368793930707,0.009367069936458666,0.6708715494685493
14,0.001059761016740045,0.009345846673356004,0.6739242481681218
15,0.0002922272426532411,0.009332040243070813,0.675985205885018
16,0.0001959863125742356,0.009280231320741234,0.684438603448611
17,0.0007426427466299033,0.009193406008690327,0.695078608132603
18,0.001425616633088011,0.009038593047251037,0.7103130600234322
19,0.00038022025056463595,0.009017274111894806,0.7243034258407544
20,0.0005071461479629949,0.009007562371444672,0.7261161149661818
21,0.0003890160263709082,0.008997806213464167,0.7290062805782166
22,0.0003706124076007905,0.008962421472612399,0.7321890688515156
23,0.0006660889260616923,0.008935575589563193,0.7307264448008695
