Iteration,Energy,Loss Function,Bias
0,0.14705332664130993,0.17378124313411025,0.0
1,0.016022504400079057,0.0067705489819827,0.6439124734122251
