Iteration,Energy,Loss Function,Bias
0,0.061858335851732234,0.15147345984933214,0.0
1,0.061858335851732234,0.017100217326841072,1.0055410724383227
2,0.061858335851732234,0.011433309049561363,0.8568450885743734
3,0.061858335851732234,0.009333992607672262,0.6916815460256549
