Iteration,Energy,Loss Function,Bias
0,0.061858335851732234,0.15113215966795068,0.0
1,0.061858335851732234,0.016768371367865294,1.005565367305181
2,0.061858335851732234,0.012636457053930053,0.9042618125587747
3,0.061858335851732234,0.008898280778098946,0.7125750561074926
