Iteration,Energy,Loss Function,Bias
0,0.05186504875258771,0.08726474442973249,0.0
1,0.02549060420665614,0.026069396550493194,0.1825303460096642
2,0.0003547197986825083,-0.0065267305629442465,0.3114135233462798
3,0.0003547197986825083,-0.008106546980652642,0.49834227757678656
4,0.0003547197986825083,-0.008763845457654788,0.6630444315542661
5,0.0001948383876693111,-0.008975553397673704,0.754124897349531
6,0.0001948383876693111,-0.009175736295282573,0.9215519081824244
7,0.0001948383876693111,-0.009302423106047354,1.108799826258844
