Iteration,Energy,Loss Function,Bias
0,0.05963406368069698,0.21049981945103396,0.0
1,0.028742762394576033,0.05713165517472933,0.18521530641534403
2,0.0007592720552133268,0.019765862289652627,0.604422126745521
3,0.0029744723986349373,0.01854014960955901,0.6374726597424052
4,0.0021593969088953553,0.018020752305817928,0.6298545799749985
5,0.0015231682792850305,0.017402957485213134,0.6254390397028704
6,0.0007811040483166494,0.01710650255198489,0.6214778837396957
7,0.0008944263919621392,0.01646382260501208,0.6226115234294249
8,0.002048255857623517,0.01548926406305342,0.6220311320471481
9,0.0014912866850026033,0.015417433741928978,0.6180646312529969
