Iteration,Energy,Loss Function,Bias
0,0.061858335851732234,0.16716838209685392,0.0
1,0.05960082259679148,0.019882347477294223,0.9543140121465015
2,0.03418952796427244,0.016045587022844816,0.8086448834495272
3,0.03193292638077867,0.015769409737800943,0.7715140790141488
4,0.03023972561078007,0.015660737982031464,0.7060567345652096
