Iteration,Energy,Loss Function,Bias
0,0.061858335851732234,0.19476035189056531,0.0
1,0.010694192278289017,0.053034708614644724,0.5369801693369022
2,0.033475104160274036,0.04143429324316378,1.1695443171194122
3,0.0016939617355381691,0.035513452603223895,1.1604440537847005
4,0.0016198088981638956,0.03490243905950061,1.171659233201262
