Iteration,Energy,Loss Function,Bias
0,0.061858335851732234,0.15575950847992667,0.0
1,0.061858335851732234,0.016186410532140344,1.007994283578585
2,0.061858335851732234,0.013204468353256763,0.9349917375704774
3,0.061858335851732234,0.00888552868930848,0.7339989000254916
