Iteration,Energy,Loss Function,Bias
0,0.05304080615828671,0.1786013989923499,0.0
1,0.06900634402535541,0.08848528294347972,0.19826976727265333
2,0.008167526464550448,0.01880143010651925,0.3166190076826444
3,0.000975424760581515,0.011203772184808832,0.6145435957598664
4,0.000975424760581515,0.010832424294691775,0.6222999561344482
5,0.0007998635149789512,0.010378232124735345,0.6224509197060125
6,0.0009461589207316222,0.010157476872699836,0.6245794026338616
7,0.0010325729154626751,0.00980675342347728,0.6345074033318755
8,0.0008004559899015479,0.009788274969820394,0.6443973025925014
9,0.0006053867831603024,0.009691662147788202,0.6521655409178336
10,0.0009295502331291172,0.009590112716980495,0.6599118068480708
11,0.0006326379409294285,0.009464748110027562,0.6687509635732246
12,0.0013246437140352393,0.009321859527763805,0.6749061960092984
13,0.0019222227849527527,0.009176246392443157,0.6785513818302588
14,0.0023330057884103743,0.009059312810349496,0.6749203597602377
