Iteration,Energy,Loss Function,Bias
0,0.061858335851732234,0.15096150957725996,0.0
1,0.061858335851732234,0.016601810729352923,1.0055768375391299
2,0.061858335851732234,0.013419842872954304,0.930004845909819
3,0.061858335851732234,0.00872879394565138,0.7243875211406767
