Iteration,Energy,Loss Function,Bias
0,0.22460679446139065,0.1783719219578099,0.0
1,0.0035576803497404342,0.01884734648913471,0.4490483646390417
2,0.01995598888039786,0.01701641180831418,0.7467189769797925
3,0.01320075549899377,0.0165399208064035,1.1613002625231776
