Iteration,Energy,Loss Function,Bias
0,0.05960082259679148,0.1694383547443921,0.0
1,0.07596700089726134,0.07421816519333835,0.3012241860799733
2,0.0032308054540069985,0.014241640818430332,0.5169488194766849
3,0.0006618730387250079,0.01125459244406416,0.7382540163742506
4,0.0029238920846234554,0.010317565815036041,0.7586463983465634
5,0.0004002157858589858,0.009698789854654145,0.7481488579020953
6,0.0005421748181406714,0.008897343822380414,0.7306939426708143
7,0.0005421748181406714,0.008786777429950385,0.7242987138538031
