Iteration,Energy,Loss Function,Bias
0,0.14705332664130993,0.20273818160566148,0.0
1,0.028742762394576033,0.04801180231867711,0.19486456619503373
2,0.0013770486830136973,0.010493639327147813,0.7794576816669156
3,0.0010735915001458853,0.009879238673855371,1.0937866113242065
4,0.0013320392381685222,0.009629684859714976,1.3028538420541673
5,0.0013320392381685222,0.00935204996180559,1.4096585697739719
6,0.0013320392381685222,0.009128920630962253,1.5466473335799844
7,0.0015931657865616744,0.00897539188678334,1.7496539025717484
