Iteration,Energy,Loss Function,Bias
0,0.14705332664130993,0.18341033841928686,0.0
1,0.002310977398906558,0.008880988707278315,0.3327761510720019
2,0.0064931731418323415,0.0007674154680002381,0.7091740820910877
3,0.0019274487705386511,-0.0033745303151029886,0.8756803707825476
4,0.0016584494193929138,-0.0047692638057987196,1.0187418350322008
5,0.0007655693044159069,-0.005869541586916734,1.3369324948036616
6,0.0010139684730839568,-0.006143886557743561,1.6531616804324982
