Iteration,Energy,Loss Function,Bias
0,0.05963406368069698,0.30017978157116787,0.0
1,0.021091455994451187,0.14139014943977857,0.23762727622056806
2,0.00902690270411558,0.12003077946258002,0.6476011831310415
3,0.004340533275959131,0.11908300227656161,0.7420348233165668
4,0.0024044302900563764,0.110925616558972,0.7730265079535052
5,0.00010160499099965737,0.105253452019055,0.8165688231099787
6,0.00011731269315684004,0.10369081155861032,0.8473619257088032
7,0.00015941296188664065,0.10311092297277141,0.8578578306508778
