Iteration,Energy,Loss Function,Bias
0,0.061858335851732234,0.162457092153642,0.0
1,0.05960082259679148,0.015560260381558952,0.9548808759733325
2,0.03418952796427244,0.011592291059101478,0.8472139237123948
3,0.03418952796427244,0.010711021953231679,0.7864527090843417
4,0.03418952796427244,0.010587878060587379,0.7650837677937823
5,0.03418952796427244,0.010511008798922292,0.7530529947390793
6,0.03418952796427244,0.010299419812202035,0.7160607594102765
7,0.03418952796427244,0.010184045694106043,0.6918047067214003
8,0.03418952796427244,0.010086766506315296,0.6786150202068179
9,0.03418952796427244,0.009969719574138976,0.6690838402461351
10,0.03418952796427244,0.009800593293080976,0.6593519751021777
11,0.02933610758602974,0.009539539440610527,0.64670742203362
12,0.030570590759100832,0.009167836180400889,0.627226380985986
13,0.030381735772372048,0.008885918973237508,0.6084702156566705
14,0.0284835261308334,0.0087782586514205,0.5941993250335141
15,0.0284835261308334,0.008753381430139913,0.5765215282305395
16,0.0284835261308334,0.00875068602124676,0.5687649906825781
17,0.030927054384010097,0.008738952805098607,0.5591775334019153
18,0.030927054384010097,0.008728919489255325,0.5539665133079932
19,0.029255796270701566,0.008718811328803384,0.5472962899997925
20,0.029255796270701566,0.008717806534277192,0.5430660323005235
