Iteration,Energy,Loss Function,Bias
0,0.14705332664130993,0.21167625855432926,0.0
1,0.03472885964666203,0.06736299836849571,0.12932693884215246
2,0.0037786906694001754,0.024100590276043582,0.4584430167835017
3,0.000663979166869684,0.020523798519423084,0.7935409326672584
4,0.0020543565254392934,0.01963753803339526,0.9751942245385468
5,0.0005160950378206144,0.01758114103369521,2.133173792635956
6,0.000609624266809685,0.016728906821186947,2.3199824978265093
7,0.000609624266809685,0.01654742758333853,2.4867059082528127
