Iteration,Energy,Loss Function,Bias
0,0.061858335851732234,0.19072483181291336,0.0
1,0.05960082259679148,0.038103866024008885,0.9462997006494899
2,0.05662719909862184,0.03751259645872283,0.7248498503474613
