Iteration,Energy,Loss Function,Bias
0,0.05186504875258771,0.11941405923185824,0.0
1,0.0008572868302440741,0.00459842785291335,0.4358187091748046
2,0.0029554802757771393,0.004490259406705366,0.5353905769607202
3,0.00409581906639927,0.004429009492953812,0.8987494596890901
4,0.0034326381195807854,0.004178263241498764,1.6233615131819514
