Iteration,Energy,Loss Function,Bias
0,0.1695042425272787,0.1713580319627891,0.0
1,0.005701663469427442,0.011420881615823199,0.33638584866348226
2,0.010291212508358108,0.00529791009208425,0.575064146724296
3,0.0007591206905003572,0.0027970312791466573,1.4345792924853793
4,0.0008196647834301933,0.002734004082766263,1.6254245220896109
5,0.0008731049162929069,0.0024265233605528314,1.8581007163133934
6,0.0008196647834301933,0.002347890147284104,2.179833382991525
7,0.0008710525008965213,0.002191083270288648,2.562962114747532
