Iteration,Energy,Loss Function,Bias
0,0.14479960203386424,0.16599395643614195,0.0
1,0.0562689436942341,0.07669818627112328,0.26276312411932423
2,0.001981133398716478,0.019985635720699845,0.49779265445256593
3,0.0011700340026400125,0.010454220215660344,0.6428628723277453
4,0.0013735665704550225,0.010016890272120646,1.0023215020536858
