Iteration,Energy,Loss Function,Bias
0,0.05960082259679148,0.1559077558763375,0.0
1,0.07596700089726134,0.05909298540972193,0.29952081217936355
2,0.0032308054540069985,-7.280765340978362e-05,0.5180982363178523
3,0.001000263660411705,-0.002763961288481518,0.7609839778118996
4,0.001000263660411705,-0.0054339410985782145,0.7975148234538907
5,0.001000263660411705,-0.006581396718095012,0.8046404306171326
6,0.001000263660411705,-0.007736288599099139,0.8235700461101509
7,0.0008992857993464713,-0.008237466090452082,0.8407111968884796
8,0.0008992857993464713,-0.008514510658172266,0.860123687494655
9,0.0008992857993464713,-0.008742457920122213,0.89259467441249
10,0.0008992857993464713,-0.00887025857810713,0.91528965258652
11,0.0008992857993464713,-0.008985727827011607,0.9242196323827117
12,0.0008992857993464713,-0.009132822189658885,0.9379528820268043
13,0.0008992857993464713,-0.009211005870242326,0.9511869834262241
14,0.0008992857993464713,-0.009260425735523211,0.9642328100239106
15,0.0008992857993464713,-0.009291987758100795,0.972908565643852
16,0.0008992857993464713,-0.00933040389744985,0.9827743218748343
17,0.0008992857993464713,-0.009364392105213585,0.9948428786185133
18,0.0008992857993464713,-0.009390254164494403,1.0108835322859329
19,0.0008992857993464713,-0.009409535828880336,1.0290227302842476
20,0.0008992857993464713,-0.009424338630091076,1.046017767283531
21,0.0008992857993464713,-0.009433939185391529,1.0599491826845189
22,0.0008992857993464713,-0.009439831992104764,1.0714624596414966
23,0.0008992857993464713,-0.009448017495691052,1.0879213365600802
24,0.0008992857993464713,-0.00946091330167351,1.110438390950909
25,0.0008992857993464713,-0.009475289023574954,1.1286279044401826
26,0.0008992857993464713,-0.009486610065236876,1.1397191933352915
27,0.0008992857993464713,-0.00949070220109885,1.1478157323201377
