Iteration,Energy,Loss Function,Bias
0,0.061858335851732234,0.17881822275847284,0.0
1,0.050427600897577564,0.061677033250553216,0.38769596715913535
2,0.0034565213461624825,0.017484571707341797,0.7471915685932509
3,0.0074026217528283785,0.016750983140936336,0.7643364666556497
4,0.0007041916191860597,0.016525709507397818,0.7609588564182026
5,0.0007041916191860597,0.01614396634240506,0.7588680068762446
6,0.001722003049841816,0.01577216139678912,0.7573559088176735
7,0.0006959177150366179,0.015176444757349741,0.7623043812485479
8,0.0010289383808894095,0.01389103144727189,0.7749259624052416
9,0.005065785369354735,0.013135867364880437,0.796304570159217
10,0.0018876381518102615,0.013094137900383686,0.7802903718436238
11,0.003495463422653186,0.01308617976490502,0.773732097690906
12,0.0049403335137540375,0.013081812907193287,0.7666278674107988
13,0.0037594242324426957,0.013069880415053902,0.7496507431797376
