Iteration,Energy,Loss Function,Bias
0,0.1695042425272787,0.15553067384313887,0.0
1,0.02485911948323163,0.014306006789658423,0.21367113640405436
2,0.0027524547353041996,-0.004387503218808487,0.779793995405818
3,0.0013099068243672463,-0.0048785064575413975,0.8550238766476105
4,0.0013099068243672463,-0.005717981067901652,0.973629044380226
5,0.003238402367230746,-0.006537851450092794,2.089239891878511
