Iteration,Energy,Loss Function,Bias
0,0.05186504875258771,0.07697309412577923,0.0
1,0.03347538649856727,0.050267665228355414,0.08902127311126055
2,0.02100927642472728,0.030356263249307677,0.12267028790733425
3,0.009243569286024359,0.022950456966586028,0.1570447988131877
4,0.0061538576606752216,0.015421710481748724,0.1802729522644435
5,0.0007639148910661994,0.011298971919778134,0.23331946548176694
6,0.001176188944255265,0.010811359763819105,0.30719512134063237
7,0.0012746930624420083,0.010508552191846581,0.3685117403592663
8,0.0009012628361737921,0.010469073907526013,0.41834273194601623
