Iteration,Energy,Loss Function,Bias
0,0.1695042425272787,0.17770180742186667,0.0
1,0.005701663469427442,0.017344302103930766,0.336939888099119
2,0.010291212508358108,0.011874746705295414,0.5654956561182631
3,0.0007327351772203648,0.01005347555788974,1.3398758728080802
4,0.0010385503766280498,0.009853037497825887,1.65814660573953
5,0.0008196647834301933,0.00945469670154114,1.9561863168395628
6,0.0011169418812312182,0.009209662071577484,2.3607238108476123
