Iteration,Energy,Loss Function,Bias
0,0.061858335851732234,0.22555520596290632,0.0
1,0.0115384513108793,0.0780767356953484,0.3450939970625084
2,0.007893280892041154,0.07446329545260597,0.8273171006977323
3,0.0011892756724879105,0.07260137415231332,0.8193468508026432
4,0.0006755934387033119,0.07256969002022036,0.8166271260381034
