Iteration,Energy,Loss Function,Bias
0,0.22460679446139065,0.18090895272498755,0.0
1,0.0831655296999724,0.10078812120699385,0.0915183858354801
2,0.020135201729985116,0.033432391500373734,0.128722704333999
3,0.0026677742671095952,0.016993909760212395,0.2195837964647102
4,0.0004677129648545497,0.003362164024207211,0.3111758055204242
5,0.0007117513457449544,0.0023725480490025884,0.36509893215114764
6,0.0007117513457449544,0.0017868335786586059,0.40595137298184514
7,0.0007117513457449544,0.0015072935971079929,0.6753583330795643
