Iteration,Energy,Loss Function,Bias
0,0.14705332664130993,0.20091585240084747,0.0
1,0.037686880633105505,0.06216790517112352,0.09298017831885169
2,0.020560816007077515,0.03381695022629292,0.31826935743560303
3,0.0013988159134871842,0.013887057925101151,0.3955447924258715
4,0.0014201242346410163,0.010357561632731178,0.5543401366689683
5,0.0008351923768374501,0.010324882059341841,0.6898942031241909
