Iteration,Energy,Loss Function,Bias
0,0.061858335851732234,0.15746896786125056,0.0
1,0.061858335851732234,0.016855650214254617,1.0053921672307682
2,0.061858335851732234,0.010216572680014652,0.8068124102638696
3,0.061858335851732234,0.009813882786979816,0.674630336671485
