Iteration,Energy,Loss Function,Bias
0,0.22460679446139065,0.192391137695358,0.0
1,0.08047828315274502,0.09060023308868613,0.057756550435224804
2,0.03368752926166764,0.028331681614307828,0.08994983724862829
3,0.004304407705232006,0.009265282576906252,0.1424251039837088
4,0.0004677129648545497,0.0023500750383778023,0.19768370848318229
5,0.0006505760091524572,0.0013145036730842499,0.272937121375196
6,0.0006505760091524572,0.0008230998697671626,0.31163174281909695
7,0.0006505760091524572,0.0007082936462764571,0.3550194582351331
8,0.0005510884775355291,0.0006904330540354649,0.40194071973696044
