Iteration,Energy,Loss Function,Bias
0,0.061858335851732234,0.17006539368556903,0.0
1,0.024279924907162635,0.008865736063341073,0.671189712034454
2,0.01132118255583986,0.008398558776668936,0.6416642206065737
3,0.013261866475052236,0.008296463320531623,0.614431670734304
4,0.015594412006623494,0.008257827088421895,0.6033069085543198
5,0.015690268021324394,0.008189138064031687,0.5864983262452694
6,0.014231607777417759,0.00814211135924082,0.582336774466236
7,0.005503759097128194,0.008009016965973463,0.57652781518037
8,0.004771633773013664,0.007965973659800464,0.5801563112028804
9,0.0043363972985237375,0.007931570393460456,0.5848600548847862
10,0.005025438883154565,0.007804272792032087,0.6065708742197933
11,0.0030135341999918326,0.007682761271165664,0.6279707643064154
12,0.004724680087352157,0.007547874510437736,0.6500180557646968
13,0.005506470694371086,0.007425036929534028,0.6737853470913692
14,0.004993033982741135,0.007373956394984018,0.6800638703457469
15,0.004129450329482749,0.00733518595196756,0.6803997237264654
16,0.004129450329482749,0.007304932900289534,0.6795967884682076
17,0.004412012619101801,0.007280991784618493,0.6789051688597646
18,0.006336446361519365,0.00721004222648786,0.6770106375777968
19,0.007230851688035347,0.007171875350324669,0.6781741929254828
20,0.008531612498384017,0.007159173299121623,0.6797262950729562
21,0.007261266405967666,0.007145244969098268,0.6787196605780407
22,0.007261266405967666,0.007143289110497707,0.6776615087890561
23,0.0072300708589059515,0.007140858878244495,0.6743847609837547
