Iteration,Energy,Loss Function,Bias
0,0.14705332664130993,0.18581185013661655,0.0
1,0.037686880633105505,0.0401830664543875,0.12844866619262194
2,0.0007022386693395043,-0.003016647641360119,0.446375526166221
3,0.0008056540320421712,-0.007644858972999173,0.7873625740892667
4,0.0008275876354834501,-0.008635441018819435,1.0313753734145275
5,0.0008275876354834501,-0.008975996357378209,1.1610834024580936
6,0.000729115437946054,-0.00915789269598501,2.310934004212628
