Iteration,Energy,Loss Function,Bias
0,0.1695042425272787,0.16317273019969486,0.0
1,0.02485911948323163,0.022149204906827577,0.21390866711968123
2,0.0027524547353041996,0.0032396447956936263,0.7743528381441711
3,0.0013099068243672463,0.002748528813058125,0.8593829137037767
4,0.0027524547353041996,0.002125089140245563,0.983811511979063
5,0.0018175549767972413,0.0013006241880812299,1.833530908676483
