Iteration,Energy,Loss Function,Bias
0,0.05963406368069698,0.2027381816056615,0.0
1,0.028742762394576033,0.048818091342955144,0.18510640425644515
2,0.0008787345568059268,0.01235821085663157,0.5974437774772792
3,0.0029744723986349373,0.010696673583131417,0.6368075666959887
4,0.0006217848331912601,0.010020633837223784,0.6239697556230542
5,0.0006984233198561884,0.009554005375355203,0.6296433422269568
6,0.000709789919762413,0.00915371600150474,0.6354098383863167
