Iteration,Energy,Loss Function,Bias
0,0.1695042425272787,0.17394817054108902,0.0
1,0.0121260103742621,0.001744999473472784,0.6120554023749019
