Iteration,Energy,Loss Function,Bias
0,0.061858335851732234,0.17853098701843959,0.0
1,0.05958499447939323,0.02001939301773224,0.8591230498992298
2,0.056897360167778174,0.015281750481115864,0.6805654877913776
