Iteration,Energy,Loss Function,Bias
0,0.05186504875258771,0.13097291033240535,0.0
1,0.0008572868302440741,0.0151139296831117,0.43657919417000424
2,0.0029554802757771393,0.015050497765853531,0.5300914838345903
