Iteration,Energy,Loss Function,Bias
0,0.061858335851732234,0.16064152939409942,0.0
1,0.061858335851732234,0.0174795253405958,1.002640940641655
2,0.061858335851732234,0.010247186813502058,0.7195470394293249
