Iteration,Energy,Loss Function,Bias
0,0.061858335851732234,0.1738890685971945,0.0
1,0.010694192278289017,0.031461827357594424,0.5290407620664828
2,0.04150466026831638,0.01990935492248289,1.2587649367160898
3,0.0008324828166585607,0.010628263994311151,1.2457552612182596
4,0.005829755313765755,0.009026723388246215,1.2645675085341705
5,0.0007862392219979798,0.008456272756035266,1.253771971444657
6,0.0006599476977975979,0.008407880586771537,1.2464392960080057
7,0.0004773535013667401,0.00839739329649092,1.2469051316309294
8,0.003641320730038188,0.008360345678820665,1.2517304987844182
9,0.003641320730038188,0.008354280842478065,1.252569983545867
10,0.0018937754615784245,0.008321686146195221,1.2538365760810302
11,0.001579850655432342,0.00830371190952914,1.253671621627904
12,0.002702935078939279,0.008227671053563495,1.2516469766011125
13,0.0019560353317810354,0.008105968135698548,1.2478258382749448
14,0.001781800591204518,0.007841641703088027,1.2373953923647907
15,0.0016995170392758016,0.007676197618640931,1.2243802247248192
16,0.0009716782550565045,0.0076677996373878616,1.2006731554188395
