Iteration,Energy,Loss Function,Bias
0,0.05186504875258771,0.13486208811952216,0.0
1,0.035524513685129835,0.016646427023244804,0.6521410326616308
2,0.003484964836334027,0.013864713845279293,1.2459396343849147
