Iteration,Energy,Loss Function,Bias
0,0.061858335851732234,0.15952724446701408,0.0
1,0.061858335851732234,0.016405488400206687,1.0025548252387455
2,0.061858335851732234,0.011054745505199356,0.8576820108563437
3,0.061858335851732234,0.009220015174232835,0.6990200670610878
