Iteration,Energy,Loss Function,Bias
0,0.14479960203386424,0.1634534269505091,0.0
1,0.010694192278289017,0.01909825204770789,0.5481469515591806
2,0.004463827112282872,-0.001843650002154142,0.9136209292935571
3,0.0060497967416917806,-0.0028934659216611103,1.406456795404103
4,0.003975861716371624,-0.0034404379675337816,2.101532396260462
