Iteration,Energy,Loss Function,Bias
0,0.061858335851732234,0.1634534269505091,0.0
1,0.010694192278289017,0.020625556710951697,0.524554394513964
2,0.04484567139455575,0.010737838453728783,1.3193253208351143
3,0.00500170029587278,0.0004763313831148707,1.2936171804687793
4,0.011400744227173956,-0.0011668845091999324,1.3261464678438981
5,0.004084187736508354,-0.002994383878130433,1.3253344591125134
6,0.002858065896569347,-0.004454033173123332,1.3277753581521536
7,0.0012145759299361993,-0.005083595871367802,1.3351511573920707
8,0.0009281727837792882,-0.005724944767027841,1.361311541175123
9,0.0009281727837792882,-0.006041834451611431,1.3913875445585069
10,0.0006790753006444286,-0.006233792620021766,1.434520246203787
11,0.0006790753006444286,-0.006342082526134608,1.4472126037370279
12,0.0006790753006444286,-0.00642654602354858,1.4593990210289165
13,0.0006790753006444286,-0.006460651693513772,1.4733585635908428
14,0.0006790753006444286,-0.0064668158731986366,1.480612350410543
15,0.0006790753006444286,-0.006467346113500556,1.4885735233103459
