Iteration,Energy,Loss Function,Bias
0,0.061858335851732234,0.17010107849357067,0.0
1,0.0021792626312045348,0.010331121982498285,0.7546439137372808
2,0.015900456616105955,0.009141930485052357,0.8321443887375193
3,0.008646265603954392,0.00822455571384786,0.8105669669379869
4,0.00507383545594005,0.00784436309788933,0.7990331393075454
5,0.005098615896518807,0.007591668723741571,0.8020530043705706
6,0.007580286847201892,0.007232422059317385,0.8090609453979046
7,0.0063651395374205895,0.007102571798421751,0.8103222990211868
8,0.013126071902869215,0.007044816994126653,0.8077646525029144
9,0.013126071902869215,0.007007691916195845,0.8032989823400496
10,0.012045887073076165,0.007005308870302043,0.7977650959784421
