Iteration,Energy,Loss Function,Bias
0,0.04387434554825353,0.22091177495526498,0.0
1,0.002077497831479321,0.049473910944898086,0.32055645385019216
2,0.00533978630199398,0.04010293796045444,0.8932227174491608
3,0.011212511695046145,0.0365328196034212,0.9693639463817744
