Iteration,Energy,Loss Function,Bias
0,0.061858335851732234,0.22084945600727882,0.0
1,0.011730500469116818,0.07948193089704207,0.5447534994877974
2,0.005763065116467587,0.05750662358497876,1.1065855453095383
3,0.00030514457056839524,0.05625850321290841,1.099488172885097
