Iteration,Energy,Loss Function,Bias
0,0.14705332664130993,0.19443331960918747,0.0
1,0.037686880633105505,0.04929957722364786,0.1287622845152973
2,0.002975340328867206,0.006731685900534465,0.44965885742505185
3,0.0007077055579625,0.0012142596970679811,0.7595357060830582
4,0.0007476361100818909,0.0010745640225700728,0.9538905728565233
5,0.0007077055579625,0.0009735519534739332,1.0351219449330658
6,0.0007077055579625,0.0008781992478615772,1.334602240975076
