Iteration,Energy,Loss Function,Bias
0,0.1695042425272787,0.16740493139557944,0.0
1,0.09208196082493748,0.08268153044992098,0.1469932605434003
2,0.0020407327669246275,0.015387344467119084,0.24286164153245804
3,0.0020284610337828147,0.011102836259740817,0.4188134592936025
4,0.0010016235524075556,0.010786750809195614,1.6804447814088128
5,0.0010016235524075556,0.010226693500024685,2.0949454066557824
