Iteration,Energy,Loss Function,Bias
0,0.04693493231514395,0.10360283510081854,0.0
1,0.023061633215971076,0.04058146405985253,0.1913256990314222
2,0.002115206999611673,0.010670723136727029,0.30915381354021415
3,0.0008892785694315828,0.010119170754731361,0.30341387083475396
4,0.0012655736814571618,0.009752311896864162,0.3075479018281553
5,0.000318305113848839,0.009465318029021116,0.31757830123372516
6,0.00036951326118560333,0.009270406917550423,0.3188943303233458
7,0.00029749365770165927,0.009108228862368211,0.320812526620593
8,0.0003001292488621258,0.00884637373931306,0.32572347362693954
9,0.00024729277788145644,0.008595167816405718,0.3341216013745012
10,0.00024729277788145644,0.008437266981830885,0.33794882853934616
11,0.00019401569931115588,0.008412631744719342,0.34028634202523916
12,0.00025638320491983463,0.008369952821466006,0.3415192125993467
13,0.00017281802983602787,0.008315690485044215,0.34427800776153306
14,0.00017281802983602787,0.008245253888378396,0.34779014110549406
15,0.00019863071411979126,0.008230876070587197,0.35256273630083074
16,0.00031619508493140085,0.008160070839231764,0.357313391388962
17,0.0014530348348154127,0.008046707483366828,0.36356847408326415
18,0.0003163721663315516,0.007929496207248218,0.36368387241273364
19,0.0008595065072623332,0.007727576336691596,0.3677818849302009
20,0.0013647803931636788,0.007608272940030199,0.37201172095221735
21,0.0011668575947949168,0.007494420686487354,0.37845200959010983
