Iteration,Energy,Loss Function,Bias
0,0.22460679446139065,0.1832800941806471,0.0
1,0.027970578458018248,0.07178757736337865,0.24043447312009672
2,0.0018831947120151518,0.017513159594486478,0.4628734382369726
3,0.0033101798464360357,0.016210095204802853,0.5789843344583315
4,0.004444266449727894,0.015807595295833258,0.9948901935624745
