Iteration,Energy,Loss Function,Bias
0,0.061858335851732234,0.17046684710953744,0.0
1,0.05934023090121543,0.0218154990359617,0.8748356413831251
2,0.04333435699800702,0.01539670488515696,0.6896497262417215
3,0.029629316203110725,0.014787216408510964,0.6349852760517123
4,0.021523623834410914,0.014609230641485643,0.6097236134934366
5,0.03150210975507695,0.01441234212644411,0.5721216387791994
6,0.032791018330396195,0.01436397738098776,0.5554332650695594
7,0.04545648877691317,0.01433926758593804,0.5372169238421476
