Iteration,Energy,Loss Function,Bias
0,0.0471145134285784,0.09561344393715292,0.0
1,0.01134113854201791,0.017403795742642985,0.24480316468917265
2,0.002670627037929757,-0.0037167943413169476,0.439319148425521
3,0.0010038757197108044,-0.0069132505286514335,0.4126438745888582
4,0.00033931415025300064,-0.007833987701493642,0.42200378142435885
5,0.00033931415025300064,-0.008743891088045066,0.42523189081406015
6,0.00036261341875613303,-0.009092818062137124,0.4376164655000866
7,0.00036261341875613303,-0.009405221299156585,0.44397683316370395
8,0.00036261341875613303,-0.009735677733302835,0.45696422809852993
9,0.00036261341875613303,-0.009823881949061886,0.4662150317008024
10,0.00036261341875613303,-0.009874325671763655,0.4784410229363964
11,0.00036261341875613303,-0.009914647253127854,0.4927707902745639
12,0.00036261341875613303,-0.009963374281719695,0.5138106030751868
13,0.00036261341875613303,-0.010002879312671457,0.5322884881903001
14,0.00036261341875613303,-0.01003957123280975,0.5468858027248649
15,0.00036261341875613303,-0.01007180317764963,0.556291195570594
16,0.00036261341875613303,-0.010101173735201715,0.5640539878332794
17,0.00036261341875613303,-0.010132642346211985,0.5762176429805025
18,0.00036261341875613303,-0.010154970900016519,0.592324473319149
19,0.00036261341875613303,-0.010167767872616898,0.6104786253254801
20,0.00036261341875613303,-0.010174131380163329,0.6269380756886714
21,0.00036261341875613303,-0.010179703832456626,0.6405452883442354
22,0.00036261341875613303,-0.010186806160970507,0.6485865172326104
23,0.00036261341875613303,-0.01019588877493513,0.65612371098496
24,0.00036261341875613303,-0.010201591322823318,0.6627876172169517
25,0.00036261341875613303,-0.010208673873253717,0.6713292088377688
26,0.00036261341875613303,-0.01022479498866011,0.6907175002891792
27,0.00036261341875613303,-0.010244218695438997,0.7132599380378207
28,0.00036261341875613303,-0.010263159426540078,0.734924756880985
29,0.00036261341875613303,-0.010274482032683522,0.7510662169430282
30,0.00036261341875613303,-0.01027776215987129,0.7620458407434795
31,0.00036261341875613303,-0.010277974272819769,0.7647148247700137
32,0.00036261341875613303,-0.010278297744545192,0.7671833041461411
33,0.00036261341875613303,-0.010278885171564315,0.7709471404736704
34,0.00036261341875613303,-0.010279400556536254,0.7782441830821473
