Iteration,Energy,Loss Function,Bias
0,0.04387434554825353,0.2834141691818952,0.0
1,0.0010820724581740236,0.11437911828691137,0.31752012503092725
2,0.001946765209996577,0.11067901977203029,0.8817072265889647
3,0.01125333450918052,0.09327676712852391,0.9540365625968925
