Iteration,Energy,Loss Function,Bias
0,0.05186504875258771,0.0670251882492377,0.0
1,0.03347538649856727,0.04015414691144645,0.0881000958664386
2,0.007728764930232579,0.014616588077790378,0.1271340550164578
3,0.006836378647927946,0.005896915043343841,0.18391014766060046
4,0.0012464000239600511,0.001120889511998133,0.23022698374462702
5,0.0008111345243538766,0.0009349125146498508,0.38474682361716855
6,0.0008111345243538766,0.0007281663390932571,0.4116658365851186
7,0.0005547519984553976,0.0005551921929054865,0.4557124235581838
