Iteration,Energy,Loss Function,Bias
0,0.061858335851732234,0.16089434250613124,0.0
1,0.05007470118209876,0.012174612747240967,0.9013133314895238
2,0.05007470118209876,0.007478016579393517,0.8177856899351311
3,0.03980250828976281,0.005381200144474808,0.7549053950787917
4,0.037709927372961694,0.005042868365106829,0.7419824710260806
5,0.037709927372961694,0.00475148176909531,0.7474275916626363
6,0.01994498483385818,0.004316352054451681,0.7681039992185166
7,0.022922968738755968,0.0040656029794945555,0.8127477016837827
8,0.010979313534611635,0.003959946826355944,0.8306520496894186
9,0.014826160318667066,0.0035832051817747713,0.8919920068638818
10,0.01987945755255021,0.0031508477432772544,0.926010652594383
11,0.010979313534611635,0.002507859083406226,0.9419409763852065
12,0.006412853621478288,0.0023441050073026016,0.9570763128941776
13,0.006412853621478288,0.0021702518567132964,0.9636563135740216
14,0.006412853621478288,0.0020035238005204035,0.9742305670219418
15,0.009851596268939528,0.001932375906308246,0.9899475487892562
16,0.009851596268939528,0.0018927812504486881,0.998183792159782
17,0.009851596268939528,0.0018663032432927663,1.00365414991512
18,0.009851596268939528,0.0017739721733688045,1.0214895206727117
19,0.009851596268939528,0.0016907947205409076,1.0371888346982505
20,0.009851596268939528,0.001592951800189682,1.0537959665713865
21,0.007370265062099641,0.0014726644616224044,1.0764986817536475
22,0.006176964330811306,0.0013819194771981325,1.0882070646968245
23,0.006176964330811306,0.0012372844336556567,1.092904595748771
24,0.006176964330811306,0.0010792979195361535,1.0919058398619113
25,0.006176964330811306,0.000977340921522651,1.0945539913175828
26,0.006176964330811306,0.0008733461885855891,1.1014951799001031
27,0.006176964330811306,0.0008661174075858881,1.108238808227075
