Iteration,Energy,Loss Function,Bias
0,0.0007299017831547894,0.19315349495576814,0.0
1,0.001638922247101007,0.017450787545253445,0.44274136630179756
2,0.00889868818703922,0.015299380397460987,0.49640844668155526
3,0.0011288314693577843,0.014867503723597963,0.4713377724586896
4,0.002486255971966762,0.014004267162065582,0.47526885967304655
5,0.0035901418841892577,0.012641443058098056,0.48111436294260557
6,0.007658145744300139,0.0120864975502474,0.47934318351739885
7,0.004987289376049956,0.011988611993011596,0.4674938675417363
8,0.009070231365379527,0.011823760895621694,0.4665801836729592
9,0.009070231365379527,0.011752928691215707,0.4591217589322024
10,0.0010166249624278564,0.011589102793327049,0.4375351427994358
11,0.0017208928377601385,0.011505189327605062,0.42023257128684327
12,0.0013082395062887437,0.01137804012475774,0.40959416259981735
13,0.0010650012872512721,0.01124031605556988,0.3919652368344276
14,0.00618084435680051,0.01106195785436276,0.3724840647456729
15,0.004263751621299201,0.01087056828479902,0.35412326368636443
16,0.005530002159096546,0.01071534686649549,0.3471589456825667
17,0.006887974813869848,0.010488703319897645,0.3516994915043902
18,0.007430752869643051,0.010391240699356727,0.3495276788164514
19,0.017474963743813115,0.010102642345986818,0.3512581238012721
20,0.021108757844875124,0.01005898830156333,0.3394831398736496
21,0.020087708751559876,0.009945760899762757,0.3417116060090981
22,0.023958573684458282,0.009714647228180755,0.34624195379915196
23,0.023832673049749762,0.00963849177344571,0.34529282379862863
24,0.014802426342749099,0.009592033259537114,0.34176588305331046
25,0.01680715617180729,0.009520637984960001,0.33603163335362585
26,0.01680715617180729,0.00951809774674043,0.334496504431589
27,0.01680715617180729,0.00951615410595619,0.3293682270049164
