Iteration,Energy,Loss Function,Bias
0,0.14479960203386424,0.16867124777385178,0.0
1,0.010694192278289017,0.024578713767622412,0.5500675613981979
2,0.004749695762302901,0.00403425772752992,0.9165443487759855
3,0.005352470613710481,0.003840726649450726,1.2731606621604428
4,0.0022330960545036012,0.00380110631612318,1.7721262593097795
