Iteration,Energy,Loss Function,Bias
0,0.0011332154792776902,0.1396630117165617,0.0
1,0.061858335851732234,0.019030848759973414,0.9089855712316095
2,0.061858335851732234,0.01186298200837965,0.7843871571419655
3,0.051550719428891695,0.010599761425994291,0.7230862164909682
4,0.051550719428891695,0.010587408963673703,0.712365397000118
