Iteration,Energy,Loss Function,Bias
0,0.02942007670238154,0.18636778648372318,0.0
1,0.004441241204994015,0.018829750551343616,0.4477044625359394
2,0.005822344054725179,0.015529215206097362,0.4936700174282952
3,0.0035897566761011242,0.014823085346346042,0.48234153865334467
4,0.002258893773179015,0.014109458755559075,0.4709446195687814
5,0.007407364670113275,0.013384945830474488,0.46342489541232135
6,0.007661789362307027,0.012512775688353682,0.4620235202224662
7,0.018294741160047343,0.01217548690692169,0.4485107649622339
8,0.016667022141203146,0.011930434604342625,0.44291192880393093
9,0.010959755878636757,0.011747907513149114,0.44053965049150545
10,0.010100287705341762,0.011463386398660938,0.4419167226517545
11,0.007399929242122118,0.011137314833524163,0.43789319824529144
12,0.007172264930898353,0.010679713809174556,0.4465316154629328
13,0.010265103308579857,0.010671598133049824,0.4430610170096795
14,0.011806095823919702,0.010625916250926973,0.4314288712024275
15,0.008947104481628809,0.010617668366658301,0.4274464406388323
16,0.009691038103218053,0.01060183972358448,0.42383218250816834
17,0.00560398926680093,0.010576606520870828,0.4166092912636532
18,0.0026855602486746608,0.010560894570402731,0.4138829982758519
19,0.004789890068521506,0.01049647852790036,0.4053136112791551
20,0.006622698538966804,0.010406306234510375,0.39688057677184396
21,0.006533601243241258,0.010222675479916048,0.3843915535361896
22,0.006632549341693523,0.010049737046504343,0.3698307519785159
23,0.006632549341693523,0.009810908729096398,0.37210993568986533
24,0.010991684682625897,0.00973244573410639,0.37019859632294705
25,0.009252900050341146,0.009722154029768565,0.37021307409631327
26,0.014299816458903648,0.009717773619148112,0.36932018840223635
27,0.009809537758360748,0.009703500063570158,0.3689449105744789
28,0.009809537758360748,0.009689771372893397,0.36886756486609623
29,0.010758383498702558,0.009676302906510554,0.3687274344445166
30,0.006605628695624827,0.009614500020220669,0.3697363739647117
31,0.004398522024371045,0.00961130225441505,0.3716099867781623
32,0.005197143675220756,0.009568065983429108,0.37494856019281597
33,0.005197143675220756,0.009519107423453906,0.38093951544621285
34,0.008433733159865054,0.00947617268902707,0.3871835020067766
35,0.008433733159865054,0.009475834436908555,0.3881586323140869
