Iteration,Energy,Loss Function,Bias
0,0.22460679446139065,0.20381533405057406,0.0
1,0.06545086091058994,0.10152765674155609,0.07058917480460218
2,0.015418657043874667,0.043482545100283106,0.11097943154780882
3,0.0012487467593855926,0.02467311164754865,0.17701664245413734
4,0.000553633820057788,0.020586051521305666,0.22186654609857628
5,0.0006251952106897149,0.02043519110489836,0.3120094535757151
6,0.0006251952106897149,0.020279484588530062,0.31799941991937314
7,0.000915864467393305,0.019870107403228643,0.5086272401498185
