Iteration,Energy,Loss Function,Bias
0,0.03418952796427244,0.16599395643614195,0.0
1,0.0562689436942341,0.07780941610265622,0.24563938696276305
2,0.006009879577259079,0.02303923868961632,0.4304499932677889
3,0.0011700340026400125,0.011994614912025171,0.5035659273969876
4,0.0011439322380347198,0.010999219261535196,0.6257098176506234
5,0.0024506276367726584,0.010446988567639742,0.6531828453933408
6,0.0021227804852144527,0.009860954910142298,0.6491263191058216
7,0.000710424157820813,0.009660860504769234,0.6397381427570071
8,0.0007347360841955785,0.009594899110655732,0.6374136435957077
9,0.0007347360841955785,0.009547688351910139,0.6372050241969018
10,0.0010025794037191497,0.00950668616735267,0.6373616628914938
11,0.001218640427082836,0.009469132042399296,0.6376398244298775
12,0.001218640427082836,0.00943177868182406,0.6379514877181861
13,0.0016209101774595218,0.009391834526742915,0.6381949743107553
14,0.0016209101774595218,0.00934479322475383,0.6382526833191228
15,0.0009040833825573636,0.009287132005189288,0.6379479190218889
16,0.0026703438497523418,0.00921901984677714,0.6375627386475476
17,0.001262211760107155,0.00909727782401643,0.6391671625618359
18,0.0015348520655132424,0.008798008730494668,0.6451137877654741
19,0.001433539725235816,0.008748467972273188,0.6449338438720724
