Iteration,Energy,Loss Function,Bias
0,0.05960082259679148,0.17620365417841935,0.0
1,0.07596700089726134,0.08178893701294099,0.3020164185376609
2,0.0030355658098623907,0.02135565945236464,0.5159804886143704
3,0.0007983812246782127,0.018852097905712385,0.7282401657460503
4,0.0016961419157789628,0.01827151623751838,0.7400170925075922
5,0.0007162110629445726,0.01745034726796152,0.7299592992833568
6,0.001995903943141481,0.016141752607891465,0.7070269727519859
7,0.0013866788602964978,0.015946598961828762,0.7010009618813354
8,0.0013866788602964978,0.015901354642620196,0.694481851677218
