Iteration,Energy,Loss Function,Bias
0,0.061858335851732234,0.1822771880934977,0.0
1,0.024279924907162635,0.02118611834580153,0.6740426949822963
2,0.024279924907162635,0.019708641457395752,0.624326233238867
3,0.026906102394053256,0.019433344580093125,0.5842335122053666
4,0.026906102394053256,0.019345754449128307,0.5742770424302401
5,0.026906102394053256,0.019068472450685475,0.5607988206823795
6,0.026547990286707814,0.01892820258143966,0.5531809200266482
7,0.0165322880577424,0.0189160632046383,0.5360778121182753
