Iteration,Energy,Loss Function,Bias
0,0.007886684414858743,0.18404558288094444,0.0
1,0.005701663469427442,0.023282583658352993,0.3370233855567576
2,0.009312227844350561,0.022352589675092054,0.5993724720430245
3,0.009312227844350561,0.020872543540072352,0.6014525502485922
4,0.00521290143443267,0.019375539190273114,0.6079067794537892
5,0.005072191235664445,0.018992457783571066,0.6114126135413991
6,0.0026113485253067216,0.018117324860690124,0.6120817077561211
7,0.0017927812104001311,0.016430111603181932,0.6134958044157826
8,0.0004600454408880525,0.016143132560349924,0.6034237224704739
9,0.0005083252004023666,0.015731556131184925,0.6067411960735332
10,0.0008049082771897888,0.015544720941513596,0.6076714083936243
11,0.0008049082771897888,0.015544479324627674,0.6075137889473691
