Iteration,Energy,Loss Function,Bias
0,0.14479960203386424,0.15878420930576095,0.0
1,0.0562689436942341,0.06781526656473252,0.26232384901915834
2,0.001160221571819236,0.012092937336197708,0.5031233260445602
3,0.0011700340026400125,0.002705383871036868,0.6473939628865161
4,0.0013735665704550225,0.002134013617991834,0.9437516818397713
5,0.0018239069473107263,0.0019733534500706892,1.1480924740412874
6,0.000957874575547248,0.0015082364664165348,1.4195684331015364
7,0.0005797870144375655,0.0010539889111372126,1.6263025449192452
8,0.000657133330175888,0.0010362030363587882,1.8608325212797125
