Iteration,Energy,Loss Function,Bias
0,0.1695042425272787,0.17529738615337864,0.0
1,0.09729856791367529,0.12199456250774612,0.10724695579586369
2,0.056105182247262415,0.07257522400540042,0.1359002918475328
3,0.01891447489074591,0.04978701355031433,0.15629622342697136
4,0.019034105181503332,0.04278101869729839,0.19952634179142675
5,0.013630988277386895,0.03447298508615188,0.26344407899899147
6,0.0028716824046204647,0.0236379009023292,0.34906593439524364
7,0.0023913608325599116,0.021872528221567177,0.5283187660945655
8,0.00173345220401087,0.019731130768678724,0.6762782892436395
