Iteration,Energy,Loss Function,Bias
0,0.14705332664130993,0.18721490591491657,0.0
1,0.028742762394576033,0.03124540695513502,0.1946270650778792
2,0.001115195814123264,-0.005954179924496533,0.7595945786762369
3,0.0006752357024560924,-0.006922045746242929,1.0497523504041637
4,0.0006752357024560924,-0.007377189397454042,1.1181196669277358
5,0.0006178119064482757,-0.00781668737503883,1.3453446878953712
6,0.0006752357024560924,-0.008085165415126137,1.6036810043893204
7,0.0009185666275686749,-0.008173250264867031,1.909170635362233
