Iteration,Energy,Loss Function,Bias
0,0.1695042425272787,0.18636778648372299,0.0
1,0.004441241204994015,0.01889648271970523,0.444966344105887
2,0.017300931875263038,0.017286445295718704,0.6486056253452269
