Iteration,Energy,Loss Function,Bias
0,0.05963406368069698,0.2289940873423457,0.0
1,0.028742762394576033,0.06839576426197337,0.23993874754376604
2,0.0029088222227715956,0.042895671995773585,0.7776807851207761
3,0.007262346499907983,0.03631934451629165,0.8361601361989235
