Iteration,Energy,Loss Function,Bias
0,0.1695042425272787,0.159304387481597,0.0
1,0.061858335851732234,0.01618713534282932,1.0024638344434262
