Iteration,Energy,Loss Function,Bias
0,0.061858335851732234,0.15232671030278583,0.0
1,0.061858335851732234,0.01792239819927193,1.0054724199644571
2,0.061858335851732234,0.012819248394333833,0.5891974349090874
