Iteration,Energy,Loss Function,Bias
0,0.14479960203386424,0.16943835474439203,0.0
1,0.07596700089726134,0.0726233433070667,0.3204141529523385
2,0.0026441519517097964,0.012865191596255163,0.5869245612854483
3,0.0031246546593599097,0.012506444273306492,1.214917398319782
4,0.0016961419157789628,0.011542764407468818,1.2684849259019912
5,0.0010829050563115868,0.010589755385091777,1.47456927894446
6,0.0010829050563115868,0.010007920011001637,1.7345052075826786
7,0.0018401950509921768,0.009692120836970986,2.026254446724267
