Iteration,Energy,Loss Function,Bias
0,0.061858335851732234,0.1978400797099597,0.0
1,0.0038494590938116325,0.05356859035472613,0.34238298507115056
2,0.005888301707071503,0.03848152350384578,0.8524708769950344
3,0.005240372227913971,0.0355815505055721,0.828631759923533
4,0.005225755465207771,0.035572179566797583,0.8255702844989965
5,0.004493253032799141,0.0355134183473007,0.822466205057302
