Iteration,Energy,Loss Function,Bias
0,0.0556074028135319,0.26493922660552427,0.0
1,0.048736897587188764,0.1419663552562697,0.26088566840699906
2,0.0015501262430043011,0.10381827817108763,0.5003332281371158
3,0.0034056155779409623,0.0956140141116675,0.5200923849708186
4,0.0015126426187896274,0.09497894676719923,0.5414522266159457
5,0.0014469841190993473,0.08925742290325692,0.5528530335229044
6,0.0033143292406352764,0.0830617351561546,0.5667634235226781
7,0.004999140321714374,0.07933141073912965,0.5835208821137613
