Iteration,Energy,Loss Function,Bias
0,0.22460679446139065,0.16493281987368624,0.0
1,0.038516533389604646,0.07963969505408496,0.1886301449553683
2,0.009263105755259302,0.007040538470241555,0.30120409598136577
3,0.0015190105155660236,-0.004829961339195062,0.9405446090464371
4,0.0016799698062231585,-0.0063008889101715294,1.3691382949932434
5,0.0016799698062231585,-0.007307644283396666,1.6895134202309428
