Iteration,Energy,Loss Function,Bias
0,0.0011332154792776902,0.14471946101759897,0.0
1,0.061858335851732234,0.023467737983660735,0.9070294668198132
2,0.051550719428891695,0.01638898586978861,0.7450619455324182
3,0.051550719428891695,0.01611658919740346,0.701984628593791
