Iteration,Energy,Loss Function,Bias
0,0.14479960203386424,0.14505494381039322,0.0
1,0.058172557628708065,0.0546887908467162,0.1890301578595239
2,0.041436742186088546,0.03104052886829979,0.4221025149972181
3,0.0024784873208974567,-7.0469762161165125e-06,0.5226955676518347
4,0.003215053124196877,-0.006600412528163549,0.8993593117821808
5,0.00024656702175841435,-0.008523104614742979,1.0590993220168965
6,0.00024656702175841435,-0.009798825913298316,1.1803083928755724
7,0.00024656702175841435,-0.010091094218766338,1.3044342776051427
8,0.0001621047080013838,-0.010198288605253068,1.7256264377321329
