Iteration,Energy,Loss Function,Bias
0,0.05948848312823323,0.18475467350224323,0.0
1,0.02342248742528871,0.013216836686811123,0.6189891296767638
2,0.0121260103742621,0.013054929701858954,0.604177439942791
3,0.0121260103742621,0.012968605733587216,0.5960957976287483
4,0.011176439947560535,0.01281973544921393,0.5760513890807463
5,0.011176439947560535,0.012768938473065147,0.5684350527111058
6,0.024734746155557655,0.012613104291013819,0.5556909305471671
7,0.012637490038655613,0.012443352747365468,0.5467090875692562
8,0.02661598907388997,0.012175439816078435,0.5353193353430208
9,0.020558599750366276,0.011683144823871899,0.5126006517959116
10,0.01093647627295236,0.011201806148145728,0.4536784547020563
11,0.0070829071587638235,0.011110763677581613,0.4282160412575394
12,0.013302582480126125,0.010916635905679014,0.428013008728293
13,0.009843650653886378,0.010603741786005283,0.4156408965427207
14,0.017695485819711154,0.010219615558650698,0.3848764438823838
15,0.01156416705905082,0.010102644966768104,0.35869491153863986
16,0.014376296056235747,0.010008317474557231,0.33762934253571014
17,0.011420920163928512,0.009902978374906592,0.32409432162171725
18,0.0074147213964291595,0.009772018366654183,0.30741312582590613
19,0.005400715375933069,0.00963894302758127,0.28882416733847677
20,0.005400715375933069,0.009562636210570317,0.28293072922245244
21,0.004714157389405804,0.009426324153461754,0.27011443621416803
22,0.007026411219114294,0.009207418493902686,0.27253469307321193
23,0.005816589412253728,0.009172430280980871,0.26800407923857467
24,0.006781206132784952,0.009098750918165076,0.2769176863521821
25,0.01655735543025448,0.0090328172637198,0.29167234209405907
26,0.022778133977144756,0.009024023473546777,0.29935146428990067
