Iteration,Energy,Loss Function,Bias
0,0.14479960203386424,0.15287881877099124,0.0
1,0.058172557628708065,0.06461469692487684,0.18915875755950354
2,0.039354537465055725,0.03825749191063984,0.4241277019363445
3,0.0024784873208974567,0.006763708349730761,0.5363245895069395
4,0.0001621047080013838,0.0010426955911601225,1.0129157642771212
5,0.0001469169453919235,0.0004704597334192416,1.3087492721436413
6,0.0001621047080013838,0.0003076729087867849,1.404155302550189
7,0.00018647499531914712,0.00026555217317042625,1.618757089519567
