Iteration,Energy,Loss Function,Bias
0,0.14479960203386424,0.1559077558763375,0.0
1,0.07596700089726134,0.0574302878469158,0.3185896293530103
2,0.0028217261411316603,-0.0013506280505011167,0.5888120819459111
3,0.002675303365430378,-0.00286861823686719,1.1968729602892902
4,0.004519197121282151,-0.003848596610446961,1.2592506509821308
5,0.001011149633392164,-0.00531106619132505,1.5098354034645194
6,0.001011149633392164,-0.005732182790320872,1.6243704788310287
