Iteration,Energy,Loss Function,Bias
0,0.14479960203386424,0.15761236907960482,0.0
1,0.04605351961009622,0.07296633676309658,0.14509425039870233
2,0.025040685251713973,0.035095096157672166,0.217595483274992
3,0.017269556653116813,0.028473636041290242,0.24974546567704894
4,0.016256609034899394,0.02660874805330029,0.31402009542735904
5,0.012860954523114304,0.02384898681457012,0.387380882703379
6,0.009779182529565852,0.020595063985941027,0.5130016005353736
7,0.0030544008422954193,0.011929848492795297,0.7391339992986987
