Iteration,Energy,Loss Function,Bias
0,0.14705332664130993,0.20753295460125504,0.0
1,0.05154677122965786,0.0742572249106569,0.07131851601815813
2,0.037401687476398125,0.053899557134109564,0.21062567454746045
3,0.02443780372693956,0.034187586277240195,0.2657557543686663
4,0.0023924240038595687,0.02195878524025986,0.3283523575512538
5,0.0009249534300496275,0.020325820268649614,0.37028052741356293
6,0.001268609558192216,0.019781237236728783,0.43561554475536396
7,0.0005779893788154952,0.019227496276147903,0.5857301519619365
8,0.0005779893788154952,0.01909215689024785,0.6464549287486145
