Iteration,Energy,Loss Function,Bias
0,0.061858335851732234,0.15787929200044362,0.0
1,0.061858335851732234,0.016972371996808275,1.003834021405397
2,0.061858335851732234,0.01033409424164814,0.8057455157435717
3,0.061858335851732234,0.009933089026059268,0.6723766293308073
