Iteration,Energy,Loss Function,Bias
0,0.061858335851732234,0.15683241334354087,0.0
1,0.061858335851732234,0.01622079441863303,1.0053486988635216
2,0.061858335851732234,0.013207051380614189,0.9324508609981201
3,0.061858335851732234,0.0087821803111871,0.7320038706909862
