Iteration,Energy,Loss Function,Bias
0,0.05963406368069698,0.207638379073699,0.0
1,0.028742762394576033,0.04567651166214013,0.23981011629219323
2,0.0023220887430033016,0.020947318259451328,0.7790791044669538
3,0.008807274862496182,0.017399081453875108,0.8377484606124401
4,0.003396572035498603,0.017278971232237723,0.81358352260879
