Iteration,Energy,Loss Function,Bias
0,0.061858335851732234,0.1598986727760425,0.0
1,0.061858335851732234,0.016766373278211646,1.0025868008711694
2,0.061858335851732234,0.010224518511843361,0.805684752391346
3,0.061858335851732234,0.009889146073422447,0.6750597606425086
