Iteration,Energy,Loss Function,Bias
0,0.22460679446139065,0.1620638284850417,0.0
1,0.05007470118209876,0.01332731710328106,0.895274067361396
