Iteration,Energy,Loss Function,Bias
0,0.042536791359932415,0.13097291033240535,0.0
1,0.0008572868302440741,0.015027812228690898,0.4634663776264227
2,0.0029554802757771393,0.01424753309179587,0.45671171603251337
3,0.0055895745046366605,0.01382342194230127,0.4331767560705947
4,0.001748542610966012,0.013495946586952716,0.41449541100589044
5,0.001824048822063616,0.013224841819755142,0.3975619524063222
6,0.0013503522172816655,0.012954979387395427,0.3836565719563657
7,0.0004915056672573045,0.012630930787571876,0.371645983544049
8,0.0006529383316071254,0.012008041720900316,0.3559483585315992
9,0.006614883392381693,0.011357346143340205,0.32596841532736454
10,0.01600571343124599,0.010706751818632853,0.3129097882018949
11,0.016921626505988954,0.010618347719160915,0.2839357895351239
12,0.011820617055079821,0.010424460352073834,0.28269453334833733
13,0.020931070986372348,0.01012540169300672,0.273033647406545
14,0.02218944565252874,0.010014020050898355,0.26324497786517503
15,0.023570689445712188,0.009949183254701758,0.2500576556392124
16,0.025634064588359744,0.009862500181171505,0.23950983180102267
17,0.026306979403617238,0.009770897868734673,0.2223645120053396
18,0.015206421528175884,0.009615672415630784,0.20945628381254158
19,0.01021547069873148,0.00941362931883304,0.1896436840393265
20,0.017732537408288264,0.009103603031435432,0.20059962949753307
21,0.01939334799951033,0.008935269630473903,0.2013732308331147
22,0.01939334799951033,0.008725135519070634,0.20515754578689857
23,0.022519325681281135,0.008629186393901204,0.21129704742029765
24,0.019876669557375423,0.008487128204512636,0.21101790231156542
25,0.026724315925080164,0.008468188252569108,0.21642495740280704
26,0.028773853444074553,0.008438155965938353,0.21642890922624966
27,0.028773853444074553,0.008423840070403496,0.21570257842158758
28,0.029626012448578896,0.008400809555911519,0.21461772341113036
