Iteration,Energy,Loss Function,Bias
0,0.14479960203386424,0.1788182227584729,0.0
1,0.050427600897577564,0.060095477750597814,0.40907126806716004
2,0.002180315690015406,0.017209538179316346,0.860378226509535
3,0.002180315690015406,0.01713046032871169,1.0017104959557466
4,0.0009811877612187193,0.01636665516691378,1.626997656304154
