Iteration,Energy,Loss Function,Bias
0,0.22460679446139065,0.18905613159614437,0.0
1,0.0831655296999724,0.10648519022209002,0.0911782814574012
2,0.01896827559612708,0.039899002523035826,0.1292174888194798
3,0.009756486387925038,0.02421210100533245,0.2233659193899062
4,0.0004677129648545497,0.012496399191253492,0.31260287700368894
5,0.0008566566928987128,0.010677074477669342,0.3862523068746111
6,0.0010407421265395764,0.01032495750572914,0.4772733274317502
