Iteration,Energy,Loss Function,Bias
0,0.14479960203386424,0.15774580221043014,0.0
1,0.05960082259679148,0.010999944893200074,0.9596899891703654
