Iteration,Energy,Loss Function,Bias
0,0.061858335851732234,0.16791125837959414,0.0
1,0.05007470118209876,0.01975847961130518,0.9027962902214292
2,0.05007470118209876,0.013633003364963696,0.7317244345289862
3,0.04772815857593672,0.013247575925483172,0.6789844124666891
4,0.04772815857593672,0.01324605659390228,0.6483480185633068
