Iteration,Energy,Loss Function,Bias
0,0.061858335851732234,0.16283777750159986,0.0
1,0.05934023090121543,0.013096711595916494,0.8756004679531492
2,0.04495515790536914,0.007965666056831796,0.7844287259811198
3,0.04333435699800702,0.005600299756435885,0.7102957388868812
4,0.016291564043723124,0.005184702401066111,0.6966144509505625
5,0.010678456006835127,0.00451481148243496,0.6900134435686325
6,0.019235900258870234,0.004164168477974159,0.7069243413475227
7,0.019235900258870234,0.003944716114630997,0.7321035329965743
8,0.00954442383214392,0.003580786218546801,0.7673501623218635
9,0.00954442383214392,0.003004223999020175,0.8307729777430244
10,0.011157254126941244,0.0027918655504111304,0.9367543163863847
11,0.011157254126941244,0.0025540781751528783,0.9198237422768156
12,0.010223216518123567,0.002191480752507904,0.9281182723667158
13,0.008252413710528936,0.0016651469237989609,0.9687519728789158
14,0.008252413710528936,0.0015436854719095578,1.0287872266612414
15,0.008252413710528936,0.0012896926802972448,1.0133941052513677
16,0.007661076062570272,0.0010269745987969208,1.020938005635931
17,0.007661076062570272,0.0007788530031860915,1.0376699131914102
18,0.007661076062570272,0.0006693229585381783,1.051266060997052
19,0.008252413710528936,0.0005847580048138077,1.0689996982812189
20,0.006886820571463481,0.0005293502762244259,1.0828829523619892
21,0.006886820571463481,0.00047786769953340644,1.124414742073005
22,0.006886820571463481,0.00045605347095987314,1.131007118265137
23,0.006886820571463481,0.00037369461083421843,1.1388175530492946
24,0.006886820571463481,0.0002971512236490573,1.1431405298052
25,0.006886820571463481,0.00021655262796594846,1.1461107158479356
26,0.006886820571463481,0.00012509059430822786,1.1486542800924122
27,0.006886820571463481,1.6165069586603337e-05,1.1511790680651606
28,0.006886820571463481,-0.00011455742427846216,1.154103107236758
29,0.006886820571463481,-0.00025153403688626843,1.1578675329336447
30,0.006886820571463481,-0.00029188669307350765,1.1582699535318814
31,0.006886820571463481,-0.00032316593895318537,1.1601675352038656
32,0.006886820571463481,-0.0003387220753156396,1.1639719313764254
33,0.006886820571463481,-0.00034400794046941276,1.16693725333374
34,0.006886820571463481,-0.0003486551532497487,1.1731656759425109
