Iteration,Energy,Loss Function,Bias
0,0.14479960203386424,0.17910688942053724,0.0
1,0.010694192278289017,0.0355258932651819,0.5536566363969082
2,0.0017368913460386525,0.015400725271835777,0.920765686783937
3,0.004749695762302901,0.015396218885541726,1.0750677154467077
4,0.005401585069073131,0.015021693354993568,1.222113017348154
