Iteration,Energy,Loss Function,Bias
0,0.05304080615828671,0.1854356885516817,0.0
1,0.06900634402535541,0.09389869515897033,0.198824758087061
2,0.007383257197840567,0.025106720933317773,0.31977569500005215
3,0.0008108131140871126,0.019377308156334993,0.6195839838459172
4,0.0037665217772531847,0.01879393977384835,0.6270180002790727
5,0.004102823894888387,0.017867115470779984,0.6305543833295326
6,0.0014360977551000963,0.01777330565442954,0.629198764158303
7,0.0011527083864687467,0.017697727013177473,0.6292315724281083
8,0.004457905827395099,0.017686502943531274,0.6227699189658135
9,0.002790798784238927,0.017539155172167198,0.6152929831986531
10,0.000900654474034728,0.017289640866328705,0.6118956076539663
11,0.0007846038877079724,0.016599203986858498,0.6075362431538036
12,0.0021355631605939596,0.015612119039109544,0.6006718488057624
13,0.003021487485050604,0.015428778929174037,0.5890272306461564
14,0.0032527122427513534,0.015337127638258863,0.5833319453742077
15,0.0021153320431090273,0.015308997164217695,0.5789454278848378
16,0.0019173013736705808,0.01523317078402923,0.5736934222738894
17,0.0019173013736705808,0.015200550711716988,0.5702847206714312
18,0.0017708500264570135,0.01509071447933343,0.5653003593137577
