Iteration,Energy,Loss Function,Bias
0,0.01981893300806893,0.17845684291280692,0.0
1,0.022880738309499174,0.037830741989234494,0.21077301803985501
2,0.012576274982637548,0.025708011111217358,0.5324951917197939
3,0.0019798849324062333,0.01815989693586353,0.5998499720708641
4,0.001640865580432489,0.017942683155633497,0.5981563899519937
5,0.0007628590956776612,0.017791776468548588,0.5986092703725315
6,0.0008799660622597177,0.017595328262765306,0.604376655426946
7,0.0002788947156173863,0.01732408653824176,0.6052884258222685
8,0.0021972334137453572,0.017045926742899335,0.6057418207209093
9,0.007537891406343121,0.016772312052462286,0.6071334908679218
10,0.0010158067594319966,0.016011128656409395,0.6190760341665449
11,0.0008967419890528679,0.015431493137254108,0.626951316849919
12,0.002503041450197842,0.01532295331221517,0.6240292453573866
13,0.0011913505177426858,0.015236788968659749,0.6252362401412503
14,0.002990697748781099,0.0150940562097133,0.6259035690206323
15,0.0018414915965551926,0.015009852524534077,0.6275308085070739
16,0.002990697748781099,0.014846947808550573,0.6291535128170691
17,0.0023147781006919834,0.014592880767815453,0.6336058802380401
18,0.001630635817610775,0.014354547820851824,0.63951105442253
19,0.0137904161608508,0.014068376750451137,0.6435417540147904
