Iteration,Energy,Loss Function,Bias
0,0.05186504875258771,0.12245215760209653,0.0
1,0.035524513685129835,0.004887610280792698,0.6552010725053506
2,0.002208972580921121,0.000918097327120461,1.0103435068449773
3,0.002208972580921121,0.00033170461962112084,1.2391401689691588
