Iteration,Energy,Loss Function,Bias
0,0.05186504875258771,0.11177188043636155,0.0
1,0.023061633215971076,0.048296571340036384,0.18631500597776696
2,0.002115206999611673,0.019020277244081868,0.3254624717716444
3,0.001148318844408111,0.017916322074899557,0.3782288587631845
4,0.0005086795423736478,0.017420494618045453,0.5234638251483816
