Iteration,Energy,Loss Function,Bias
0,0.22460679446139065,0.17176710943301804,0.0
1,0.06499920446049208,0.0851631525774206,0.18819279273999268
2,0.01315881459646241,0.013465407731270177,0.30253313434730583
3,0.00175067663603241,0.0029671022081381748,0.9417009952812532
4,0.0010373903384475768,0.001915402363869367,1.3466944662924247
5,0.0007764763137657061,0.0018015327556653218,1.588074967034383
6,0.0007764763137657061,0.0016722682576716936,1.738859631001164
7,0.0008305120134244395,0.001583260660640015,2.063036007144161
8,0.0008305120134244395,0.0015405899913675074,2.315274587908913
