Iteration,Energy,Loss Function,Bias
0,0.061858335851732234,0.18545354806325154,0.0
1,0.05007470118209876,0.03676115990385805,0.9029628254934742
2,0.04355351656967105,0.03256508377243001,0.5885541201298854
