Iteration,Energy,Loss Function,Bias
0,0.1695042425272787,0.17388475620353178,0.0
1,0.00996981350409605,0.021282044341739092,0.2652399839154112
2,0.01572104226887351,0.01706435353906659,1.1944819513573237
3,0.0007653642781859303,0.012071930410483775,1.2306572130292608
4,0.0009812177450510507,0.010512272190328237,1.4454593161124965
5,0.000266094323651493,0.009220838688827412,1.8258361477483995
6,0.000266094323651493,0.008560726807215474,2.232957981947839
7,0.00027594639774317407,0.008067717418048731,2.4737525082262892
8,0.0007724728432469814,0.007726344968985147,2.798107441898657
