Iteration,Energy,Loss Function,Bias
0,0.061858335851732234,0.15732214266226624,0.0
1,0.061858335851732234,0.016416730744458805,1.0038369703308325
2,0.061858335851732234,0.012490796620042715,0.9055229524582051
3,0.061858335851732234,0.009006432243381437,0.7190718331983107
