Iteration,Energy,Loss Function,Bias
0,0.14705332664130993,0.20051980965081678,0.0
1,0.028742762394576033,0.03714979557370784,0.25008740669920465
2,0.004146161359614137,0.012237843375433745,1.0119519044469876
3,0.0028304714708029615,0.00987979934793809,1.1502206721035821
4,0.0028304714708029615,0.009801607700568418,1.284938551727884
5,0.0026264365894720894,0.009325375868210226,1.728221233829572
6,0.0026264365894720894,0.009259515862011049,1.9330043073020264
