Iteration,Energy,Loss Function,Bias
0,0.031131512825950402,0.1706483651547321,0.0
1,0.011038050639591025,0.0035657851130441137,0.44387778378137493
2,0.008337476941836536,-0.00029969618123088816,0.5155406942734297
3,0.0053533915840390045,-0.0016744352877668084,0.5108221929381408
4,0.007229300041741302,-0.002666394537846638,0.529216574316475
5,0.0020471442559297443,-0.0031832105146697184,0.5566221743839791
6,0.0017466114615261594,-0.003775655707420932,0.5795503725883397
7,0.0016300361337635279,-0.004346217155307252,0.6227304690735633
8,0.0016300361337635279,-0.004815375818718921,0.6650730583870298
9,0.0016300361337635279,-0.005329044614612301,0.6775743416587671
10,0.0016300361337635279,-0.005648446887512965,0.7005791250515675
11,0.0013188648577513568,-0.005935976546389676,0.730170822386471
12,0.0013188648577513568,-0.006062043220938784,0.7529656906542718
13,0.0013188648577513568,-0.006166858703143891,0.7768504692467123
14,0.0013188648577513568,-0.006266467424668307,0.8011814540246014
15,0.0013188648577513568,-0.006350657937454608,0.8222385178808774
16,0.0013188648577513568,-0.00643995146930977,0.8347264814128234
17,0.0013188648577513568,-0.006547511229983925,0.8430217963161806
18,0.0013188648577513568,-0.006636494098198436,0.850295948620167
19,0.0013188648577513568,-0.006725497329054889,0.8614963497951682
20,0.0013188648577513568,-0.0067962649388843945,0.8742145275653512
21,0.0013188648577513568,-0.006836989515739044,0.8843894648161976
22,0.0013188648577513568,-0.00685451481837363,0.8941589229243272
23,0.0013188648577513568,-0.006855543787085846,0.8991670875481321
