Iteration,Energy,Loss Function,Bias
0,0.14705332664130993,0.1980483957983895,0.0
1,0.05154677122965786,0.06482010640043763,0.07101238923835392
2,0.037401687476398125,0.0428937618602702,0.2055106687782679
3,0.002531552330745394,0.018326045001956552,0.26337677477864846
4,0.0013763397271304544,0.012521073113226689,0.3468004848086056
5,0.0011373162982508268,0.011290957504768653,0.3800866796846885
6,0.0005949481927523147,0.010586644414668321,0.42843851972843416
7,0.0005949481927523147,0.010263983759154943,0.48307685395181466
8,0.0006470116026408209,0.01023621663013458,1.0516470931076878
