Iteration,Energy,Loss Function,Bias
0,0.14705332664130993,0.1854101347773411,0.0
1,0.062207340277918556,0.06127133072442724,0.056441549966831414
2,0.030342532016784777,0.038046372688084217,0.07994692215917892
3,0.019465822615418148,0.020865495944637512,0.11679349445871992
4,0.009802379535294616,0.010151604775921426,0.1518006638678524
5,0.0008019306401045729,0.001215040804542461,0.27277483148760034
6,0.0006562534553157372,0.0007244416910091898,0.4062024046983231
7,0.0006562534553157372,0.0006710793082959825,0.4791742891893172
8,0.0005907759272752837,0.000625659702820194,0.6476257050175753
