Iteration,Energy,Loss Function,Bias
0,0.22460679446139065,0.1608943425061312,0.0
1,0.05007470118209876,0.012037680610857348,0.8953889393614369
