Iteration,Energy,Loss Function,Bias
0,0.061858335851732234,0.15818881941054214,0.0
1,0.061858335851732234,0.017279217795568125,1.0038304861988343
2,0.061858335851732234,0.009992710586038612,0.7592903996201971
3,0.061858335851732234,0.0099688343573372,0.6938110482125487
