Iteration,Energy,Loss Function,Bias
0,0.061858335851732234,0.1560137194704144,0.0
1,0.061858335851732234,0.016435836396858628,1.007984977279634
2,0.061858335851732234,0.012133160231723504,0.8971329612108159
3,0.061858335851732234,0.009171611482050243,0.7171461739208355
