Iteration,Energy,Loss Function,Bias
0,0.1695042425272787,0.1699399655237742,0.0
1,0.05958499447939323,0.010847517056316088,0.8539568789547218
