Iteration,Energy,Loss Function,Bias
0,0.14705332664130993,0.19315349495576814,0.0
1,0.001638922247101007,0.017200881743926602,0.45494198598794905
2,0.00889868818703922,0.016929034808038215,0.6830736841157945
3,0.010863612076025563,0.01608190813347117,1.5430903980398416
4,0.004322771279189113,0.015984859146695233,1.6635274892990928
