Iteration,Energy,Loss Function,Bias
0,0.04387434554825353,0.2521629720685801,0.0
1,0.002077497831479321,0.08219770037353988,0.31956592345224594
2,0.004777616643918731,0.07221025448575345,0.885310413741921
3,0.011347915969803824,0.060883490148500655,0.9371600834801461
