Iteration,Energy,Loss Function,Bias
0,0.05186504875258771,0.10462741513000265,0.0
1,0.00032647378852103376,0.0067009030957628285,0.3037089063642634
2,0.016384831210627667,0.0005337786034120241,0.9303212325299124
3,0.0010480857919407897,-0.005309291011879168,1.0031216213930965
4,0.00061954011019953,-0.005927989947225934,1.3401073886696508
5,0.000548957514434317,-0.006213862497411862,1.5920612280252502
6,0.0004822050781284412,-0.0062276715719208385,2.1644632571576965
