Iteration,Energy,Loss Function,Bias
0,0.05963406368069698,0.2725929222140138,0.0
1,0.024969292645517113,0.12198338120013859,0.1847701480153807
2,0.011286962439465555,0.08859377658221948,0.6088194642716271
3,0.0022264425054663506,0.08550166555167325,0.7780960928616294
4,0.004718128729642594,0.08065771292208562,0.7900848848622907
