Iteration,Energy,Loss Function,Bias
0,0.14479960203386424,0.16585436261465702,0.0
1,0.06086176974444665,0.08409397150260846,0.14511564263981605
2,0.025040685251713973,0.04561074644980911,0.2155380913256021
3,0.017269556653116813,0.03939556381335832,0.2390945630068643
4,0.017838464686389013,0.038455289053275714,0.2690543779788102
5,0.016256609034899394,0.03724518264406069,0.30039101854061373
6,0.01610287205230161,0.03689707808211102,0.3538008290625482
7,0.011821491549831212,0.03278092091776228,0.46977570868874036
8,0.012068545842235217,0.02884368370044659,1.1133690293512162
