Iteration,Energy,Loss Function,Bias
0,0.05186504875258771,0.12658880110790507,0.0
1,0.035524513685129835,0.008855040976340746,0.6542639074331779
2,0.002208972580921121,0.004992117701413821,1.2483325638161786
