Iteration,Energy,Loss Function,Bias
0,0.061858335851732234,0.15930438748159706,0.0
1,0.061858335851732234,0.016187553396451462,1.0025340258963342
2,0.061858335851732234,0.011884898873008979,0.8924831605249302
3,0.061858335851732234,0.008902876719260652,0.7143241828687125
