Iteration,Energy,Loss Function,Bias
0,0.1695042425272787,0.18098338274961528,0.0
1,0.008490715880555756,0.02809288239392554,0.26556105968802585
2,0.013629079829746316,0.02600488341502795,1.1959399252488048
3,0.009841729976107617,0.022940536326143443,1.2133636009954611
4,0.0007653642781859303,0.019975414968021434,1.2837318166532035
5,0.0007653642781859303,0.01814299128012091,1.3759908201294127
6,0.00042170937516182764,0.01637729825677257,1.7433603966816007
7,0.000266094323651493,0.015769363199394888,1.8328902207106026
8,0.0015980846246521126,0.014462025345639479,2.5745003807054214
