Iteration,Energy,Loss Function,Bias
0,0.05963406368069698,0.2645869344567568,0.0
1,0.021091455994451187,0.10522538314272643,0.23929172358382034
2,0.0035251447532262583,0.08547479187420058,0.7335078474285708
3,0.017247525682113553,0.07224432702919645,0.8625613841697143
