Iteration,Energy,Loss Function,Bias
0,0.22460679446139065,0.17012495345701314,0.0
1,0.0029384044965370267,0.032501552733201274,0.3217527475219874
2,0.01584350508719665,0.006131180624068103,0.8407912518042604
3,0.0031602645502078093,0.0037043630372526988,1.1023891936267058
4,0.0012425887361433305,0.0026655370585165383,1.3209073965550375
