Iteration,Energy,Loss Function,Bias
0,0.04387434554825353,0.2021610566872759,0.0
1,0.0026853453386963817,0.0296094997988032,0.32060428548406567
2,0.008590524611145463,0.02037451516927379,0.9024730317917089
3,0.012176358231187512,0.016359543604738166,0.939271322960539
