Iteration,Energy,Loss Function,Bias
0,0.14479960203386424,0.17384113943288393,0.0
1,0.002573092330158292,0.01400853158243175,0.7734350104077079
2,0.006681846857001085,0.013520321235964671,0.928310852700103
