Iteration,Energy,Loss Function,Bias
0,0.061858335851732234,0.1577583108238459,0.0
1,0.061858335851732234,0.017140739062257306,1.0054079969596827
2,0.061858335851732234,0.009882090187409496,0.7607279024485578
3,0.061858335851732234,0.00986202819125157,0.6960698759258646
