Iteration,Energy,Loss Function,Bias
0,0.14479960203386424,0.1603760026743863,0.0
1,0.050427600897577564,0.04102934198084923,0.40459456140471817
2,0.0018148989526881423,-0.003768768929492345,0.8518959448306404
3,0.0007791663603886782,-0.003783175298940279,1.0521947839463122
4,0.002083445372505261,-0.00462647229603634,1.6387220122784147
5,0.002083445372505261,-0.004754220171912583,1.830454651976547
6,0.002083445372505261,-0.004822067143211553,1.9732771389116457
7,0.0024361486757987897,-0.004899213223339035,2.326614959857043
