Iteration,Energy,Loss Function,Bias
0,0.1695042425272787,0.17081478655625082,0.0
1,0.02485911948323163,0.029945911492687202,0.21410049651300458
2,0.0027524547353041996,0.010902009160230442,0.7655336817564681
3,0.00047013571383950075,0.010660016377279685,1.1242898468756821
4,0.00047638388851908495,0.009055749858539776,1.380872895153947
5,0.0006796972722874822,0.00820942639930738,1.9247543420903281
6,0.0008474670608974498,0.008131137040713493,2.225627961136201
