Iteration,Energy,Loss Function,Bias
0,0.061858335851732234,0.25873450978951473,0.0
1,0.016757123812789133,0.14404862940223578,0.40153996165324496
2,0.0015139322597689602,0.10165291480788896,0.7166290171315974
3,0.0013488052302593405,0.09463806104727492,0.7531541450773678
4,0.01187600218836578,0.08619993930650856,0.7786608424750032
5,0.0053167570998301755,0.07859346049400201,0.7897893454675311
6,0.008364263867500813,0.07472824712703487,0.7825304411164108
