Iteration,Energy,Loss Function,Bias
0,0.061858335851732234,0.15694815052857894,0.0
1,0.061858335851732234,0.01633701515548262,1.0053574998233978
2,0.061858335851732234,0.012395933529264026,0.9066206902175945
3,0.061858335851732234,0.00889519762122455,0.7198332037673253
