Iteration,Energy,Loss Function,Bias
0,0.061858335851732234,0.17311834228755119,0.0
1,0.024279924907162635,0.0119243100551026,0.6719913171293498
2,0.01245865125533584,0.011312316860959879,0.6382473493611612
3,0.016793800415706116,0.011263984899862273,0.5963265716911973
4,0.015338613492804092,0.011246464430642412,0.5892470706683784
5,0.015417382598905745,0.011187090610838439,0.5694510298325371
6,0.015417382598905745,0.011172746978723816,0.5672470363004524
7,0.0116388152186797,0.011140160816686763,0.5662611505156829
8,0.008230946504750055,0.01111324460225622,0.5655600747589432
