Iteration,Energy,Loss Function,Bias
0,0.061858335851732234,0.18121100395819179,0.0
1,0.0038494590938116325,0.03948944996684687,0.3403418950560301
2,0.007054763606055489,0.017927809015401006,0.837397378685561
3,0.005744664644955904,0.01668197107643241,0.8150793780075627
4,0.006438533852291866,0.01664238038714602,0.8126828471919003
