Iteration,Energy,Loss Function,Bias
0,0.1695042425272787,0.18404558288094425,0.0
1,0.005701663469427442,0.023270492598104698,0.33744110716546966
2,0.010291212508358108,0.018267437765288313,0.5595957981969574
3,0.0009390921808376946,0.01707672501266068,1.2584262226480745
4,0.0009390921808376946,0.01684853405436302,1.4447830517803684
5,0.0010385503766280498,0.01669433849449077,1.7395315706931216
6,0.0008196647834301933,0.015045459347975932,2.2462072883414748
7,0.0011169418812312182,0.014840786143709274,2.7121728546795194
