Iteration,Energy,Loss Function,Bias
0,0.0011332154792776902,0.16157429202105641,0.0
1,0.061858335851732234,0.03676707966593815,0.8985789785165342
2,0.04556710285112969,0.033048412637847246,0.6335461325050886
