Iteration,Energy,Loss Function,Bias
0,0.1695042425272787,0.16501425650371151,0.0
1,0.005701663469427442,0.005495431905546139,0.3357797831686247
2,0.009180091499379574,-0.0014687464840515507,0.5865956078570365
3,0.000758584931860148,-0.0048542942758611485,1.5380601248964376
