Iteration,Energy,Loss Function,Bias
0,0.061858335851732234,0.1783719219578099,0.0
1,0.0035576803497404342,0.017746210216467603,0.4728441738625156
2,0.010955933174842952,0.013888344747163488,0.566615050575556
3,0.0026886925744099076,0.013646072439769499,0.5322790274839393
4,0.0043599824795975935,0.013296104842687104,0.5349548216162846
5,0.007278738481947153,0.012856976840320581,0.5417730310050796
6,0.008377773208703842,0.012367475714312303,0.5647730404000165
7,0.01131868862564569,0.012340348256575798,0.5686763760389509
8,0.010371253778947381,0.012337758562201305,0.5749176237116878
