Iteration,Energy,Loss Function,Bias
0,0.05963406368069698,0.3114011114408762,0.0
1,0.024969292645517113,0.1619993298353458,0.1833370656824845
2,0.0048246695076813685,0.12761347089391029,0.5346223826268488
3,0.0015957091097432766,0.12115154233448097,0.6585407460903474
4,0.0013107723295627208,0.11197765259810395,0.6721385577531793
5,0.00087893364547619,0.11011186063996554,0.6774389572996333
6,0.0008661765998292152,0.10934913159361906,0.6818507690567821
