Iteration,Energy,Loss Function,Bias
0,0.02942007670238154,0.18112797937405947,0.0
1,0.011038050639591025,0.013749595768148458,0.44648837067550295
2,0.005822344054725179,0.010364932051998333,0.49974741453855087
3,0.001349271999001808,0.009991934607038675,0.49002235042046943
4,0.0011599473549205408,0.009440971375658727,0.48545097292318895
5,0.0010616583591140176,0.008807150258850352,0.4884958037314821
6,0.006109062682173851,0.008240718685059427,0.506353938382288
7,0.006400854138233372,0.007844748215802066,0.5225020890286798
8,0.0025924662078433717,0.007527412681437064,0.5228806497065784
9,0.0017972345500053629,0.007387411440176386,0.5189761952226325
10,0.0017424245777054473,0.007272545204543937,0.5144455381453275
11,0.007024438957867323,0.00710521486968699,0.5109319320839927
12,0.009602313344023361,0.00684043217817812,0.5029246233547554
13,0.00718606181216327,0.006652742022510224,0.4901052868619544
14,0.00718606181216327,0.006640789014507442,0.4887682636504234
15,0.007848420799768323,0.006629794229240623,0.4890991439016092
