Iteration,Energy,Loss Function,Bias
0,0.061858335851732234,0.15121748471329605,0.0
1,0.061858335851732234,0.016851492252212833,1.0055594629476654
2,0.061858335851732234,0.012291321093148379,0.8919199988835921
3,0.061858335851732234,0.008995863242338467,0.7071776442107485
