Iteration,Energy,Loss Function,Bias
0,0.05934023090121543,0.16665231230556865,0.0
1,0.05934023090121543,0.01749691161857799,0.8752726468336024
2,0.04495515790536914,0.011599957123465917,0.7348046919286697
3,0.029629316203110725,0.0104481541973323,0.6606262308665884
4,0.021523623834410914,0.010375957901837934,0.6424931940518406
5,0.021523623834410914,0.01030556624072159,0.6083849125963285
6,0.021523623834410914,0.010274206552590478,0.594600901239128
7,0.03314671767496741,0.010208435973928022,0.5798478532863351
8,0.04340267802512487,0.01012671843915311,0.5505727945689234
9,0.04340267802512487,0.010108521080160039,0.543016747294739
10,0.04170814064453486,0.01006152560378824,0.5364325250937709
11,0.04422347429100792,0.009951291973472975,0.5220546827791348
12,0.04422347429100792,0.009890050099284045,0.5156855175999905
13,0.03969559523328758,0.009721654907746489,0.5002931503342937
14,0.033194132445475276,0.00960321369659488,0.49121699044817646
15,0.03516061675320189,0.00949532227963315,0.48488517079076726
16,0.03344562780829999,0.00939001393341556,0.4791173330882512
17,0.02986397687278018,0.009289076774164106,0.47369900028586504
18,0.036361851816490584,0.009193457451707151,0.46942177277797
19,0.03796298574045705,0.009098657332609516,0.4673908636591093
20,0.0397821997871064,0.00901380022006692,0.468085736663758
21,0.04183562737396262,0.008990869180677001,0.4693479820749917
