Iteration,Energy,Loss Function,Bias
0,0.1695042425272787,0.17845684291280678,0.0
1,0.022880738309499174,0.037697793816588485,0.21424625262469887
2,0.0027524547353041996,0.018707837039561092,0.7543144424249661
3,0.001291752080765893,0.017185403935455132,1.1154410893147229
4,0.001291752080765893,0.016748074324002576,1.1984132361424442
5,0.0006768032049508684,0.016401389739613866,1.7666069836692317
