Iteration,Energy,Loss Function,Bias
0,0.22460679446139065,0.17860139899234984,0.0
1,0.06900634402535541,0.09072130865000391,0.18774029018611404
2,0.01315881459646241,0.019913946756448836,0.3038141352901589
3,0.0011012287687804934,0.011278004520265792,0.9342239134109482
4,0.0010373903384475768,0.009816515574570502,1.2628390203999305
5,0.0008655865480047328,0.009108901812414852,1.3833120681796989
6,0.0008513609364851143,0.008907340781612377,2.018467308454382
