Iteration,Energy,Loss Function,Bias
0,0.061858335851732234,0.18569017159732734,0.0
1,0.05958499447939323,0.027073785009268197,0.861100062471356
2,0.034987962124646055,0.02485722655779321,0.6215667616465037
