Iteration,Energy,Loss Function,Bias
0,0.0011332154792776902,0.15314687651932768,0.0
1,0.061858335851732234,0.03039365022457543,0.9031675681609751
2,0.051550719428891695,0.02462989216243114,0.6864044303425116
