Iteration,Energy,Loss Function,Bias
0,0.061858335851732234,0.15626793046090207,0.0
1,0.061858335851732234,0.016684051787546676,1.0079744043005483
2,0.061858335851732234,0.011332102327400352,0.8622495100671907
3,0.061858335851732234,0.00952577425197186,0.7017124577140128
