Iteration,Energy,Loss Function,Bias
0,0.05186504875258771,0.1183991732233335,0.0
1,0.03897959865884062,0.038595506959687685,0.23226732400488573
2,0.002670627037929757,0.023343961017110594,0.4715558557845845
3,0.0016501077532333935,0.021885120065541486,0.6390657537436433
4,0.0016501077532333935,0.020134754640532115,0.6748838376679572
5,0.004887577269477493,0.016512728179044832,0.9705949150504359
