Iteration,Energy,Loss Function,Bias
0,0.0011332154792776902,0.17000170752278515,0.0
1,0.061858335851732234,0.04263427485745793,0.8932972377702574
2,0.04556710285112969,0.041104185636647306,0.5842318774372149
