Iteration,Energy,Loss Function,Bias
0,0.22460679446139065,0.16482796702562671,0.0
1,0.0035576803497404342,0.007260115332939902,0.4496336292599109
2,0.013354274401646911,0.0030081265327236337,0.7802729723659789
3,0.006029888046636358,-0.0022797819089635483,1.284474779888739
4,0.00674450238175297,-0.0024713688804767335,1.4976209507778173
