Iteration,Energy,Loss Function,Bias
0,0.14479960203386424,0.1732037035665229,0.0
1,0.0562689436942341,0.08561226795322134,0.2631609001423324
2,0.006009879577259079,0.02808051110101725,0.4916360764591262
3,0.0011700340026400125,0.018173922791498445,0.6368178986390621
4,0.0026709183779636443,0.016405773984612366,0.98704729182884
5,0.003209714722639702,0.016399325428123872,1.1512494691019055
