Iteration,Energy,Loss Function,Bias
0,0.05934023090121543,0.18953952112938133,0.0
1,0.05934023090121543,0.04216115278124642,0.8710663323035389
2,0.019957778141792584,0.03730979422866228,0.5119928993951359
