Iteration,Energy,Loss Function,Bias
0,0.061858335851732234,0.17423547627110691,0.0
1,0.05958499447939323,0.015548149806396405,0.857620733550598
2,0.056897360167778174,0.010281149490696535,0.7217030451663019
3,0.056897360167778174,0.010081412777966037,0.6937030866247107
4,0.03806888161963624,0.010076016893934489,0.6872896792929896
