Iteration,Energy,Loss Function,Bias
0,0.22460679446139065,0.16443567900567546,0.0
1,0.02540621696685023,0.055774849814268064,0.24161326402876318
2,0.0022801838014647117,-0.001739733829357103,0.4553996614435121
3,0.001401430931297911,-0.0036725963454676282,0.5973596891080543
4,0.0014024711692885079,-0.004425606893144109,0.6697148142255754
5,0.001322012349588828,-0.005602656376199207,0.8398034235194016
6,0.0012343623183489873,-0.006019869795469128,0.9096080058123881
7,0.0012343623183489873,-0.006615711588060287,1.050008093094024
8,0.0009665934674173781,-0.006968674953515378,1.2804449402332683
