Iteration,Energy,Loss Function,Bias
0,0.22460679446139065,0.17699862245565656,0.0
1,0.027970578458018248,0.06642035713686342,0.24084891525497013
2,0.0018831947120151518,0.011127464301209191,0.4603767836669035
3,0.0018931037782069313,0.009889000070667406,0.5780196865526768
4,0.006041303100475425,0.009656814070439381,0.9988024131879375
