Iteration,Energy,Loss Function,Bias
0,0.061858335851732234,0.15717962489865522,0.0
1,0.061858335851732234,0.01656839578996958,1.0053738983507379
2,0.061858335851732234,0.011148015970169142,0.859217130091393
3,0.061858335851732234,0.009230355340509465,0.6988975374618923
