Iteration,Energy,Loss Function,Bias
0,0.05186504875258771,0.1307254446137136,0.0
1,0.035524513685129835,0.012774356964842526,0.6532434972554918
2,0.002208972580921121,0.009529366327757255,1.2477237390746232
