Iteration,Energy,Loss Function,Bias
0,0.14705332664130993,0.18966057784194987,0.0
1,0.002310977398906558,0.015574969912374467,0.3323946871995783
2,0.0064931731418323415,0.007450590998897458,0.7064327460121202
3,0.003869086192457314,0.0036939180699630835,0.8777685703033339
4,0.002036954014531798,0.0028699543082683055,1.0220191545610322
5,0.002036954014531798,0.0025401936135102223,1.2179446002827181
6,0.0010968581797783897,0.002042969838718529,1.5825373182723472
7,0.0010968581797783897,0.0019509021469535266,1.7822086463716118
8,0.0011645237100975578,0.0019277904347845879,1.9695887367997464
