Iteration,Energy,Loss Function,Bias
0,0.05186504875258771,0.10360283510081852,0.0
1,0.023061633215971076,0.04091788242891186,0.1850889115106238
2,0.002115206999611673,0.010575858267831592,0.3207225290124861
3,0.0008892785694315828,0.010070990643609444,0.3728344346293233
