Iteration,Energy,Loss Function,Bias
0,0.1695042425272787,0.17578540069849108,0.0
1,0.09208196082493748,0.09117977645600586,0.1469746264485864
2,0.0020407327669246275,0.02431615339732765,0.24310861698693031
3,0.002315751673574341,0.01999127405305674,0.403105293885023
4,0.0015782876097767567,0.019323514401611668,0.744143443631865
