Iteration,Energy,Loss Function,Bias
0,0.14705332664130993,0.18262454416347002,0.0
1,0.037686880633105505,0.043025164706224445,0.09231438955533422
2,0.036193247457756296,0.014604170735559883,0.3062157637004544
3,0.0010336846774963546,-0.005967036122855516,0.38457445546588326
4,0.0005682749660549116,-0.008581315047697739,0.686925533241958
5,0.0007239325325537492,-0.009237310791266762,0.8669385263768351
6,0.0007239325325537492,-0.009632551475709676,0.9582950157401797
7,0.0008902865148618872,-0.009808402000532894,1.3428084763391241
