Iteration,Energy,Loss Function,Bias
0,0.061858335851732234,0.17910688942053718,0.0
1,0.010694192278289017,0.03687438548505538,0.5311589973068463
2,0.039745211997735355,0.025137802546214207,1.2326520328316501
3,0.0039003528232505126,0.015412366779968769,1.226033051896129
4,0.012100864598046481,0.014365491309187716,1.234823289853045
5,0.007134677692790011,0.014297101496283531,1.2252000287213496
