Iteration,Energy,Loss Function,Bias
0,0.14705332664130993,0.18810164846060332,0.0
1,0.001638922247101007,0.011782396986553482,0.45578101371286384
2,0.00889868818703922,0.011585609120164491,0.6848296092084016
