Iteration,Energy,Loss Function,Bias
0,0.061858335851732234,0.17280363935532936,0.0
1,0.05958499447939323,0.014016700213530162,0.857065564950908
2,0.056897360167778174,0.008779194884817517,0.736592575391146
3,0.03806888161963624,0.008316615912721044,0.6997059943452016
4,0.03806888161963624,0.00829750590979564,0.692494604885064
5,0.03806888161963624,0.008296126947609568,0.6785297732670419
