Iteration,Energy,Loss Function,Bias
0,0.14705332664130993,0.18628267080505234,0.0
1,0.028742762394576033,0.021669714772608435,0.25026320061099694
2,0.002411280550912126,-0.002573947271252861,1.004213075956903
3,0.0021810418194338427,-0.004147563807240164,1.435844974024214
4,0.0021810418194338427,-0.0047698508699386254,1.5395004082156243
