Iteration,Energy,Loss Function,Bias
0,0.061858335851732234,0.1828726819075602,0.0
1,0.05960082259679148,0.03255250879801352,0.9498749824256857
2,0.03023458999844882,0.031393198491976644,0.6970029510359841
