Iteration,Energy,Loss Function,Bias
0,0.1695042425272787,0.1506439927897561,0.0
1,0.08625008764110852,0.06508625241601063,0.14691308291486893
2,0.00781273963881813,-0.0009134540120427711,0.24176542945917517
3,0.0036322642092050015,-0.004973228621132077,0.8057384492684336
4,0.0014648175083729756,-0.007963159588541774,0.8738549753095851
5,0.0012049198080563833,-0.00881914628088511,1.0404518220815429
6,0.0006252916123357554,-0.009146794183058877,1.379127147702237
