Iteration,Energy,Loss Function,Bias
0,0.14479960203386424,0.15157446217537995,0.0
1,0.0562689436942341,0.0589708030792965,0.26184370961247627
2,0.003475076491923878,0.00432641497779445,0.5075708550314457
3,0.0011700340026400125,-0.00507268102837556,0.650801805313763
4,0.0013735665704550225,-0.006399004531664537,0.8955113727821141
5,0.002448582561286671,-0.006639630055013758,1.3072270353611415
6,0.0014640978903039516,-0.007589740124680415,1.7696156263789355
