Iteration,Energy,Loss Function,Bias
0,0.061858335851732234,0.1571153004291943,0.0
1,0.061858335851732234,0.01750276483581137,1.0079300417787154
2,0.061858335851732234,0.010342252887820256,0.7634588330061245
