Iteration,Energy,Loss Function,Bias
0,0.14705332664130993,0.17799795547027372,0.0
1,0.002074030987762211,0.0008899013186517843,0.4573297013314722
2,0.00889868818703922,0.0003660072290495379,0.6937081962325203
3,0.0061839705987591495,-0.0006478015200066107,0.9344375544019324
4,0.00424099343283682,-0.0013622142628062456,1.4694796201888911
