Iteration,Energy,Loss Function,Bias
0,0.061858335851732234,0.15908153049617998,0.0
1,0.061858335851732234,0.015968553590721583,1.002511995372497
2,0.061858335851732234,0.01299446103517645,0.9304368796492999
3,0.061858335851732234,0.008661936477303884,0.7315085834599432
