Iteration,Energy,Loss Function,Bias
0,0.05186504875258771,0.12519348478213183,0.0
1,0.0008572868302440741,0.009881489948688768,0.43623759789401606
2,0.0029554802757771393,0.009855576254829664,0.5313107857660985
