Iteration,Energy,Loss Function,Bias
0,0.061858335851732234,0.19284935617621513,0.0
1,0.05958499447939323,0.03365828186450538,0.862450512139574
2,0.04028239368116459,0.03174881505039419,0.6428264515603533
