Iteration,Energy,Loss Function,Bias
0,0.061858335851732234,0.15738404814428594,0.0
1,0.061858335851732234,0.01647867980507169,1.0038368600257845
2,0.061858335851732234,0.012140122704120439,0.8932287224173256
3,0.061858335851732234,0.009080159208369179,0.7133871999277466
