Iteration,Energy,Loss Function,Bias
0,0.14705332664130993,0.19591081726461287,0.0
1,0.0026853453386963817,0.022264511557694357,0.33196471996324706
2,0.02409013426945335,0.021759633969500005,1.5847081741819578
3,0.01635441762975156,0.018205167760030186,1.6084414596654177
4,0.0028042178640652355,0.010289445774803155,1.8717606567153515
5,0.0028042178640652355,0.008820076648534835,2.250102857658852
