Iteration,Energy,Loss Function,Bias
0,0.061858335851732234,0.15849834682064068,0.0
1,0.061858335851732234,0.017584750511974376,1.0038256012017504
2,0.061858335851732234,0.01588493754763184,0.5410879989790695
