Iteration,Energy,Loss Function,Bias
0,0.05963406368069698,0.23378473298715138,0.0
1,0.026172530290903398,0.08175090369490566,0.1853219825626603
2,0.004244421644337892,0.04411092188217273,0.6203059865191515
3,0.0068521692887206186,0.04085159327306806,0.7748232869665967
4,0.0011886776316394434,0.03995920191070681,0.791328311052059
5,0.0010649176945175909,0.039852037623524045,0.7927259527659454
6,0.002110949127044934,0.03941259908596125,0.7986549167979239
7,0.0032269297610711956,0.03904833542151564,0.7974210689418713
