Iteration,Energy,Loss Function,Bias
0,0.061858335851732234,0.15190008507605895,0.0
1,0.061858335851732234,0.0175126347053714,1.005508161109933
2,0.061858335851732234,0.010548671025445286,0.8041621056290911
3,0.061858335851732234,0.010039866407354148,0.6671680922994819
