Iteration,Energy,Loss Function,Bias
0,0.02334320209182591,0.17039999008374357,0.0
1,0.016022504400079057,0.002658867624541128,0.6307469172966611
2,0.007614080617096115,0.0011187919782706852,0.5729303472445385
3,0.004118893298588971,2.4860482212424013e-05,0.5965138504407819
4,0.004691517651398322,-0.0009896850729286262,0.6386444381729496
5,0.004691517651398322,-0.0015755888560437443,0.68935520508228
6,0.004116298611541336,-0.0022492338900786508,0.7754780000778312
7,0.004116298611541336,-0.0026432360121865814,0.8528976147221562
8,0.004116298611541336,-0.002832546436094029,0.9044768441234974
9,0.0023540673077367623,-0.003013005814964748,0.9530497768949132
10,0.0023540673077367623,-0.0032022480952362655,0.9969888970269384
11,0.0023540673077367623,-0.003410217577640737,1.0400061360933508
12,0.0023540673077367623,-0.0035986092877106366,1.0668170503789018
13,0.0023540673077367623,-0.003757125971793308,1.0848012822201987
14,0.0019395794173346175,-0.0038346835132907417,1.0974612491626838
15,0.0019395794173346175,-0.0038551077387337755,1.1181065757912896
16,0.0019395794173346175,-0.003855135599245512,1.1264447650307825
17,0.0019395794173346175,-0.0038556275062835007,1.1394763312188285
