Iteration,Energy,Loss Function,Bias
0,0.05960082259679148,0.19649955248050113,0.0
1,0.07596700089726134,0.10450770811199814,0.3041429377709542
2,0.005389389551923206,0.042377823745475864,0.511430770202304
3,0.0008816542123362762,0.041634131618277476,0.6953523075764567
4,0.001515844790953235,0.04151435256073419,0.6933744142631902
