Iteration,Energy,Loss Function,Bias
0,0.22460679446139065,0.17071715073066598,0.0
1,0.02540621696685023,0.06108386516111417,0.241241955222939
2,0.0018831947120151518,0.0047084291571926895,0.4578849592122133
3,0.0018931037782069313,0.003318711079845997,0.5841011649001309
4,0.004109540883128375,0.0026020269914319547,0.8616692921333844
