Iteration,Energy,Loss Function,Bias
0,0.14479960203386424,0.16070269373158924,0.0
1,0.058172557628708065,0.07458929988687237,0.18924156858178687
2,0.03780805184040118,0.044793001291078424,0.4283494456563165
3,0.002113494623260867,0.014880962647039126,0.555155262095309
4,0.002018298509581937,0.013097598398437892,0.8829428418125282
