Iteration,Energy,Loss Function,Bias
0,0.05186504875258771,0.13629204551587024,0.0
1,0.061858335851732234,0.015882068276414276,0.9024029545749196
