Iteration,Energy,Loss Function,Bias
0,0.061858335851732234,0.16027010108507098,0.0
1,0.061858335851732234,0.01712437111642438,1.0026154808447387
2,0.061858335851732234,0.009989533185726908,0.7600029068125909
