Iteration,Energy,Loss Function,Bias
0,0.061858335851732234,0.16482796702562671,0.0
1,0.0035576803497404342,0.006152694205897983,0.4699527447600292
2,0.010691796388032164,0.00028386962906988507,0.618125412470825
3,0.0026014814778529335,-0.0024333991812184844,0.596982377423477
4,0.002378929118168036,-0.0032401050942228176,0.6116826920146069
5,0.0030857266152385246,-0.00442027344004912,0.6266277769480376
6,0.00204572122187209,-0.005196543624552482,0.6284810151395395
7,0.0016363238467593238,-0.005655299913195724,0.6182128305385688
8,0.0016363238467593238,-0.005904427551784543,0.6169442126935474
9,0.0016363238467593238,-0.006295377870606373,0.612058074920112
10,0.0020676088041710265,-0.006620226574724574,0.608365210215378
11,0.0020676088041710265,-0.006759882341075175,0.611120649750133
12,0.0020676088041710265,-0.006956566138459161,0.6214509173721544
13,0.0015196083301663853,-0.007145016559785082,0.6356756026891137
14,0.0015196083301663853,-0.007260839066838358,0.6439681042292759
15,0.0014283429755064534,-0.007400843356367249,0.657305028428507
16,0.0014283429755064534,-0.007467607780223671,0.6656843267078033
17,0.0014283429755064534,-0.0075459974062762605,0.675801704307568
18,0.0015196083301663853,-0.007632846405782973,0.6863282146767297
19,0.0015196083301663853,-0.007729286178911257,0.6979729550398988
20,0.0015196083301663853,-0.007834623296506915,0.7068329191417194
21,0.0014974507297131757,-0.007981244717670002,0.7161167151701977
22,0.0014974507297131757,-0.008176782415430767,0.7328954663637436
23,0.0014974507297131757,-0.008352450608800223,0.7728418694353445
24,0.0014974507297131757,-0.008426704032564111,0.7628601344470382
25,0.0014974507297131757,-0.008515201615564495,0.7649911823594212
26,0.0014974507297131757,-0.008596478556023036,0.7740708309104237
27,0.0014974507297131757,-0.008654078096808177,0.7828580606617488
28,0.0014974507297131757,-0.008689862101983734,0.7905184131922518
29,0.0014974507297131757,-0.008720116592023566,0.7972897152834891
30,0.0014974507297131757,-0.008751299684241718,0.8034550645466966
31,0.0014974507297131757,-0.00877453463385207,0.8103546548499254
