{
  "iter": 145,
  "loss": 0.003583639969135823,
  "cost": 0.0007198936742783065,
  "parameters": [
    1.877433082948743,
    4.021772566988878,
    5.591737915426754,
    1.064851713550981,
    1.668339217049027,
    4.924858419379404,
    5.48717822690578,
    2.676810353114752,
    1.4327085980986818,
    0.300650874805961,
    0.9259418352875528,
    1.304809411387491,
    3.7841761082964696,
    0.5146367343871842,
    2.740901375900395,
    4.71878239768321,
    3.728532637448937,
    0.749623777193385,
    5.0775600989838825,
    3.49815889161876,
    4.98000778102043,
    0.824656554138973,
    0.4039013688333752,
    5.9448253904601245,
    2.7737777697897243,
    1.8948617910405625,
    2.8001928333815425,
    4.214084597062184,
    5.979079565781178,
    1.8908807127525809,
    6.499306241852903,
    -0.4135564140986835,
    3.784401526949345,
    3.180390292930122,
    1.001954021167672,
    1.0631335606523438,
    3.4112423849053877,
    6.442251385605408,
    4.665004213671984,
    5.713769468514388,
    5.68485684275022,
    3.1566964587248223,
    5.709777799598878,
    -0.31310116423617734,
    0.18268488594054275,
    5.136210603196171,
    5.074648342645465,
    0.9016933548173452,
    3.9782200142089237,
    3.973877814922144,
    5.237201330298865,
    3.603898427283056,
    2.4213961442989986,
    2.5931459829493844,
    2.3177206450237775,
    4.572653650279788,
    6.099028529131727,
    3.0264822910636675,
    1.3025597392789015,
    1.266244300356309,
    4.812621933844113,
    5.0642062111800765,
    0.8251347543408125,
    -0.046352054275326585,
    4.369919103688638,
    1.2115604739997634,
    4.785615254861247,
    1.3286613745347668,
    1.048047591889447,
    6.068716293690511,
    0.6378215918258435,
    1.7784658606478119,
    1.0308203824483841,
    0.6193407392923188,
    -0.388357427056234,
    0.4200406834679836,
    0.46198492373308675,
    0.1263399644807254,
    3.550210203870779,
    5.037021514397458,
    2.025029541160658,
    2.240131574222011,
    3.117365975201621,
    6.062248159050866,
    5.299800336559395,
    0.01866284365060248,
    1.1898699899129,
    1.5299483049780043,
    1.5001425012116318,
    3.7927304092680036,
    2.811112843644449,
    -0.49347413626128883,
    3.0149217481355595,
    2.477786704525718,
    1.0441800422533152,
    5.031714288000739,
    0.6128727107648714,
    5.917729636124879,
    0.18007349418490143,
    4.969890981535661,
    5.527581493005271,
    5.540592681548213,
    4.923849940943371,
    4.807312536367631,
    3.8124241544511883,
    4.427456710881457,
    0.5589728606179817,
    2.4839635338697343,
    3.667705480234883,
    5.040102262942579,
    3.4787733412013258,
    1.6420834234535093,
    4.669020418576467,
    1.3533276238804328,
    0.5645642866738108,
    3.622422600997414,
    2.0263031928103663,
    2.229836248701102,
    2.559747022804824,
    2.759420315877322,
    2.7197723390700754,
    1.7569899575561931,
    4.822270805333013,
    2.705083132486471,
    6.15468026042979,
    5.59463741700118,
    2.981092800881882,
    2.7613747045427024,
    3.2133315004439247,
    5.831301396778526,
    4.345990070275015,
    5.1003217298756,
    3.1276075336557754,
    4.341960665784389,
    2.132733772116108
  ],
  "number for cost": 899061861940374189
}