{
  "iter": 122,
  "loss": 0.0009989324873291513,
  "cost": 0.0003903508089772145,
  "parameters": [
    4.029497256132771,
    4.159224542015269,
    5.806980491263389,
    0.8264526213194988,
    3.888115214362081,
    2.6481722017130687,
    3.4103344327932086,
    0.5197133513934933,
    0.34282372799002037,
    1.9589489130541349,
    1.788505214662057,
    2.791453775382276,
    3.571695616992394,
    3.6755583594590675,
    2.5729366156555113,
    2.8189330741543133,
    1.3007779835562963,
    3.285121663902545,
    1.9274749529069959,
    0.38450221815896324,
    2.4134577986484977,
    2.935090852339629,
    1.304763083268422,
    3.375285140565432,
    3.098260877786265,
    4.46909921425521,
    3.9802459250588735,
    4.624433212311521,
    1.5188654133045991,
    4.955559140434103,
    4.3724093538736595,
    2.785686307308148,
    4.237595337226668,
    1.9775409891401596,
    3.465289716270181,
    4.7938859338947815,
    6.0375550520829995,
    5.2510967232844274,
    2.9895302531161114,
    3.7614927655194625,
    5.292383778095356,
    1.358420417117478,
    5.33287624606338,
    2.677819251464613,
    0.8161077670981188,
    0.3391770583170518,
    5.1072880270810925,
    -0.05124116882119737,
    2.20864968864875,
    2.379610535187342,
    1.3013363334682082,
    1.5273375558728555,
    4.438475455955482,
    -0.5374955588621485,
    5.076333356587453,
    5.58661333889786,
    2.3604146791972163,
    0.7604154354812287,
    3.779098589610277,
    0.4387333117960655,
    2.534884292704504,
    6.038285972549198,
    6.23629694347603,
    5.399365671063461,
    1.6379570554023528,
    3.921805712747911,
    3.79125777040964,
    2.026926448573111,
    4.375257963856757,
    0.8288407088042714,
    1.459312635857346,
    3.0414212513619843,
    1.1196869353532886,
    0.48883698812312415,
    5.242701975502874,
    5.844240397248171,
    3.4127651476171477,
    5.658546559395783,
    6.0943634507525575,
    0.9435702143152653,
    3.0034441389736224,
    1.9603764732184608,
    0.6510553198350617,
    4.662735021214419,
    2.341576674611332,
    2.4100124133759104,
    0.8889273014000255,
    0.9556691017016037,
    6.382861887298691,
    0.1740096898081398,
    1.6324520691288475,
    2.445470510663753,
    3.6524173923629912,
    3.920444653327703,
    3.2333965621902623,
    1.003905266950289,
    1.753684912940182,
    4.931250828869474,
    4.4346965456123915,
    4.0886197560408695,
    5.164691795662904,
    4.6318539331479505,
    0.8328395909906917,
    2.3503045409650216,
    3.306621003106006,
    2.1778720706853596,
    5.363347849377308,
    2.259322779622956,
    5.087062090831546,
    5.207152869489471,
    3.5599676449246442,
    6.117473577118061,
    3.9833215022256976,
    5.429539622069121,
    2.483808482644548,
    3.446145357917839,
    3.910456277244586,
    0.9026084709990851,
    2.157185514978567,
    5.919414640998392,
    4.720105245843548,
    1.1232654450723347,
    2.246589455513776,
    1.411177637322748,
    0.21124777389749771,
    5.512547991076279,
    2.052018578495874,
    1.5714717658235948,
    3.271552336617961,
    -0.23778254292461246,
    2.368352828918839,
    4.880824182704149,
    3.600516881980873,
    6.220823862773909,
    4.694302283777847
  ],
  "number for cost": 735629354075965863
}