{
    "Calculated Minimum Energy [norm, row]": [
        0.0015891187739378618,
        -1.386805576150229
    ],
    "Corresponding loss function": 0.1234543554201419,
    "Solution for Minimum Energy": [
        1.0,
        -1.0,
        1.0,
        1.0,
        1.0,
        -1.0,
        1.0,
        1.0,
        -1.0,
        1.0,
        1.0,
        -1.0,
        -1.0,
        1.0,
        -1.0,
        1.0,
        -1.0,
        1.0,
        -1.0,
        1.0,
        1.0,
        -1.0,
        1.0,
        1.0,
        1.0,
        -1.0,
        -1.0,
        1.0,
        1.0,
        1.0,
        1.0,
        -1.0,
        -1.0,
        1.0,
        1.0,
        -1.0,
        1.0,
        -1.0,
        1.0,
        1.0,
        -1.0,
        1.0,
        -1.0,
        1.0,
        -1.0,
        1.0,
        -1.0,
        1.0,
        -1.0,
        1.0,
        1.0,
        1.0,
        1.0,
        -1.0,
        -1.0,
        1.0,
        1.0,
        1.0,
        -1.0,
        -1.0
    ],
    "Corresponding exp value": [
        0.1468134473931268,
        -0.40762615597728236,
        0.06455377931238752,
        0.17439839283659103,
        0.06270410090884869,
        -0.3251802047100819,
        0.4457559144956543,
        0.05936217447930703,
        -0.20813880922857944,
        0.12128668659910674,
        0.5399142305783385,
        -0.09051489963526103,
        -0.1350812133976788,
        0.05939620796403969,
        -0.006622503747844566,
        0.1932813771965509,
        -0.13620066882449197,
        0.21081831182875083,
        -0.04149975979049185,
        0.049450117010149564,
        0.2572527956442131,
        -0.2939871847272106,
        0.13710057661165398,
        0.10686281679956537,
        0.16378220887514727,
        -0.017981369818032257,
        -0.1305638647201901,
        0.013352448357124902,
        0.14584452681013765,
        0.04288913407666331,
        0.2275173476055796,
        -0.16721733722650817,
        -0.0077632575387104105,
        0.07952601826844667,
        0.09597858524944325,
        -0.016902372527771464,
        0.02130781436950132,
        -0.057409469494160426,
        0.0767075554952546,
        0.05131964179752838,
        -0.033782374695992656,
        0.3683377043833665,
        -0.03628900648153668,
        0.10174498829867558,
        -0.1775279390530552,
        0.09916829506018297,
        -0.1528854667033855,
        0.07627307898383612,
        -0.0074242018176084446,
        0.026834323972914163,
        0.07631421641673741,
        0.0019919381414502495,
        0.13285397562260223,
        -0.01594954876012317,
        -0.013352930261552702,
        0.017510025013013308,
        0.05020636428052002,
        0.1606672780680314,
        -0.05236983304783286,
        -0.06173125102284005
    ],
    "Number for Minimum Energy": 892087838028683554,
    "Elapsed Time [seconds]": 0.9436004161834717,
    "Elapsed Time [hours, minutes, seconds]": [
        0,
        0,
        0.94
    ],
    "Current function value": -0.897085368854948,
    "Iterations": 284,
    "Function Evaluations, Estimation": [
        285,
        38760
    ],
    "Gradient Evaluations": 285,
    "Number of Parameters": 135,
    "Minimum Parameters": [
        4.388925705051706,
        1.317693387738409,
        4.411688845238507,
        5.357884720964408,
        0.7010179046392254,
        3.990569287583558,
        0.5791013119192912,
        4.4932470863361935,
        0.6109053585171682,
        5.873337012786514,
        0.8907769352162822,
        6.142039814897823,
        4.99327227507185,
        3.7005350181335994,
        4.997757925057522,
        4.996284635483846,
        5.726507719831842,
        1.5349656518145416,
        3.6954448290863273,
        0.6316245134980814,
        3.8836942343404077,
        1.139355759384218,
        3.6517339886683047,
        3.766973981463317,
        2.8525690741885166,
        3.3181017436975604,
        4.8679592206016435,
        4.861122240125892,
        3.0700539871097243,
        3.7770210881420136,
        6.027532816504153,
        0.8842123249492913,
        0.8060577769724581,
        0.49615496508663065,
        4.21947376857458,
        2.567703206805365,
        4.83017434558283,
        4.003692682964434,
        2.0562590738591444,
        5.484744340481754,
        4.763513794238489,
        1.6966479992458547,
        2.201607782094514,
        1.9265011853591416,
        1.1639949737683948,
        0.9428696330891514,
        5.774069648211227,
        2.8765045270579077,
        2.5642841446697604,
        4.389496532880766,
        3.452876772120121,
        5.790556084852279,
        4.712998945336423,
        2.9389203560019967,
        2.312609750368592,
        6.2514187532187515,
        4.6171343125034925,
        5.948152471202615,
        0.7541401651407389,
        5.411296533675129,
        4.166705362490464,
        0.5670274474875856,
        3.599935174175495,
        4.450820451158708,
        0.07829131408560548,
        2.816175899592779,
        5.144621021091608,
        1.705493178996603,
        2.9112335748400535,
        2.6271513728901894,
        1.9236895829478111,
        5.621114862096234,
        5.050688030981979,
        0.5473615354756184,
        6.336139057578933,
        5.1654409892692295,
        1.8703855004857812,
        5.269865250312201,
        0.525154982671752,
        6.46393373228556,
        4.239853547334328,
        4.245795221826132,
        0.5983999126837616,
        5.772646192861359,
        0.21248320764152173,
        1.3960889970461685,
        0.7170893605702122,
        4.996292869698801,
        1.3375745550297136,
        5.589524726667906,
        4.277563088555922,
        0.043935401165551696,
        0.012421430429236928,
        0.3124657787517931,
        3.8087401254740136,
        5.158266850180578,
        1.5941996895980721,
        5.3063447800221395,
        0.35201374609123165,
        4.96956931178135,
        5.640496222745218,
        4.904714302740495,
        4.381639372956021,
        5.133922713674179,
        0.23783569679497765,
        1.1343984608508606,
        0.6957515848144982,
        3.2170112987217134,
        4.726709979132069,
        3.9599490398246524,
        5.360562396712316,
        1.088630012200131,
        4.588455441620245,
        1.2944667791430333,
        1.681723837489018,
        4.336413944824754,
        6.2424170365003215,
        3.992307225517203,
        0.24101712150187163,
        3.815941070465407,
        0.26657243976355804,
        5.31142274511219,
        4.480097573742531,
        1.1570135468467106,
        0.7207731356647361,
        1.2542755696697363,
        6.154137402643,
        2.749606511998541,
        4.797107354623381,
        4.131621694156266,
        3.6187755390045857,
        0.8449545327368335,
        5.902865992580206,
        1.7115629951071023,
        3.7348837349898947
    ],
    "Cmin, Cmax, frob_norm, shift": [
        0.3369377722287652,
        2246.770729659739,
        249.26698098990568,
        349.59162707225994
    ]
}