{
    "Calculated Minimum Energy [norm, row]": [
        0.00033931415025300064,
        -1.398069014768345
    ],
    "Corresponding loss function": -0.004347345581246255,
    "Solution for Minimum Energy": [
        1.0,
        1.0,
        -1.0,
        1.0,
        1.0,
        1.0,
        1.0,
        -1.0,
        1.0,
        1.0,
        1.0,
        1.0,
        -1.0,
        -1.0,
        1.0,
        1.0,
        1.0,
        -1.0,
        -1.0,
        -1.0,
        1.0,
        1.0,
        1.0,
        -1.0,
        1.0,
        1.0,
        1.0,
        1.0,
        1.0,
        1.0,
        -1.0,
        1.0,
        1.0,
        1.0,
        -1.0,
        1.0,
        1.0,
        1.0,
        1.0,
        -1.0,
        1.0,
        -1.0,
        1.0,
        1.0,
        1.0,
        1.0,
        -1.0,
        1.0,
        1.0,
        1.0,
        -1.0,
        1.0,
        -1.0,
        1.0,
        1.0,
        1.0,
        1.0,
        -1.0,
        -1.0,
        1.0
    ],
    "Corresponding exp value": [
        0.10231842278266028,
        0.11016319862056749,
        -0.1030363298215051,
        0.2778427534779709,
        0.24045278814802065,
        0.16799351540942678,
        0.11004334697904884,
        -0.09681886661697782,
        0.26204748302876274,
        0.09881973088180122,
        0.4326955141045578,
        0.12529213962666305,
        -0.024107155711908496,
        -0.07144250033951541,
        0.20671651631603075,
        0.15480492999271092,
        0.059504807160532074,
        -0.0436359303825476,
        -0.057834602654238336,
        -0.1106641103171623,
        0.24332367759350898,
        0.16506236605167723,
        0.07278921874651348,
        -0.08013111772553082,
        0.07208442724762949,
        0.08926042032627213,
        0.17300084124606036,
        0.13031522281761876,
        0.02618124531360066,
        0.43985634196694284,
        -0.05608779226066621,
        0.14096907040583212,
        0.014147778936290985,
        0.15650483365855133,
        -0.020075436941222963,
        0.059086093769878216,
        0.11021070828699345,
        0.00015037762159417212,
        0.2531988297152876,
        -0.037041547322997206,
        0.12005159435509331,
        -0.08981304748807334,
        0.09072993042103947,
        0.08204722509121565,
        0.12277390568644808,
        0.10367460790435368,
        -0.23482993474695948,
        0.14610479515909286,
        0.11153309768541692,
        0.054789976110663434,
        -0.15460089649361217,
        0.16392051856718703,
        -0.05782103499974757,
        0.06880862882280339,
        0.06466656541691682,
        0.22180138962949408,
        0.12483568693028696,
        -0.07644279615313998,
        -0.24713956282530944,
        0.24683994776651946
    ],
    "Number for Minimum Energy": 438048199547957380,
    "Elapsed Time [seconds]": 1.689547061920166,
    "Elapsed Time [hours, minutes, seconds]": [
        0,
        0,
        1.69
    ],
    "Current function value": -1.4960940537604321,
    "Iterations": 541,
    "Function Evaluations, Estimation": [
        543,
        73848
    ],
    "Gradient Evaluations": 543,
    "Number of Parameters": 135,
    "Minimum Parameters": [
        3.0230480464604352,
        4.797824861749036,
        5.304497425528658,
        4.417136322653309,
        5.7949627884205,
        4.811859449388924,
        5.316845247872882,
        0.7339931884538119,
        4.577018653873859,
        2.7101847785206443,
        3.6017230977521315,
        4.061494653498965,
        6.233076023300872,
        6.305154590716159,
        1.8036056886053908,
        4.7252984226404315,
        4.746227351845172,
        2.002433487817528,
        0.6719819546616136,
        0.2916818695512584,
        4.96776054017406,
        3.011680317152007,
        6.053266638543773,
        2.9789373376166286,
        5.917042385255104,
        2.562845327144229,
        4.9373777145789255,
        0.6725418714036044,
        3.4591777475351906,
        5.168697724561987,
        6.004871582461081,
        4.84212033076647,
        0.3287729847744399,
        2.2503825707016554,
        0.22037383186316187,
        0.7011580471708467,
        4.210376295041425,
        4.7193786412877605,
        4.9100834409254555,
        5.2477110712879425,
        4.708136260498095,
        5.1942384965302475,
        0.37959154079764645,
        1.5362475865430587,
        4.0825445408395025,
        5.401615990034919,
        -0.06454936685102317,
        3.163048193865507,
        4.176505126967593,
        0.18773118831139257,
        2.486241785773767,
        5.87719749247494,
        4.152974024541725,
        1.40977617304202,
        5.16419283062501,
        1.9750744745842816,
        5.465854217755658,
        1.9113341373319617,
        3.637860587770967,
        2.3924314940377833,
        1.867769484209357,
        5.39070868246493,
        1.1446602233395784,
        0.7686995726296125,
        2.1623141257662555,
        4.535646648285714,
        4.937049866827457,
        6.136593831188819,
        1.729104520994546,
        2.7276928437191934,
        0.8871983428053408,
        3.4214793890095887,
        6.207433311984987,
        4.47700714756001,
        4.013431186635955,
        2.4047990926698737,
        5.758959086018004,
        3.205806123369879,
        0.8964663221183402,
        2.3823212051283416,
        0.4372697423784963,
        1.3224740122506757,
        -0.024053563759649538,
        2.4538402210944152,
        3.9616208139779703,
        2.157279692392395,
        2.655661510903563,
        5.886084660896639,
        4.622788529254064,
        3.3159102801430334,
        1.571457668943089,
        5.530812509557394,
        1.5512536751689072,
        2.068427830720165,
        5.708167151888366,
        3.4930916375905987,
        4.633579652671163,
        3.5624959151791886,
        4.160023194889022,
        1.8886718644337757,
        1.6064948573086473,
        1.9146767098901525,
        0.8811450543460868,
        5.442884997437516,
        1.5904659699974546,
        3.524978802464247,
        5.120150247937611,
        4.896899933483968,
        2.7377024371116496,
        3.103902417707573,
        5.9179262659697365,
        4.247410207823869,
        4.951948950673253,
        5.712260700565329,
        4.710720106154632,
        1.2356429011999317,
        3.747881756127015,
        0.903154967912621,
        4.151541720035238,
        5.733274189596083,
        3.2157423414728408,
        2.6814940252779658,
        0.25845489809457634,
        6.031934606339583,
        0.5993492287009914,
        0.13071095130634525,
        1.3830353985410961,
        0.1427193855919277,
        2.8798394208752045,
        3.3502512014839603,
        1.8685365559064875,
        0.4482042298788223,
        0.8802832747671552,
        2.2458223956322754,
        0.3804409060483461
    ],
    "Cmin, Cmax, frob_norm, shift": [
        0.3369377722287652,
        2246.770729659739,
        249.26698098990568,
        349.59162707225994
    ]
}