{
    "Calculated Minimum Energy [norm, row]": [
        0.0006060151977521664,
        -1.395665462388264
    ],
    "Corresponding loss function": 0.021712633676311616,
    "Solution for Minimum Energy": [
        -1.0,
        1.0,
        1.0,
        -1.0,
        1.0,
        1.0,
        1.0,
        -1.0,
        1.0,
        -1.0,
        1.0,
        1.0,
        1.0,
        -1.0,
        1.0,
        1.0,
        -1.0,
        1.0,
        -1.0,
        1.0,
        1.0,
        1.0,
        1.0,
        1.0,
        1.0,
        1.0,
        1.0,
        1.0,
        1.0,
        1.0,
        1.0,
        1.0,
        -1.0,
        1.0,
        1.0,
        1.0,
        1.0,
        1.0,
        1.0,
        -1.0,
        1.0,
        -1.0,
        1.0,
        1.0,
        1.0,
        1.0,
        -1.0,
        1.0,
        -1.0,
        -1.0,
        -1.0,
        -1.0,
        1.0,
        -1.0,
        1.0,
        1.0,
        -1.0,
        1.0,
        1.0,
        -1.0
    ],
    "Corresponding exp value": [
        -0.10886262960032057,
        0.08433009901940623,
        0.10517361541305441,
        -0.15671403687883892,
        0.1368411055246494,
        0.12927986320641616,
        0.003585345427986918,
        -0.19198604127932195,
        0.004856608082862225,
        -0.14099917895445518,
        0.22612122494294412,
        0.13223245463058225,
        0.01453742309192202,
        -0.11898050514547066,
        0.10612480016438192,
        0.05395163451521449,
        -0.17712633904738134,
        0.07598015819250964,
        -0.023893920437421255,
        0.07298958030603432,
        0.16530732311093616,
        0.21085416527986423,
        0.2517668605366733,
        0.17921519373735845,
        0.28018888828141014,
        0.06207349418781889,
        0.2581824690204794,
        0.008207275614746743,
        0.25198832685808986,
        0.25711178735532103,
        0.25002434772797255,
        0.13542095171134994,
        -0.056997527164181716,
        0.18241545920738692,
        0.027522866223051796,
        0.18730345689874356,
        0.11597233749892752,
        0.12403065289768259,
        0.2229097360702502,
        -0.04060688780811631,
        0.25260888737204507,
        -0.0006468023559321606,
        0.060773118106909954,
        0.04750714975228422,
        0.010491857440395184,
        0.12683876972465144,
        -0.05026897174203081,
        0.18224823655479272,
        -0.18459106382144086,
        -0.032402445507074835,
        -0.0981319354411162,
        -0.032944072340264516,
        0.17459312640653182,
        -0.06424005144818534,
        0.031529684713637623,
        0.15661075301331265,
        -0.08455642099518042,
        0.04593941923518634,
        0.06858215507342769,
        -0.0680232800165306
    ],
    "Number for Minimum Energy": 661820792065303177,
    "Elapsed Time [seconds]": 4.040571928024292,
    "Elapsed Time [hours, minutes, seconds]": [
        0,
        0,
        4.04
    ],
    "Current function value": -1.325630918082096,
    "Iterations": 899,
    "Function Evaluations, Estimation": [
        902,
        122672
    ],
    "Gradient Evaluations": 902,
    "Number of Parameters": 135,
    "Minimum Parameters": [
        4.173831325410953,
        3.0846709869734013,
        3.6290615628169003,
        4.810173142578657,
        3.8859073295384694,
        3.45693441579971,
        3.511801671972956,
        1.881322530936578,
        0.06410600761269471,
        2.7590784674692577,
        1.3159304211272265,
        2.5463609990896976,
        5.2449938338831865,
        1.3333120454415783,
        0.24740275351486585,
        1.8942680650095225,
        1.8193034166344997,
        4.165215370387053,
        3.516437025873639,
        4.93728136192003,
        4.273146749333676,
        2.621599204807566,
        5.093308786776376,
        1.168347632348858,
        0.09877392968273904,
        0.570323318981655,
        4.527041597711858,
        2.9786763498908564,
        0.8611627857296027,
        3.2030155928588964,
        0.9565972570100589,
        4.432717726230525,
        2.7842177334382368,
        2.3515324949423584,
        1.983851153161496,
        4.1061264499606,
        2.0788561384314557,
        0.6559378411050308,
        0.7180097657135345,
        5.898841888857285,
        5.518143047323262,
        4.393081961341524,
        1.806129020349731,
        6.034786174345695,
        4.824330771085623,
        4.581711770559081,
        2.7259817428515016,
        1.6900695507537553,
        0.6782968025220674,
        5.70426116330776,
        2.819011115937988,
        1.2522977839855498,
        1.956914611195168,
        3.6245625882973806,
        1.0579985609434601,
        5.39498127176786,
        4.580006098992827,
        4.5281487791603565,
        2.7426137410829226,
        3.869577946486755,
        3.516022630846607,
        4.024711151829984,
        0.7882532371151344,
        2.3629893733919323,
        0.3286457052480338,
        3.0776825675430235,
        2.3230586246992844,
        1.1046959101629992,
        0.5898220651784635,
        3.836007103826755,
        1.1434268913715973,
        5.736299547237596,
        3.784670152874604,
        2.1240475839680406,
        3.6735420328982533,
        0.2378326535248496,
        5.935109534488099,
        3.028255835497704,
        5.004882418453955,
        0.633453512646925,
        2.9795753536689933,
        3.012660169031326,
        5.856605293053085,
        3.5115690147153478,
        2.9024799013131735,
        1.7299860039766166,
        1.9895359143623814,
        3.3437015027686456,
        2.851545599504275,
        0.34773343855670125,
        4.979403509007126,
        5.402816857396028,
        0.867759954971685,
        3.6404879084451864,
        0.7893713619362669,
        4.157778726564535,
        1.5970974462101428,
        4.199602169458568,
        4.546616295835258,
        4.897664376552587,
        0.7496303553398361,
        5.694351312275412,
        1.4296860095024058,
        0.28904606012648487,
        3.4848654357975524,
        2.2467190692336625,
        5.299793932406173,
        5.136084457119124,
        1.8106343070132482,
        5.99725871187862,
        1.8430455171126423,
        3.3067634656823777,
        1.2033132017941404,
        5.93963689171481,
        1.0057177467567577,
        0.19156311886922275,
        2.7804890652698173,
        6.516115776151164,
        5.480747467292585,
        4.636918772470484,
        5.792657051776333,
        5.526714785872485,
        3.1292830714386777,
        1.8457315236813587,
        5.041458955341826,
        4.297783439475924,
        2.2301038845375376,
        0.711366889417592,
        4.68431596866,
        1.6637608194994058,
        5.895817630758532,
        1.553533629647579,
        0.7111554057009831,
        5.381757060361425,
        0.9047348268944256
    ],
    "Cmin, Cmax, frob_norm, shift": [
        0.3369377722287652,
        2246.770729659739,
        249.26698098990568,
        349.59162707225994
    ]
}