{
    "Calculated Minimum Energy [norm, row]": [
        0.0003212170661423522,
        -1.3982321085769167
    ],
    "Corresponding loss function": 0.00035088072458719024,
    "Solution for Minimum Energy": [
        1.0,
        -1.0,
        -1.0,
        1.0,
        1.0,
        -1.0,
        1.0,
        -1.0,
        -1.0,
        -1.0,
        1.0,
        -1.0,
        -1.0,
        1.0,
        1.0,
        1.0,
        -1.0,
        1.0,
        -1.0,
        -1.0,
        1.0,
        -1.0,
        1.0,
        -1.0,
        1.0,
        -1.0,
        1.0,
        1.0,
        1.0,
        1.0,
        1.0,
        1.0,
        1.0,
        1.0,
        1.0,
        1.0,
        1.0,
        1.0,
        1.0,
        1.0,
        -1.0,
        1.0,
        1.0,
        1.0,
        -1.0,
        -1.0,
        -1.0,
        -1.0,
        -1.0,
        -1.0,
        -1.0,
        1.0,
        1.0,
        -1.0,
        1.0,
        1.0,
        1.0,
        1.0,
        1.0,
        -1.0
    ],
    "Corresponding exp value": [
        0.2544742276642281,
        -0.1929192788735894,
        -0.25553190494955647,
        0.256831026379309,
        0.27293505122009454,
        -0.13566672636148458,
        0.2662773691940846,
        -0.1819269691029703,
        -0.1451649233661247,
        -0.19030151990732158,
        0.29046436977921714,
        -0.3028233503497364,
        -0.15563646580733057,
        0.15498958038642827,
        0.20995825001717644,
        0.19042434756793802,
        -0.3186100467363249,
        0.1842764644829251,
        -0.16005992162872917,
        -0.22233836074317345,
        0.2751771619099669,
        -0.1292213891549475,
        0.2463688550278791,
        -0.07331907048458745,
        0.25652139658794887,
        -0.08111419682190393,
        0.01835839188774954,
        0.2216888746731727,
        0.21985058922405654,
        0.27426436114606506,
        0.2332243530482852,
        0.16235680904832706,
        0.30009014484610225,
        0.24795322766541178,
        0.19586347627477746,
        0.21089313281270874,
        0.14976716293024828,
        0.23428934103661758,
        0.2763050868135267,
        0.18962333298440875,
        -0.2057813488766112,
        0.235003658929354,
        0.13227091068466929,
        0.2485323893628749,
        -0.12755005439669556,
        -0.22174852699096226,
        -0.07992056646036873,
        -0.24003749692726029,
        -0.22255652721840075,
        -0.16189107175403333,
        -0.15090121652346364,
        0.13577506029177072,
        0.18251774683791797,
        -0.13653772795778998,
        0.14216559754340152,
        0.2145132856051009,
        0.3080984281528839,
        0.272443244662925,
        0.29303719822028235,
        -0.11710913424020397
    ],
    "Number for Minimum Energy": 587703258742332326,
    "Elapsed Time [seconds]": 1.8250541687011719,
    "Elapsed Time [hours, minutes, seconds]": [
        0,
        0,
        1.83
    ],
    "Current function value": -1.3981879987113985,
    "Iterations": 550,
    "Function Evaluations, Estimation": [
        582,
        79152
    ],
    "Gradient Evaluations": 582,
    "Number of Parameters": 135,
    "Minimum Parameters": [
        4.862087952058514,
        1.6084397328564801,
        4.433244173523299,
        5.434317724346475,
        1.0427395999644666,
        3.8335480039030347,
        1.0018005255494826,
        3.783876382538241,
        1.1184176249000186,
        5.620584022293557,
        1.4660832473649548,
        6.082288984362511,
        4.467852020710939,
        3.381464447228686,
        4.2753721574911,
        5.199811723534014,
        5.45561985133351,
        1.5920817277789963,
        3.7530990147397865,
        0.6729785299847569,
        4.326789165098141,
        1.4500054573859493,
        3.6815545513050725,
        3.6988676603789576,
        3.236902431536926,
        3.364430806869529,
        4.780047786381505,
        4.579684398989537,
        3.2068854168330136,
        3.502439433914603,
        6.422665094329424,
        1.1177752407302064,
        0.21038056168345123,
        1.0861958488021308,
        3.9695882158826454,
        2.9958866919497775,
        4.925921748231926,
        4.761955803023864,
        1.821363940569464,
        5.69542316551092,
        4.9559816110662736,
        1.435002049801729,
        2.00991417458082,
        1.617579653291972,
        1.6741755883272456,
        0.404651141988773,
        5.30612180933077,
        2.563350853729656,
        2.5893723754767386,
        4.358370811030505,
        2.921140938863639,
        5.379141846320846,
        4.627299806950973,
        2.77693418694669,
        2.2971013748638134,
        6.221327021007755,
        4.818212756876246,
        6.20401750211188,
        0.421110842694011,
        5.416223973128323,
        3.812854233185461,
        0.5949608204603877,
        3.5950367400013996,
        4.368039734993094,
        0.3103159179429346,
        2.5472122349107154,
        5.2169025568133645,
        2.009909416751888,
        2.4803403894372384,
        2.9703351682201484,
        1.2907421272066668,
        5.236602066677142,
        5.111087711439672,
        0.36309362081819185,
        6.07342665708998,
        5.588740644693665,
        2.108897201590923,
        5.428487444884553,
        0.9979071641138925,
        5.987591126035043,
        4.159613219212327,
        3.7887301568289957,
        0.6470686013158994,
        5.371549028267566,
        0.1286979397303807,
        1.4037711664815082,
        0.24436956678525565,
        4.408948051100211,
        1.284167097439954,
        4.948494690028277,
        4.393042000857128,
        -0.23026329349983854,
        -0.1161493960175232,
        0.38208037095155223,
        3.973292604339523,
        5.0806575604276745,
        1.6510277747083444,
        5.368306875110605,
        0.2175493419939504,
        5.48848727485421,
        5.437601248772642,
        5.154075633139364,
        4.551337616221304,
        5.337185065368159,
        0.29516882566600655,
        0.6440650152973727,
        0.6199707410435924,
        3.196936016502201,
        4.847011431916667,
        3.5283774280836075,
        5.479229877136876,
        1.1483465313759047,
        4.862415191467876,
        1.4519175485063713,
        1.8568401395353975,
        4.649786390378033,
        6.051685616801421,
        4.177195396943738,
        0.5205713146181541,
        4.465566685943061,
        0.14334921315632873,
        5.623580182643975,
        4.647387206362341,
        1.2726062378975218,
        1.1325136341224662,
        1.834379350850903,
        6.169255381507703,
        2.9115955543663445,
        4.731577421115559,
        4.1083134436351765,
        3.2674504334532446,
        0.5588536945467588,
        5.4221574095292295,
        1.5644583652225044,
        3.3100912643245697
    ],
    "Cmin, Cmax, frob_norm, shift": [
        0.3369377722287652,
        2246.770729659739,
        249.26698098990568,
        349.59162707225994
    ]
}