{
    "Calculated Minimum Energy [norm, row]": [
        0.00020487847701110938,
        -1.3992805704986966
    ],
    "Corresponding loss function": 0.00034785799475593645,
    "Solution for Minimum Energy": [
        1.0,
        1.0,
        1.0,
        1.0,
        1.0,
        -1.0,
        1.0,
        1.0,
        -1.0,
        1.0,
        1.0,
        -1.0,
        1.0,
        1.0,
        -1.0,
        1.0,
        1.0,
        -1.0,
        1.0,
        -1.0,
        1.0,
        -1.0,
        1.0,
        -1.0,
        -1.0,
        1.0,
        1.0,
        1.0,
        -1.0,
        -1.0,
        1.0,
        1.0,
        1.0,
        1.0,
        -1.0,
        1.0,
        1.0,
        1.0,
        1.0,
        1.0,
        1.0,
        -1.0,
        -1.0,
        -1.0,
        1.0,
        1.0,
        1.0,
        1.0,
        1.0,
        1.0,
        1.0,
        1.0,
        1.0,
        1.0,
        1.0,
        1.0,
        1.0,
        1.0,
        1.0,
        -1.0
    ],
    "Corresponding exp value": [
        0.04546260402953599,
        0.1591771529753796,
        -0.03765854181078569,
        0.39507875576190615,
        0.2170399678987351,
        -0.1643304981557176,
        0.36538297635952016,
        0.2577635641960475,
        -0.33322635173809917,
        0.32361633581226096,
        0.3334739186257229,
        -0.3656693885959464,
        0.1489467045369645,
        0.30962556942663827,
        -0.3566431080491163,
        0.1363428531841,
        0.23050694707165487,
        -0.3143616965505212,
        0.10627827276527681,
        -0.3484316916171218,
        0.1829634408861487,
        -0.39906052756925847,
        0.18714606779735835,
        -0.16856221128026455,
        -0.3533554256898216,
        0.05399583475575709,
        0.052282452054039925,
        0.21252668166585237,
        -0.47034586006734,
        -0.4978073450660835,
        0.1831374864033266,
        0.009587419979359588,
        0.006895395051513332,
        0.28679810414312545,
        -0.3442043021558675,
        0.19354953593862526,
        0.03578269397780563,
        0.028658832793129026,
        0.25637783532651603,
        0.15693604585879614,
        0.17333679791221884,
        -0.5093027331144466,
        -0.2943299398190259,
        -0.3884015097756308,
        0.14382825692916756,
        -0.057177958535131045,
        0.05017480945604969,
        0.25635746001799126,
        0.048352860875044534,
        0.06448459566321982,
        0.10917110171883936,
        0.08521018930907545,
        0.15221762286236162,
        0.18308878202850234,
        0.2128694379767516,
        0.3153927042713736,
        0.1756525271227416,
        0.20025033781014287,
        0.17452564816908378,
        -0.3501263473348941
    ],
    "Number for Minimum Energy": 576476163479324960,
    "Elapsed Time [seconds]": 3.231680154800415,
    "Elapsed Time [hours, minutes, seconds]": [
        0,
        0,
        3.23
    ],
    "Current function value": -1.3985467746159757,
    "Iterations": 549,
    "Function Evaluations, Estimation": [
        550,
        75350
    ],
    "Gradient Evaluations": 550,
    "Number of Parameters": 136,
    "Minimum Parameters": [
        3.907105746131656,
        4.226255258091742,
        6.261185092545821,
        0.7363717780401643,
        3.4253105506967154,
        2.388973995655679,
        3.551254745168196,
        0.5789053694204891,
        0.5226984125067639,
        2.173296116093587,
        1.6186279625417659,
        2.544927915785646,
        4.032012457576178,
        3.987900641610753,
        2.402352658095574,
        2.4527693959734163,
        1.3002666928667506,
        3.764308157176238,
        2.095464693124257,
        0.48111525273999295,
        2.5739181639650717,
        3.282611030754187,
        1.0749581387941898,
        3.6349954518704246,
        3.1165175466884696,
        4.339630433319668,
        4.223515056551623,
        4.299394327321554,
        1.7812120826404927,
        4.6691910943948765,
        3.367380183609911,
        3.052862270140282,
        4.156798085809618,
        1.9077498817819403,
        3.140548495085021,
        5.189521470034783,
        5.899070061708156,
        5.635837874532278,
        2.9469458746450514,
        2.883356771553047,
        5.215844026556025,
        1.976945756675403,
        5.60428298786146,
        2.8443540386836705,
        0.7505262498847609,
        0.3432251373067563,
        5.7853573358598815,
        -0.11916694986409933,
        1.7248471494846342,
        2.058036304686149,
        1.1122884637293036,
        1.5082496871488376,
        4.2981204063879215,
        0.3640911136924781,
        5.059238440662082,
        5.378546742675156,
        2.6200064042448896,
        0.7465312851842014,
        3.697544777137235,
        0.3478447399665236,
        2.5817582245533126,
        5.890823497128541,
        5.998046063787303,
        4.899656320357586,
        2.100956308849261,
        4.915901618969007,
        4.835870705442635,
        2.1928087785306722,
        3.972720490265464,
        0.2787210216143745,
        1.3421505010045993,
        3.0598236979550406,
        1.3133045847199694,
        0.8737678942684686,
        4.7755240001032355,
        6.54963078450104,
        3.5601670866063606,
        5.5492388278489475,
        6.498776713016287,
        1.155730931485181,
        2.6714394654069182,
        2.712183829079206,
        0.4549572929729753,
        5.436290758627265,
        2.3575115011089474,
        2.604650120967575,
        0.9316660424826116,
        1.0080164566819942,
        5.628222239218408,
        0.5034617218808021,
        1.7444932051760345,
        1.9415726545516652,
        2.818475507051662,
        4.149187759306857,
        2.8861240379539317,
        0.6691636264514578,
        1.6813208276632907,
        5.437988835948138,
        3.985861947122146,
        4.572620727166331,
        4.147639396978375,
        4.8615222364986925,
        1.2871479909580756,
        2.530544583352308,
        3.3227182787574336,
        1.7626827415475848,
        5.143004251364743,
        2.8377740931466615,
        4.553835950443743,
        5.145247927500529,
        3.4130658237356917,
        5.603211262865839,
        3.3104745983289563,
        4.699226959341013,
        2.3941914469473455,
        3.3924579694047594,
        3.722881288754079,
        0.6349594791706876,
        2.1717893012565144,
        5.6547508855603565,
        4.383431304141937,
        0.8455622690980104,
        2.2510018955704556,
        1.4789709837544243,
        0.6708599194686145,
        6.052184505279694,
        2.5806889330770106,
        1.8046206877758482,
        3.7861708683858035,
        -0.2188988977395749,
        1.818337481351489,
        4.665955831129101,
        3.6853726171712817,
        6.433030207492781,
        3.855554467579984,
        1.465510213080301
    ],
    "Cmin, Cmax, frob_norm, shift": [
        0.3369377722287652,
        2246.770729659739,
        249.26698098990568,
        349.59162707225994
    ]
}