{
    "Calculated Minimum Energy [norm, row]": [
        0.004593196269707701,
        -1.3597323505944565
    ],
    "Corresponding loss function": 0.01846593863181877,
    "Solution for Minimum Energy": [
        -1.0,
        1.0,
        -1.0,
        1.0,
        1.0,
        -1.0,
        1.0,
        1.0,
        -1.0,
        1.0,
        1.0,
        -1.0,
        1.0,
        1.0,
        -1.0,
        1.0,
        1.0,
        -1.0,
        1.0,
        -1.0,
        1.0,
        1.0,
        1.0,
        1.0,
        1.0,
        -1.0,
        -1.0,
        1.0,
        1.0,
        1.0,
        1.0,
        -1.0,
        1.0,
        1.0,
        -1.0,
        1.0,
        -1.0,
        1.0,
        1.0,
        1.0,
        -1.0,
        1.0,
        -1.0,
        1.0,
        -1.0,
        1.0,
        1.0,
        1.0,
        -1.0,
        -1.0,
        1.0,
        1.0,
        1.0,
        1.0,
        1.0,
        1.0,
        1.0,
        1.0,
        -1.0,
        -1.0
    ],
    "Corresponding exp value": [
        -0.05012020750089296,
        0.17957462980141556,
        -0.2673770133511898,
        0.14281489902922043,
        0.19976553709999642,
        -0.028719577251764657,
        0.05148003777340841,
        0.1738850916332906,
        -0.1340940296461045,
        0.14247431827715284,
        0.3307098125678102,
        -0.3112586173556544,
        0.2338031462225922,
        0.2377527774794142,
        -0.13677543556691363,
        0.07476860460450545,
        0.3210987707735998,
        -0.15586604178529076,
        0.2271155234607411,
        -0.07162092474312517,
        0.1003827491750361,
        0.09102816471714278,
        0.22222084679002552,
        0.1662742492177226,
        0.048704771657784564,
        -0.027722141292936868,
        -0.07511551482705234,
        0.15284559589821972,
        0.10059671110858928,
        0.2622063759548137,
        0.2511463848205171,
        -0.01623528203206795,
        0.10715273602260837,
        0.20945601881674134,
        -0.09238556138199612,
        0.3999821122448542,
        -0.06784923953001268,
        0.1831251046709814,
        0.13695985406078479,
        0.28204883023615795,
        -0.016360447440293656,
        0.040570476446868786,
        -0.0072165224783549125,
        0.062455288598973736,
        -0.04061056860593115,
        0.043536776826892186,
        0.04708718509123845,
        0.030680966280942662,
        -0.08087361940497938,
        -0.21701631676112024,
        0.06236364018632927,
        0.037905120411869005,
        0.2001565272879849,
        0.17181852318537058,
        0.13730611736268938,
        0.1434215647939384,
        0.0992144700769629,
        0.005597852722009323,
        -0.00853734447631715,
        -0.08637036039477812
    ],
    "Number for Minimum Energy": 865558731277617445,
    "Elapsed Time [seconds]": 43.09329080581665,
    "Elapsed Time [hours, minutes, seconds]": [
        0,
        0,
        43.09
    ],
    "Current function value": -1.3257026686917908,
    "Iterations": 902,
    "Function Evaluations, Estimation": [
        123216,
        123216
    ],
    "Gradient Evaluations": 906,
    "Number of Parameters": 135,
    "Minimum Parameters": [
        3.925822384292881,
        4.142917170858335,
        5.868218558542899,
        0.8270601308037079,
        3.031447504744803,
        2.546821082410767,
        3.2906972467665074,
        0.7452502821856806,
        0.4227294545429656,
        1.9657204204479628,
        1.7862524516758957,
        2.6837156185367466,
        3.9235142696342664,
        3.9015394001990584,
        2.495659788791805,
        2.5728644235762785,
        1.2307653807259675,
        3.8036787436644004,
        2.096235771429898,
        0.39515678780484975,
        2.6581621175242223,
        2.9748595450328836,
        1.2164747141590992,
        3.5989023751208262,
        3.32567754698161,
        4.411296861582487,
        4.0673089028880565,
        4.003681539888017,
        1.90999500905031,
        4.9895184427748625,
        3.6265400496233213,
        2.975464216126856,
        3.8772382387170303,
        2.0381241889261648,
        3.34684162263038,
        4.8835176511527685,
        5.725905319471199,
        5.626389443126257,
        3.0598070066341947,
        3.755943781713883,
        4.987424976644939,
        1.8235258773389145,
        5.468337816809528,
        3.0050342603137463,
        0.7331795746876393,
        0.6261403629994797,
        5.5186304954831975,
        -0.06062564237054724,
        1.7590556908339519,
        2.2426446669221103,
        1.071785551763517,
        1.7934737344831166,
        4.5200411721328315,
        -0.14906043709305386,
        5.139794610333104,
        5.453583477601636,
        2.4532610720077304,
        0.8061934714081027,
        4.015463580508434,
        0.6680740422442131,
        2.33632978373921,
        5.895423341941473,
        5.966334050782381,
        5.033643206898034,
        1.9341441056871067,
        4.455484947376221,
        4.089466930634412,
        2.318102387397746,
        4.31569201222009,
        0.27265182406077226,
        1.3094278046835015,
        3.2080732187615317,
        0.9689340598265934,
        0.894003160902187,
        5.279619517862137,
        6.2321423204855275,
        3.17999297431265,
        5.394230699739731,
        6.26584612377671,
        0.6810570163412357,
        2.8825180831297916,
        2.595503042232244,
        0.6254234846085129,
        4.837136547950641,
        2.60475671503008,
        2.473636906517286,
        0.9781835501504479,
        0.957807064407052,
        5.7210299875878645,
        0.49910289664385676,
        1.629869481309289,
        2.2399932040068435,
        3.178449668866056,
        3.9164947679470177,
        3.2792535335559303,
        0.6180259941162839,
        1.5567314096603821,
        5.123502859885556,
        4.018229605988194,
        4.412383251508364,
        4.449604959403017,
        4.456176409932771,
        0.5882549096225224,
        2.5905910576479383,
        3.435330049502729,
        1.8323270368838356,
        5.302754971817189,
        2.9884942148339833,
        4.9038536117146485,
        5.339839373943207,
        3.3722319425188303,
        5.809047254245937,
        3.591836055339849,
        5.129795682270373,
        2.3368384148086054,
        3.2304189314982117,
        3.872109535459648,
        0.5639483482510729,
        2.3615777536906952,
        5.529775131814126,
        4.327032726981739,
        1.0862551197498398,
        2.1845015108369057,
        1.5060059783443052,
        0.20266292199212715,
        5.819579282209205,
        2.792058037968067,
        2.1668713301575147,
        3.491168774803276,
        -0.06110202562392241,
        2.20251203876781,
        4.820388924946609,
        3.75735507801699,
        6.0887322065844725,
        3.9457029314430065
    ],
    "Cmin, Cmax, frob_norm, shift": [
        0.3369377722287652,
        2246.770729659739,
        249.26698098990568,
        349.59162707225994
    ]
}