{
    "Calculated Minimum Energy [norm, row]": [
        0.00030514457056839524,
        -1.3983769564706647
    ],
    "Corresponding loss function": 0.05625850321290841,
    "Solution for Minimum Energy": [
        -1.0,
        1.0,
        1.0,
        1.0,
        1.0,
        1.0,
        1.0,
        1.0,
        1.0,
        1.0,
        1.0,
        1.0,
        1.0,
        1.0,
        -1.0,
        1.0,
        1.0,
        -1.0,
        1.0,
        -1.0,
        1.0,
        -1.0,
        1.0,
        1.0,
        1.0,
        1.0,
        1.0,
        1.0,
        1.0,
        1.0,
        1.0,
        1.0,
        1.0,
        -1.0,
        -1.0,
        1.0,
        -1.0,
        -1.0,
        1.0,
        -1.0,
        1.0,
        1.0,
        1.0,
        -1.0,
        1.0,
        1.0,
        1.0,
        -1.0,
        1.0,
        -1.0,
        1.0,
        1.0,
        1.0,
        1.0,
        1.0,
        1.0,
        1.0,
        1.0,
        1.0,
        1.0
    ],
    "Corresponding exp value": [
        -0.18624563237246655,
        -0.07314071719332912,
        -0.06408739095211641,
        -0.019828065145995163,
        -0.06761156398427759,
        0.20914679666180314,
        0.16159978564544403,
        0.004966770151120847,
        -0.07508458212930791,
        0.04389296449890166,
        0.17539200604423089,
        -0.10039899360532084,
        0.2936463001254083,
        0.2984302073630093,
        -0.15708036230425937,
        0.02081750462995259,
        0.015408813360905813,
        -0.16305755632120428,
        0.10388680212284833,
        -0.28517581373740053,
        0.04587913666936834,
        -0.14322541071698786,
        0.19642525690683516,
        0.014235285329335158,
        -0.07663605485587455,
        0.02896084950384585,
        0.002393426354006782,
        0.05512183135348228,
        0.07557570290216063,
        0.08377702733494002,
        0.011342496940148659,
        -0.013560925686671072,
        0.16809458652724815,
        -0.14584699317690195,
        -0.16510515940559145,
        0.0957363658755282,
        -0.1409314574100766,
        -0.20103586364109766,
        0.01651842560057444,
        -0.13602745665801944,
        0.048503969375401836,
        0.008234279148727167,
        -0.1029800366872562,
        -0.260245028617849,
        0.06912951567301337,
        0.09501383840928358,
        0.06539337738023548,
        -0.19256634813574589,
        -0.10398490221954637,
        -0.21376126504543683,
        0.004951784714405381,
        0.00242626063741189,
        -0.07520455340513542,
        0.06890003617994984,
        0.2161913516306239,
        0.17873127006463657,
        -0.013731466941404334,
        0.18711199336167972,
        0.07281288361648992,
        0.1040747671327791
    ],
    "Number for Minimum Energy": 713265221615617,
    "Elapsed Time [seconds]": 0.1847395896911621,
    "Elapsed Time [hours, minutes, seconds]": [
        0,
        0,
        0.18
    ],
    "Current function value": -0.8941163635731086,
    "Iterations": 3,
    "Function Evaluations, Estimation": [
        45,
        4795
    ],
    "Gradient Evaluations": 35,
    "Number of Parameters": 136,
    "Minimum Parameters": [
        4.096267266563898,
        4.233678086053731,
        5.979333147867693,
        0.8664758688928235,
        3.166387183355051,
        2.5391789339634485,
        3.1836549492909594,
        0.744224683667665,
        0.5958468862472198,
        1.9058975617724727,
        1.622921603144109,
        2.7538610265954797,
        4.013386350266655,
        3.830577069926781,
        2.4391394412010703,
        2.607725845583014,
        1.2432103657218745,
        3.7623650292633894,
        2.052990207941262,
        0.32839214851406595,
        2.7115985843686587,
        2.983770122695715,
        1.2612701611799362,
        3.531464979722097,
        3.3858728556899695,
        4.358893164279467,
        4.0824274665648765,
        4.242980155350096,
        1.879760437942447,
        5.039627144095504,
        3.4128192852356416,
        2.9162158669235314,
        3.952629692170952,
        2.0018957143806295,
        3.071060171346438,
        4.837495138977616,
        5.72930791893809,
        5.788227096666488,
        3.1674694657597637,
        3.5297105858710136,
        4.969271429483167,
        1.7571443923244652,
        5.635915566485936,
        3.0699041856555462,
        0.6467189546783516,
        0.4218381916728353,
        5.397465036603555,
        -0.025640642553232614,
        1.5871100028067018,
        2.1972382296730437,
        1.1087033553083077,
        1.9805473548171322,
        4.619322042218966,
        -0.049509443229134024,
        5.147541227445365,
        5.422224541017403,
        2.313983663658728,
        1.0700705540073798,
        3.8778152850814886,
        0.6742939341184268,
        2.135529264633233,
        6.16465766333495,
        6.154258291004536,
        5.012658507644704,
        1.9027558438731014,
        4.563363565071454,
        4.276455813444617,
        2.404001561347693,
        4.164729381398043,
        0.22657635771625653,
        1.263172016701691,
        3.1034716205233526,
        0.9527765150682431,
        0.9532951718595128,
        5.124520175875115,
        6.11416083426169,
        3.2811294502434527,
        5.204440080979336,
        6.158502140792354,
        0.7232113218187398,
        2.8183117431437537,
        2.3863895053844217,
        0.4713513069878442,
        4.600615389021656,
        2.523772371159496,
        2.560203247821479,
        0.9753074326695295,
        1.221749346600051,
        5.742081440578916,
        0.48027978450431386,
        1.56795259732926,
        2.1065933003208923,
        3.0480131199865763,
        3.743003997910258,
        3.136649766014867,
        0.6845188332236862,
        1.464373814821004,
        5.162539036662682,
        4.014797096394279,
        4.294266613220159,
        4.311103847772667,
        4.747435375667876,
        0.5465029073682278,
        2.4917936865794186,
        3.4046615198427226,
        1.9157967797974766,
        5.256095448000186,
        3.0405860474430373,
        4.949027357733406,
        5.352935393569655,
        3.4983129757977576,
        5.886915719630522,
        3.61657913998847,
        5.259679883821113,
        2.325850894637511,
        3.2742071961972026,
        3.5290221081855995,
        0.5766523790882464,
        2.458109479355382,
        5.738099266218986,
        4.249333728013613,
        0.9510178389046269,
        2.0771301702093803,
        1.1211126698723686,
        0.05779213167486871,
        5.770033437225885,
        2.810381287026997,
        1.984751401381627,
        3.5768183182189777,
        -0.08047312222549624,
        1.963153872058931,
        4.607342053287936,
        3.90658201473231,
        6.04063648473729,
        3.906643055076735,
        1.099488172885097
    ],
    "Cmin, Cmax, frob_norm, shift": [
        0.3369377722287652,
        2246.770729659739,
        249.26698098990568,
        349.59162707225994
    ]
}