{
    "Calculated Minimum Energy [norm, row]": [
        0.0001425688585257915,
        -1.399842114719151
    ],
    "Corresponding loss function": 0.0002823667156217632,
    "Solution for Minimum Energy": [
        -1.0,
        -1.0,
        -1.0,
        1.0,
        1.0,
        -1.0,
        -1.0,
        -1.0,
        1.0,
        1.0,
        1.0,
        1.0,
        -1.0,
        1.0,
        1.0,
        1.0,
        1.0,
        -1.0,
        -1.0,
        -1.0,
        1.0,
        1.0,
        1.0,
        1.0,
        1.0,
        1.0,
        1.0,
        1.0,
        1.0,
        1.0,
        1.0,
        1.0,
        1.0,
        1.0,
        1.0,
        1.0,
        1.0,
        1.0,
        1.0,
        1.0,
        1.0,
        -1.0,
        1.0,
        -1.0,
        1.0,
        -1.0,
        1.0,
        1.0,
        -1.0,
        -1.0,
        -1.0,
        1.0,
        -1.0,
        -1.0,
        1.0,
        1.0,
        1.0,
        -1.0,
        -1.0,
        1.0
    ],
    "Corresponding exp value": [
        -0.24508084873511135,
        -0.18227424957914148,
        -0.23886256300820177,
        0.2956641140609169,
        0.3513919282521642,
        -0.003254500519124787,
        -0.2838774761637228,
        -0.17908668623185672,
        0.15825879936775614,
        0.3078803371318987,
        0.42332600215246724,
        0.28299410289706867,
        -0.26303403923447727,
        0.11937177979961651,
        0.1983460668202077,
        0.2629629788151005,
        0.1914058337719682,
        -0.17822765558762607,
        -0.211914774262454,
        -0.06851779127487058,
        0.3878690744461393,
        0.3513041552274692,
        0.4472103634621934,
        0.3310342519643197,
        0.34006090245184994,
        0.18861223973964522,
        0.2477145936734922,
        0.31980895728314657,
        0.3688823503329175,
        0.4009298175893871,
        0.37271381638726264,
        0.26418684213367527,
        0.2869179390424568,
        0.4265471276424386,
        0.3534818197109093,
        0.34277783235273346,
        0.24958732419001362,
        0.3305289936195544,
        0.3833242059725665,
        0.4026732839491758,
        0.2840204801325833,
        -0.36746665153488733,
        0.24100339926887057,
        -0.2693860944185159,
        0.1406939206741721,
        -0.21303061988497884,
        0.10077507973272969,
        0.3512643105404615,
        -0.13809707858576956,
        -0.14851094521256505,
        -0.24126947774922075,
        0.31194640279311125,
        -0.21986020491400363,
        -0.28878809507382086,
        0.19011362014820107,
        0.3302387096197036,
        0.3452728574605429,
        -0.32811035466462984,
        -0.2883201296282045,
        0.2394798813135272
    ],
    "Number for Minimum Energy": 447872867435942119,
    "Elapsed Time [seconds]": 2.864311933517456,
    "Elapsed Time [hours, minutes, seconds]": [
        0,
        0,
        2.86
    ],
    "Current function value": -1.3987117501661497,
    "Iterations": 467,
    "Function Evaluations, Estimation": [
        468,
        63648
    ],
    "Gradient Evaluations": 468,
    "Number of Parameters": 135,
    "Minimum Parameters": [
        2.9447681229601033,
        4.879965038448779,
        5.255430051008363,
        4.593496555401929,
        5.680713954372138,
        5.031248769640429,
        5.210554966661922,
        1.0968175886376288,
        4.968032212757585,
        2.780958994266651,
        3.945134324206268,
        4.192124635194082,
        6.33121299880409,
        6.053479705237843,
        1.3255890363117737,
        5.020415782975018,
        5.018657902809797,
        1.734951736609996,
        0.059410455565203885,
        -0.16633941754958576,
        4.920927327771105,
        2.5924808114956934,
        6.374211086863722,
        3.0165613895058554,
        5.637559275797379,
        1.9428520432144214,
        4.7673350750878996,
        1.500772097157662,
        3.4787367551496127,
        5.247769882553406,
        6.430414390792417,
        4.832203987650582,
        -0.4081711731393999,
        2.1077207093362964,
        0.48460667316651485,
        0.45740885212230253,
        4.284852577595476,
        4.172516810647622,
        5.009518517484325,
        4.927170554460717,
        4.767301401123741,
        4.942634421852024,
        0.3244899989249969,
        1.894968760035402,
        3.7993538114274825,
        5.636599990086641,
        0.3393507677072315,
        2.685462905049825,
        4.065084910467171,
        0.4965341072196027,
        2.9101666470486194,
        5.964378391759648,
        4.145409412283424,
        1.0698251413200595,
        4.663024515142382,
        1.4594009934322614,
        4.901119227309457,
        2.0011291191497813,
        2.8987701053106703,
        2.7725240998320424,
        1.6070437190725153,
        5.71966347682268,
        1.1438846005890408,
        0.823806429963355,
        2.654543568499982,
        3.866027171359384,
        4.44592981289347,
        6.0087312233497405,
        1.51946863069031,
        2.4029022714250177,
        1.1242512783012675,
        3.4963309699301295,
        6.477108830105722,
        4.60585053862489,
        3.9591530298509645,
        1.9725754636001291,
        5.64993557192568,
        3.026817076070137,
        0.6801433007925792,
        2.396972362939751,
        0.8929418249497905,
        1.2498301218264958,
        0.24451098178490252,
        2.1847377535793777,
        4.14080755367703,
        2.5317845303357243,
        2.7311679365729247,
        5.673899430444694,
        4.887316905579541,
        2.916951722288461,
        1.4735054311207092,
        5.55420728017236,
        1.6300545205320607,
        1.8637763557075888,
        5.791428122342608,
        3.6091867347656046,
        4.686285564919965,
        3.5232840120464175,
        4.095325490686979,
        1.9291573335843435,
        1.6640564397494515,
        1.783040764084564,
        0.6527554113551706,
        5.496719510114475,
        2.1561451183510263,
        3.65696097302286,
        4.802038436028026,
        5.02663323234415,
        2.5375067531457396,
        3.035770194025484,
        5.901207701345764,
        3.9009380407049243,
        5.046079582598972,
        6.313087660469834,
        5.0525523625587505,
        1.7015651166532357,
        3.3798585198934585,
        1.1055912105267554,
        3.9872691534818836,
        4.960798413820693,
        3.0919886318271947,
        2.2887804186555605,
        -0.11870437552112378,
        5.977128728380952,
        1.0728233995824885,
        0.16112299532015104,
        1.3147930670454842,
        0.18484184562335457,
        2.3962138415777283,
        3.808615273421778,
        1.7643755467911022,
        0.09809393221992994,
        1.150303788348257,
        1.4808128988682239,
        0.4410492076997344
    ],
    "Cmin, Cmax, frob_norm, shift": [
        0.3369377722287652,
        2246.770729659739,
        249.26698098990568,
        349.59162707225994
    ]
}