{
    "Calculated Minimum Energy [norm, row]": [
        0.00041660927188068265,
        -1.3973724188033163
    ],
    "Corresponding loss function": 0.00047420805558588013,
    "Solution for Minimum Energy": [
        -1.0,
        1.0,
        1.0,
        -1.0,
        -1.0,
        -1.0,
        1.0,
        1.0,
        -1.0,
        -1.0,
        1.0,
        1.0,
        1.0,
        -1.0,
        1.0,
        1.0,
        1.0,
        -1.0,
        -1.0,
        1.0,
        1.0,
        1.0,
        1.0,
        1.0,
        1.0,
        1.0,
        1.0,
        1.0,
        1.0,
        1.0,
        1.0,
        1.0,
        1.0,
        1.0,
        1.0,
        1.0,
        1.0,
        1.0,
        1.0,
        1.0,
        1.0,
        1.0,
        -1.0,
        -1.0,
        1.0,
        1.0,
        -1.0,
        1.0,
        1.0,
        -1.0,
        -1.0,
        1.0,
        1.0,
        -1.0,
        1.0,
        1.0,
        -1.0,
        -1.0,
        1.0,
        1.0
    ],
    "Corresponding exp value": [
        -0.40841013021769645,
        0.2594597473023308,
        0.22631531387650908,
        -0.4844392381465905,
        -0.497212188753453,
        -0.41941640790668683,
        0.20630387898602312,
        0.35108828577271856,
        -0.3419518587093258,
        -0.4745224707719235,
        0.3941177567299441,
        0.32137074272875316,
        0.04006311106531059,
        -0.33912552462773254,
        0.198663166696344,
        0.3212889081438999,
        0.21107798202504724,
        -0.26081684231785235,
        -0.2782359086329543,
        0.41462465423143396,
        0.27731431732532874,
        0.28336514912328936,
        0.3865652347024475,
        0.22548010672012966,
        0.1923402496432453,
        0.12273708686592812,
        0.27824701250880274,
        0.26830732539856633,
        0.2704374383529551,
        0.32619292312624837,
        0.31079812888435787,
        0.1616164958792019,
        0.24982058454614112,
        0.26211052643342764,
        0.24706510390136854,
        0.2592231223770141,
        0.2686313958651563,
        0.1938134889555307,
        0.30707230967422294,
        0.31544548871676925,
        0.17036303628656543,
        0.33696936455278154,
        -0.3038954011309269,
        -0.4043007683374277,
        0.1403882985574026,
        0.12115640106141497,
        -0.28512564628198844,
        0.34903586457160246,
        0.17081263687374398,
        -0.3145260092705628,
        -0.41040551308786327,
        0.14760547484917408,
        0.26484702935962917,
        -0.21099189503814333,
        0.04281586817984313,
        0.25542333197748074,
        -0.5467976985353344,
        -0.43872534723365647,
        0.3179771661970388,
        0.008615790902139084
    ],
    "Number for Minimum Energy": 226952394112901945,
    "Elapsed Time [seconds]": 3.178387403488159,
    "Elapsed Time [hours, minutes, seconds]": [
        0,
        0,
        3.18
    ],
    "Current function value": -1.3970073665554668,
    "Iterations": 508,
    "Function Evaluations, Estimation": [
        510,
        69870
    ],
    "Gradient Evaluations": 510,
    "Number of Parameters": 136,
    "Minimum Parameters": [
        4.328121329588639,
        3.3448805362977754,
        3.2246245473302544,
        5.036384252459225,
        3.6967076390550484,
        3.819328450444037,
        3.6553949113765705,
        1.9976424013766405,
        -0.17941196287137187,
        2.508937392028784,
        1.1235997756412408,
        3.252905965288458,
        4.669711833301597,
        1.5163539727202255,
        0.2855649104085202,
        1.1712215151370662,
        1.0461785264187675,
        3.91286678638985,
        3.624957869073624,
        5.1799596253232805,
        4.700099611415295,
        2.6907244692425283,
        5.378389011272591,
        1.0429327315191959,
        -0.09401054807656975,
        0.7885515173511075,
        4.980105559164297,
        3.108683799732929,
        0.46211995618931406,
        3.848374189360975,
        1.0380106155510425,
        4.6658481271719126,
        2.9404647493411322,
        1.6832342251616284,
        1.8711564831249354,
        4.113759529288949,
        2.495455236005108,
        0.3530638387511566,
        0.8703038297892656,
        5.610285603875559,
        5.689153006611398,
        4.301526629082125,
        2.1239177896303953,
        6.016001774338704,
        4.375875039402834,
        4.780661392708976,
        2.2939174700355314,
        1.5679966071628617,
        1.0052247675517414,
        4.942011629150211,
        2.902076075648152,
        1.0064615834619721,
        1.9871619415255939,
        3.9883300674163453,
        1.0360676223299055,
        5.367409312650787,
        4.868353517482268,
        4.481024037818867,
        2.791054113461033,
        3.75431578408787,
        3.5829336874983606,
        4.404270421515374,
        0.49471338138280513,
        3.010893464069173,
        -0.08101973442343878,
        3.190040850957931,
        1.7533470831429052,
        1.1973106205944564,
        0.6834770611465486,
        2.947806448426469,
        1.4471054973021915,
        6.140027144070483,
        3.1876170581477856,
        2.298130402290845,
        4.578130229990892,
        0.2576860032791239,
        6.273405059107932,
        3.392807497271437,
        5.047670280289769,
        1.1960874495615876,
        2.930182026806849,
        2.9023098530784446,
        6.033837983349109,
        3.0391762261454653,
        2.929738816315559,
        1.7842194012280843,
        1.7749446211856919,
        3.346735474803226,
        2.6103671165040034,
        1.3614612920314384,
        5.656911595462063,
        5.836202036556692,
        0.4963479601271524,
        3.502816331365012,
        1.3449011907989552,
        4.532167782377236,
        1.5765714145475476,
        3.8606666816317388,
        4.7351823001147135,
        4.818258841272941,
        0.6602153557251828,
        6.064611589409387,
        2.4467886909214434,
        1.219449453310929,
        3.2025926861377,
        2.454346395552123,
        4.8822144761397315,
        5.7310409058798815,
        1.6582902587518455,
        6.227341547455897,
        1.6575539303096336,
        3.766129243773369,
        1.201370640024194,
        5.5672544076142,
        0.8857887220829437,
        0.09819295119118537,
        2.1399687692787697,
        6.511400177685512,
        5.712921708699092,
        4.23149044188877,
        5.859172145150662,
        6.0680678985323775,
        3.0829092411047676,
        1.3636962556484813,
        4.696703562859948,
        4.0214524722348335,
        1.529814697820901,
        0.05689877575636911,
        4.2659977474473365,
        1.279471377673315,
        6.80195756583026,
        2.0666562629376988,
        0.3892820418612811,
        5.845893820691738,
        1.0919028670217357,
        1.1728198607795783
    ],
    "Cmin, Cmax, frob_norm, shift": [
        0.3369377722287652,
        2246.770729659739,
        249.26698098990568,
        349.59162707225994
    ]
}