{
    "Calculated Minimum Energy [norm, row]": [
        0.0018063041577840724,
        -1.3848482668289597
    ],
    "Corresponding loss function": 0.0465931246184287,
    "Solution for Minimum Energy": [
        1.0,
        1.0,
        1.0,
        1.0,
        -1.0,
        1.0,
        1.0,
        -1.0,
        1.0,
        -1.0,
        1.0,
        1.0,
        1.0,
        1.0,
        1.0,
        -1.0,
        1.0,
        1.0,
        -1.0,
        1.0,
        1.0,
        1.0,
        1.0,
        1.0,
        1.0,
        1.0,
        1.0,
        1.0,
        1.0,
        1.0,
        1.0,
        1.0,
        1.0,
        1.0,
        1.0,
        -1.0,
        1.0,
        -1.0,
        1.0,
        1.0,
        -1.0,
        -1.0,
        -1.0,
        -1.0,
        1.0,
        -1.0,
        1.0,
        1.0,
        1.0,
        1.0,
        1.0,
        -1.0,
        -1.0,
        -1.0,
        -1.0,
        1.0,
        1.0,
        -1.0,
        1.0,
        -1.0
    ],
    "Corresponding exp value": [
        0.13604032540870656,
        0.006756236597677511,
        0.06210099057619666,
        0.26440616634360414,
        -0.05714540137875131,
        0.24713001474360968,
        0.1476603880134189,
        -0.11847019192956375,
        0.2554469450122801,
        -0.006602801702628548,
        0.42121815590808015,
        0.25287355877019074,
        0.175197668219028,
        0.020255464942863344,
        0.14271218475252462,
        -0.04440456474981787,
        0.1778728833264948,
        0.09495103430244466,
        -0.12100999669800783,
        0.1583839744652763,
        0.3075053776772475,
        0.20147270181346416,
        0.29829092505692917,
        0.08949024704212238,
        0.049015971719066936,
        0.06086431845209593,
        0.08937572693207553,
        0.13368451385816912,
        0.19374100538752934,
        0.39415552310746665,
        0.296775135218691,
        0.14895752637926488,
        0.07484311249192838,
        0.17346340646989614,
        0.07842678514672291,
        -0.0031995435069029805,
        0.06999500535994199,
        -0.012337896589733296,
        0.363975799081154,
        0.2932811996131196,
        -0.021702448078134644,
        -0.07584438557083129,
        -0.21602203657445698,
        -0.00803291192658473,
        0.07849863826164612,
        -0.10143643706338287,
        0.11274754934137268,
        0.07731295692141273,
        0.10629644550033579,
        0.0232869270702053,
        0.0005946054385350501,
        -0.23137407998975598,
        -0.03903286824255231,
        -0.0005066433757035171,
        -0.12366390184422264,
        0.06270143768381693,
        0.2870422751195336,
        -0.12224227008039648,
        0.11123384251269988,
        -0.20401057586541999
    ],
    "Number for Minimum Energy": 754404786430050960,
    "Elapsed Time [seconds]": 9.096764326095581,
    "Elapsed Time [hours, minutes, seconds]": [
        0,
        0,
        9.1
    ],
    "Current function value": -1.1804558608954765,
    "Iterations": 1994,
    "Function Evaluations, Estimation": [
        1998,
        271728
    ],
    "Gradient Evaluations": 1998,
    "Number of Parameters": 135,
    "Minimum Parameters": [
        1.2258741757865075,
        3.7207024507800006,
        5.567760852164909,
        1.084484500713943,
        1.983182557987057,
        4.700180072979771,
        6.086418702055278,
        3.1685803355771873,
        0.7452635006640419,
        -0.02295477989782224,
        1.339906489804323,
        0.8681651294191922,
        4.2442018878264784,
        0.7617166698654084,
        3.1317809883224528,
        4.287027300520543,
        3.6957748494370706,
        1.1271658674643903,
        4.904843537967599,
        4.310020498460147,
        4.999925975563567,
        0.6504221291172542,
        0.7450344509162641,
        5.601596460681861,
        2.4065267001120407,
        1.9451305391950409,
        3.009910905071825,
        4.256021394125023,
        5.900491139708915,
        1.7366995101096525,
        5.835709800233859,
        -0.09832751483270079,
        3.2898952509919055,
        3.7423717731723998,
        0.7894344899408751,
        0.5786383699323504,
        2.566491891555246,
        5.8803160804672565,
        3.8056705884038937,
        5.650464526616357,
        5.104742541966459,
        2.8527134777812,
        5.12125137493986,
        0.12226559876191037,
        0.8824088846743577,
        5.267097154906991,
        5.058514324498691,
        1.5664852958961026,
        3.5584169701847825,
        3.9268555062003165,
        5.247555591364669,
        3.8098215091531564,
        2.604863512668623,
        2.2427752287838714,
        2.751871453703597,
        4.258001858909451,
        5.721863319825953,
        2.9481816322524526,
        1.283998573725406,
        1.359234922935166,
        4.611042182789764,
        5.122463458958427,
        0.558389148211499,
        0.429669532128368,
        3.769835793342978,
        0.8942040096230403,
        5.238523873208721,
        1.8735687225181392,
        0.6735688005375906,
        5.75716066723615,
        0.9105081463840536,
        1.5977860179770114,
        0.9391997696255903,
        0.8560002815728894,
        -0.15017510669698125,
        0.6562961075048918,
        1.0706159181631674,
        0.24834139841643976,
        3.7337873934095533,
        4.563602892088134,
        2.5357095636327265,
        1.9945139056494992,
        3.076437756026029,
        5.656144489276644,
        5.620082600324508,
        0.11686086066297846,
        1.0089515317792952,
        1.4510982926930922,
        1.4992278421741825,
        3.456945383045226,
        2.5055245407142,
        0.349631456336787,
        2.265839282833326,
        3.4142101419378306,
        0.7767753379922853,
        5.365962217060964,
        0.4556093211478722,
        5.7272806832435545,
        0.4821900413530591,
        5.425208239917502,
        5.627994594162032,
        5.859958303188477,
        5.145596093296139,
        4.855306100022735,
        4.044569285907151,
        4.846113009254639,
        0.8727618669061283,
        3.272843630144734,
        3.497032317386142,
        5.48122453107945,
        2.855612869936574,
        2.1083449371001795,
        3.924896756124599,
        1.6629271089955397,
        0.7891237552455609,
        3.005278002975513,
        2.4360911545978916,
        1.5604376054463858,
        2.419717973391807,
        2.32957928080854,
        2.1516019195133524,
        2.397818270577023,
        4.339537560355359,
        2.0779843517690484,
        5.851435430454713,
        5.648315269863968,
        3.0320227468408154,
        2.246416105778566,
        3.2051022949678303,
        5.199964643088182,
        4.1676707663672365,
        4.9909451032052266,
        3.538268934369782,
        4.007334307089777,
        1.7752795792596225
    ],
    "Cmin, Cmax, frob_norm, shift": [
        0.3369377722287652,
        2246.770729659739,
        249.26698098990568,
        349.59162707225994
    ]
}