{
    "Calculated Minimum Energy [norm, row]": [
        0.0016198088981638956,
        -1.3865289918554908
    ],
    "Corresponding loss function": 0.03490243905950061,
    "Solution for Minimum Energy": [
        1.0,
        1.0,
        -1.0,
        1.0,
        1.0,
        1.0,
        1.0,
        1.0,
        1.0,
        1.0,
        1.0,
        -1.0,
        1.0,
        1.0,
        -1.0,
        1.0,
        1.0,
        -1.0,
        1.0,
        1.0,
        1.0,
        1.0,
        1.0,
        1.0,
        1.0,
        1.0,
        1.0,
        1.0,
        1.0,
        -1.0,
        1.0,
        1.0,
        1.0,
        -1.0,
        -1.0,
        1.0,
        -1.0,
        -1.0,
        1.0,
        1.0,
        1.0,
        1.0,
        -1.0,
        -1.0,
        1.0,
        1.0,
        1.0,
        1.0,
        -1.0,
        -1.0,
        1.0,
        1.0,
        -1.0,
        1.0,
        1.0,
        1.0,
        1.0,
        1.0,
        1.0,
        1.0
    ],
    "Corresponding exp value": [
        -0.08904479510136444,
        0.030314513375705707,
        -0.15616969765312347,
        0.10872132248611077,
        -0.06373471932795888,
        0.1266804340964461,
        0.06699092259011528,
        0.06366112130563518,
        -0.10231289335133395,
        0.1899608759767288,
        0.19667529977254714,
        -0.1703565533164004,
        0.3115040012489036,
        0.21947902665766003,
        -0.18832561459460617,
        0.15693810126892044,
        0.19835854863246294,
        -0.1862244398344617,
        0.20946760018465727,
        -0.07714090273602509,
        -0.05733484671487489,
        -0.09185125477706539,
        0.1837622765425671,
        0.08899222157727875,
        -0.09376790760158481,
        0.12563396089824821,
        -0.08238435424208676,
        0.14495919169637364,
        -0.05265028983748797,
        -0.16480293285451214,
        0.025855516231043863,
        -0.03606994701700128,
        0.1094707475744095,
        -0.1320624874073975,
        -0.15641380791532378,
        -0.032887399075305974,
        -0.1401568609603861,
        -0.18306979190404132,
        0.020370865413498675,
        -0.07690246668458703,
        0.07021096120080508,
        -0.07309937283374907,
        -0.1341391812975256,
        -0.3194946919806791,
        -0.0945215512693926,
        -0.037062667672768466,
        0.1098821411426004,
        -0.05424818782051474,
        -0.15124600215694722,
        -0.15718070616734042,
        0.07058083069237743,
        0.004899990078365377,
        -0.1511032725417984,
        -0.1092507024861433,
        -0.10523679459993217,
        0.10394360626091786,
        -0.06797587907249215,
        0.0781089400796389,
        0.048291149232406926,
        -0.09343172061975773
    ],
    "Number for Minimum Energy": 5361451162290180,
    "Elapsed Time [seconds]": 0.20188260078430176,
    "Elapsed Time [hours, minutes, seconds]": [
        0,
        0,
        0.2
    ],
    "Current function value": -1.0865806201120667,
    "Iterations": 4,
    "Function Evaluations, Estimation": [
        50,
        5206
    ],
    "Gradient Evaluations": 38,
    "Number of Parameters": 136,
    "Minimum Parameters": [
        4.096995235724261,
        4.235129776577001,
        5.966015434994559,
        0.830481344623311,
        3.068908509297718,
        2.538499768463804,
        3.264642289550743,
        0.7505343486937749,
        0.6227883319061571,
        1.9227110609127684,
        1.655108637599866,
        2.6600454517816976,
        4.0390190117874525,
        3.829468172403765,
        2.4343403110895783,
        2.602759467421088,
        1.2981699583540036,
        3.7975906836520408,
        2.0950663725248764,
        0.31283443463315497,
        2.61167357494242,
        2.978059417395131,
        1.2434588590507853,
        3.6261419516137505,
        3.3716379844871467,
        4.443379444060423,
        4.0590737981104095,
        4.2073111915655135,
        1.9581834860953655,
        5.0510775017912195,
        3.399652545068792,
        2.9477050263184923,
        3.9731147938288927,
        1.986305615881492,
        3.053224001282327,
        4.917466662468492,
        5.671377423880773,
        5.836253818394309,
        3.0556051603420733,
        3.5302000067722696,
        5.050007345898925,
        1.8722798668203662,
        5.56914434100339,
        3.028155992348759,
        0.6508322169613516,
        0.4393670919627047,
        5.385412437254869,
        -0.0981844878122421,
        1.5857960118548828,
        2.1375079058826674,
        1.0236998343795911,
        1.9189144475829831,
        4.466492783388604,
        0.02994264422064682,
        5.157017453550618,
        5.491308911895423,
        2.319672682371247,
        1.0484322702002389,
        3.8981475926658473,
        0.6640048568244036,
        2.131397323473663,
        6.136572813630161,
        6.137657742410338,
        4.953486723223066,
        1.9494311421832526,
        4.582471273919055,
        4.222710442291752,
        2.416424089292005,
        4.109814033629222,
        0.15139734440820207,
        1.316148675785845,
        3.0844149975761805,
        1.0449334359508426,
        0.962580745079079,
        5.107865196556909,
        6.223243918603949,
        3.30412148709863,
        5.22934358558239,
        6.230951567572477,
        0.7229629098245921,
        2.7983352686856557,
        2.4369729408035274,
        0.42882662982082254,
        4.595250433949972,
        2.5350298016850004,
        2.455733750890898,
        0.9865268849871307,
        1.1547191651916986,
        5.724007623056507,
        0.49140952689901973,
        1.4853411536157832,
        2.1009090707326776,
        3.045322292567733,
        3.774597182550502,
        3.1668238441373284,
        0.710379132336717,
        1.5199907235891832,
        5.240518697576995,
        4.0499355563376485,
        4.405880014094672,
        4.26495574299546,
        4.740051796553626,
        0.5140382857602951,
        2.4579697457707015,
        3.4175201930737216,
        1.910048229998012,
        5.304149765457263,
        3.065472420059892,
        4.963070188815815,
        5.323498036359373,
        3.5269319820238145,
        5.886649328396801,
        3.5909757801233098,
        5.239885108327187,
        2.429995006583992,
        3.2947303187445183,
        3.5390974486557587,
        0.6472354233086984,
        2.525774751998197,
        5.788251815074849,
        4.281880297453281,
        0.9661748469597877,
        2.069278408607342,
        1.133446912538124,
        0.05820085752599395,
        5.783178750301105,
        2.8209067262398495,
        1.9495698000158794,
        3.564520290019137,
        -0.1505890580264789,
        1.9392920715122126,
        4.5997569926905655,
        3.981829666275172,
        6.119324229421311,
        3.9476580991442005,
        1.171659233201262
    ],
    "Cmin, Cmax, frob_norm, shift": [
        0.3369377722287652,
        2246.770729659739,
        249.26698098990568,
        349.59162707225994
    ]
}