{
    "Calculated Minimum Energy [norm, row]": [
        0.00028207975356906736,
        -1.3985848202804048
    ],
    "Corresponding loss function": 0.0004693737184534284,
    "Solution for Minimum Energy": [
        1.0,
        -1.0,
        -1.0,
        1.0,
        1.0,
        -1.0,
        1.0,
        -1.0,
        -1.0,
        -1.0,
        1.0,
        -1.0,
        1.0,
        1.0,
        -1.0,
        1.0,
        1.0,
        -1.0,
        -1.0,
        -1.0,
        1.0,
        1.0,
        1.0,
        -1.0,
        1.0,
        1.0,
        1.0,
        1.0,
        -1.0,
        1.0,
        1.0,
        1.0,
        1.0,
        1.0,
        -1.0,
        1.0,
        1.0,
        1.0,
        1.0,
        1.0,
        -1.0,
        -1.0,
        1.0,
        -1.0,
        -1.0,
        1.0,
        1.0,
        1.0,
        1.0,
        1.0,
        -1.0,
        1.0,
        1.0,
        -1.0,
        1.0,
        1.0,
        1.0,
        1.0,
        1.0,
        -1.0
    ],
    "Corresponding exp value": [
        0.16636060274572084,
        -0.10372344438054679,
        -0.17973899895609863,
        0.1922040711657903,
        0.29472420622135026,
        -0.11857394120849868,
        0.2109549068931351,
        -0.07414193275560257,
        -0.17459298199828044,
        -0.2258937746242869,
        0.3084969045620587,
        -0.21423304568235807,
        0.19807984624666297,
        0.1329829817235194,
        -0.11957022122287314,
        0.23918513894846016,
        0.1053630929918945,
        -0.10404959259235139,
        -0.06418476092455101,
        -0.22276550918898508,
        0.3428710393289947,
        0.13232495207126083,
        0.3647362098909969,
        -0.06845612886237261,
        0.29674527859803923,
        0.1300119876975678,
        0.20744572543469184,
        0.2788572479765436,
        -0.207579036003811,
        0.27268285960268684,
        0.25344322606741965,
        0.22298002783181217,
        0.2182431734734199,
        0.3758810025280112,
        -0.1381792816144824,
        0.28221757979729767,
        0.19379941237624185,
        0.17602982753921886,
        0.27084335316904684,
        0.2680395643895133,
        -0.22516932880467588,
        -0.2968069034474861,
        0.008961428558560261,
        -0.20108951524594615,
        -0.08838685737586503,
        0.17464679865203636,
        0.11911660144470501,
        0.26408924942744116,
        0.1476896621499497,
        0.23886571662303532,
        -0.2338634241534103,
        0.13619070205183118,
        0.1113607372946347,
        -0.07615296450344837,
        0.14024492590102328,
        0.2776138804491693,
        0.26808989933432076,
        0.23472733086957306,
        0.22397275763049107,
        -0.003710331286917937
    ],
    "Number for Minimum Energy": 586623555736587174,
    "Elapsed Time [seconds]": 1.744065523147583,
    "Elapsed Time [hours, minutes, seconds]": [
        0,
        0,
        1.74
    ],
    "Current function value": -1.3979469044424289,
    "Iterations": 557,
    "Function Evaluations, Estimation": [
        558,
        75888
    ],
    "Gradient Evaluations": 558,
    "Number of Parameters": 135,
    "Minimum Parameters": [
        4.340564517840265,
        4.125307398098413,
        5.761582289562121,
        0.8724353165105266,
        3.5571567191817826,
        2.350804948157177,
        3.2848557754192704,
        0.857554447615451,
        0.732250014742056,
        2.1242462579006247,
        1.4631802362502246,
        2.679413225357848,
        3.813076918852478,
        4.134346879193523,
        2.4528033113637497,
        2.808797327912166,
        1.4261753148647516,
        3.5718859500962887,
        2.1986585846156936,
        0.42404225340547447,
        2.7788464800055332,
        3.0798922954046595,
        0.9307540084586646,
        3.6112327546944565,
        3.2488083490879793,
        4.408562809382086,
        3.885122968442637,
        3.991126163260899,
        1.7304541843595707,
        4.843307653625763,
        3.625163853506277,
        2.895917444818455,
        4.024368952399089,
        2.076071370998399,
        3.3057653995730014,
        4.424912343404926,
        5.740643137134496,
        5.456096870457283,
        3.10153657604979,
        3.883360874289075,
        5.189283099695315,
        1.9086331338761615,
        5.414925102803183,
        2.8804796232255954,
        0.4741970871598754,
        0.4549397593012329,
        5.327079094013217,
        -0.06349293052881738,
        1.8023074148562555,
        2.24708151601821,
        1.2257784436831853,
        1.6272088008584498,
        4.557837325957659,
        -0.12629645680785612,
        4.927174375831509,
        5.345243383354342,
        2.7186231967417807,
        0.9005362150995879,
        4.005584703269388,
        0.8277966701303012,
        2.3025280914135373,
        5.579417017847417,
        5.9991234125194195,
        4.846624506258137,
        2.3806570677630665,
        4.148775207124072,
        3.733528415393619,
        2.0578157122300587,
        3.9726002759270127,
        0.12330591225366141,
        1.242019782379543,
        2.9038875463449183,
        1.5815478906458302,
        0.9384637026618823,
        5.405775996978244,
        6.789696823289475,
        2.8326828585902577,
        5.0878700758883095,
        6.666456552449679,
        1.2794063393374235,
        2.8325808514183577,
        2.631242098467712,
        0.30707785199094806,
        4.756710775427533,
        2.574395690836868,
        2.659730465659667,
        0.7958735594411849,
        1.0229560356011462,
        5.806747378489189,
        0.47174186316111966,
        1.602067494507456,
        1.7007641763794674,
        2.8355910539775144,
        3.7694757151434035,
        3.152536814840821,
        0.9357039845048304,
        1.485869321018928,
        5.255785227026733,
        3.7452258852504645,
        3.9556944752354664,
        4.109073234473493,
        4.316285044703656,
        0.7429493636298428,
        2.3453942656591815,
        3.2784964160683745,
        1.627241548693327,
        5.196595552793716,
        2.7289388272735913,
        5.1246433026271,
        5.706176309291206,
        3.5850807032504166,
        5.771914103609735,
        3.912137645713485,
        5.082212909534592,
        2.4487496975143874,
        3.192436094975866,
        3.6964753991199104,
        0.787463078424167,
        2.1621001950709338,
        5.454591483754055,
        4.47430505103144,
        1.6872716409396322,
        2.714202338586149,
        1.1656406658899836,
        0.12087530541831046,
        5.4491788932668515,
        2.7116429173499754,
        1.8925461576245097,
        3.6767629924660326,
        -0.14192480919129213,
        1.5674848410133209,
        4.890106249106232,
        3.996083464817116,
        5.844618460148523,
        3.8422578602085298
    ],
    "Cmin, Cmax, frob_norm, shift": [
        0.3369377722287652,
        2246.770729659739,
        249.26698098990568,
        349.59162707225994
    ]
}