{
    "Calculated Minimum Energy [norm, row]": [
        0.0007764763137657061,
        -1.394129239621434
    ],
    "Corresponding loss function": 0.0018015327556653218,
    "Solution for Minimum Energy": [
        1.0,
        1.0,
        1.0,
        -1.0,
        1.0,
        -1.0,
        1.0,
        1.0,
        -1.0,
        1.0,
        1.0,
        -1.0,
        -1.0,
        1.0,
        1.0,
        1.0,
        -1.0,
        1.0,
        1.0,
        1.0,
        1.0,
        1.0,
        -1.0,
        1.0,
        1.0,
        1.0,
        1.0,
        1.0,
        -1.0,
        1.0,
        1.0,
        1.0,
        1.0,
        1.0,
        1.0,
        1.0,
        1.0,
        1.0,
        1.0,
        1.0,
        -1.0,
        1.0,
        1.0,
        1.0,
        -1.0,
        1.0,
        1.0,
        1.0,
        1.0,
        -1.0,
        1.0,
        -1.0,
        1.0,
        1.0,
        1.0,
        1.0,
        -1.0,
        1.0,
        1.0,
        1.0
    ],
    "Corresponding exp value": [
        0.15118580723154829,
        -0.03695291001061293,
        0.13111277285595058,
        -0.1320234734405842,
        0.39448114849577054,
        -0.1246735865202188,
        0.023353221223975824,
        0.044153759455045655,
        -0.14905933530667656,
        0.15673175938818884,
        0.24566089594981555,
        -0.18672747450781757,
        -0.15236036477824313,
        0.09392227531077914,
        0.08122554872605804,
        -0.008476427646417688,
        -0.25017340996332527,
        0.24448381051103707,
        -0.011327539877649893,
        0.15805620823152822,
        0.0409591190529803,
        -0.08153596978788089,
        -0.1877926192794454,
        -0.08250352536257029,
        0.14171453991869903,
        -0.028709480862503932,
        -0.0657301468001827,
        0.024390200599866844,
        -0.1405653471676958,
        0.05532446749268764,
        0.3042181233229648,
        0.04445288037898493,
        0.14568672907681363,
        0.10562207739531425,
        -0.045976168787388125,
        0.18968099577128772,
        -0.004938229400962206,
        0.058007717844767596,
        0.1513270987852936,
        0.08624103190267368,
        -0.20554233995246282,
        0.10717903796567331,
        0.023671025572298467,
        0.14279158862525507,
        -0.09785598546900331,
        0.29541931638811325,
        0.0017099506675394126,
        0.04852622346657997,
        0.09997028067098057,
        -0.16610710654419364,
        0.06833346954465276,
        -0.17765184899149108,
        0.13184614640267375,
        0.39647269311467814,
        -0.04049377157512522,
        0.11963078447906011,
        -0.10698743797875962,
        0.018511723128400447,
        0.016942588405202883,
        0.018169282832215052
    ],
    "Number for Minimum Energy": 74891035775408424,
    "Elapsed Time [seconds]": 0.14980435371398926,
    "Elapsed Time [hours, minutes, seconds]": [
        0,
        0,
        0.15
    ],
    "Current function value": -1.3872429252793124,
    "Iterations": 8,
    "Function Evaluations, Estimation": [
        67,
        7672
    ],
    "Gradient Evaluations": 56,
    "Number of Parameters": 136,
    "Minimum Parameters": [
        4.482207543401907,
        1.1049936170821573,
        4.411032361473229,
        5.374495701170914,
        0.9598048204865371,
        4.090911221340169,
        0.6055280278840387,
        4.50161303759246,
        0.595133591983638,
        5.840473581862722,
        0.7124582703384753,
        6.085166348580251,
        4.959046886013891,
        3.550793880312434,
        4.781232707972127,
        4.868982957889375,
        5.8266929041397955,
        1.4929629696133264,
        3.891673861146698,
        0.6114613775312646,
        3.962104463984057,
        1.1997007752186855,
        3.753905295727287,
        3.8307909052302445,
        2.784356163739385,
        3.3057461927099183,
        4.774284466326442,
        4.8413397717275695,
        2.8801947787812883,
        3.676680265397238,
        6.059723102008594,
        0.814134649438538,
        0.8670219432778784,
        0.4881011391720876,
        4.196494494731219,
        2.6674192498798086,
        4.823557565780312,
        4.04564749506392,
        2.037808437704559,
        5.394542378164023,
        4.8481527186833535,
        1.682485471869251,
        2.2138892444594913,
        2.002154215934588,
        1.4788710055499237,
        0.8035895319933996,
        5.70021840545677,
        2.842803424217759,
        2.638633181237627,
        4.307236501328626,
        3.24609099818375,
        5.823496840514352,
        4.782240600482353,
        3.019359916134356,
        2.23641937864044,
        6.309886754724461,
        4.642362548897153,
        5.796045886993011,
        0.5899425110759297,
        5.367759956263264,
        4.103969453261275,
        0.6445628071997413,
        3.7922743739722304,
        4.494019776064997,
        0.15359965566343592,
        2.7963136495836336,
        5.148396423201655,
        1.7692770577987993,
        3.0499814281444504,
        2.6675088988570703,
        1.8122955602267765,
        5.515910870212029,
        4.9487552713701755,
        0.4905592791419308,
        6.275712433316983,
        5.269733837389342,
        1.8587020060636474,
        5.097709171207495,
        0.6208389792632972,
        6.318566022440279,
        4.107240113266694,
        4.14072748835532,
        0.5003457501848686,
        5.871392506233736,
        0.0937950403904738,
        1.4866302947905672,
        0.6744486866884969,
        4.939518519012033,
        1.2489814072689318,
        5.409306617665553,
        4.255039948739229,
        -0.03346466394126604,
        -0.003245410607815874,
        0.1954932026001651,
        3.7215399216416887,
        5.168353276336161,
        1.6468171737609085,
        5.381635315459079,
        0.14299591610681192,
        4.973559070276827,
        5.614923534638991,
        4.909294265557877,
        4.491592178003543,
        5.0825493109335325,
        0.28794993671935604,
        1.193645321947613,
        0.4675080318344721,
        3.145008291743327,
        4.609861209599564,
        3.860701365247185,
        5.4534654087081575,
        1.1247627157656153,
        4.677393202937839,
        1.4373952071858824,
        1.6007390101242673,
        4.37579514133485,
        5.981389514667296,
        3.9662290076971787,
        0.3237027632306513,
        3.8472003267346637,
        0.24871075033480272,
        5.367101236468639,
        4.445570553781488,
        1.0573111589425612,
        0.6861207595849822,
        1.1337366408433684,
        6.240333810346479,
        2.7601586319360436,
        4.820760560523286,
        4.071234418445287,
        3.620950586005176,
        0.7183096769320175,
        6.004529201329001,
        1.7162437231717635,
        3.6947409361479515,
        1.588074967034383
    ],
    "Cmin, Cmax, frob_norm, shift": [
        0.3369377722287652,
        2246.770729659739,
        249.26698098990568,
        349.59162707225994
    ]
}