{
    "Calculated Minimum Energy [norm, row]": [
        0.008622099091717291,
        -1.3234232357343547
    ],
    "Corresponding loss function": 0.06992222745965773,
    "Solution for Minimum Energy": [
        -1.0,
        1.0,
        1.0,
        1.0,
        1.0,
        1.0,
        1.0,
        -1.0,
        -1.0,
        -1.0,
        1.0,
        1.0,
        -1.0,
        1.0,
        -1.0,
        -1.0,
        -1.0,
        -1.0,
        -1.0,
        1.0,
        1.0,
        1.0,
        1.0,
        -1.0,
        1.0,
        -1.0,
        1.0,
        1.0,
        1.0,
        1.0,
        -1.0,
        -1.0,
        -1.0,
        1.0,
        -1.0,
        -1.0,
        1.0,
        1.0,
        1.0,
        -1.0,
        1.0,
        -1.0,
        1.0,
        1.0,
        1.0,
        1.0,
        1.0,
        1.0,
        -1.0,
        1.0,
        1.0,
        1.0,
        -1.0,
        -1.0,
        1.0,
        1.0,
        1.0,
        1.0,
        -1.0,
        1.0
    ],
    "Corresponding exp value": [
        -0.0171181600754158,
        0.1262116542162501,
        0.11336216305648125,
        0.14374002674500877,
        0.1954703858769842,
        0.020095430230858927,
        0.06635843090671147,
        -0.04093274879644026,
        -0.027691094668189288,
        -0.010908882512492845,
        0.16459662326615868,
        0.06342297870392637,
        -0.06134983618484054,
        0.032581203383104704,
        -0.06133226281294776,
        -0.05634811076497516,
        -0.1292097354854391,
        -0.20236986812564423,
        -0.18302553382337158,
        0.016777492250204556,
        0.16958665126059336,
        0.002044306005503295,
        0.1666427485296832,
        -0.09020583198018767,
        0.1135834587767338,
        -0.2258208771652286,
        0.2746256163744419,
        0.10935226176874224,
        0.11865320101220603,
        0.27588677718868515,
        -0.044517929420287934,
        -0.0013772097559037692,
        -0.10310289133900725,
        0.11057751278275173,
        -0.0695393361482943,
        -0.04121681454819011,
        0.01662876583237654,
        0.12136268102397897,
        0.16997035322779386,
        -0.04492520712160385,
        0.0894830624471509,
        -0.039420307574987795,
        0.11130635690651132,
        0.12876009591887286,
        0.0019227066798286462,
        0.047651207917706905,
        0.13323194994883852,
        0.16034327371641216,
        -0.042073916075599835,
        0.039179953448507034,
        0.03903256191581973,
        0.08787383678436829,
        -0.01735886526256532,
        -0.013841407706393232,
        0.13502199989583488,
        0.16233717828945934,
        0.09313142978162878,
        0.09961951085346638,
        -0.0647418149244713,
        0.058303326668487136
    ],
    "Number for Minimum Energy": 302025457887859585,
    "Elapsed Time [seconds]": 2.6510744094848633,
    "Elapsed Time [hours, minutes, seconds]": [
        0,
        0,
        2.65
    ],
    "Current function value": -1.1111709072057838,
    "Iterations": 571,
    "Function Evaluations, Estimation": [
        596,
        81056
    ],
    "Gradient Evaluations": 596,
    "Number of Parameters": 135,
    "Minimum Parameters": [
        4.171369856400745,
        3.104497631536362,
        3.703702910916953,
        4.837038375906276,
        3.797205911350427,
        3.4327565460711273,
        3.3997057817221217,
        1.8452289117809904,
        -0.013719877393627958,
        2.7823681421523334,
        1.3639038767535452,
        2.4882580599301556,
        5.2580005787566435,
        1.3363939054719405,
        0.2821601756449356,
        1.9288917665251315,
        1.801285256285042,
        4.176793006346951,
        3.52585825421958,
        4.954587463472312,
        4.343271251311016,
        2.672752591133959,
        5.042276181363813,
        1.2319249287862912,
        0.026981046533993625,
        0.6146952191393035,
        4.47607200864884,
        2.8039520750958706,
        0.8485764137598413,
        3.186953457696589,
        0.9286167269133814,
        4.410088708352221,
        2.8963528577360784,
        2.441638019857269,
        1.9546985190162462,
        4.283441006827083,
        2.1067487800856766,
        0.45757048697330704,
        0.6517743705212738,
        5.908550633800391,
        5.557450096636485,
        4.41083659370788,
        1.8957600127659802,
        6.044005525836866,
        4.928985528817189,
        4.535622530699338,
        2.774958071641674,
        1.6670530767151321,
        0.725442697893809,
        5.684845135628183,
        2.834635690325522,
        1.3950427488827952,
        1.9556453267693727,
        3.62476128446216,
        1.0725445877111677,
        5.509249062873173,
        4.448925945159785,
        4.4883422538171525,
        2.7809432635770492,
        3.7837646549319914,
        3.4991533078805483,
        3.9934949222840204,
        0.9289730525708533,
        2.383761967577823,
        0.4070301455819066,
        3.044381598704142,
        2.387701235721025,
        1.20372331837002,
        0.4039175797796895,
        3.8292775163525654,
        1.1083297269375114,
        5.656994297810821,
        3.9260309348153655,
        2.0874952177232884,
        3.613476574063214,
        0.33229097254334755,
        5.961747308250098,
        2.945529775594155,
        5.016594217086237,
        0.6990126590862654,
        2.9558127647207924,
        3.0041977147129058,
        5.722521019621968,
        3.363183160238093,
        3.011312038707945,
        1.7649064021402727,
        1.8411653352261768,
        3.4603142918330847,
        2.891383206570794,
        0.44020175574635817,
        5.029125261795746,
        5.376572049846102,
        0.893580133177884,
        3.6709185405932545,
        0.7043958679033602,
        3.9715829191923855,
        1.5853945207812359,
        4.35219020630413,
        4.463885073423874,
        5.050992897354852,
        0.7847506497127805,
        5.60821944909781,
        1.2891464726805926,
        0.36673727736516326,
        3.6188835531831383,
        2.246465850760443,
        5.346279880261343,
        5.077762889957278,
        1.735187751568164,
        5.978830198646466,
        1.8592562642992414,
        3.286625921798222,
        0.9396036387168036,
        5.9151456733491985,
        0.9492143190304014,
        0.13829619841461271,
        2.7969541795721713,
        6.483049166770998,
        5.551102769484776,
        4.656719224973762,
        5.790701426982205,
        5.519181338249485,
        3.1643551954716274,
        1.8111685587351598,
        5.157958765781645,
        4.259808310391411,
        2.2197428752644486,
        0.8026515762343787,
        4.721652562883349,
        1.6786765668647123,
        5.799902335453929,
        1.6294147529705163,
        0.6143442654531713,
        5.330055251560203,
        0.9086985617573318
    ],
    "Cmin, Cmax, frob_norm, shift": [
        0.3369377722287652,
        2246.770729659739,
        249.26698098990568,
        349.59162707225994
    ]
}