{
    "Calculated Minimum Energy [norm, row]": [
        0.0026793646300255847,
        -1.3769801065960405
    ],
    "Corresponding loss function": 0.056612759925646856,
    "Solution for Minimum Energy": [
        -1.0,
        1.0,
        -1.0,
        1.0,
        1.0,
        -1.0,
        1.0,
        1.0,
        -1.0,
        1.0,
        1.0,
        -1.0,
        1.0,
        1.0,
        -1.0,
        1.0,
        1.0,
        -1.0,
        1.0,
        -1.0,
        -1.0,
        1.0,
        1.0,
        1.0,
        1.0,
        1.0,
        -1.0,
        1.0,
        1.0,
        1.0,
        1.0,
        -1.0,
        1.0,
        1.0,
        1.0,
        1.0,
        1.0,
        1.0,
        1.0,
        1.0,
        -1.0,
        -1.0,
        -1.0,
        1.0,
        -1.0,
        -1.0,
        1.0,
        1.0,
        -1.0,
        -1.0,
        1.0,
        -1.0,
        1.0,
        -1.0,
        -1.0,
        1.0,
        -1.0,
        1.0,
        1.0,
        -1.0
    ],
    "Corresponding exp value": [
        -0.09651605590027927,
        0.22087150569977487,
        -0.1814862393843079,
        0.23138946055694098,
        0.1794191030255643,
        -0.04461952258303742,
        0.13860996528760522,
        0.15756740298592864,
        -0.23856251977613036,
        0.2897348351863207,
        0.33998177570188753,
        -0.13938222966162536,
        0.38095375803668785,
        0.12628683010343217,
        -0.31308476838520605,
        0.0826805295943574,
        0.22948231965035645,
        -0.26701382101300375,
        0.3018099237836441,
        -0.04528238122608436,
        -0.06702387896420166,
        0.15821038125034176,
        0.15990584457258197,
        0.18134357869276185,
        0.043110273900920884,
        0.00722110237138277,
        -0.11456457110113051,
        0.1760697130877437,
        0.12685551146487742,
        0.1396608433261014,
        0.28534848353157366,
        -0.03682993068852535,
        0.04313960016234107,
        0.09171596594772492,
        0.07203156981793354,
        0.14679851487674767,
        0.031230437144416798,
        0.005716395623781383,
        0.17381814187695235,
        0.07832623089071444,
        -0.016724780736113443,
        -0.15819796707958805,
        -0.3228808902663868,
        0.10692119702725844,
        -0.26465666232812773,
        -0.07997088261783183,
        0.20523608227585097,
        0.11780329904770503,
        -0.09496292596575023,
        -0.11271920043345567,
        0.0771749560098298,
        -0.04032173505748103,
        0.06503719737995697,
        -0.14098918598167887,
        -0.10793190265995821,
        0.07114374781682577,
        -0.08521721664738567,
        0.09546064570738858,
        0.17311563415527206,
        -0.08401969319687089
    ],
    "Number for Minimum Energy": 678696644205234469,
    "Elapsed Time [seconds]": 3.8337225914001465,
    "Elapsed Time [hours, minutes, seconds]": [
        0,
        0,
        3.83
    ],
    "Current function value": -1.3382716821716905,
    "Iterations": 845,
    "Function Evaluations, Estimation": [
        846,
        115056
    ],
    "Gradient Evaluations": 846,
    "Number of Parameters": 135,
    "Minimum Parameters": [
        4.081208408387183,
        4.16845535556815,
        5.861962548934423,
        0.9053452210041955,
        3.046937172806043,
        2.5459593774828253,
        3.4067792882214842,
        0.7603710515883868,
        0.5309211257728693,
        1.7509849326200615,
        1.7848742647693119,
        2.568493729321187,
        3.9397795672828058,
        3.8821637645674922,
        2.458992069247713,
        2.6227000020943025,
        1.4364864822376862,
        3.728289330906022,
        2.0297324321938675,
        0.22948208177221885,
        2.5771599648827554,
        2.960568835458479,
        1.4238873913600243,
        3.704996062425608,
        3.552582168061916,
        4.503059641576589,
        4.017554170113772,
        4.064273903273166,
        1.873808416841519,
        5.253454615212882,
        3.6207688589435225,
        2.885305298113426,
        3.8482740841813774,
        2.159250160862032,
        3.296566811363461,
        4.8973266303160505,
        5.637020414276473,
        5.6939466537229615,
        2.9284051324495497,
        3.734240085729729,
        4.8519924294064465,
        1.9112799238661784,
        5.458653019616796,
        2.8048055148104614,
        0.7796457802178229,
        0.5154492766301872,
        5.331144768309574,
        -0.02755667277019544,
        1.677187305944698,
        2.198564120434892,
        0.9342161979509804,
        1.6845770380473495,
        4.378190405766953,
        -0.019481437808323218,
        5.126201705162086,
        5.4014146036043025,
        2.3837711598021394,
        0.8938394802057997,
        3.847625919955563,
        0.7587280860978831,
        2.3969583950881956,
        6.003871267353854,
        5.943812315030008,
        4.920984727822514,
        1.818008060577103,
        4.499360681604402,
        4.140013533835256,
        2.386188763558556,
        4.2170552523911775,
        0.34990108970216777,
        1.2418128975355183,
        3.0888655946230874,
        0.9453897519311347,
        0.9717512476360719,
        5.15083879953387,
        6.063278347758291,
        3.216365806728075,
        5.30383679585341,
        6.3060791237623794,
        0.7222613743602806,
        2.7629132486014414,
        2.434974015710771,
        0.5743418195842664,
        4.6798328718120565,
        2.7525889790569833,
        2.5786250643999065,
        0.8735318751285286,
        1.1876306914752628,
        5.76495958284092,
        0.42763274953165664,
        1.4742899225059363,
        2.101240229733688,
        3.1194259078065887,
        3.7303263692855393,
        3.2313148603550093,
        0.7759435979190874,
        1.414921407588038,
        5.1776198507983375,
        4.081779889601978,
        4.18629748829315,
        4.388643284599356,
        4.695678178671833,
        0.6455375982001328,
        2.5524932187258593,
        3.4797641049788877,
        1.844847360250325,
        5.152929526259993,
        3.066952981743668,
        4.84279312378192,
        5.304110307416993,
        3.4632641608138384,
        5.673503740960825,
        3.5030425852393337,
        5.22425356602177,
        2.460673881925024,
        3.295316626276765,
        3.545899009238176,
        0.687892300110167,
        2.467745742061203,
        5.605621145248017,
        4.226493806600513,
        1.1272442705766101,
        2.1974264420723455,
        1.3476483748477661,
        0.10768347076784042,
        5.859143339865891,
        2.676613846094583,
        2.0563109249653087,
        3.691679300262611,
        -0.10534482209292345,
        2.0925536320079607,
        4.759510559857753,
        3.8515354555791506,
        6.0342475349924145,
        4.014851310512572
    ],
    "Cmin, Cmax, frob_norm, shift": [
        0.3369377722287652,
        2246.770729659739,
        249.26698098990568,
        349.59162707225994
    ]
}