{
    "Calculated Minimum Energy [norm, row]": [
        0.0005907759272752837,
        -1.395802801124534
    ],
    "Corresponding loss function": 0.000625659702820194,
    "Solution for Minimum Energy": [
        -1.0,
        1.0,
        1.0,
        -1.0,
        -1.0,
        1.0,
        -1.0,
        -1.0,
        -1.0,
        -1.0,
        1.0,
        1.0,
        1.0,
        -1.0,
        1.0,
        1.0,
        -1.0,
        1.0,
        1.0,
        1.0,
        1.0,
        1.0,
        1.0,
        1.0,
        1.0,
        1.0,
        1.0,
        1.0,
        1.0,
        1.0,
        1.0,
        1.0,
        1.0,
        1.0,
        1.0,
        1.0,
        1.0,
        1.0,
        1.0,
        1.0,
        1.0,
        1.0,
        -1.0,
        1.0,
        1.0,
        1.0,
        -1.0,
        1.0,
        -1.0,
        -1.0,
        -1.0,
        -1.0,
        1.0,
        -1.0,
        1.0,
        1.0,
        -1.0,
        1.0,
        1.0,
        -1.0
    ],
    "Corresponding exp value": [
        -0.19231154191022048,
        0.04885157549903493,
        0.03579149351351295,
        -0.21119831679492868,
        -0.11143652519139076,
        0.09199875971589289,
        -0.10808662676769619,
        -0.15614788724343615,
        -0.09837610006219076,
        -0.19898764931852814,
        0.0977422337518124,
        0.11545248764639217,
        0.1727937379652338,
        -0.04676727612829559,
        0.1696643081086683,
        0.1859648168668009,
        -0.06501409021672525,
        0.1780499664700397,
        0.07171778357939676,
        0.089361847138506,
        0.08595561594497153,
        0.3445869838980846,
        0.20587166185370218,
        0.382521371364434,
        0.19235398638687012,
        0.11329165575365117,
        0.19709786598513077,
        0.13307338372263172,
        0.31006970407532425,
        0.243968757615507,
        0.2620521101947072,
        0.16107154664767875,
        0.009566251088851948,
        0.1142000936626395,
        0.12218845328818632,
        0.17550695840104388,
        0.17786763479013845,
        0.06455012229196869,
        0.3207268044311245,
        0.05257951886072852,
        0.2842360510931011,
        0.06670552892867587,
        -0.1040417345772512,
        0.007884499342257227,
        0.03999140571021421,
        0.13002789188822872,
        -0.10358968603030143,
        0.08717039655629205,
        -0.12039548742550733,
        -0.02395627073584325,
        -0.10231668894684069,
        -0.14695278568539663,
        0.2612283526485008,
        -0.08159393927426316,
        0.04823236029957082,
        0.10608641172937075,
        -0.10193570013655506,
        0.12721172727300228,
        0.20643620240314717,
        -0.17244232160320894
    ],
    "Number for Minimum Energy": 661822437037515737,
    "Elapsed Time [seconds]": 0.12431192398071289,
    "Elapsed Time [hours, minutes, seconds]": [
        0,
        0,
        0.12
    ],
    "Current function value": -1.3954884229752038,
    "Iterations": 8,
    "Function Evaluations, Estimation": [
        58,
        6302
    ],
    "Gradient Evaluations": 46,
    "Number of Parameters": 136,
    "Minimum Parameters": [
        4.2240997053334555,
        3.084318204660105,
        3.565095917978538,
        4.827914187025312,
        3.9736516574773866,
        3.379389642920111,
        3.568967512979069,
        1.9073159040062262,
        0.03910916016997706,
        2.7892584725356206,
        1.3136791831281154,
        2.622136146738819,
        5.201762020331508,
        1.4195285630055863,
        0.21027934538390883,
        1.884675694474961,
        1.8128761019409092,
        4.17799863673824,
        3.4517625039980206,
        4.920436333736661,
        4.226565347077211,
        2.662635449475999,
        4.984816205782923,
        1.0566395859321551,
        0.10116546045551725,
        0.5360745065991348,
        4.588381947463468,
        3.1532604903374524,
        0.8576336860820954,
        3.0617755106619744,
        0.9341078755801442,
        4.537357206186206,
        2.771218130816009,
        2.3902490514984263,
        1.954680869085508,
        4.046590021901265,
        1.997505919916577,
        0.7848875396101006,
        0.8005049152355836,
        5.856343977463109,
        5.558997068955289,
        4.413478945142706,
        1.6787415314153293,
        5.973124477440846,
        4.804020309808148,
        4.518736308128933,
        2.678476911480009,
        1.7365338012128402,
        0.6530186921585933,
        5.659703769741599,
        2.728387244828136,
        1.136740401559928,
        1.9298859571666056,
        3.552670254340324,
        1.057567634315508,
        5.40638037474628,
        4.749012970442103,
        4.532537521862796,
        2.753638784305187,
        3.8970635697766407,
        3.581428138614405,
        4.116340074946092,
        0.5476920604579176,
        2.3368105749622896,
        0.24294821511744827,
        3.124747491536929,
        2.3202570402029425,
        0.9783283369120865,
        0.7563891639694983,
        3.7300174874529723,
        0.9835025748697949,
        5.880158151002574,
        3.7011869566041162,
        2.1397258232161267,
        3.6725703654300585,
        0.1466729440542841,
        6.026318748873294,
        3.126919681862745,
        4.981950510273815,
        0.5974915922469273,
        2.9997500478235555,
        2.96570890358752,
        5.849228405305324,
        3.6014063449957363,
        2.90623051785407,
        1.813873657113271,
        1.926003825407589,
        3.265936691706069,
        2.7382054217073697,
        0.423994580346146,
        4.9268594579072715,
        5.334164997223475,
        0.8974231610898055,
        3.6110502054296756,
        0.7244821313710876,
        4.309990099371915,
        1.6948139156419426,
        4.220389181473341,
        4.564440970668076,
        4.824020111131725,
        0.6966424251863709,
        5.650303572204689,
        1.4232239471173955,
        0.1726201037208649,
        3.3318250926795323,
        2.279831957180244,
        5.324472549871752,
        5.1535985070941175,
        1.7892219698319687,
        6.076495968688739,
        1.7616762520576217,
        3.381649828386922,
        1.488027629477769,
        6.0005220685732965,
        1.1591249236757546,
        0.2048316272659886,
        2.9101107628011205,
        6.568263758818725,
        5.446392529898394,
        4.762710835648213,
        5.786645630809148,
        5.539871276227014,
        3.0773330624650295,
        1.7761074565008146,
        4.988369384623818,
        4.245901033738834,
        2.1395348304107076,
        0.5582549079127732,
        4.579720831519583,
        1.6188971017371216,
        5.881387681449735,
        1.4995749692842284,
        0.6386107738516332,
        5.45220059891174,
        0.8861388693814006,
        0.6476257050175753
    ],
    "Cmin, Cmax, frob_norm, shift": [
        0.3369377722287652,
        2246.770729659739,
        249.26698098990568,
        349.59162707225994
    ]
}