{
    "Calculated Minimum Energy [norm, row]": [
        0.0003903508089772145,
        -1.3976090642593455
    ],
    "Corresponding loss function": 0.0009989311329617735,
    "Solution for Minimum Energy": [
        -1.0,
        -1.0,
        -1.0,
        1.0,
        1.0,
        -1.0,
        1.0,
        -1.0,
        -1.0,
        1.0,
        1.0,
        -1.0,
        1.0,
        1.0,
        -1.0,
        1.0,
        1.0,
        1.0,
        -1.0,
        -1.0,
        1.0,
        1.0,
        1.0,
        1.0,
        1.0,
        1.0,
        1.0,
        1.0,
        1.0,
        1.0,
        1.0,
        1.0,
        1.0,
        1.0,
        1.0,
        1.0,
        1.0,
        1.0,
        1.0,
        1.0,
        -1.0,
        -1.0,
        1.0,
        -1.0,
        -1.0,
        -1.0,
        -1.0,
        1.0,
        -1.0,
        1.0,
        -1.0,
        1.0,
        -1.0,
        -1.0,
        1.0,
        1.0,
        1.0,
        -1.0,
        1.0,
        -1.0
    ],
    "Corresponding exp value": [
        -0.2366168458336248,
        -0.018246562574717223,
        -0.26046772585937045,
        0.34029877547819526,
        0.4196494041393041,
        -0.14009816950915513,
        0.24598107219288873,
        -0.09779224288083935,
        -0.16086922108770207,
        0.298068915735754,
        0.5078971254448872,
        -0.33895485327738695,
        0.3433256098299974,
        0.152458288565393,
        -0.2137970329367745,
        0.2760956167495264,
        0.04228066207585091,
        0.009536747884764812,
        -0.08837441912117641,
        -0.27064692186135886,
        0.40820901687027805,
        0.28459297141899853,
        0.5114569756270829,
        0.2122918535153242,
        0.3567433808402456,
        0.30469513372859025,
        0.2573940129506227,
        0.35845176745866375,
        0.3925266914221249,
        0.4819711814717237,
        0.3629761393569222,
        0.3062634504780749,
        0.35622372929290963,
        0.485885262496742,
        0.32432022980972314,
        0.37044469480348297,
        0.3301993293378029,
        0.26838127142053125,
        0.43773387954129545,
        0.4092757041519423,
        -0.28390419686103024,
        -0.4063649787099926,
        0.025267869537792247,
        -0.3068658350807174,
        -0.15741187329460332,
        -0.17271673000116813,
        -0.13636363763407638,
        0.4053019995372846,
        -0.0034000132506649093,
        0.1619993633994436,
        -0.26635122650071563,
        0.22551551721385568,
        -0.2551051236708813,
        -0.02673722239367759,
        0.05736464390444902,
        0.4164312289435412,
        0.3884973056867665,
        -0.35080170203647515,
        0.3052810400525428,
        -0.08769556388565868
    ],
    "Number for Minimum Energy": 735629354075965863,
    "Elapsed Time [seconds]": 3.0935468673706055,
    "Elapsed Time [hours, minutes, seconds]": [
        0,
        0,
        3.09
    ],
    "Current function value": -1.393677163434543,
    "Iterations": 517,
    "Function Evaluations, Estimation": [
        518,
        70448
    ],
    "Gradient Evaluations": 518,
    "Number of Parameters": 135,
    "Minimum Parameters": [
        4.0294821966765415,
        4.159254795102202,
        5.806968553872281,
        0.8264258334795436,
        3.8881309103564448,
        2.6481713363652344,
        3.4103612694219008,
        0.5196843642512607,
        0.3428339271561631,
        1.9589762999597464,
        1.7885010383045066,
        2.7914312450476135,
        3.571647682053923,
        3.675541473459668,
        2.572916382194473,
        2.818951019326164,
        1.3007760361165464,
        3.285119987934327,
        1.9274905691074975,
        0.3845146305831287,
        2.4134534549013407,
        2.935103448126672,
        1.3047589056055566,
        3.375293052517787,
        3.0982071855384605,
        4.46908835136485,
        3.9802433867022753,
        4.624459523964034,
        1.518872097361561,
        4.955545349239594,
        4.372420895300652,
        2.7856827223522007,
        4.2376050837905925,
        1.9775616924010635,
        3.4652714648036924,
        4.793861638921272,
        6.037557313484845,
        5.251104488153481,
        2.9895313663755543,
        3.761510180794792,
        5.292382362073081,
        1.3583917528258291,
        5.332826393338349,
        2.6778217505172806,
        0.816122817917833,
        0.3392019537361856,
        5.107280680771791,
        -0.05123187418857283,
        2.2086321827019275,
        2.3795925453263456,
        1.3013485481384528,
        1.527287670034289,
        4.43849162485444,
        -0.5375088614875758,
        5.076337891583225,
        5.586614206051215,
        2.3604102369854103,
        0.7604264794404024,
        3.779065601129158,
        0.4387083038881729,
        2.5348532965876536,
        6.038284845925807,
        6.236288489008135,
        5.399352019016624,
        1.6379505032168755,
        3.9217908734055813,
        3.7912684749947836,
        2.0269255214873927,
        4.375252143851591,
        0.8288094901926512,
        1.4593298502774115,
        3.041422330904372,
        1.119707850758134,
        0.48878369901134733,
        5.242713230159735,
        5.844249678223401,
        3.4127733906448348,
        5.658562990490205,
        6.094364024058032,
        0.9435915226418564,
        3.003407937392003,
        1.9603223305145954,
        0.6510576936052308,
        4.662708782058165,
        2.3415565864969903,
        2.410039039751394,
        0.8889009759860357,
        0.9556844104472179,
        6.382882712671315,
        0.17401845649663944,
        1.6324394637960868,
        2.4454692788724373,
        3.652407271635244,
        3.920455042792299,
        3.233408263214787,
        1.0038987362183591,
        1.7537070057568243,
        4.931248641379513,
        4.434711847032104,
        4.088597463195662,
        5.164699946167878,
        4.631852467756613,
        0.8328478705264041,
        2.350254899251613,
        3.306581041618689,
        2.177895354935775,
        5.363357092666467,
        2.2592886530055685,
        5.087099561538796,
        5.207171527172651,
        3.559969653759615,
        6.117486598089856,
        3.9833371316204684,
        5.429536246721153,
        2.4838051419050884,
        3.446151498779609,
        3.9104398161808174,
        0.9026275522080534,
        2.1571440594337274,
        5.9193950474084165,
        4.720105070688453,
        1.1232596193672904,
        2.2465697634183472,
        1.4111531203099215,
        0.2112824132499495,
        5.51253343787294,
        2.0519718928110477,
        1.571447689331381,
        3.271516732334929,
        -0.2378030380654833,
        2.3683924468447226,
        4.880807270330708,
        3.6005325924727076,
        6.220827077896786,
        4.6942768337147935
    ],
    "Cmin, Cmax, frob_norm, shift": [
        0.3369377722287652,
        2246.770729659739,
        249.26698098990568,
        349.59162707225994
    ]
}