{
    "Calculated Minimum Energy [norm, row]": [
        0.0006596120261440554,
        -1.3951824392218608
    ],
    "Corresponding loss function": 0.012722734573800132,
    "Solution for Minimum Energy": [
        1.0,
        -1.0,
        -1.0,
        1.0,
        -1.0,
        1.0,
        1.0,
        -1.0,
        1.0,
        1.0,
        1.0,
        1.0,
        1.0,
        1.0,
        1.0,
        -1.0,
        1.0,
        1.0,
        1.0,
        -1.0,
        1.0,
        1.0,
        1.0,
        -1.0,
        1.0,
        -1.0,
        -1.0,
        1.0,
        1.0,
        1.0,
        -1.0,
        1.0,
        -1.0,
        1.0,
        1.0,
        1.0,
        1.0,
        1.0,
        1.0,
        1.0,
        1.0,
        1.0,
        1.0,
        1.0,
        1.0,
        -1.0,
        -1.0,
        1.0,
        1.0,
        1.0,
        -1.0,
        1.0,
        1.0,
        -1.0,
        -1.0,
        -1.0,
        1.0,
        -1.0,
        1.0,
        -1.0
    ],
    "Corresponding exp value": [
        0.2246994241112092,
        -0.007064329302332334,
        -0.016148910908549273,
        0.2517559506565744,
        -0.04762206233428009,
        0.10934756239636115,
        0.09794126430313702,
        -0.004338899358637814,
        0.3251156614393845,
        0.0677367470707547,
        0.21547998666679913,
        0.011409912055486374,
        0.02706909753927913,
        0.0313638792389807,
        0.013586471184292487,
        -0.011446036723019023,
        0.20220040504021697,
        0.005671579760039673,
        0.021319393873746463,
        -0.004028207703834715,
        0.20888457745211267,
        0.022137563657353143,
        0.2532072139601378,
        -0.0001468736780425861,
        0.024211077506573035,
        -0.008578980277906649,
        -0.003931619028353681,
        0.08884849175084293,
        0.284965228084333,
        0.22096003281098964,
        -0.00740392050720428,
        0.25647500586038324,
        -0.0001870697871180181,
        0.13914170527526706,
        0.20247636078436163,
        0.06631929496757222,
        0.008500072057373655,
        0.036581783566219876,
        0.19286720486866216,
        0.2341294761307562,
        0.0190916835809892,
        0.06933264419070143,
        0.018194558081440864,
        0.006756569973988245,
        0.004495223506235782,
        -0.3583006436381338,
        -0.0018798016842745402,
        0.15914056332447574,
        3.782977600989834e-05,
        0.009387663744957857,
        -0.012300886915583027,
        0.020287026686275685,
        0.006295284474439581,
        -0.01105408382277266,
        -0.004015830357503565,
        -0.13576624278413657,
        0.22002971061866858,
        -0.013828137370456343,
        0.23318206260543592,
        -0.23986379183864218
    ],
    "Number for Minimum Energy": 784857793663893654,
    "Elapsed Time [seconds]": 34.166117429733276,
    "Elapsed Time [hours, minutes, seconds]": [
        0,
        0,
        34.17
    ],
    "Current function value": -1.3216309091015208,
    "Iterations": 651,
    "Function Evaluations, Estimation": [
        95608,
        95608
    ],
    "Gradient Evaluations": 703,
    "Number of Parameters": 135,
    "Minimum Parameters": [
        1.3063425578165546,
        3.7833183795868903,
        5.495307917820908,
        1.1108699907326072,
        1.955876710860704,
        4.683848697184018,
        6.034195348915516,
        3.1421826827693735,
        0.86453575951385,
        0.13442433083114128,
        1.3927684943507488,
        0.864539254149271,
        4.215865239217401,
        0.6836497156929553,
        3.1601862697982512,
        4.362012393674891,
        3.65845314118435,
        1.0523331808562328,
        4.929653138954894,
        4.451102497940931,
        5.103034398270157,
        0.5986707168682467,
        0.5778663485263122,
        5.67857926965877,
        2.5282611573817957,
        1.927356309175732,
        3.064357274585885,
        4.34850354690094,
        5.8671836818964165,
        1.7263744501492808,
        5.763888421228039,
        -0.053857056163989496,
        3.2764661413820924,
        3.816444911256948,
        0.6259724454233088,
        0.7019139527481573,
        2.670892033109313,
        5.870508525494575,
        3.736919498135974,
        5.884206721886437,
        4.937814198199222,
        2.906369210065195,
        5.046258917292839,
        0.1493415195032578,
        0.7136355844229808,
        5.323005101004149,
        4.950226813733376,
        1.672443362179627,
        3.474771288675301,
        3.7170633986725887,
        5.282157754044891,
        3.6849944727902493,
        2.6207044471355565,
        2.2747468526074446,
        2.763379842430308,
        4.212086719221577,
        5.6924474101691755,
        2.862492113540535,
        1.4165523001667473,
        1.4050702799028412,
        4.667110785271044,
        5.10489196946855,
        0.5183670432063364,
        0.4722883090858647,
        3.7597030607927184,
        0.8823875949514925,
        5.088165805338762,
        1.9830991917795628,
        0.7988112571537329,
        5.662338636818591,
        0.8944215668368779,
        1.609023134120121,
        0.8912047956124859,
        0.8470607356069167,
        -0.12069399838512934,
        0.5312621184013826,
        0.8994335563456528,
        0.32224039288121953,
        3.761392904226822,
        4.620902728004544,
        2.60406194359738,
        2.156131326356162,
        3.1358961151888964,
        5.564198911819433,
        5.5068451462891925,
        -0.08760168851971299,
        1.0656838595653062,
        1.2202871899259389,
        1.5359051947302134,
        3.283015255952994,
        2.596598590371009,
        0.29913534685468884,
        2.2518526170201985,
        3.3662919236335713,
        0.7596385018056647,
        5.2134786196612986,
        0.42655108607056386,
        5.771655038279619,
        0.3869066443886131,
        5.298274896961299,
        5.509092646745588,
        5.81152822264619,
        5.042548504331391,
        5.047096722271965,
        4.111785724282753,
        4.835172972707645,
        0.7247151340345906,
        3.2228110136693062,
        3.4896163218380973,
        5.475033419492204,
        2.787184716121181,
        2.2638217260943096,
        3.904986109151126,
        1.6297063785360861,
        0.8351208612158231,
        2.9957577481851816,
        2.572347863000616,
        1.5184529959634687,
        2.342763617028898,
        2.289336315237809,
        2.072212005509673,
        2.3517636075225026,
        4.450055165682295,
        2.010740360959474,
        5.942314409418747,
        5.601213786262226,
        2.9224127176837977,
        2.126808342532607,
        3.2970625910762426,
        5.422228585816681,
        4.245343547891273,
        5.0815774325658465,
        3.2848848955859213,
        4.039401288343614,
        1.7864741875740484
    ],
    "Cmin, Cmax, frob_norm, shift": [
        0.3369377722287652,
        2246.770729659739,
        249.26698098990568,
        349.59162707225994
    ]
}