{
    "Calculated Minimum Energy [norm, row]": [
        0.0053109901142350925,
        -1.3532634779762236
    ],
    "Corresponding loss function": 0.1179236104657895,
    "Solution for Minimum Energy": [
        -1.0,
        1.0,
        -1.0,
        1.0,
        1.0,
        -1.0,
        1.0,
        1.0,
        -1.0,
        1.0,
        1.0,
        -1.0,
        1.0,
        1.0,
        -1.0,
        1.0,
        1.0,
        -1.0,
        1.0,
        -1.0,
        1.0,
        1.0,
        1.0,
        1.0,
        1.0,
        1.0,
        -1.0,
        1.0,
        1.0,
        1.0,
        1.0,
        1.0,
        -1.0,
        1.0,
        1.0,
        1.0,
        1.0,
        1.0,
        1.0,
        1.0,
        -1.0,
        1.0,
        -1.0,
        1.0,
        -1.0,
        1.0,
        1.0,
        1.0,
        1.0,
        -1.0,
        1.0,
        -1.0,
        1.0,
        -1.0,
        -1.0,
        1.0,
        -1.0,
        1.0,
        1.0,
        -1.0
    ],
    "Corresponding exp value": [
        -0.14665189930620012,
        0.27535815002316016,
        -0.12218596138747871,
        0.13426145899515235,
        0.31189302141802455,
        -0.13762373563718347,
        0.19299837366592484,
        0.04330106795159529,
        -0.22517005624597358,
        0.36788063456557185,
        0.3897863620875066,
        -0.0715715633141523,
        0.31991600150301003,
        0.13554505195351016,
        -0.22267762958917248,
        0.07386275385931182,
        0.19906889321220114,
        -0.2056856205814558,
        0.2518574987699895,
        -0.09181357870219191,
        0.05626287871970947,
        0.08950941266711061,
        0.25757514659724823,
        0.07237016048792239,
        0.018443451023700704,
        0.08028180488045562,
        -0.12937837520313455,
        0.10475564031271634,
        0.2148380962337339,
        0.2643137580862953,
        0.1458738838682185,
        0.019063952352529064,
        -0.03308724354566153,
        0.1315002262566172,
        0.23325735154703767,
        0.254303817182006,
        0.042249571028650665,
        0.031754849883312175,
        0.1970687374550813,
        0.036684111356881176,
        -0.03108800522161659,
        0.05970945869890448,
        -0.18915864981990912,
        0.2909691350378914,
        -0.09383278635776984,
        0.00748943834518533,
        0.2719803280626459,
        0.22756341132058866,
        0.1067994134554856,
        -0.12099855801413054,
        0.02421342927371302,
        -0.04545778671683485,
        0.017779839981443172,
        -0.08822553926225477,
        -0.1485413908380342,
        0.03483290846231944,
        -0.05408616662066894,
        0.07439469904740675,
        0.18971898466443415,
        -0.1280774857032585
    ],
    "Number for Minimum Energy": 678377787979614501,
    "Elapsed Time [seconds]": 19.339838981628418,
    "Elapsed Time [hours, minutes, seconds]": [
        0,
        0,
        19.34
    ],
    "Current function value": -0.9036268650614974,
    "Iterations": 402,
    "Function Evaluations, Estimation": [
        54944,
        54944
    ],
    "Gradient Evaluations": 404,
    "Number of Parameters": 135,
    "Minimum Parameters": [
        4.160790503087442,
        4.220017183272662,
        5.809842199601838,
        0.9326493756300315,
        3.094410640161722,
        2.5493535457021124,
        3.3061794851317914,
        0.7735292070371321,
        0.5955750548267769,
        1.6736384204136479,
        1.7710370126087531,
        2.5626951758213026,
        3.96002657453281,
        3.8273830354301834,
        2.4009119175474183,
        2.618360196750379,
        1.4209542164117115,
        3.7033580391371106,
        2.0163105010010907,
        0.16023630711765222,
        2.5864454553276475,
        2.944180085176,
        1.506639954330851,
        3.7093646477346947,
        3.6492766473298133,
        4.481207409336472,
        4.048125820434035,
        4.129792457689725,
        1.7984960575730053,
        5.343850578302191,
        3.6541244436747657,
        2.8099262150938062,
        3.8241854804605198,
        2.280664457599492,
        3.357299215352943,
        4.848047610737624,
        5.602181337513162,
        5.68698457323165,
        2.948688582053161,
        3.6740737565291237,
        4.721852271506286,
        1.8761500908138147,
        5.4220334438152396,
        2.8282869809604687,
        0.8108794198935299,
        0.5653466346903298,
        5.255788587104463,
        0.025405184207119055,
        1.7143465802528945,
        2.1856610031711416,
        0.962172231716016,
        1.6825639671362576,
        4.467783850803171,
        -0.04129681447718038,
        5.051577533865035,
        5.381699716842138,
        2.3296045197348247,
        0.8717843799333584,
        3.754165088065671,
        0.8247882355091956,
        2.4321138225721723,
        6.002728998780269,
        5.910807068386254,
        4.885143322999547,
        1.7602535653319276,
        4.439806692075003,
        4.137762253089226,
        2.3983109509216116,
        4.17031098633754,
        0.35289998890253726,
        1.157931882590214,
        3.05744601809939,
        0.9874485403483493,
        0.9767913335727697,
        5.183801878684746,
        6.009322763779901,
        3.2071144837382186,
        5.273529276875876,
        6.317265103858821,
        0.8280003047922287,
        2.8019543354017777,
        2.4018564528318156,
        0.5691136770048126,
        4.660521577358197,
        2.8102803403172856,
        2.708368150129538,
        0.8344929590380016,
        1.1914712549403388,
        5.766148739799685,
        0.3523359126374512,
        1.4432106874325004,
        2.078274422610548,
        3.133136284562823,
        3.659391139025501,
        3.213484638157835,
        0.7724224213751275,
        1.3632554331186908,
        5.187334478462641,
        4.073854129474684,
        4.107509875956058,
        4.41681815909148,
        4.8551921809286025,
        0.6339726284283149,
        2.5558510676380375,
        3.5175232985651577,
        1.8921763787744752,
        5.10782438662104,
        3.0056420656766614,
        4.755612053280259,
        5.2801955245800025,
        3.5274545392216092,
        5.64165128356823,
        3.5041652506051317,
        5.271578067677071,
        2.4593120524240435,
        3.3526119664020677,
        3.4722140572090727,
        0.6947064580451358,
        2.4961823989244,
        5.604784954842035,
        4.225131810959879,
        1.1930738850611018,
        2.2196669411943426,
        1.308018204266029,
        0.029178521042748623,
        5.836559495943719,
        2.658918159428348,
        2.113431592715182,
        3.8601756478754368,
        -0.1510053676110106,
        2.0518102128048166,
        4.7306027539845354,
        3.9087210107691464,
        6.031245649292179,
        3.9494205145917625
    ],
    "Cmin, Cmax, frob_norm, shift": [
        0.3369377722287652,
        2246.770729659739,
        249.26698098990568,
        349.59162707225994
    ]
}