{
    "Calculated Minimum Energy [norm, row]": [
        0.001337315236777902,
        -1.3890748697909132
    ],
    "Corresponding loss function": 0.014192877248580186,
    "Solution for Minimum Energy": [
        1.0,
        1.0,
        -1.0,
        1.0,
        1.0,
        1.0,
        1.0,
        -1.0,
        1.0,
        1.0,
        1.0,
        1.0,
        -1.0,
        -1.0,
        1.0,
        1.0,
        1.0,
        -1.0,
        -1.0,
        -1.0,
        1.0,
        1.0,
        1.0,
        -1.0,
        1.0,
        -1.0,
        1.0,
        1.0,
        1.0,
        1.0,
        1.0,
        1.0,
        1.0,
        1.0,
        -1.0,
        1.0,
        1.0,
        1.0,
        1.0,
        -1.0,
        1.0,
        -1.0,
        1.0,
        1.0,
        1.0,
        1.0,
        -1.0,
        1.0,
        1.0,
        1.0,
        -1.0,
        1.0,
        -1.0,
        1.0,
        1.0,
        1.0,
        1.0,
        -1.0,
        -1.0,
        1.0
    ],
    "Corresponding exp value": [
        0.12681822177108462,
        0.08571443195615508,
        -0.12787884436054334,
        0.279709178385031,
        0.17844380662192413,
        0.16585770760822247,
        0.14131027067204202,
        -0.06518552342192886,
        0.2178444928550992,
        0.07143324220791836,
        0.43219302237482177,
        0.04302359374476326,
        -0.015298433368315984,
        -0.10178043973449137,
        0.21902026997239202,
        0.16904527554331614,
        0.03029090798799828,
        -0.05119581754662022,
        -0.15199714438589426,
        -0.08734739063304756,
        0.2306072096082358,
        0.14934955137789122,
        0.13592618391221706,
        -0.06051163339076997,
        0.05490292803202513,
        -0.009990493215508312,
        0.20569553096024973,
        0.16762623092049983,
        0.05746277442021125,
        0.42021239372834035,
        0.003847103319648046,
        0.11174513379274947,
        0.06384664505784324,
        0.12534784168387003,
        -0.056198082183736356,
        0.15517341416796354,
        0.1493930058831391,
        0.07915930808572451,
        0.25390311185986914,
        -0.05424703451245076,
        0.09555878686294558,
        -0.04523955670891079,
        0.1201251115998085,
        0.06724902832917179,
        0.19827773656277392,
        0.12581808538788242,
        -0.2144277508484616,
        0.11363813508992145,
        0.13750556272074177,
        0.17666065558250332,
        -0.1468337919657241,
        0.14091331497555595,
        -0.0679158183602764,
        0.07172305660079867,
        0.04126323103245022,
        0.1349771242094899,
        0.11210740094663571,
        -0.06458978583803154,
        -0.21722660629680163,
        0.2886863142351642
    ],
    "Number for Minimum Energy": 438048198507769988,
    "Elapsed Time [seconds]": 5.6285789012908936,
    "Elapsed Time [hours, minutes, seconds]": [
        0,
        0,
        5.63
    ],
    "Current function value": -1.3533751673776246,
    "Iterations": 638,
    "Function Evaluations, Estimation": [
        655,
        89735
    ],
    "Gradient Evaluations": 655,
    "Number of Parameters": 136,
    "Minimum Parameters": [
        3.0560416753820623,
        4.798846614953634,
        5.344873958916974,
        4.427495905006094,
        5.832392665447089,
        4.819250518021104,
        5.340983587203584,
        0.736615542122661,
        4.579093172345668,
        2.6550407421162276,
        3.5845125336308827,
        4.069978699019588,
        6.219969718412566,
        6.295359213876844,
        1.797952758575606,
        4.774858326380764,
        4.73675306380618,
        2.0132759068014767,
        0.6888397066537887,
        0.23543110514210183,
        4.964117720744986,
        3.017793912267163,
        6.010239302278359,
        2.979110095389275,
        5.901671884862575,
        2.56490203682979,
        5.002058092806225,
        0.6596362213034124,
        3.452916356727254,
        5.180355043054172,
        5.968688431894234,
        4.868655062823161,
        0.29960111443808496,
        2.2522559108490667,
        0.20654372586220357,
        0.6931908951816561,
        4.162929735821489,
        4.699753033823421,
        4.901927904183268,
        5.283034312896039,
        4.7111393290320995,
        5.19919208023587,
        0.4051197520466766,
        1.5248809284225209,
        4.059545515800492,
        5.358987781263079,
        -0.09679092507080511,
        3.184800057515219,
        4.167604405542655,
        0.18654002619781837,
        2.4676053950957075,
        5.8344874534614135,
        4.147364569063782,
        1.400713422047986,
        5.173603307979262,
        1.9925377593354414,
        5.47338360549707,
        1.8848450430207737,
        3.682236718244208,
        2.4208667698220663,
        1.8590751065101545,
        5.379183627136564,
        1.1681407941650848,
        0.7287288419239791,
        2.147903837805664,
        4.493359805056862,
        4.956080793420801,
        6.159944000451609,
        1.7698810252955393,
        2.692271983664784,
        0.880239015162863,
        3.451613032781245,
        6.183369157919603,
        4.467044684310133,
        3.963964656394926,
        2.4019158472338042,
        5.776156774735766,
        3.181765729957757,
        0.9077362275922941,
        2.373484143668586,
        0.4231181202116048,
        1.3162069749565728,
        -0.0031793050687158875,
        2.463819286513131,
        3.9934958324006735,
        2.172982426465708,
        2.6103895366120136,
        5.918234041250069,
        4.600010152277179,
        3.3135734375123005,
        1.6130293017849577,
        5.537769122608164,
        1.5109284833790322,
        2.05222191478385,
        5.717531457825916,
        3.4894614643821034,
        4.64528405995079,
        3.5863802386550927,
        4.164071579321875,
        1.9110647024627505,
        1.5790091376374014,
        1.951039734707001,
        0.9046626850874891,
        5.461354334935019,
        1.6221447401260254,
        3.4998678909128773,
        5.122805161381707,
        4.910232348274239,
        2.7237242905400385,
        3.077278683239094,
        5.93906464938933,
        4.269799900380193,
        4.952135135292258,
        5.707600208335171,
        4.733629393968439,
        1.2146268519276386,
        3.7166195646345446,
        0.8548935871046451,
        4.158113924917765,
        5.7948466497891165,
        3.224424732548535,
        2.704771520172218,
        0.26904780010099977,
        6.02851833234647,
        0.6025958386561818,
        0.1364317692477773,
        1.4285824183317382,
        0.1947472295611481,
        2.867993931322575,
        3.34818489653344,
        1.8996563658348706,
        0.44848643756473106,
        0.847743509567902,
        2.2442936605369623,
        0.3851117598539706,
        0.43901759422229064
    ],
    "Cmin, Cmax, frob_norm, shift": [
        0.3369377722287652,
        2246.770729659739,
        249.26698098990568,
        349.59162707225994
    ]
}