{
    "Calculated Minimum Energy [norm, row]": [
        0.0012464804591890612,
        -1.3898934872951
    ],
    "Corresponding loss function": 0.08039986414244343,
    "Solution for Minimum Energy": [
        1.0,
        1.0,
        1.0,
        -1.0,
        1.0,
        1.0,
        1.0,
        1.0,
        1.0,
        1.0,
        1.0,
        1.0,
        1.0,
        1.0,
        -1.0,
        1.0,
        1.0,
        1.0,
        1.0,
        -1.0,
        1.0,
        -1.0,
        1.0,
        1.0,
        1.0,
        1.0,
        1.0,
        1.0,
        1.0,
        1.0,
        1.0,
        1.0,
        1.0,
        -1.0,
        -1.0,
        1.0,
        1.0,
        -1.0,
        1.0,
        1.0,
        1.0,
        1.0,
        -1.0,
        -1.0,
        1.0,
        1.0,
        1.0,
        -1.0,
        1.0,
        -1.0,
        1.0,
        1.0,
        1.0,
        1.0,
        1.0,
        1.0,
        1.0,
        1.0,
        1.0,
        1.0
    ],
    "Corresponding exp value": [
        -0.11512710314567123,
        -0.07835755446857004,
        -0.001267427165937307,
        -0.17570375335893595,
        -0.11248174951204924,
        0.19408483570322071,
        0.14618704141802846,
        -0.046290624934922156,
        -0.11101336185139117,
        -0.012602664676771212,
        0.1443429466515307,
        0.030539894444573404,
        0.17970749531302116,
        0.18371432423665318,
        -0.12404867452770137,
        0.014951040572838428,
        -0.0035727885508741314,
        -0.0808159578641739,
        0.01919570787059237,
        -0.3051668171554245,
        -0.08994778507977866,
        -0.1289914482222659,
        0.01911167772687269,
        0.016177987101335972,
        -0.0073630382589537965,
        -0.04249544461986345,
        0.12659164680791485,
        -0.059533193575119214,
        0.06079143980018745,
        0.17807882882752812,
        -0.04374865861962202,
        0.015281707118732913,
        0.13146137161504312,
        -0.15012410810607996,
        -0.12354819358518081,
        0.03893357865347046,
        -0.06313552368221194,
        -0.16421286711879923,
        0.0065645396663395255,
        -0.11037118794947427,
        0.034368756315673675,
        -0.10585667800591837,
        -0.1537407183246498,
        -0.14375264322283798,
        0.16173537978702185,
        0.08982162132003617,
        -0.047184169469692755,
        -0.21785338078871946,
        -0.027306111942158904,
        -0.16925195782424873,
        -0.022000309211332638,
        0.004657432430517873,
        -0.03908847782860061,
        0.10633811338522327,
        0.2468804446981944,
        0.08875131833290334,
        -0.05619241193375257,
        0.15175333054997017,
        0.05912361039124625,
        0.1134285972236402
    ],
    "Number for Minimum Energy": 717044792705032,
    "Elapsed Time [seconds]": 0.2503998279571533,
    "Elapsed Time [hours, minutes, seconds]": [
        0,
        0,
        0.25
    ],
    "Current function value": -0.740354245974041,
    "Iterations": 3,
    "Function Evaluations, Estimation": [
        60,
        6576
    ],
    "Gradient Evaluations": 48,
    "Number of Parameters": 136,
    "Minimum Parameters": [
        4.105941960109814,
        4.2090228595318955,
        6.005746114578122,
        0.8869784047024285,
        3.1687795358137123,
        2.540055305531921,
        3.138320328989966,
        0.7418873047843136,
        0.5243380980420111,
        1.9435644025120264,
        1.598561532698162,
        2.8061099790251163,
        3.9841143506018697,
        3.8546436154204566,
        2.465878399205577,
        2.5911273660976946,
        1.1965769813376894,
        3.742096925317213,
        2.0309691375759034,
        0.3860423517787483,
        2.770891259126093,
        2.9853659686994107,
        1.2247820061088377,
        3.4786395348718515,
        3.346472353415514,
        4.314191972129862,
        4.074409140046149,
        4.227395564499439,
        1.86168482426533,
        5.084093258849932,
        3.378444343659143,
        2.915603736562256,
        3.950864346052398,
        1.9476635407834118,
        3.081180672461098,
        4.803870494775396,
        5.771919154611404,
        5.760440684373758,
        3.2412146179253596,
        3.49984833354248,
        4.950521653302828,
        1.6993269787817427,
        5.7127423061501705,
        3.1356355422231372,
        0.6056369039417637,
        0.3811308270677819,
        5.411508585531277,
        0.013898248670060204,
        1.5788232896260552,
        2.2260547852651293,
        1.167358743750097,
        2.0230679166186074,
        4.700027195483129,
        -0.14958022595535023,
        5.126997838633492,
        5.361672482406075,
        2.3227556848351125,
        1.1366794876272466,
        3.8889706354907285,
        0.6684122835634575,
        2.1211148833541498,
        6.150725234936054,
        6.199129288069558,
        5.0528764450686765,
        1.866924875024876,
        4.537741890149206,
        4.318121028758861,
        2.396491537747817,
        4.2359123370562815,
        0.3127539751595121,
        1.2301487958200683,
        3.0772363883263365,
        0.9038728737668369,
        0.9514641618771014,
        5.096249623903788,
        6.059551146541745,
        3.28024938758208,
        5.213750312504281,
        6.160413892174955,
        0.7212498575118778,
        2.839302411375493,
        2.313876171084838,
        0.520205659146195,
        4.612594933030846,
        2.536874509283914,
        2.6378547423871557,
        0.977759362445332,
        1.2792345663456648,
        5.742778950136664,
        0.5054878621453556,
        1.603559441392245,
        2.0928877667506143,
        3.0779329949436063,
        3.7364040264653284,
        3.127911046096481,
        0.6660406909868,
        1.394956819486105,
        5.065050056879323,
        4.014362615921626,
        4.248621377116032,
        4.299683688194471,
        4.769790989296064,
        0.5943422606983781,
        2.488760831892412,
        3.420320762922302,
        1.9475089168635698,
        5.263730983014239,
        3.0259461763404536,
        4.978374100376905,
        5.380252113091365,
        3.493438053414671,
        5.870340160722402,
        3.613546299683207,
        5.256657829266915,
        2.2815411524846723,
        3.2986373105933775,
        3.517757496806832,
        0.5393219404205059,
        2.4238443935787584,
        5.695249181868148,
        4.231923715370742,
        0.9460875235971681,
        2.085181005082756,
        1.0851266785308897,
        0.041112583139027575,
        5.773602114064253,
        2.8156721017349384,
        1.9586767042507114,
        3.5740811340420366,
        -0.03507453588639525,
        1.9851096479207089,
        4.612576445243649,
        3.8749072155174757,
        5.993854195016169,
        3.8816884000009884,
        1.0880053716483147
    ],
    "Cmin, Cmax, frob_norm, shift": [
        0.3369377722287652,
        2246.770729659739,
        249.26698098990568,
        349.59162707225994
    ]
}