{
    "Calculated Minimum Energy [norm, row]": [
        0.0025823929192871553,
        -1.37785403112064
    ],
    "Corresponding loss function": 0.00835982812425577,
    "Solution for Minimum Energy": [
        1.0,
        -1.0,
        -1.0,
        1.0,
        1.0,
        1.0,
        1.0,
        -1.0,
        1.0,
        -1.0,
        1.0,
        1.0,
        -1.0,
        -1.0,
        1.0,
        1.0,
        1.0,
        -1.0,
        -1.0,
        1.0,
        1.0,
        -1.0,
        1.0,
        -1.0,
        1.0,
        -1.0,
        1.0,
        1.0,
        1.0,
        1.0,
        1.0,
        -1.0,
        -1.0,
        -1.0,
        -1.0,
        1.0,
        1.0,
        1.0,
        1.0,
        1.0,
        -1.0,
        1.0,
        1.0,
        1.0,
        1.0,
        -1.0,
        -1.0,
        1.0,
        -1.0,
        1.0,
        -1.0,
        -1.0,
        1.0,
        -1.0,
        -1.0,
        -1.0,
        1.0,
        1.0,
        1.0,
        -1.0
    ],
    "Corresponding exp value": [
        0.023160615348481732,
        -0.05653278136511614,
        -0.05260898118174689,
        0.33470836258398007,
        0.049872140147255536,
        0.1891656390318496,
        0.24873216739986612,
        -0.026340893067888442,
        0.17727445547225718,
        -0.0008913653204315492,
        0.2630015464703111,
        0.043718570503464595,
        -0.061922562234330625,
        -0.07695612692532755,
        0.0027090182078164087,
        0.03349016891098498,
        0.08252452408219638,
        -0.15700639994508758,
        -0.3524790895613179,
        0.04671733183105067,
        0.036141957054833175,
        -0.028380989281645293,
        0.27812312093594066,
        -0.12703053339041953,
        0.025898858054931535,
        -0.05075372435201174,
        0.05944558751468301,
        0.23244737947392557,
        0.16579459262007093,
        0.175192512371013,
        0.11125623913011995,
        -0.10350438526326998,
        -0.053971099230736334,
        -0.3568621916745148,
        -0.10839306346469299,
        0.05637770808213552,
        0.1315279724174775,
        0.15585828768828985,
        0.22253432898444345,
        0.06206389156375816,
        -0.05803820685831927,
        0.10494319684912266,
        0.039893862141011864,
        0.09078721182093766,
        0.00023520110129957549,
        -0.044075055287367444,
        -0.06463593686397535,
        0.14818873080566158,
        -0.042503465567929465,
        0.05152669892573703,
        -0.05767852104376833,
        -0.03207897859105572,
        0.07209391762636823,
        -0.0762932791321532,
        -0.06366712986767858,
        -0.20803911838342212,
        0.27512383865659157,
        0.09452800430159,
        0.16356152654385608,
        -0.09688349220254766
    ],
    "Number for Minimum Energy": 643277006668444294,
    "Elapsed Time [seconds]": 8.5531165599823,
    "Elapsed Time [hours, minutes, seconds]": [
        0,
        0,
        8.55
    ],
    "Current function value": -1.3513907779318568,
    "Iterations": 1332,
    "Function Evaluations, Estimation": [
        1336,
        183032
    ],
    "Gradient Evaluations": 1336,
    "Number of Parameters": 136,
    "Minimum Parameters": [
        1.2486242020426501,
        3.897382864731873,
        5.620638604146586,
        1.1358972826597407,
        1.8974009826636837,
        4.6807339940768244,
        6.102058443663111,
        3.1348739419099445,
        0.8387683071547636,
        0.17629847347853325,
        1.4985245040728739,
        0.856570832708445,
        4.329727154926805,
        0.734816698637159,
        3.2890964538243312,
        4.445225151426136,
        3.72622201511152,
        1.1432766368347298,
        4.948435382128698,
        4.511367340208549,
        4.8250273529140495,
        0.6242718882221655,
        0.6944616828957242,
        5.664698186777558,
        2.564020458740344,
        1.942246006209059,
        2.9579946505799013,
        4.303225804904959,
        5.90337148113541,
        1.7976287782667073,
        5.737479121746206,
        0.15665560914169765,
        3.2743273624113796,
        3.8792453828330755,
        0.7573987964938337,
        0.7794743445606266,
        2.7031770000083024,
        6.006621952043607,
        3.7532699479780463,
        5.749073153562829,
        5.098537458265427,
        2.919284884983118,
        4.999074283807555,
        0.033159856410975054,
        0.8201670539495731,
        5.351963377240582,
        4.956777310191764,
        1.6596054422239337,
        3.4797109400688484,
        3.803826081767811,
        5.279973867065504,
        3.766475677972551,
        2.5320863667244553,
        2.243037688900681,
        2.5943183777898633,
        4.207038706619196,
        5.617884418723144,
        2.8268203304158215,
        1.404622034797073,
        1.5106590079343662,
        4.686949113219654,
        5.118509284652765,
        0.5508468702018448,
        0.4965822208580684,
        3.704388443106927,
        0.9209295440470662,
        5.204960051387709,
        1.8741947350783914,
        0.7612309985109105,
        5.781981867405921,
        0.8426385925126825,
        1.6809898176781768,
        0.9492946262402374,
        0.8217894526226334,
        -0.04965332810713141,
        0.40866478271263007,
        0.9826029248697994,
        0.3413767466896964,
        3.815558208296739,
        4.486392676799657,
        2.5881721606826895,
        2.1200214895536647,
        3.118098368474278,
        5.563521344763753,
        5.479979864536769,
        0.0822244726768995,
        1.1543782239498186,
        1.4180605444098164,
        1.6884165608895807,
        3.4285518977421128,
        2.5327915655552196,
        0.4062363247102344,
        2.3468653308206227,
        3.261010115877779,
        0.7382324984865803,
        5.289978216474197,
        0.267277207347035,
        5.7483886721059445,
        0.5476425997409973,
        5.335149764045736,
        5.681179102104431,
        6.024649082314135,
        4.979565733069084,
        4.952441892687022,
        4.035206192108976,
        4.9065601815890005,
        0.9546572322963264,
        3.2089793006699954,
        3.4407072509413177,
        5.44868187909268,
        2.9421506128241037,
        2.2762362413967696,
        3.9474827302431446,
        1.6287165554237462,
        0.7864146174892529,
        3.102385383081901,
        2.563773309460033,
        1.5727212915995417,
        2.2256035855632037,
        2.3315782130155793,
        2.049168919383151,
        2.336109130904645,
        4.378374467623911,
        1.8782678719365333,
        5.901264957825917,
        5.71338622523815,
        2.9670524226016775,
        2.1460414999646975,
        3.291376001879828,
        5.319538841723079,
        4.2158727288098525,
        4.994029282475803,
        3.362648343137234,
        3.8673945896851496,
        1.7288005200703855,
        0.5298932807443134
    ],
    "Cmin, Cmax, frob_norm, shift": [
        0.3369377722287652,
        2246.770729659739,
        249.26698098990568,
        349.59162707225994
    ]
}