{
    "Calculated Minimum Energy [norm, row]": [
        0.0026793646300255847,
        -1.3769801065960405
    ],
    "Corresponding loss function": 0.05661275834677101,
    "Solution for Minimum Energy": [
        -1.0,
        1.0,
        -1.0,
        1.0,
        1.0,
        -1.0,
        1.0,
        1.0,
        -1.0,
        1.0,
        1.0,
        -1.0,
        1.0,
        1.0,
        -1.0,
        1.0,
        1.0,
        -1.0,
        1.0,
        -1.0,
        -1.0,
        1.0,
        1.0,
        1.0,
        1.0,
        1.0,
        -1.0,
        1.0,
        1.0,
        1.0,
        1.0,
        -1.0,
        1.0,
        1.0,
        1.0,
        1.0,
        1.0,
        1.0,
        1.0,
        1.0,
        -1.0,
        -1.0,
        -1.0,
        1.0,
        -1.0,
        -1.0,
        1.0,
        1.0,
        -1.0,
        -1.0,
        1.0,
        -1.0,
        1.0,
        -1.0,
        -1.0,
        1.0,
        -1.0,
        1.0,
        1.0,
        -1.0
    ],
    "Corresponding exp value": [
        -0.09651603310539375,
        0.2208715230531526,
        -0.18148626485554137,
        0.23138944474773554,
        0.1794190991062531,
        -0.04461955447403948,
        0.13860993350808581,
        0.1575674167174304,
        -0.2385625161123077,
        0.2897348554059553,
        0.3399817875701689,
        -0.13938222062527555,
        0.38095375117261726,
        0.126286867592022,
        -0.3130847691315109,
        0.08268053246679763,
        0.22948231045853887,
        -0.267013808399471,
        0.3018099218349495,
        -0.04528238007007298,
        -0.06702385811825814,
        0.15821035575767226,
        0.159905823685705,
        0.1813435418675167,
        0.04311029483049101,
        0.007221120632918739,
        -0.11456458294188113,
        0.17606965028362082,
        0.12685550319172928,
        0.13966084806213197,
        0.28534846406398184,
        -0.0368299393096961,
        0.04313959028924588,
        0.09171595352354492,
        0.07203155717132204,
        0.146798532349357,
        0.031230426978993576,
        0.005716423825052612,
        0.17381809152623506,
        0.07832623969426367,
        -0.016724780397112005,
        -0.15819794017983282,
        -0.32288088200908927,
        0.10692122574889187,
        -0.2646567053207298,
        -0.07997084458354517,
        0.20523610662971895,
        0.11780332956612025,
        -0.09496287594596661,
        -0.11271919314402523,
        0.07717497687092435,
        -0.040321711794521264,
        0.06503725094530616,
        -0.14098921152577112,
        -0.10793182865639628,
        0.07114375485376831,
        -0.08521719339633936,
        0.09546066750155041,
        0.17311565855732766,
        -0.08401970208214028
    ],
    "Number for Minimum Energy": 678696644205234469,
    "Elapsed Time [seconds]": 39.76367926597595,
    "Elapsed Time [hours, minutes, seconds]": [
        0,
        0,
        39.76
    ],
    "Current function value": -1.3382712759023754,
    "Iterations": 831,
    "Function Evaluations, Estimation": [
        113152,
        113152
    ],
    "Gradient Evaluations": 832,
    "Number of Parameters": 135,
    "Minimum Parameters": [
        4.081208380195762,
        4.168455415817727,
        5.861962573954601,
        0.9053452385202331,
        3.04693715210181,
        2.5459594120990183,
        3.4067792682037337,
        0.7603709920013525,
        0.5309211987978877,
        1.750984983810606,
        1.7848742881157482,
        2.568493705984191,
        3.9397795360209815,
        3.8821637346084277,
        2.4589921127349346,
        2.6227000029385756,
        1.4364865014935606,
        3.7282893588576003,
        2.02973244444961,
        0.22948208030437584,
        2.577159977716613,
        2.9605688560901577,
        1.4238873829584677,
        3.7049960265590993,
        3.5525821787309555,
        4.503059574944969,
        4.017554133064583,
        4.064273932650258,
        1.8738083653334274,
        5.253454572565454,
        3.6207688918546124,
        2.8853053136189235,
        3.8482741021994658,
        2.1592501741978856,
        3.296566856472454,
        4.897326660199389,
        5.637020448907008,
        5.693946609116769,
        2.9284051159532245,
        3.734240061452359,
        4.851992472438628,
        1.9112799699329235,
        5.458652999355842,
        2.804805495046691,
        0.7796457977862582,
        0.5154493046411666,
        5.331144769309437,
        -0.027556667083005998,
        1.6771873455407535,
        2.1985641665940125,
        0.9342161791899257,
        1.6845770087058083,
        4.378190384206053,
        -0.019481436085618364,
        5.126201701266046,
        5.401414610650382,
        2.3837711503133048,
        0.8938394915119207,
        3.847625950105863,
        0.7587280724177725,
        2.396958340597004,
        6.0038712974158,
        5.943812330507981,
        4.920984740071799,
        1.8180080998292047,
        4.4993606880129695,
        4.14001352284623,
        2.386188756085264,
        4.217055256713121,
        0.34990107667233933,
        1.2418128811611275,
        3.088865617299395,
        0.9453897781139228,
        0.9717512771596454,
        5.150838793172699,
        6.063278341055289,
        3.216365810552171,
        5.30383682877149,
        6.306079096619963,
        0.7222613540985902,
        2.7629132750121075,
        2.434974026049571,
        0.5743418066203343,
        4.679832888398406,
        2.752588954365352,
        2.5786250627982676,
        0.873531880932545,
        1.1876306709250795,
        5.764959599415356,
        0.4276327738162724,
        1.474289947901674,
        2.1012402702919535,
        3.119425947541151,
        3.73032644341855,
        3.2313148883959615,
        0.775943626371713,
        1.414921458455531,
        5.177619866879078,
        4.0817799077864505,
        4.186297487918995,
        4.388643269948697,
        4.695678187113824,
        0.6455376087113667,
        2.552493226009417,
        3.4797641237915613,
        1.8448473389339977,
        5.152929569812086,
        3.066953002690895,
        4.8427931146725065,
        5.304110267403878,
        3.4632641562813227,
        5.673503764538129,
        3.5030425788043265,
        5.224253544387461,
        2.460673884349249,
        3.2953166179576923,
        3.5458990277404903,
        0.6878922805383462,
        2.467745723068934,
        5.605621168269926,
        4.226493786311909,
        1.127244279262028,
        2.197426461228631,
        1.3476483517675413,
        0.10768349917625446,
        5.859143338440716,
        2.6766138651642195,
        2.056310940756645,
        3.691679306361215,
        -0.10534486095946938,
        2.0925536120983086,
        4.759510543572537,
        3.8515354776805375,
        6.03424755304596,
        4.014851292432178
    ],
    "Cmin, Cmax, frob_norm, shift": [
        0.3369377722287652,
        2246.770729659739,
        249.26698098990568,
        349.59162707225994
    ]
}