{
    "Calculated Minimum Energy [norm, row]": [
        0.034987962124646055,
        -1.085809872607662
    ],
    "Corresponding loss function": 0.02485722655779321,
    "Solution for Minimum Energy": [
        1.0,
        1.0,
        1.0,
        1.0,
        1.0,
        1.0,
        1.0,
        1.0,
        1.0,
        1.0,
        1.0,
        1.0,
        1.0,
        1.0,
        1.0,
        1.0,
        1.0,
        1.0,
        -1.0,
        1.0,
        1.0,
        1.0,
        1.0,
        1.0,
        -1.0,
        1.0,
        1.0,
        1.0,
        1.0,
        1.0,
        1.0,
        1.0,
        1.0,
        1.0,
        1.0,
        1.0,
        1.0,
        1.0,
        1.0,
        1.0,
        1.0,
        -1.0,
        1.0,
        1.0,
        1.0,
        1.0,
        1.0,
        1.0,
        1.0,
        1.0,
        1.0,
        1.0,
        1.0,
        1.0,
        1.0,
        1.0,
        1.0,
        1.0,
        1.0,
        1.0
    ],
    "Corresponding exp value": [
        -0.10912527608124095,
        0.09725663585733121,
        -0.10045673331262003,
        0.38848469694121457,
        -0.08999022524241393,
        0.1964703919103517,
        0.22958843519296013,
        -0.16508140742668231,
        0.22743855926358517,
        -0.14238047995941838,
        0.4378200215396052,
        0.020619542414627684,
        0.04440846596074623,
        -0.10232700740931752,
        -0.19881716729047855,
        0.011045297061757524,
        0.12892187377814682,
        -0.14172485685449265,
        -0.3805205958696783,
        -0.00754182216795179,
        -0.13542463262197213,
        -0.13483873988713244,
        0.16883915698072627,
        -0.06449565607092518,
        -0.223584828526471,
        0.0854619805895411,
        0.17142988908832388,
        -0.022890103604909805,
        0.26400361024376257,
        0.18054304777519298,
        0.03062955032460827,
        -0.10659466156540251,
        -0.07793077560584866,
        -0.10875561145762555,
        -0.010174624071094956,
        -0.06859643609970528,
        0.12510146774544117,
        0.09404080266859109,
        0.11183991877248661,
        0.174573410709845,
        -0.04521952523164392,
        -0.2508132748678721,
        -0.20606081512287922,
        0.05049641431229021,
        -0.07108748442591645,
        0.012636626144998473,
        -0.008929973548219824,
        0.29154450426382394,
        -0.0321518322819839,
        -0.06806905066017767,
        0.006685096607205046,
        -0.036393249935146185,
        -0.02228715994509327,
        -0.025386715428636634,
        -0.1822891586127695,
        -0.1788637232325366,
        0.23707447355363398,
        0.028180747048710677,
        0.05176633642489786,
        -0.09129045058673066
    ],
    "Number for Minimum Energy": 2199040294912,
    "Elapsed Time [seconds]": 0.2282857894897461,
    "Elapsed Time [hours, minutes, seconds]": [
        0,
        0,
        0.23
    ],
    "Current function value": -1.177109677434104,
    "Iterations": 2,
    "Function Evaluations, Estimation": [
        55,
        5891
    ],
    "Gradient Evaluations": 43,
    "Number of Parameters": 136,
    "Minimum Parameters": [
        1.1985934390813249,
        3.8864738423439174,
        5.475538423429994,
        1.210551595456552,
        1.924858363516702,
        4.778943125986535,
        6.100368934199939,
        3.154950992581276,
        0.8553269172545144,
        0.04844831597711056,
        1.4669116657514596,
        0.858534998208311,
        4.347868582710099,
        0.6055860761361896,
        3.2998709266696937,
        4.4411777397863155,
        3.7240978103661506,
        1.1806425219398822,
        5.018889781518327,
        4.4634140109614,
        4.682436910169512,
        0.7150980105812652,
        0.7513689691977529,
        5.6811401541063615,
        2.4645088016368684,
        1.9332205335853132,
        3.077237383419191,
        4.281097392406256,
        5.874896949580428,
        1.7775727509450043,
        5.771014579849268,
        0.15560446845111908,
        3.3780205429805426,
        3.9297460080255293,
        0.6410041825630842,
        0.8115534871962558,
        2.6081461318752064,
        6.026877719317504,
        3.7636092256275293,
        5.814668650677216,
        5.1220543774373635,
        3.006627219947234,
        4.9433926861325626,
        0.02207599504758527,
        0.6924332512124098,
        5.258015457872885,
        5.051811342419183,
        1.559540998815955,
        3.4412726550725408,
        3.7926408231127535,
        5.313166461563272,
        3.774751190611571,
        2.5718773054155286,
        2.295455779764828,
        2.579564768650867,
        4.214462576327846,
        5.425517658942363,
        2.852726439804206,
        1.4737611126926324,
        1.4754559702455277,
        4.715228071504329,
        5.108837121170553,
        0.5965343232203093,
        0.4353743415948364,
        3.8088483775320743,
        0.9313541620828732,
        5.204324227804361,
        1.9129366164359993,
        0.8122838198573404,
        5.822653420704866,
        0.9577167525608115,
        1.77403263157255,
        0.9340505601550153,
        0.8142677754633348,
        0.042658373423502115,
        0.4946577652110266,
        1.0811022577044667,
        0.3784391538239418,
        3.7104987169315,
        4.432830034115034,
        2.552192656350109,
        2.073483447660344,
        3.115069037809803,
        5.49063933518084,
        5.432706667772294,
        0.14760931245750375,
        1.128454342952484,
        1.4693365556142346,
        1.4976145556650091,
        3.600299344750703,
        2.5932104253366197,
        0.2643186127377638,
        2.3588904044083314,
        3.2616239088174606,
        0.6485037895624461,
        5.318622439811493,
        0.3516103538657437,
        5.815359125706824,
        0.5960964219818197,
        5.331280783521779,
        5.607228837770014,
        6.025656304769449,
        5.009799111884145,
        4.875176676864448,
        4.091084846515245,
        4.943772852000796,
        0.8476633620253251,
        3.289060263821327,
        3.2910706900182793,
        5.440672664706402,
        2.9231363109622714,
        2.3273273622554855,
        3.9419153137590945,
        1.6246052500140136,
        0.7529843778042651,
        3.002467142414512,
        2.545647768282743,
        1.499385662824453,
        2.2943104113165482,
        2.281769590796406,
        2.0315019438453206,
        2.3557554767880324,
        4.32484503240964,
        1.874042443305002,
        5.922845445552762,
        5.760047647277374,
        3.0365898719502105,
        2.032562667580909,
        3.248993130632771,
        5.2952771520617326,
        4.1033833935590325,
        5.028322099919472,
        3.333605921392666,
        4.001557185624591,
        1.7599092484641177,
        0.6215667616465037
    ],
    "Cmin, Cmax, frob_norm, shift": [
        0.3369377722287652,
        2246.770729659739,
        249.26698098990568,
        349.59162707225994
    ]
}