{
    "Calculated Minimum Energy [norm, row]": [
        0.002018298509581937,
        -1.3829377399165033
    ],
    "Corresponding loss function": 0.013097598398437892,
    "Solution for Minimum Energy": [
        1.0,
        1.0,
        1.0,
        1.0,
        -1.0,
        -1.0,
        1.0,
        1.0,
        1.0,
        1.0,
        -1.0,
        -1.0,
        1.0,
        1.0,
        1.0,
        1.0,
        1.0,
        -1.0,
        -1.0,
        1.0,
        1.0,
        1.0,
        1.0,
        1.0,
        1.0,
        -1.0,
        1.0,
        1.0,
        -1.0,
        -1.0,
        1.0,
        1.0,
        1.0,
        1.0,
        1.0,
        1.0,
        1.0,
        1.0,
        1.0,
        1.0,
        1.0,
        1.0,
        1.0,
        1.0,
        1.0,
        1.0,
        1.0,
        1.0,
        1.0,
        1.0,
        1.0,
        1.0,
        1.0,
        -1.0,
        1.0,
        1.0,
        1.0,
        1.0,
        1.0,
        -1.0
    ],
    "Corresponding exp value": [
        -0.03245843721495985,
        0.13812365396371856,
        -0.003392749627410126,
        0.1993555307800653,
        -0.04640769661931249,
        -0.0719473327879152,
        0.05928353884528494,
        0.25690147994861423,
        0.019897598606676052,
        0.1676277011134642,
        -0.06404727927412583,
        -0.18142745294716905,
        0.025508920331304794,
        0.15671446249377008,
        0.23728565512009386,
        0.1771849799814732,
        0.022767573583580274,
        -0.1644204512381039,
        -0.16545520382623702,
        -0.008186605637326346,
        0.03925838206120044,
        0.09586835859154624,
        0.0069961114195070916,
        0.046327200509606925,
        -0.004785451908616263,
        -0.12237721547733929,
        0.0351688036044808,
        0.020867182563504647,
        -0.28404975079253125,
        -0.2609147944090556,
        0.15139933445166232,
        0.08826721572493224,
        0.15006993453830014,
        0.3118667915546773,
        0.1754523463300025,
        0.20568116223279514,
        0.01542283187854542,
        0.07493252700957144,
        0.23818148521658877,
        0.03575556089474498,
        0.07414981772731861,
        0.1624548505521494,
        0.15733162920352248,
        0.19424842965522904,
        -0.03195994977440211,
        0.042294979157955125,
        0.19138841495717807,
        0.08396955018717456,
        0.09664836975191128,
        0.08339370277073663,
        0.014729255154997515,
        0.10664348492688319,
        0.20474233690921612,
        -0.11124191500857417,
        0.2745037936715472,
        0.05782206679227623,
        0.2127328886613381,
        0.11429098589532512,
        0.06010927028413783,
        -0.11733917037530703
    ],
    "Number for Minimum Energy": 585467952397421616,
    "Elapsed Time [seconds]": 0.15163850784301758,
    "Elapsed Time [hours, minutes, seconds]": [
        0,
        0,
        0.15
    ],
    "Current function value": -1.2830893221198858,
    "Iterations": 4,
    "Function Evaluations, Estimation": [
        69,
        7809
    ],
    "Gradient Evaluations": 57,
    "Number of Parameters": 136,
    "Minimum Parameters": [
        4.214978668020218,
        4.128430481178012,
        5.685353963572858,
        0.8642061492301326,
        3.2793715206189775,
        2.544878712091587,
        3.1696237027733134,
        0.7589527379414543,
        0.7197338087167322,
        1.9805328875745416,
        1.6835373287384132,
        2.6566828473849124,
        3.9188278107816648,
        3.9487149744519487,
        2.540885232178634,
        2.6037753858024066,
        1.2924345878243833,
        3.76067242143317,
        2.082120860175607,
        0.44690910748217416,
        2.5870876148369977,
        2.9630928190106776,
        1.1873139597869147,
        3.5946115394409026,
        3.327431288396642,
        4.438081447716552,
        4.044499352484712,
        3.997212953827244,
        1.8757063946393928,
        4.947388641876447,
        3.6153621940600082,
        2.8535246681072026,
        3.8477151546603428,
        2.2007361035991697,
        3.2004256627475978,
        4.493879130208269,
        5.608549083792906,
        5.454633593965506,
        3.152764205722791,
        3.5575324361947334,
        4.91854319232732,
        1.902323119044884,
        5.132329065295966,
        3.1071479758632927,
        0.6437974049383418,
        0.7120448584661252,
        5.2881602624438875,
        0.13793616212119136,
        1.7505683123641749,
        2.1846941973376195,
        1.1505337780887934,
        1.8223219280587226,
        4.463199866899867,
        -0.15241451320871988,
        4.917575377749332,
        5.208796793220166,
        2.771839489501555,
        0.9132878562093338,
        3.906365725226714,
        0.8179310714516357,
        2.654230112220735,
        5.877301171553389,
        6.2121326208414365,
        4.8903096792464655,
        1.9499383841576317,
        4.4071489584569505,
        4.410102234311782,
        2.4905749093910643,
        4.111577727972219,
        0.20778361905413587,
        1.4200815548941517,
        3.2822065795968447,
        1.1294108095581608,
        1.0475431556144472,
        5.617709468795729,
        6.363648808514933,
        3.340049139236494,
        5.398735294490855,
        6.32957846057515,
        0.6679257660314291,
        3.056656401775364,
        2.762873822100502,
        0.8601003854755513,
        4.8622626747775435,
        2.682348703761033,
        2.7554812447206953,
        0.8993220291677329,
        1.0402125191847496,
        5.538391270360577,
        0.38172447491240885,
        1.5757131883453381,
        1.8066303696532042,
        2.86612413688313,
        3.875879321217557,
        3.334069504511282,
        0.5065887797816492,
        1.4639817819754681,
        5.200327269158879,
        3.885916590130931,
        4.060209290139022,
        4.29117769786262,
        4.2754802301316985,
        0.2930294885610285,
        2.4212378375935417,
        3.2165043292970243,
        2.1036607367820714,
        5.50419631005298,
        3.1161517508206193,
        4.9283217967668325,
        5.324725255007385,
        3.3619870703991013,
        5.784050366762473,
        3.84205818603276,
        5.252230703234517,
        1.9820643013974264,
        3.323748704335053,
        3.740546194608373,
        0.48461550535479675,
        2.4576837060648686,
        5.7726165212575005,
        4.197818875814648,
        1.1450596066077887,
        2.186057702966028,
        1.4195591790819673,
        0.22904792717040756,
        5.8018350283517774,
        2.801018457510072,
        2.091008162242586,
        3.375132842058283,
        -0.16560210302346973,
        2.037916444799526,
        4.510689199059216,
        3.859194421834471,
        5.958477070561544,
        3.9472669954404975,
        0.8829428418125282
    ],
    "Cmin, Cmax, frob_norm, shift": [
        0.3369377722287652,
        2246.770729659739,
        249.26698098990568,
        349.59162707225994
    ]
}