{
    "Calculated Minimum Energy [norm, row]": [
        0.001621907883015296,
        -1.3865100754692126
    ],
    "Corresponding loss function": 0.015767221724315154,
    "Solution for Minimum Energy": [
        1.0,
        -1.0,
        1.0,
        1.0,
        -1.0,
        1.0,
        1.0,
        1.0,
        1.0,
        -1.0,
        1.0,
        1.0,
        -1.0,
        1.0,
        1.0,
        1.0,
        1.0,
        -1.0,
        -1.0,
        1.0,
        1.0,
        -1.0,
        1.0,
        1.0,
        1.0,
        1.0,
        -1.0,
        1.0,
        1.0,
        1.0,
        1.0,
        1.0,
        -1.0,
        1.0,
        1.0,
        1.0,
        -1.0,
        -1.0,
        1.0,
        1.0,
        -1.0,
        1.0,
        -1.0,
        1.0,
        1.0,
        -1.0,
        1.0,
        1.0,
        1.0,
        1.0,
        -1.0,
        1.0,
        1.0,
        -1.0,
        -1.0,
        -1.0,
        1.0,
        1.0,
        1.0,
        -1.0
    ],
    "Corresponding exp value": [
        0.24510436287054232,
        -0.054480065353003024,
        0.03465353008920782,
        0.2818909296238457,
        -0.05485545023821278,
        0.17004956920654457,
        0.11640291568864375,
        0.001172340959162592,
        0.3174506256447928,
        -0.03180250901634256,
        0.26169017899417923,
        0.09903570932880237,
        -0.015094194226499552,
        0.0053436071035549825,
        0.035302825659106064,
        0.026490519139548814,
        0.2517309955470221,
        -0.0765888780112815,
        -0.19399389913062398,
        0.011980772446070978,
        0.28118773935637614,
        -0.018814269026711024,
        0.2440688272780757,
        0.040645952129765954,
        0.11661019218315663,
        0.14087560765790536,
        -0.007578930539300529,
        0.10620024486375101,
        0.2990429274214934,
        0.25511591482024315,
        0.01682649779335657,
        0.2837726352465469,
        -0.039169220327638476,
        0.1350315124887406,
        0.2522826794058122,
        0.13776675479251668,
        -0.03933890017452413,
        -0.007957106489301452,
        0.10523975771538642,
        0.29520311690720813,
        -0.10011551676751108,
        0.07114051414733182,
        -0.0003339751078063214,
        0.09149580558573699,
        0.013973393850117278,
        -0.3571139007975712,
        0.004459622154622294,
        0.14238021104635706,
        0.06730827551428434,
        0.11530524042636162,
        -0.056246127381332646,
        0.006924499623867728,
        0.0013319126783134863,
        -0.0009340850595573758,
        -0.006788741878148076,
        -0.12941073287705201,
        0.2967873385374083,
        0.1610757122688816,
        0.2952560897531809,
        -0.31077255105283863
    ],
    "Number for Minimum Energy": 640677939446682130,
    "Elapsed Time [seconds]": 13.630176782608032,
    "Elapsed Time [hours, minutes, seconds]": [
        0,
        0,
        13.63
    ],
    "Current function value": -1.3216248835595867,
    "Iterations": 1773,
    "Function Evaluations, Estimation": [
        1820,
        247520
    ],
    "Gradient Evaluations": 1820,
    "Number of Parameters": 135,
    "Minimum Parameters": [
        1.2008173071065513,
        3.829645499757655,
        5.548269070624649,
        1.1016984914461903,
        1.9684258773890129,
        4.681335904695179,
        6.052141182151341,
        3.162015779070654,
        0.8039332947515524,
        0.09760583424783824,
        1.4022547194140524,
        0.8910460213233518,
        4.2389759746761175,
        0.7106051551691215,
        3.223814282473688,
        4.367650270843943,
        3.7870975710839847,
        1.120524983299344,
        4.932852869648616,
        4.4893375847298715,
        5.014938576340298,
        0.5946073236636631,
        0.583177454635263,
        5.688067953865239,
        2.5149631308511835,
        1.9955086581654131,
        3.080974693075767,
        4.261064622614283,
        5.884854388178741,
        1.7514986187138402,
        5.861533133163737,
        -0.04220187016185044,
        3.277933078413189,
        3.8785347167094604,
        0.7278461429382012,
        0.6879168098025193,
        2.6406918494915166,
        5.9043309327520035,
        3.7907125551362375,
        5.828459344705654,
        5.010700058634246,
        2.8773572528987756,
        5.096472121178828,
        0.09382100265143728,
        0.7301654274569022,
        5.219522181537494,
        5.038759655465633,
        1.7094935232904518,
        3.534385720426269,
        3.7571556295849713,
        5.327649660381274,
        3.7820394472963814,
        2.5390217928970253,
        2.366021759913439,
        2.7379114919295504,
        4.1828008306186115,
        5.7525580786324255,
        2.9500072044484553,
        1.3829083976197203,
        1.4423733469409676,
        4.648187306557714,
        5.150505684023946,
        0.6768780537467323,
        0.42528970701114827,
        3.8408794769889623,
        0.9446190506451156,
        5.078738335845491,
        1.9944359247220647,
        0.7523360361970179,
        5.702660531525258,
        0.9338530441815743,
        1.5014933589044133,
        1.0410032846727066,
        0.811230121328171,
        -0.1810864070985107,
        0.5059851827536808,
        0.9120642086838553,
        0.23175884500253058,
        3.79898650893616,
        4.478767635046656,
        2.5284190394268515,
        2.144408483846646,
        3.166260213765029,
        5.61897338919476,
        5.526699930351041,
        0.00013122815371029856,
        1.1039817955279463,
        1.251929558633588,
        1.6278664279817072,
        3.510921614939106,
        2.5691248716564155,
        0.35128541712983175,
        2.331708289910773,
        3.385514008431377,
        0.7440756267450088,
        5.222304087338946,
        0.38912461672127957,
        5.728756547331544,
        0.33520971222771606,
        5.484353690895417,
        5.691973992394212,
        5.8391257064872795,
        4.964597122706375,
        5.025920118421753,
        3.9830479319706638,
        4.9021876149820525,
        0.8165362256461488,
        3.202405998376184,
        3.560077563166578,
        5.4028926188993776,
        2.819064206920196,
        2.232822170186816,
        3.8381442229906684,
        1.5883621571530238,
        0.8031145701970951,
        3.059228068745898,
        2.6136055514522027,
        1.4880832600189287,
        2.3771729167463214,
        2.2950459866001336,
        2.1299408550538255,
        2.3598562904800398,
        4.427796708833054,
        2.0008239326333284,
        5.946685796983325,
        5.580702942183199,
        2.8307450346322334,
        2.2548982232324217,
        3.2476755486682904,
        5.404771326445726,
        4.152243397380925,
        5.049301600041687,
        3.3536778105827314,
        3.9017162395080227,
        1.773091540934122
    ],
    "Cmin, Cmax, frob_norm, shift": [
        0.3369377722287652,
        2246.770729659739,
        249.26698098990568,
        349.59162707225994
    ]
}