{
    "Calculated Minimum Energy [norm, row]": [
        0.0004628459805115256,
        -1.3969557262101717
    ],
    "Corresponding loss function": 0.006024346593981536,
    "Solution for Minimum Energy": [
        1.0,
        1.0,
        -1.0,
        -1.0,
        1.0,
        1.0,
        -1.0,
        -1.0,
        1.0,
        1.0,
        1.0,
        -1.0,
        -1.0,
        1.0,
        1.0,
        1.0,
        -1.0,
        -1.0,
        1.0,
        -1.0,
        1.0,
        1.0,
        1.0,
        1.0,
        1.0,
        -1.0,
        1.0,
        1.0,
        1.0,
        1.0,
        1.0,
        -1.0,
        1.0,
        1.0,
        1.0,
        1.0,
        1.0,
        1.0,
        1.0,
        1.0,
        1.0,
        -1.0,
        1.0,
        -1.0,
        1.0,
        1.0,
        -1.0,
        1.0,
        -1.0,
        -1.0,
        -1.0,
        1.0,
        1.0,
        1.0,
        1.0,
        1.0,
        1.0,
        -1.0,
        1.0,
        -1.0
    ],
    "Corresponding exp value": [
        0.042081888019887104,
        0.012525219236351842,
        -0.029589180973733364,
        -0.015183521941632874,
        0.3223148149555363,
        0.014480521455150868,
        -0.041740503950521576,
        -0.019940051225863335,
        0.012272427824381395,
        0.20451251148902327,
        0.4291670441158622,
        -0.038158803252549195,
        -0.007273197298971745,
        0.032413402064318114,
        0.05797276242771482,
        0.06446670774204422,
        -0.023795978750090686,
        -0.0029059535662044854,
        0.024161956856741263,
        -0.017265878756048313,
        0.37068049804156006,
        0.0952149307879076,
        0.398751642526408,
        0.03946722373845154,
        0.033347928253159416,
        -0.01300588664761488,
        0.055258425439821506,
        0.21909018948347075,
        0.20519794093660415,
        0.3375039089524931,
        0.2459779679702154,
        -0.011242661868646964,
        0.0924781191242868,
        0.353721955730542,
        0.021064584474430183,
        0.21683967604331658,
        0.02585967081952579,
        0.027479241669426502,
        0.35475256366525465,
        0.3355535968905074,
        0.13068412353344377,
        -0.3771005180914885,
        0.017673087646657572,
        -0.028542851393642203,
        0.011880644049582932,
        0.03443089789879025,
        -0.013366468264960808,
        0.3611402146657497,
        -0.0016866016849717141,
        -0.00016543315335894922,
        -0.04320176723801339,
        0.02560047693339726,
        0.008153510213743068,
        0.002971974586769151,
        0.011056316486241944,
        0.28434920450763235,
        0.31863887358964127,
        -0.050414306287411274,
        0.2216658078667611,
        -0.017944946454499962
    ],
    "Number for Minimum Energy": 722627631258474700,
    "Elapsed Time [seconds]": 5.387967348098755,
    "Elapsed Time [hours, minutes, seconds]": [
        0,
        0,
        5.39
    ],
    "Current function value": -1.3523341759669034,
    "Iterations": 812,
    "Function Evaluations, Estimation": [
        813,
        110568
    ],
    "Gradient Evaluations": 813,
    "Number of Parameters": 135,
    "Minimum Parameters": [
        4.141554824526571,
        4.068659192125139,
        6.217772307632105,
        0.9559427818029977,
        3.2029261548194894,
        2.6153247658357826,
        3.4723994279778934,
        0.6515685613431219,
        0.4593913077244241,
        1.986569519007557,
        1.592492065394351,
        2.781966552914152,
        3.6480677199856753,
        3.9670621622890563,
        2.550097871068441,
        2.576629070266757,
        1.4352773782145822,
        3.72741314152759,
        1.8838667271437053,
        0.47125035409660637,
        2.6556249741093296,
        3.005204777288803,
        1.2340245776209684,
        3.5314471792297373,
        3.189030662329306,
        4.345231740329435,
        4.077713325923081,
        3.9305305966523205,
        1.956438081745259,
        5.205992786804996,
        3.916565169451191,
        2.8798366558893167,
        3.889692725222981,
        2.0056753028931267,
        3.540762317802909,
        4.722168200038707,
        5.911892278465207,
        5.450188079961543,
        3.116822142643525,
        3.5833667244744216,
        5.32410037477445,
        1.3326019335386872,
        5.16391024735259,
        2.9826804609862734,
        1.0146009912317717,
        0.764537847925203,
        5.439653287973314,
        -0.010437902421931832,
        2.0015856657251585,
        2.325035994418768,
        1.0988601420225659,
        1.9617177167201894,
        4.604013180567431,
        -0.432494023089182,
        5.235416859988449,
        5.720345336964469,
        2.288062899566584,
        0.7916469357056557,
        4.124370873293662,
        0.44484189296448956,
        2.4152481135459514,
        5.833319249233263,
        6.337971855808057,
        5.238870488772869,
        1.9086848232240077,
        4.671452823870035,
        3.964047748473341,
        2.468865807153516,
        4.724708139891927,
        0.2519705330204452,
        1.3067694876693972,
        3.1081064539655805,
        1.2596662073311504,
        0.3226483811903758,
        5.087399255042885,
        6.026315120251093,
        3.520686828439581,
        5.147242594677908,
        6.354461101446979,
        0.8799521243090517,
        3.236026380029038,
        2.5436727045731016,
        0.9197221813195217,
        4.817410167061931,
        2.8343761865741373,
        2.3094093099367243,
        0.7184867010916919,
        1.105965886382484,
        6.079818057742605,
        0.6552344027187172,
        1.7600934865680344,
        2.001623831906292,
        3.3081574660227195,
        4.167446358803684,
        3.5487053605745897,
        0.662388304063131,
        1.6432561387783378,
        5.146962377135579,
        3.976597267433532,
        4.355501426166831,
        4.670122991000444,
        4.525665591683287,
        1.1945093453379312,
        2.54172415875376,
        3.616761050370782,
        2.163344564766272,
        5.0782507236482,
        3.363720509132247,
        5.322061296909026,
        5.119679710152342,
        3.4234650080002718,
        5.549587172658843,
        3.5770312565825892,
        4.950698010005341,
        2.2854718822725157,
        3.0318306659572385,
        3.8731232092285697,
        0.8706235655110649,
        2.293896514074833,
        5.893888230897148,
        4.793078485100399,
        1.0503494620012426,
        2.045060145268893,
        1.086385163453453,
        0.2981870382101375,
        5.261898668595127,
        2.8345860736527992,
        2.1426283978572047,
        3.788587205693083,
        0.19468249786509864,
        2.5299015646057934,
        5.0969727326341925,
        3.3151367048865854,
        6.682030483576998,
        4.5173178769328475
    ],
    "Cmin, Cmax, frob_norm, shift": [
        0.3369377722287652,
        2246.770729659739,
        249.26698098990568,
        349.59162707225994
    ]
}