{
    "Calculated Minimum Energy [norm, row]": [
        0.003418058461846244,
        -1.3703228799586786
    ],
    "Corresponding loss function": 0.1302677675681558,
    "Solution for Minimum Energy": [
        -1.0,
        1.0,
        -1.0,
        1.0,
        1.0,
        1.0,
        1.0,
        -1.0,
        -1.0,
        1.0,
        1.0,
        -1.0,
        1.0,
        1.0,
        -1.0,
        1.0,
        1.0,
        -1.0,
        1.0,
        -1.0,
        1.0,
        -1.0,
        1.0,
        -1.0,
        -1.0,
        1.0,
        -1.0,
        -1.0,
        1.0,
        1.0,
        1.0,
        -1.0,
        1.0,
        1.0,
        1.0,
        1.0,
        -1.0,
        -1.0,
        1.0,
        1.0,
        -1.0,
        1.0,
        -1.0,
        1.0,
        -1.0,
        -1.0,
        1.0,
        1.0,
        1.0,
        -1.0,
        1.0,
        -1.0,
        -1.0,
        1.0,
        1.0,
        -1.0,
        1.0,
        1.0,
        1.0,
        -1.0
    ],
    "Corresponding exp value": [
        -0.033419010641247804,
        0.11913340306502071,
        -0.06866702181797488,
        0.14552494136358599,
        0.3224462771997269,
        0.04504986824866845,
        0.07880954436786403,
        -0.11571936671624841,
        -0.20583668179141473,
        0.1788361143858616,
        0.24871153759413592,
        -0.11921879240997754,
        0.3832563875414207,
        0.08336491977284977,
        -0.11662228358472834,
        0.025829385719421512,
        0.09490649286938763,
        -0.3077611379646055,
        0.16200218759762947,
        -0.08207833401827103,
        0.0016083989441053013,
        -0.1229274474897798,
        0.29806086309899427,
        -0.14567324420159397,
        -0.04439073435157706,
        0.10342307701550403,
        -0.11107792682037274,
        -0.0073750003027084725,
        0.16412665260380982,
        0.051379848802420566,
        0.07952138193020546,
        -0.0653740487131278,
        0.003660195730362338,
        0.11834766902626884,
        0.12620683595626003,
        0.17206947726300592,
        -0.0074769022944674995,
        -0.06540786297959401,
        0.15571666910686402,
        0.10346551743067771,
        -0.1199364218596127,
        0.07562277257895424,
        -0.10851858044698914,
        0.15229086628011143,
        -0.012556445633231867,
        -0.05056502900898424,
        0.18298113856004347,
        0.19633613675573044,
        0.11298428709197963,
        -0.2564390996607099,
        0.018601976280332225,
        -0.012869428091349035,
        -0.007793054809379992,
        0.023383005061299783,
        0.059934818751249154,
        -0.10142256849285736,
        0.005688293022537851,
        0.18167529069940497,
        0.11541537612015912,
        -0.03548733058162078
    ],
    "Number for Minimum Energy": 619866381368314245,
    "Elapsed Time [seconds]": 18.757703065872192,
    "Elapsed Time [hours, minutes, seconds]": [
        0,
        0,
        18.76
    ],
    "Current function value": -0.9102290156198247,
    "Iterations": 389,
    "Function Evaluations, Estimation": [
        53176,
        53176
    ],
    "Gradient Evaluations": 391,
    "Number of Parameters": 135,
    "Minimum Parameters": [
        4.211189365335416,
        4.18379418005291,
        5.832913746315276,
        0.9516660915486437,
        3.124103568713995,
        2.547678386166832,
        3.2973781880671607,
        0.7690482761451484,
        0.6937212946850073,
        1.6791509554442996,
        1.8395548815788987,
        2.6309167147269945,
        3.926801562130847,
        3.8672753750614,
        2.456335679458704,
        2.6395664199602136,
        1.3614469831787401,
        3.6837920445375008,
        1.986846923269029,
        0.2041563686976943,
        2.625604404723375,
        2.9502083808965547,
        1.4976712221610147,
        3.643442372295225,
        3.6246992785086705,
        4.423235222159264,
        4.141516753210087,
        4.085776558910667,
        1.8267588639202683,
        5.322334876277214,
        3.607378707943378,
        2.7887042099630657,
        3.8319579255918446,
        2.2474977541094296,
        3.2653049702378034,
        4.798822069804899,
        5.604423523109701,
        5.664099263565331,
        3.015771969455303,
        3.577585961293886,
        4.76212790625152,
        1.9992242734332075,
        5.316297935719469,
        2.917116914301906,
        0.7845458035913433,
        0.5319373527273192,
        5.286528687369071,
        0.08536478247427279,
        1.6435673567328635,
        2.172616670555309,
        0.9933399081893887,
        1.8156987098334796,
        4.449986069203446,
        0.05811960745937582,
        5.15398322401191,
        5.390974769528,
        2.3590116505841108,
        0.9686162369014865,
        3.7539406123654646,
        0.825892731028912,
        2.40948101220672,
        6.040240708787064,
        6.0016319572088275,
        4.881729592079579,
        1.8160567437647848,
        4.399620082875376,
        4.209929824609526,
        2.430057324854454,
        4.071461833643082,
        0.21093653250167377,
        1.228893351581173,
        3.051658428582887,
        0.9410411792227029,
        0.9665596014472353,
        5.206374551385548,
        6.00089515945541,
        3.2850322378791095,
        5.314459310400297,
        6.2444738957948,
        0.7503287784126423,
        2.7817236703999626,
        2.443519106775041,
        0.5469236356360154,
        4.617298960282723,
        2.787328564268877,
        2.753865887755351,
        0.834523633174213,
        1.1215828491595898,
        5.775566410893666,
        0.3984645620290651,
        1.4506429337340827,
        2.03259524198693,
        3.0921785228909586,
        3.720280713232313,
        3.2095821344189064,
        0.6643157644431271,
        1.5002507467293726,
        5.271604804560349,
        4.0329177949211426,
        4.092857376201684,
        4.364251417458344,
        4.8093889908017164,
        0.5998501969463185,
        2.4744718805319414,
        3.4674161516012427,
        1.9331701971499817,
        5.167675907497869,
        3.0229938523727435,
        4.826774522419969,
        5.289896172630984,
        3.4578353825025183,
        5.651094545743604,
        3.506278446771097,
        5.318119225133304,
        2.3741448180827036,
        3.2830554871020348,
        3.4374493570639633,
        0.672874192536487,
        2.507451562950017,
        5.660424383816036,
        4.124801133501557,
        1.1538081013815424,
        2.184213428231535,
        1.2927252722809557,
        0.09078524929298074,
        5.838874846514819,
        2.703027244174438,
        2.0692476276296587,
        3.82047784190841,
        -0.12578348316103946,
        1.986563235993795,
        4.64476396436073,
        3.956402078129516,
        6.085491961999879,
        3.932721099666919
    ],
    "Cmin, Cmax, frob_norm, shift": [
        0.3369377722287652,
        2246.770729659739,
        249.26698098990568,
        349.59162707225994
    ]
}