{
    "Calculated Minimum Energy [norm, row]": [
        0.0003755706233905576,
        -1.3977422656493586
    ],
    "Corresponding loss function": 0.009076870565998072,
    "Solution for Minimum Energy": [
        1.0,
        1.0,
        1.0,
        -1.0,
        1.0,
        1.0,
        -1.0,
        -1.0,
        1.0,
        1.0,
        1.0,
        -1.0,
        -1.0,
        1.0,
        1.0,
        -1.0,
        1.0,
        -1.0,
        -1.0,
        1.0,
        1.0,
        1.0,
        1.0,
        -1.0,
        1.0,
        1.0,
        1.0,
        1.0,
        -1.0,
        1.0,
        1.0,
        -1.0,
        1.0,
        1.0,
        1.0,
        1.0,
        -1.0,
        1.0,
        1.0,
        1.0,
        1.0,
        1.0,
        1.0,
        -1.0,
        1.0,
        1.0,
        1.0,
        1.0,
        -1.0,
        -1.0,
        -1.0,
        -1.0,
        1.0,
        -1.0,
        1.0,
        1.0,
        1.0,
        -1.0,
        1.0,
        1.0
    ],
    "Corresponding exp value": [
        0.018058128384476582,
        0.006392337245085801,
        0.003462250391793366,
        -0.0005648327361462242,
        0.259229594798339,
        0.021920352385975492,
        -0.02436450860108883,
        -0.011797993400356144,
        0.018059689642123178,
        0.021864501984499095,
        0.3313540265917114,
        -0.007802330622777225,
        -0.002855497475624631,
        0.006790937663192011,
        0.03814285796214313,
        -0.00791829349191724,
        0.00035551396845506875,
        -0.009993448401159871,
        -0.005172829754258451,
        0.03240874744408878,
        0.14987699553793976,
        0.007255374933969126,
        0.3339912870876725,
        -0.001821180865042734,
        0.03888773068670735,
        0.027954363482707634,
        0.007552339608944702,
        0.123884481630441,
        -0.0070829098008545486,
        0.279830943068974,
        0.24422781173957978,
        -0.05967089885367072,
        0.00012353795646693252,
        0.30748777311478126,
        0.010019625683212123,
        0.07794139797017699,
        -0.01251525961841478,
        0.01495986761300805,
        0.319029072610455,
        0.07920973004766019,
        0.05074531110005001,
        0.22214906278759378,
        0.014325190211902202,
        -0.011098676132544706,
        0.008860244182497999,
        0.10744010681771862,
        0.020083617519078334,
        0.2597770686762743,
        -0.012008753021642577,
        -0.020473037160179012,
        -0.009666339938743457,
        -0.003609404666158283,
        0.0004897082125965256,
        -0.0032389566859882257,
        0.00805774259467584,
        0.20665948698960362,
        0.18998138312440743,
        -0.006805917310220696,
        0.06026150103462576,
        0.002719712899799151
    ],
    "Number for Minimum Energy": 157353379218495688,
    "Elapsed Time [seconds]": 4.320626258850098,
    "Elapsed Time [hours, minutes, seconds]": [
        0,
        0,
        4.32
    ],
    "Current function value": -1.3263043925999838,
    "Iterations": 952,
    "Function Evaluations, Estimation": [
        961,
        130696
    ],
    "Gradient Evaluations": 961,
    "Number of Parameters": 135,
    "Minimum Parameters": [
        4.650948342350889,
        0.9855330246717571,
        4.267613595689681,
        5.404960192736945,
        0.853288388984658,
        4.293725526361861,
        0.8014914316682168,
        4.420971105079812,
        0.906885368076436,
        5.839467175550455,
        0.9790906482068953,
        6.009408352409464,
        4.717932384007751,
        3.7587548692278343,
        4.62340340923797,
        4.606944767295335,
        6.037666777133409,
        1.7498943515105,
        3.785733057058468,
        0.9486262957407268,
        3.9397865281873945,
        1.2156269559677648,
        4.020317418483793,
        3.6951644720668546,
        2.99828893110763,
        3.1892538296129165,
        4.638951907778626,
        4.268160285590483,
        3.0344645403520785,
        3.978560857091398,
        5.92302635033403,
        1.0604113849540118,
        0.737109847234667,
        0.49850802373836395,
        4.323350729945674,
        2.3599180494901706,
        4.904053961864828,
        3.950837896964439,
        2.088076154751623,
        5.569126856730621,
        4.671609781942886,
        1.832211855717212,
        2.0657462757255063,
        1.7691406238877483,
        1.2767370585196118,
        0.16353568567120821,
        6.021264225738416,
        2.7339470522477596,
        2.4514885795439048,
        4.255822091296581,
        3.564980076592864,
        5.788175153635113,
        4.499588682954956,
        3.0240730985785174,
        2.5967685027962832,
        6.0887449880743745,
        4.588729333565456,
        5.873043126837119,
        0.4426383286502732,
        5.377778421682773,
        4.2548573559934235,
        0.5610609263389678,
        3.735958627612292,
        4.591030232008342,
        0.03997712332194135,
        2.842200937529284,
        4.8372689336980095,
        1.622206343981696,
        2.6704565705572447,
        2.412010923617526,
        1.540765022866191,
        5.761116121321907,
        5.127953927840613,
        0.5544417334792233,
        6.323877687236814,
        4.9864996169763085,
        1.8463430076450007,
        5.112121353693428,
        0.6065877264254265,
        6.439713970448772,
        4.275404408533458,
        4.0720822390248514,
        1.0338676159937124,
        6.191314396723213,
        0.18083855455305303,
        1.418790799385427,
        0.49202125194032764,
        5.372861804335747,
        1.314423635110825,
        5.69791169461493,
        4.3764330102738525,
        0.011672744866587556,
        0.045600945249854107,
        0.062287276516471195,
        3.750142645907152,
        5.165643165877842,
        1.6834055899647749,
        5.120541083802959,
        0.4804125522282331,
        4.82212078938946,
        5.607392704610637,
        4.921541245537964,
        4.442064101264576,
        5.086415088534336,
        0.24224659507699575,
        1.537769000710951,
        0.48067881303385557,
        3.2166740787619523,
        4.348680467601748,
        3.384317987016102,
        5.7072582982483695,
        0.8386368212498496,
        4.353255099692583,
        1.479980037407562,
        1.7929582885548325,
        4.411845780986947,
        5.662001567593281,
        3.9604388595363105,
        0.29605801588725084,
        3.915945552576512,
        0.59218245740847,
        5.401884835409372,
        4.537222823940687,
        1.1440183603876934,
        0.41014427577966917,
        1.1197489177891544,
        5.808306716936691,
        2.5882460740451534,
        5.144699161469826,
        4.350377794769893,
        3.5633125677340556,
        0.7099776911569302,
        6.192557594061849,
        1.7528034338141298,
        3.8809893870842407
    ],
    "Cmin, Cmax, frob_norm, shift": [
        0.3369377722287652,
        2246.770729659739,
        249.26698098990568,
        349.59162707225994
    ]
}