{
    "Calculated Minimum Energy [norm, row]": [
        0.0009664010261223061,
        -0.03207982299357038
    ],
    "Corresponding loss function": 0.011411518822629887,
    "Solution for Minimum Energy": [
        1.0,
        -1.0,
        1.0,
        -1.0,
        1.0,
        1.0,
        1.0,
        -1.0,
        -1.0,
        -1.0,
        1.0,
        -1.0,
        1.0,
        -1.0,
        -1.0,
        1.0,
        -1.0,
        -1.0,
        -1.0,
        -1.0,
        -1.0,
        -1.0,
        -1.0,
        -1.0,
        -1.0,
        -1.0,
        -1.0,
        1.0,
        1.0,
        1.0,
        1.0,
        1.0,
        -1.0,
        -1.0,
        1.0,
        -1.0,
        -1.0,
        -1.0,
        1.0,
        -1.0,
        1.0,
        -1.0,
        1.0,
        -1.0,
        1.0,
        -1.0,
        -1.0,
        1.0,
        1.0,
        1.0,
        1.0,
        1.0,
        -1.0,
        1.0,
        1.0,
        -1.0,
        1.0,
        -1.0,
        1.0,
        1.0,
        1.0,
        -1.0,
        1.0,
        -1.0,
        1.0,
        1.0,
        1.0,
        1.0,
        -1.0,
        1.0,
        -1.0,
        1.0,
        -1.0,
        1.0,
        -1.0,
        -1.0,
        -1.0,
        -1.0,
        -1.0,
        1.0,
        1.0,
        1.0,
        1.0,
        1.0,
        -1.0,
        -1.0,
        -1.0,
        -1.0,
        1.0,
        -1.0,
        -1.0,
        1.0,
        -1.0,
        -1.0,
        -1.0,
        -1.0,
        1.0,
        1.0,
        -1.0,
        1.0,
        -1.0,
        -1.0,
        -1.0,
        1.0,
        -1.0,
        -1.0,
        1.0,
        -1.0,
        1.0,
        1.0,
        -1.0,
        1.0,
        1.0,
        1.0,
        -1.0,
        -1.0,
        1.0,
        1.0,
        1.0,
        1.0,
        1.0,
        -1.0,
        1.0,
        -1.0,
        -1.0,
        -1.0,
        1.0,
        -1.0,
        -1.0,
        1.0,
        -1.0,
        1.0,
        1.0,
        1.0,
        1.0,
        -1.0,
        1.0,
        -1.0,
        1.0,
        1.0,
        -1.0,
        -1.0,
        -1.0,
        1.0,
        1.0,
        1.0,
        1.0,
        -1.0,
        1.0,
        1.0,
        -1.0,
        1.0,
        -1.0,
        -1.0,
        1.0,
        1.0,
        1.0,
        -1.0,
        -1.0,
        -1.0,
        1.0,
        -1.0,
        -1.0,
        1.0,
        -1.0,
        1.0,
        1.0,
        1.0,
        -1.0,
        1.0,
        1.0,
        -1.0,
        -1.0,
        1.0,
        -1.0,
        1.0,
        1.0,
        1.0,
        -1.0,
        1.0,
        -1.0,
        1.0,
        1.0,
        -1.0,
        -1.0,
        1.0,
        1.0,
        1.0,
        1.0,
        -1.0,
        1.0,
        -1.0,
        1.0,
        -1.0,
        1.0,
        -1.0,
        -1.0,
        1.0,
        -1.0,
        -1.0,
        -1.0,
        -1.0,
        1.0,
        -1.0,
        -1.0,
        1.0,
        -1.0,
        -1.0,
        1.0,
        -1.0
    ],
    "Corresponding exp value": [
        0.0019062652303245093,
        -0.003365719498296533,
        0.0036457463615689033,
        -0.0018729453990526642,
        0.0014370840485580126,
        0.0011518493335472687,
        0.0005109890771344576,
        -0.0020396504116703676,
        -0.004153502920342598,
        -0.0023351550848687884,
        -0.0005777544260255662,
        -0.0381408106749996,
        0.07913720518201564,
        -0.0014906001813332322,
        -0.004877742940126215,
        0.0001854787472685927,
        -0.004681633317311743,
        -0.004121564536020818,
        -0.002252526351494013,
        -0.002524343260553356,
        -0.08154254660202381,
        -0.003961830100071021,
        -0.0022389864308694886,
        -0.001753834808462443,
        -0.12431381911681934,
        -0.0013776473715641545,
        -0.006326477471444085,
        8.459456294071781e-05,
        -0.0004982832634358144,
        0.0011818129457200994,
        -0.000813824680635779,
        0.04449073279486689,
        -0.0014357291377203622,
        -0.0025157141924588523,
        -0.0006597322373960374,
        -0.003345135695632085,
        -0.007466871037565124,
        -0.0033021697278231453,
        0.002496455945274448,
        -0.0017539906431936715,
        -4.320565357318531e-05,
        -0.06915003990079176,
        -0.0009793448577779798,
        -0.0043956138775144,
        -0.0005735295926046413,
        -0.0017829797320329894,
        -0.001957271943219453,
        0.007262714209763057,
        -0.0003016440831987736,
        0.0009292528504065258,
        -0.0005598567610113165,
        0.0026439241685007548,
        -0.005438851992874946,
        0.0010743838988582473,
        0.0006004558029704512,
        -0.0032569042498263026,
        -0.0008809180653052617,
        -0.0026320690709526603,
        0.0014416951532909084,
        0.00364727102299161,
        0.0014166133712738638,
        -0.003883277339654322,
        0.0674928451548433,
        -0.004035645742189175,
        0.0030164815134400983,
        0.12157185097281019,
        -0.0013105494565090253,
        0.002014162370862633,
        -0.002380723691539236,
        0.10079587983498094,
        -0.002416401772952675,
        0.0004224204336373341,
        -0.002907801380960112,
        -0.0009674445555176386,
        -0.05018826642426579,
        -0.005308817233927007,
        -0.0041155586331936295,
        -0.009188665248281182,
        -0.008311477395896272,
        0.0029046989461024584,
        0.004870861121176994,
        0.007970154159090982,
        0.001206152238319848,
        0.02091761390731801,
        -0.0023884063355700948,
        -0.0016359940908753107,
        -0.0027356144415524516,
        -0.005202316078324203,
        0.00035844364035750927,
        -0.006135278843958125,
        -0.09483062253818346,
        -0.00042098843503580183,
        -0.005505295675781955,
        -0.15925733143958823,
        -0.007750608384122389,
        -0.003080725953562244,
        0.0015025405554134584,
        0.0658659429901775,
        -0.0029882691321891372,
        -7.045434135781025e-05,
        -0.00516784114525034,
        -0.003233702075537505,
        -0.015297974844862347,
        0.00014611997613505918,
        -0.10991837484820335,
        -0.10907128409469487,
        -0.00014848657160077905,
        -0.0014583554432282281,
        0.002294351497418368,
        -0.0005372525486502951,
        -0.001371380448647992,
        0.0036098464446389636,
        -0.0009363319810365978,
        0.0044331260966221555,
        -0.0014865443278918727,
        -0.0020156973025230655,
        0.003252499930792219,
        0.0033285966085576197,
        0.00039272982632256905,
        0.0035955567587616947,
        0.0019312593308503608,
        -0.002508119101801435,
        0.009142394194202447,
        -0.0015921502524718972,
        -0.002698834075234184,
        -0.010456166210177791,
        0.0030910742538075124,
        -0.0014229343231167407,
        -0.002099272746174014,
        0.07545654711917622,
        -0.0029957565918544747,
        0.0038031546780914072,
        0.0005030694558478201,
        0.0013652571202700807,
        0.00045836808451854474,
        -0.0021169811431258675,
        0.021492298619081543,
        -0.003093391831622918,
        -0.0008748568226592645,
        -0.0004624510893260405,
        -0.056974919172340176,
        -0.0014347739382081677,
        -0.17283410111500933,
        0.0002797813600923344,
        0.0012512449568328294,
        0.0018713613428694431,
        0.0006502680171518792,
        -0.0028368455266305596,
        -0.0012045581943695817,
        0.0004152805003586758,
        -0.10600969300502508,
        0.000620960954614463,
        -0.005801181521626934,
        -0.004117160339537392,
        0.0844807221326932,
        -0.00020278175985340673,
        -0.00018036239720747925,
        -0.003903344626197099,
