{
    "Calculated Minimum Energy [norm, row]": [
        0.0010250284689397597,
        -0.03193818680159606
    ],
    "Corresponding loss function": 0.011870888118574903,
    "Solution for Minimum Energy": [
        1.0,
        -1.0,
        -1.0,
        -1.0,
        1.0,
        -1.0,
        1.0,
        1.0,
        -1.0,
        1.0,
        -1.0,
        1.0,
        -1.0,
        -1.0,
        -1.0,
        1.0,
        -1.0,
        1.0,
        -1.0,
        -1.0,
        -1.0,
        -1.0,
        1.0,
        -1.0,
        1.0,
        -1.0,
        1.0,
        -1.0,
        -1.0,
        -1.0,
        1.0,
        1.0,
        -1.0,
        -1.0,
        1.0,
        1.0,
        -1.0,
        -1.0,
        1.0,
        1.0,
        1.0,
        -1.0,
        1.0,
        -1.0,
        -1.0,
        1.0,
        -1.0,
        1.0,
        -1.0,
        1.0,
        1.0,
        -1.0,
        1.0,
        1.0,
        1.0,
        -1.0,
        1.0,
        1.0,
        1.0,
        -1.0,
        1.0,
        -1.0,
        -1.0,
        1.0,
        1.0,
        -1.0,
        1.0,
        1.0,
        1.0,
        -1.0,
        1.0,
        1.0,
        1.0,
        -1.0,
        -1.0,
        1.0,
        1.0,
        1.0,
        -1.0,
        1.0,
        -1.0,
        1.0,
        1.0,
        -1.0,
        -1.0,
        -1.0,
        -1.0,
        1.0,
        1.0,
        -1.0,
        -1.0,
        -1.0,
        -1.0,
        1.0,
        -1.0,
        1.0,
        -1.0,
        1.0,
        -1.0,
        1.0,
        -1.0,
        1.0,
        1.0,
        -1.0,
        -1.0,
        -1.0,
        -1.0,
        -1.0,
        1.0,
        -1.0,
        1.0,
        1.0,
        1.0,
        1.0,
        1.0,
        -1.0,
        1.0,
        1.0,
        1.0,
        1.0,
        -1.0,
        -1.0,
        -1.0,
        1.0,
        1.0,
        -1.0,
        1.0,
        -1.0,
        -1.0,
        1.0,
        1.0,
        -1.0,
        -1.0,
        1.0,
        -1.0,
        1.0,
        1.0,
        -1.0,
        1.0,
        -1.0,
        -1.0,
        -1.0,
        1.0,
        1.0,
        1.0,
        -1.0,
        1.0,
        -1.0,
        1.0,
        -1.0,
        1.0,
        1.0,
        -1.0,
        1.0,
        1.0,
        -1.0,
        -1.0,
        -1.0,
        -1.0,
        1.0,
        1.0,
        -1.0,
        -1.0,
        1.0,
        1.0,
        1.0,
        1.0,
        1.0,
        1.0,
        1.0,
        1.0,
        -1.0,
        -1.0,
        -1.0,
        -1.0,
        1.0,
        1.0,
        1.0,
        -1.0,
        -1.0,
        1.0,
        1.0,
        1.0,
        -1.0,
        1.0,
        1.0,
        1.0,
        1.0,
        1.0,
        -1.0,
        1.0,
        -1.0,
        -1.0,
        1.0,
        -1.0,
        -1.0,
        1.0,
        1.0,
        -1.0,
        1.0,
        1.0,
        -1.0,
        1.0,
        1.0,
        -1.0,
        -1.0,
        -1.0,
        -1.0,
        -1.0,
        1.0
    ],
    "Corresponding exp value": [
        0.0007806872424989742,
        -0.0014956096078711824,
        -0.0005238418054547868,
        -0.08386108383957767,
        0.0015860764767939744,
        -0.0022818628606247667,
        0.0009689184665712407,
        5.136252412835281e-05,
        -0.0007030324208037089,
        0.09379525203049578,
        -0.0008706176482156484,
        0.05613578454131129,
        -0.058346961865391504,
        -0.0003876053923891438,
        -0.000651642423942448,
        0.0007710450478508816,
        -0.00025771458618847366,
        0.0008271348988556852,
        -0.0016423372389712627,
        -0.1975513249223548,
        -0.048625927479032556,
        -0.0013000778106874384,
        0.11511898871433193,
        -9.008056763268671e-05,
        0.09757463109943014,
        -0.00035225506668681936,
        0.0027195747444694147,
        -0.002545817866973551,
        -0.001520659915866484,
        -0.0005876392166308123,
        3.733800703688804e-06,
        0.007523582029689343,
        -0.0007437786291007091,
        -0.00027036818474544724,
        0.0007235173887803756,
        0.0006017205307793465,
        -0.0016874542222406587,
        -0.0003285083999798365,
        0.003775518991325797,
        0.0006920956382077844,
        0.000860349170629766,
        -0.1081513469433176,
        0.0005112462569217295,
        -0.0004945529266246178,
        -0.0006340695481260785,
        0.0012587736814910061,
        -0.00030732408244085827,
        0.003762753657854177,
        -0.00011388871926483902,
        0.00023703983349709825,
        0.00024884503976441066,
        -0.0011071097933488547,
        -2.8407953509447005e-05,
        0.0014812602115461665,
        0.0010321250417139108,
        -0.0006681694789812311,
        0.0009953870961730297,
        0.06002465146130151,
        0.0024288239244143637,
        -0.0014224738210472645,
        0.0029396666132354378,
        -0.11558619695091536,
        -0.0020933407498029705,
        0.0008460677105408437,
        0.11969060925366326,
        -0.0011444202869771124,
        0.00012856353388624245,
        0.00036493965325242947,
        0.0004770987657086341,
        -0.16896492661208004,
        0.0003613157583881255,
        0.0025988291525542695,
        0.0012633060244561403,
        -0.0006005869449725325,
        -0.05903097379758968,
        0.0004837771820611035,
        0.000314967677264509,
        0.1758029802905566,
        -0.0014322675574051503,
        0.0008205799091377525,
        -0.07364777967878225,
        0.10452493028802771,
        0.0010075705355867878,
        -0.006919512605283389,
        -0.0013145162956882128,
        -0.0007752434905866016,
        -0.0004304423147862475,
        0.0006568240650759883,
        0.000951795179083409,
        -0.0021223193761777765,
        -0.08055258885101646,
        -8.793011186770039e-05,
        -0.06764967459983852,
        0.08807603191024879,
        -0.002162479060279014,
        0.0001928576489006454,
        -0.00016618032341551218,
        0.0012288968888076988,
        -0.0015308345451633789,
        0.0018464150035608184,
        -0.0005642937143210275,
        0.0013178780146063935,
        0.0018064518130432945,
        -0.0006137465994189334,
        -0.07498435961204525,
        -0.07664398315672924,
        -0.00028117077447578523,
        -0.002253987560823354,
        0.0007685592096729489,
        -0.00032392846600551306,
        0.0004529702557052617,
        0.0002525075793915173,
        -5.4157083221054603e-05,
        0.0034270780487892266,
        0.0015012144553762994,
        -0.0004918402700482027,
        0.0036620530828814658,
        0.0006922897184039106,
        -4.698999331562929e-05,
        0.00039921898938864546,
        -0.000871961223119076,
        -0.00012723475147536126,
        -0.0020515473037022937,
        0.0005115605207910055,
        0.0009670378075149193,
        -0.002292716039167901,
        0.0029826770885718196,
        -0.0007938679873348627,
        -0.0027659804102513888,
        0.044076927045122075,
        0.001285442140649776,
        -0.004347220437623464,
        -0.0004675340620953359,
        0.00013848253617331776,
        -0.0010494038878490768,
        0.0014386654586185299,
        0.002831818599251195,
        -7.700771926307535e-05,
        0.00019927178832043497,
        -0.0006327604184466282,
        -0.057633125991470774,
        -0.0002063575768715707,
        0.00011980629613299256,
        0.0022692442546433534,
        7.143584622906621e-05,
        -0.0010752375203982364,
        0.00074515179749825,
        -0.0002594935732011459,
        0.0009929526189591089,
        -0.0006368831163895684,
        0.00035875989450108144,
        0.0015855264471930038,
        -0.0002711648035419522,
        0.001740294363685564,
        0.11599150632055884,
        -0.00030053505069734253,
        -0.0010704066568678903,
