{
    "Calculated Minimum Energy [norm, row]": [
        0.001604017779436068,
        -0.030539424768125316
    ],
    "Corresponding loss function": 0.050920678818861906,
    "Solution for Minimum Energy": [
        -1.0,
        -1.0,
        1.0,
        1.0,
        1.0,
        -1.0,
        -1.0,
        -1.0,
        1.0,
        -1.0,
        1.0,
        -1.0,
        -1.0,
        1.0,
        -1.0,
        1.0,
        1.0,
        1.0,
        1.0,
        -1.0,
        -1.0,
        -1.0,
        -1.0,
        1.0,
        -1.0,
        -1.0,
        1.0,
        1.0,
        1.0,
        -1.0,
        1.0,
        1.0,
        -1.0,
        -1.0,
        -1.0,
        1.0,
        1.0,
        -1.0,
        1.0,
        -1.0,
        -1.0,
        -1.0,
        1.0,
        -1.0,
        1.0,
        1.0,
        -1.0,
        -1.0,
        1.0,
        1.0,
        1.0,
        1.0,
        -1.0,
        1.0,
        1.0,
        1.0,
        1.0,
        1.0,
        1.0,
        1.0,
        1.0,
        1.0,
        1.0,
        1.0,
        1.0,
        -1.0,
        -1.0,
        -1.0,
        1.0,
        1.0,
        -1.0,
        1.0,
        1.0,
        1.0,
        -1.0,
        1.0,
        -1.0,
        1.0,
        -1.0,
        1.0,
        -1.0,
        -1.0,
        1.0,
        -1.0,
        -1.0,
        -1.0,
        -1.0,
        -1.0,
        1.0,
        1.0,
        1.0,
        -1.0,
        1.0,
        1.0,
        1.0,
        1.0,
        -1.0,
        1.0,
        1.0,
        -1.0,
        -1.0,
        1.0,
        1.0,
        -1.0,
        1.0,
        -1.0,
        1.0,
        -1.0,
        1.0,
        1.0,
        -1.0,
        1.0,
        1.0,
        1.0,
        1.0,
        1.0,
        1.0,
        -1.0,
        1.0,
        -1.0,
        -1.0,
        -1.0,
        -1.0,
        -1.0,
        -1.0,
        1.0,
        -1.0,
        1.0,
        -1.0,
        -1.0,
        -1.0,
        1.0,
        1.0,
        1.0,
        1.0,
        -1.0,
        -1.0,
        1.0,
        1.0,
        1.0,
        1.0,
        -1.0,
        1.0,
        -1.0,
        1.0,
        -1.0,
        -1.0,
        -1.0,
        -1.0,
        -1.0,
        1.0,
        1.0,
        1.0,
        -1.0,
        -1.0,
        -1.0,
        1.0,
        -1.0,
        -1.0,
        1.0,
        1.0,
        1.0,
        -1.0,
        -1.0,
        1.0,
        -1.0,
        -1.0,
        1.0,
        1.0,
        1.0,
        1.0,
        1.0,
        -1.0,
        1.0,
        -1.0,
        -1.0,
        1.0,
        1.0,
        -1.0,
        1.0,
        -1.0,
        1.0,
        1.0,
        -1.0,
        -1.0,
        1.0,
        -1.0,
        1.0,
        1.0,
        1.0,
        1.0,
        -1.0,
        1.0,
        -1.0,
        1.0,
        1.0,
        1.0,
        1.0,
        1.0,
        -1.0,
        -1.0,
        1.0,
        1.0,
        1.0,
        -1.0,
        -1.0,
        1.0,
        1.0,
        1.0,
        -1.0
    ],
    "Corresponding exp value": [
        -0.060524034558188416,
        -0.05140308698433661,
        0.12110491372412899,
        0.00031840768531527733,
        0.0017188381839069742,
        -0.001116422370276939,
        -0.07868186368369871,
        -0.00048303870975711146,
        0.025053354395494873,
        -0.07980415080687046,
        0.00037293997590215084,
        -0.016486865075349567,
        -0.037656643257469875,
        0.04460727089031796,
        -0.0005540289294038462,
        0.00016911956168358822,
        0.07849391219647231,
        0.0008968533181205442,
        0.00040828464359073547,
        -0.03820378451116219,
        -0.10608908464145544,
        -0.16278159947991735,
        -0.0008400633199100995,
        0.00013696589261942994,
        -0.03234601723266636,
        -0.1288674349309076,
        0.04111902127482779,
        0.0002493467243416649,
        0.012572575998919033,
        -0.00029407922808410546,
        0.14829256020527123,
        0.028665435432578434,
        -0.039596761242706106,
        -0.0009364016233184965,
        -0.0003619651743909302,
        0.0004760766976992419,
        0.00040015334608997383,
        -0.00033359812941604044,
        0.12861949050900479,
        -0.09604249789812291,
        -0.0641100446107423,
        -0.023928165751289802,
        0.0007379698936625352,
        -0.05962518510497947,
        0.00020923198991948822,
        0.03224026223141796,
        -0.08197678264576913,
        -0.08457419482691073,
        0.023017958216960316,
        0.06052465488653669,
        0.1358693369570056,
        0.0005954255002821257,
        -0.05991355432079423,
        0.1057480920171599,
        0.0002521613929161561,
        0.000380923221009446,
        0.06914418161311425,
        -0.00016256271086793807,
        0.00011427517223994241,
        0.10858666964437358,
        0.05362174072768837,
        0.06078509446940014,
        0.10192169271621357,
        0.0012876679651902508,
        0.0006668487420245098,
        -0.07269008305150484,
        -0.0659242174251072,
        -0.19435864594234523,
        0.09816156095827566,
        0.03267660576378281,
        -0.04167980497993057,
        0.10703353166308299,
        4.8811193585941064e-05,
        -0.0002107504320914941,
        -0.0024261056607962884,
        -0.00016848865148471996,
        -0.08980963581417692,
        0.0007281640053533427,
        -0.048530268394176346,
        0.00014367056348994073,
        -0.00024097668055490188,
        -0.0018257731679085336,
        0.05743907005297635,
        -0.0021484992799513836,
        -0.0005266791633581278,
        -0.059967089760730424,
        -0.07996047296101161,
        -0.051836124607710844,
        0.0008597615079872813,
        0.0004288637308401651,
        0.06713502719268243,
        -0.0003298239908075362,
        0.0332394256248159,
        0.2604109537161111,
        0.09596505727366125,
        0.11166510048815848,
        -0.0007320443665252124,
        0.00021371817481045116,
        -0.00022717000884110022,
        -0.11791192315952073,
        -0.09852233616420045,
        0.0009176400848553362,
        0.07502615007478614,
        -0.041433607331784035,
        0.06791489451497318,
        -0.0035081889544879685,
        -0.0002322385664292213,
        -0.05848671548147506,
        0.0006665408197496494,
        -6.790011280210769e-05,
        -0.0008667144913328782,
        -0.00010683248618217965,
        0.09440881734953326,
        0.05211644128038709,
        0.07045754756666485,
        0.0007652889571344544,
        0.08240369167187991,
        -0.056331596565302094,
        0.0012926426602608808,
        -0.00030894676105093066,
        -0.000333427795074294,
        -0.0013699338713412685,
        -0.0028724357174631883,
        -0.10085585649273593,
        -0.0778598010949749,
        0.11417003419575693,
        -0.00048748488799127757,
        0.09497091094673565,
        -0.0011676796489624112,
        -0.062451100386874604,
        -0.10495181645787145,
        0.03814627614990803,
        0.0001343861602750877,
        0.0002150329409211383,
        0.048627978507463435,
        -0.0007267747725499428,
        -0.11427255408583711,
        0.00033273264090175406,
        0.03267343602334043,
        -7.283627673754527e-05,
        0.17209066839098955,
        -0.037336635706655526,
        0.0002932194973751252,
        -0.0013734125870031953,
        0.00015602146395500766,
        -0.0006063218331175246,
        -0.05803445707304706,
        -0.000820531923119679,
        -0.07670957881194795,
        -0.00033506545946909716,
        0.0888228489765774,
        0.037124965955256634,
        -0.00015065354053257068,
        -0.11289925748186816,
        -0.04549252525027469,
        -0.00027370993824752873,
        0.03306235692882166,
        -0.06528031506533828,
        -0.06823821409060853,
        -1.770420307742153e-05,
