{
    "Calculated Minimum Energy [norm, row]": [
        0.001706275243105725,
        -0.03029238418339065
    ],
    "Corresponding loss function": 0.027025893598944264,
    "Solution for Minimum Energy": [
        -1.0,
        1.0,
        -1.0,
        -1.0,
        1.0,
        1.0,
        -1.0,
        1.0,
        -1.0,
        1.0,
        1.0,
        1.0,
        -1.0,
        -1.0,
        -1.0,
        -1.0,
        1.0,
        1.0,
        -1.0,
        -1.0,
        -1.0,
        -1.0,
        1.0,
        1.0,
        1.0,
        1.0,
        1.0,
        -1.0,
        1.0,
        -1.0,
        1.0,
        -1.0,
        1.0,
        1.0,
        1.0,
        1.0,
        -1.0,
        -1.0,
        1.0,
        1.0,
        1.0,
        -1.0,
        -1.0,
        1.0,
        -1.0,
        1.0,
        1.0,
        1.0,
        -1.0,
        -1.0,
        -1.0,
        1.0,
        1.0,
        1.0,
        1.0,
        1.0,
        1.0,
        1.0,
        -1.0,
        1.0,
        -1.0,
        -1.0,
        1.0,
        -1.0,
        1.0,
        -1.0,
        1.0,
        -1.0,
        -1.0,
        -1.0,
        -1.0,
        1.0,
        1.0,
        1.0,
        -1.0,
        -1.0,
        1.0,
        1.0,
        1.0,
        1.0,
        -1.0,
        1.0,
        -1.0,
        -1.0,
        -1.0,
        1.0,
        -1.0,
        -1.0,
        -1.0,
        -1.0,
        -1.0,
        1.0,
        1.0,
        1.0,
        -1.0,
        1.0,
        1.0,
        -1.0,
        1.0,
        -1.0,
        -1.0,
        1.0,
        -1.0,
        -1.0,
        -1.0,
        -1.0,
        1.0,
        -1.0,
        1.0,
        -1.0,
        1.0,
        1.0,
        1.0,
        1.0,
        -1.0,
        -1.0,
        1.0,
        -1.0,
        -1.0,
        1.0,
        1.0,
        1.0,
        -1.0,
        1.0,
        -1.0,
        -1.0,
        1.0,
        -1.0,
        -1.0,
        1.0,
        -1.0,
        1.0,
        -1.0,
        1.0,
        -1.0,
        1.0,
        -1.0,
        1.0,
        1.0,
        -1.0,
        1.0,
        1.0,
        -1.0,
        1.0,
        -1.0,
        -1.0,
        -1.0,
        1.0,
        -1.0,
        1.0,
        1.0,
        1.0,
        1.0,
        1.0,
        1.0,
        -1.0,
        -1.0,
        -1.0,
        -1.0,
        -1.0,
        1.0,
        -1.0,
        1.0,
        -1.0,
        1.0,
        1.0,
        1.0,
        1.0,
        1.0,
        -1.0,
        1.0,
        1.0,
        -1.0,
        -1.0,
        -1.0,
        1.0,
        1.0,
        -1.0,
        -1.0,
        1.0,
        1.0,
        -1.0,
        -1.0,
        -1.0,
        -1.0,
        -1.0,
        -1.0,
        1.0,
        1.0,
        -1.0,
        1.0,
        -1.0,
        -1.0,
        1.0,
        -1.0,
        -1.0,
        -1.0,
        1.0,
        1.0,
        -1.0,
        -1.0,
        1.0,
        1.0,
        1.0,
        1.0,
        1.0,
        -1.0,
        -1.0,
        1.0,
        1.0
    ],
    "Corresponding exp value": [
        -0.0008276219833488318,
        -0.00036578219088215583,
        -0.0771404345359409,
        -0.1264184477630681,
        0.0557930747889311,
        0.08815923778845326,
        -0.08238121089010812,
        -4.310694246295772e-05,
        -0.002194971288210797,
        0.06668392145680506,
        0.0011151296842633277,
        0.12336207585223065,
        -0.08001107658728164,
        -0.05270563905783321,
        -0.002209110205746748,
        -0.0006255529631778696,
        0.11986739365538741,
        0.0002534888181358703,
        -0.0875279416823873,
        -0.12104655820453154,
        -0.13559715485709303,
        -0.0019375705728864974,
        0.12874062332370614,
        0.08046037128634252,
        0.09476800135373224,
        -0.0002952780827821123,
        0.11428380915238685,
        -0.0009858901290877107,
        0.0035227028847224333,
        -0.08527156987386629,
        0.0014307674711484582,
        -0.13669527429372086,
        -0.0002936388073839155,
        0.0770261412400821,
        0.00114008087554519,
        0.03392808916697733,
        -0.00104544829694237,
        -0.17192972908225587,
        0.0022727457340189538,
        0.13497888868980432,
        0.13597488525165913,
        -0.07493282527493599,
        -0.04487800209847888,
        0.06702758201043114,
        -0.0019296003361708612,
        0.0013003599420226214,
        0.05210141572297469,
        0.045574836044334044,
        -0.11707883673634413,
        -0.11071875918134623,
        -0.0010190469380935178,
        0.10656971743844511,
        0.0006138338341303536,
        -8.872134587041124e-05,
        0.08723446791310814,
        -0.0002195262581383122,
        0.0009683466388583726,
        0.08304229687622962,
        -0.10173884938906357,
        0.002118178485779538,
        -0.14123525437150442,
        -0.0894508498645772,
        0.0005856612504407648,
        -0.10799486128878989,
        0.1363915225331759,
        -0.0019906231065388667,
        0.07911567771325043,
        -0.0006900464055632997,
        -0.003015308432449455,
        -0.12156934883420249,
        -0.0007670845397733633,
        0.0029583475353504316,
        0.09371117141394937,
        -4.813733330226856e-05,
        -0.041220945909539224,
        -0.14755853950357345,
        0.0002030529814045451,
        0.07211355773174793,
        0.04936436510457288,
        0.1639997274342015,
        -0.17674619743165504,
        0.15959976316821978,
        -0.07261433941724228,
        -0.008243696162110544,
        -0.002659973622470094,
        0.00033271007161766834,
        -0.0859215709634254,
        -0.09535115770120525,
        -0.0019735006778852137,
        -0.0026369757270482963,
        -0.04586564172309905,
        0.00016466430413659278,
        0.03516993132977375,
        0.06996174003873583,
        -0.0006656278847109646,
        0.09025735670827731,
        0.03715471844871348,
        -0.0007915615929096702,
        0.1604431241384237,
        -0.05895856956882226,
        -0.04678855705087533,
        0.00042667697221029227,
        -0.056912158624075414,
        -0.1174421861085443,
        -0.058575964262706615,
        -0.03827792241892282,
        -0.0002858000314742539,
        -0.0017410041162080076,
        -0.0003521035529430814,
        -0.04094808768418342,
        0.0006855556299687473,
        0.057966827268587186,
        0.0006691260924181785,
        0.001715129463268481,
        -0.05208026690100557,
        -0.07108632169196522,
        0.005843891722392739,
        -0.07177501531902213,
        -0.0006057036447889739,
        0.0015743416880391193,
        0.0027596786456234542,
        0.001209688844873501,
        -0.039712031563858524,
        -0.0004258429159010612,
        -0.043969642774123435,
        -0.0005618599126562358,
        0.0011759800242278269,
        -0.046868493572888366,
        -0.0005281789286734847,
        0.05101201834582827,
        -0.001266057109771897,
        0.025269455313554703,
        -0.04625952527075472,
        0.002690445262209104,
        -0.05411754104404229,
        0.20388517378259183,
        -0.09260411985851491,
        -1.1931308718723564e-05,
        0.06935266497157867,
        -0.15496842102691083,
        0.019245962963031004,
        0.0712437304838863,
        -0.05564771139681243,
        0.08669396507193779,
        -0.0013652625197963205,
        -0.08145705302101769,
        -0.008927868486151642,
        -9.653415324546873e-05,
        -0.0005374273194297146,
        0.10347972857912106,
        0.12390993522938765,
        0.20990968163959098,
        0.14396914842534023,
        0.0009681226680905639,
        0.09170581299887028,
        -0.0008350970217886307,
        -0.0010975067577808154,
        -0.001819207513635953,
        -0.003030856729464039,
        -0.0011908140445472653,
        -0.00017586406660806875,
        -0.11059219144266294,
