{
  "Calculated Minimum Energy [norm, row]": [
    0.0002253519059792371,
    -0.03990195031363168
  ],
  "Solution for Minimum Energy": [
    1,
    1,
    1,
    1,
    -1,
    1,
    1,
    -1,
    1,
    -1,
    1,
    -1,
    1,
    1,
    -1,
    1,
    1,
    -1,
    1,
    1,
    -1,
    1,
    -1,
    1,
    1,
    1,
    -1,
    1,
    1,
    1,
    -1,
    -1,
    1,
    -1,
    1,
    1,
    -1,
    -1,
    -1,
    1,
    -1,
    1,
    -1,
    -1,
    1,
    -1,
    -1,
    1,
    1,
    -1,
    1,
    1,
    -1,
    -1,
    1,
    1,
    1,
    1,
    -1,
    1,
    1,
    -1,
    -1,
    1,
    1,
    1,
    1,
    1,
    1,
    -1,
    -1,
    -1,
    -1,
    1,
    1,
    -1,
    1,
    1,
    -1,
    -1,
    1,
    -1,
    1,
    1,
    -1,
    -1,
    -1,
    -1,
    1,
    -1,
    -1,
    -1,
    1,
    -1,
    -1,
    1,
    1,
    -1,
    -1,
    -1,
    1,
    1,
    1,
    -1,
    1,
    -1,
    1,
    1,
    -1,
    1,
    1,
    1,
    1,
    1,
    -1,
    -1,
    -1,
    -1,
    -1,
    -1,
    1,
    -1,
    -1,
    1,
    -1,
    1,
    1,
    1,
    -1,
    -1,
    1,
    -1,
    1,
    1,
    1,
    -1,
    -1,
    -1,
    1,
    1,
    -1,
    1,
    -1,
    1,
    -1,
    -1,
    1,
    1,
    -1,
    1,
    1,
    -1,
    1,
    -1,
    -1,
    -1,
    -1,
    1,
    -1,
    -1,
    1,
    1,
    1,
    1,
    1,
    1,
    -1,
    1,
    1,
    -1,
    1,
    1,
    1,
    1,
    1,
    1,
    -1,
    -1,
    1,
    1,
    -1,
    -1,
    -1,
    -1,
    1,
    1,
    1,
    -1,
    1,
    1,
    -1,
    -1,
    -1,
    -1,
    -1,
    -1,
    1,
    1,
    1,
    1,
    1,
    -1,
    -1,
    1,
    1,
    -1,
    1,
    1,
    1,
    -1,
    -1,
    -1,
    -1,
    1,
    -1,
    1,
    -1,
    1,
    -1,
    1,
    1,
    1,
    -1,
    -1,
    1,
    -1,
    -1,
    1,
    1,
    -1,
    -1,
    -1,
    1,
    -1,
    1,
    1,
    1,
    -1,
    -1,
    1,
    1,
    1,
    1,
    -1,
    1,
    -1,
    -1,
    1,
    1,
    -1,
    -1,
    -1,
    1,
    -1,
    -1,
    1,
    -1,
    1,
    1,
    1,
    1,
    1,
    -1,
    1,
    1,
    -1,
    -1,
    1,
    1,
    1,
    1,
    1,
    -1,
    1,
    -1,
    -1,
    -1,
    1,
    -1,
    1,
    1,
    1,
    1,
    -1,
    1,
    1,
    -1,
    -1,
    -1,
    -1,
    1,
    1,
    1,
    -1,
    -1,
    -1,
    -1,
    -1,
    1,
    1,
    -1,
    1,
    1,
    1,
    1,
    1,
    1,
    1,
    1,
    -1,
    1,
    1,
    -1,
    1,
    -1,
    1,
    1,
    -1,
    -1,
    1,
    1,
    1,
    1,
    -1,
    1,
    1,
    -1,
    -1,
    -1,
    1,
    -1,
    -1,
    1,
    1,
    1,
    1,
    -1,
    1,
    1,
    -1,
    1,
    1,
    1,
    1,
    1,
    1,
    1,
    1,
    -1,
    1,
    1,
    -1,
    1,
    1,
    1,
    -1,
    -1,
    1,
    -1,
    -1,
    1,
    -1,
    -1,
    -1,
    -1,
    -1,
    1,
    1,
    -1,
    -1,
    -1,
    1,
    -1,
    -1,
    -1,
    1,
    1,
    -1,
    1,
    1,
    -1,
    1,
    -1,
    -1,
    -1,
    1,
    1,
    1,
    1,
    -1,
    1,
    -1,
    1,
    -1,
    -1,
    -1,
    1,
    -1,
    1,
    -1,
    1,
    1,
    -1,
    1,
    1,
    1,
    1,
    1,
    -1,
    -1,
    1,
    1,
    1,
    -1,
    -1,
    -1,
    -1,
    -1,
    -1,
    1,
    1,
    -1,
    1,
    -1,
    1,
    -1,
    1,
    1,
    -1,
    -1,
    1,
    -1,
    1,
    -1,
    -1,
    1,
    -1,
    -1,
    1,
    1,
    1,
    1,
    1,
    1,
    1,
    -1,
    1,
    -1,
    -1,
    -1,
    -1,
    1,
    1,
    1,
    -1,
    1,
    1,
    -1,
    -1,
    1,
    -1,
    -1,
    1,
    -1,
    1,
    -1,
    -1,
    1,
    1,
    -1,
    1,
    -1,
    -1,
    1,
    -1,
    1,
    1,
    1,
    -1,
    1,
    1,
    1,
    -1,
    1,
    1,
    1,
    -1,
    -1,
    -1,
    -1,
    -1,
    1,
    1,
    1,
    1,
    1,
    1,
    1,
    1,
    -1,
    1,
    -1,
    1,
    1,
    -1,
    -1,
    1,
    1,
    1,
    1,
    1,
    -1,
    -1,
    1,
    -1,
    -1,
    1,
    -1,
    1,
    -1,
    -1,
    -1,
    -1,
    1,
    1,
    1,
    -1,
    1,
    1,
    -1,
    -1,
    1,
    1,
    -1,
    -1,
    1,
    1,
    -1,
    -1,
    1,
    1,
    -1,
    -1,
    1,
    -1,
    1,
    -1,
    1,
    1,
    -1,
    -1,
    1,
    1,
    -1,
    1,
    -1,
    -1,
    1,
    1,
    1,
    1,
    1,
    1,
    -1,
    -1,
    -1,
    1,
    1,
    -1,
    -1,
    -1,
    -1,
    1,
    1,
    1,
    -1,
    -1,
    -1,
    1,
    -1,
    -1,
    1,
    -1,
    -1,
    1,
    -1,
    1,
    -1,
    -1,
    -1,
    -1,
    -1,
    1,
    -1,
    1,
    -1,
    -1,
    -1,
    -1,
    -1,
    1,
    1,
    -1,
    -1,
    1,
    -1,
    -1,
    1,
    -1,
    -1,
    1,
    1,
    -1,
    1,
    1,
    -1,
    -1,
    -1,
    -1,
    1,
    -1,
    1,
    1,
    1,
    -1,
    1,
    -1,
    -1,
    1,
    1,
    -1,
    -1,
    1,
    -1,
    -1,
    1,
    1,
    1,
    1,
    1,
    1,
    -1,
    1,
    1,
    1,
    -1,
    -1,
    -1,
    -1,
    1,
    1,
    1,
    1,
    -1,
    -1,
    1,
    1,
    -1,
    -1,
    -1,
    -1,
    1,
    -1,
    -1,
    -1,
    1,
    -1,
    -1,
    -1,
    1,
    -1,
    1,
    1,
    -1,
    1,
    1,
    -1,
    1,
    1,
    -1,
    1,
    -1,
    1,
    1,
    1,
    -1,
    1,
    1,
    -1,
    1,
    1,
    1,
    -1,
    1,
    1,
    1,
    1,
    1,
    1,
    -1,
    1,
    1,
    1,
    -1,
    -1,
    -1,
    1,
    -1,
    1,
    1,
    -1,
    -1,
    1,
    1,
    -1,
    -1,
    1,
    1,
    1,
    -1,
    -1,
    -1,
    1,
    1,
    -1,
    1,
    1,
    -1,
    1,
    -1,
    -1,
    1,
    1,
    1,
    -1,
    1,
    1,
    -1,
    1,
    -1,
    -1,
    1,
    1,
    -1,
    1,
    -1,
    -1,
    -1,
    -1,
    1,
    -1,
    -1,
    -1,
    1,
    -1,
    1
  ]
}