{
    "Calculated Minimum Energy [norm, row]": [
        0.0001759968847674562,
        -2.235119333901887
    ],
    "Corresponding loss function": 0.0001778678962772912,
    "Solution for Minimum Energy": [
        -1.0,
        1.0,
        1.0,
        -1.0,
        1.0,
        -1.0,
        1.0,
        1.0,
        -1.0,
        -1.0,
        -1.0,
        1.0,
        -1.0,
        1.0,
        1.0,
        1.0,
        1.0,
        -1.0,
        1.0,
        -1.0,
        1.0,
        -1.0,
        1.0,
        -1.0,
        1.0,
        1.0,
        1.0,
        1.0,
        1.0,
        -1.0,
        -1.0,
        1.0,
        1.0,
        1.0,
        1.0,
        1.0,
        1.0,
        -1.0,
        1.0,
        1.0,
        1.0,
        1.0,
        1.0,
        -1.0,
        1.0,
        -1.0,
        1.0,
        1.0,
        -1.0,
        -1.0,
        1.0,
        1.0,
        1.0,
        1.0,
        1.0,
        1.0,
        1.0,
        1.0,
        1.0,
        1.0,
        1.0,
        -1.0,
        1.0,
        1.0,
        -1.0,
        1.0,
        -1.0,
        1.0,
        1.0,
        -1.0,
        1.0,
        1.0,
        -1.0,
        -1.0,
        1.0,
        1.0,
        1.0,
        1.0,
        1.0,
        1.0,
        1.0,
        1.0,
        1.0,
        1.0,
        -1.0,
        1.0,
        -1.0,
        -1.0,
        1.0,
        1.0,
        1.0,
        1.0,
        1.0,
        1.0,
        -1.0,
        1.0,
        -1.0,
        1.0,
        1.0,
        1.0,
        1.0,
        -1.0,
        1.0,
        1.0,
        -1.0,
        1.0,
        -1.0,
        1.0,
        1.0,
        1.0,
        1.0,
        -1.0,
        -1.0,
        1.0,
        1.0,
        1.0,
        -1.0,
        1.0,
        1.0,
        1.0,
        -1.0,
        -1.0,
        1.0,
        1.0,
        1.0,
        1.0,
        1.0,
        1.0,
        1.0,
        1.0,
        1.0,
        1.0,
        -1.0,
        1.0,
        1.0,
        1.0,
        1.0,
        -1.0,
        -1.0,
        1.0,
        1.0,
        -1.0,
        1.0,
        1.0,
        1.0,
        1.0,
        1.0,
        -1.0,
        -1.0,
        -1.0,
        1.0,
        1.0,
        1.0,
        1.0,
        1.0,
        -1.0,
        1.0,
        1.0,
        1.0,
        -1.0,
        1.0,
        1.0,
        1.0,
        1.0,
        -1.0,
        1.0,
        1.0,
        1.0,
        1.0,
        -1.0,
        -1.0,
        1.0,
        1.0,
        1.0,
        1.0,
        1.0,
        1.0,
        -1.0,
        1.0,
        -1.0,
        1.0,
        -1.0,
        1.0,
        -1.0,
        1.0,
        1.0,
        -1.0,
        1.0,
        1.0,
        1.0,
        1.0,
        -1.0,
        1.0,
        1.0,
        -1.0,
        1.0,
        -1.0,
        -1.0,
        -1.0,
        1.0,
        1.0,
        1.0,
        -1.0,
        -1.0,
        -1.0,
        1.0,
        1.0,
        -1.0,
        -1.0,
        1.0
    ],
    "Corresponding exp value": [
        -0.032040139424126625,
        0.008130724841526011,
        0.017341442178186606,
        -0.043239700191006585,
        0.012184375828077028,
        -0.049203216935755995,
        0.027954431056765268,
        0.03725713862688876,
        -0.02854099571501646,
        -0.062629471586719,
        -0.04195402390168907,
        0.1846986562116467,
        -0.04802263811208823,
        0.011004861927758413,
        0.09432442175834402,
        0.06740446978242119,
        0.17029496294805355,
        -0.01801280264237755,
        0.0490803780387177,
        -0.08275139728567915,
        0.02756914419685739,
        -0.09153745414199502,
        0.048558340839925496,
        -0.023711959099498546,
        0.06519577335160663,
        0.013499724375553777,
        0.12721849473989533,
        0.02356767662787409,
        0.020421961275885428,
        -0.021754816488542356,
        -0.05027532598932081,
        0.020771002151020262,
        0.06903879197820895,
        0.02435782864492042,
        0.01130826776738798,
        0.012915462910949253,
        0.028006041773318655,
        -0.013486792882702742,
        0.07610328380147041,
        0.03601726882435934,
        0.024049061352763988,
        0.01859615963126283,
        0.12369838152597437,
        -0.07026207501197454,
        0.07217737991342876,
        -0.12316417052975823,
        0.015207171511302065,
        0.19234501329982215,
        -0.018051492724558346,
        -0.00953641096173919,
        0.01866876699591938,
        0.11342944813104303,
        0.09979025854938492,
        0.025251109096086535,
        0.019049962799001823,
        0.020158247008129532,
        0.029134966639327443,
        0.02548091920797966,
        0.05219024491632646,
        0.09227421449166384,
        0.011745796069776914,
        -0.03174705509046673,
        0.01771053659270299,
        0.05063181776470714,
        -0.06072706247287579,
        0.022947184667261186,
        -0.01098924589969709,
        0.03688074585777214,
        0.13170834486889493,
        -0.06321076615527155,
        0.07944715633969195,
        0.11144992009404903,
        -0.039676887934595444,
        -0.027018254764675866,
        0.08247913052389585,
        0.028952308120981006,
        0.08513729076724336,
        0.11224012680750278,
        0.024526215413733427,
        0.02853585801524277,
        0.06728920149141884,
        0.03844322337512613,
        0.1090896267005779,
        0.07175467463504448,
        -0.0042018768136002005,
        0.016805881303745954,
        -0.055662360660188134,
        -0.031075850398991963,
        0.05061519653651685,
        0.08203460382685374,
        0.12202091946965986,
        0.03948425841426476,
        0.015288531304436644,
        0.014638744121740786,
        -0.05186730216641816,
        0.049806842068133135,
        -0.0452969532157151,
        0.14670966901718208,
        0.16109035954429535,
        0.0532008024481476,
        0.10807920519954185,
        -0.009310574512911212,
        0.0910136560721914,
        0.08059608946661484,
        -0.02976916343512866,
        0.09309448633780101,
        -0.06403998464040805,
        0.08827256232109514,
        0.057140107873723096,
        0.030568621473752045,
        0.051294519088507406,
        -0.022077980686746213,
        -0.013407796235335476,
        0.11656261012596485,
        0.01976319435908329,
        0.15131267723518924,
        -0.013247850267889544,
        0.22064867685576553,
        0.06957812484329177,
        0.12472083562274174,
        -0.02903154702668964,
        -0.052068036963799025,
        0.010597825431411788,
        0.0864848619513127,
        0.053716787152611634,
        0.14625943752455173,
        0.04479029762526044,
        0.08333125040043475,
        0.0623563297875894,
        0.044941772826274776,
        0.06054299502159118,
        0.08563405389700866,
        -0.057627943528418414,
        0.021127469441316726,
        0.11799874277816168,
        0.06128670214574499,
        0.20637148904411398,
        -0.026689437061152337,
        -0.0660151035412435,
        0.054857675743162575,
        0.06975733422559748,
        -0.11659575281249976,
        0.10543390116018753,
        0.01955359082671732,
        0.010011920692158364,
        0.10847100610701935,
        0.02935372281812485,
        -0.030029836227732122,
        -0.05537943756400345,
        -0.01572314319771878,
        0.024570933303754514,
        0.07739663584021013,
        0.12572284413825469,
        0.04391580433750217,
        0.026427989873005694,
        -0.011708120918311337,
        0.02416618077766356,
        0.07149276916499406,
        0.01165456382388568,
        -0.03270356543750943,
        0.015842559931988263,
        0.05477656005295282,
        0.007348137564795848,
        0.02510642712867458,
        -0.020747698686628256,
        0.022346385013687742,
        0.015098853542417787,
