{
    "Calculated Minimum Energy [norm, row]": [
        0.00016234691990406127,
        -2.2353286341344
    ],
    "Corresponding loss function": 0.00558883818320999,
    "Solution for Minimum Energy": [
        -1.0,
        1.0,
        1.0,
        1.0,
        1.0,
        -1.0,
        -1.0,
        -1.0,
        -1.0,
        -1.0,
        1.0,
        1.0,
        1.0,
        -1.0,
        1.0,
        1.0,
        1.0,
        1.0,
        1.0,
        -1.0,
        1.0,
        1.0,
        1.0,
        1.0,
        1.0,
        1.0,
        1.0,
        1.0,
        -1.0,
        -1.0,
        1.0,
        1.0,
        1.0,
        1.0,
        1.0,
        -1.0,
        -1.0,
        1.0,
        1.0,
        1.0,
        1.0,
        1.0,
        1.0,
        -1.0,
        1.0,
        -1.0,
        1.0,
        1.0,
        -1.0,
        1.0,
        1.0,
        1.0,
        1.0,
        1.0,
        1.0,
        1.0,
        -1.0,
        1.0,
        1.0,
        1.0,
        1.0,
        -1.0,
        1.0,
        1.0,
        1.0,
        1.0,
        -1.0,
        1.0,
        1.0,
        1.0,
        1.0,
        1.0,
        1.0,
        -1.0,
        -1.0,
        1.0,
        1.0,
        1.0,
        1.0,
        1.0,
        1.0,
        1.0,
        1.0,
        -1.0,
        -1.0,
        -1.0,
        1.0,
        1.0,
        -1.0,
        1.0,
        1.0,
        1.0,
        -1.0,
        1.0,
        -1.0,
        1.0,
        1.0,
        -1.0,
        1.0,
        1.0,
        -1.0,
        1.0,
        1.0,
        1.0,
        -1.0,
        1.0,
        -1.0,
        1.0,
        -1.0,
        -1.0,
        -1.0,
        -1.0,
        1.0,
        1.0,
        1.0,
        1.0,
        1.0,
        1.0,
        1.0,
        1.0,
        -1.0,
        1.0,
        1.0,
        1.0,
        1.0,
        1.0,
        -1.0,
        1.0,
        -1.0,
        -1.0,
        -1.0,
        -1.0,
        -1.0,
        -1.0,
        1.0,
        1.0,
        1.0,
        1.0,
        -1.0,
        1.0,
        1.0,
        1.0,
        1.0,
        1.0,
        1.0,
        1.0,
        1.0,
        1.0,
        1.0,
        1.0,
        1.0,
        1.0,
        1.0,
        1.0,
        1.0,
        1.0,
        1.0,
        1.0,
        1.0,
        1.0,
        1.0,
        1.0,
        1.0,
        1.0,
        1.0,
        1.0,
        1.0,
        1.0,
        1.0,
        1.0,
        1.0,
        1.0,
        1.0,
        1.0,
        1.0,
        1.0,
        1.0,
        1.0,
        1.0,
        1.0,
        1.0,
        1.0,
        1.0,
        1.0,
        1.0,
        1.0,
        1.0,
        1.0,
        1.0,
        -1.0,
        1.0,
        1.0,
        1.0,
        1.0,
        1.0,
        1.0,
        -1.0,
        -1.0,
        -1.0,
        -1.0,
        1.0,
        1.0,
        1.0,
        1.0,
        1.0,
        1.0,
        -1.0,
        1.0,
        1.0,
        1.0
    ],
    "Corresponding exp value": [
        -0.05257037252491091,
        0.06420032556814713,
        0.06284078351469188,
        0.12668394974012714,
        0.06780389302351446,
        -0.11045230489501313,
        -0.04281728054607165,
        -0.00032857158134568464,
        -0.09125954079473582,
        -0.09427808277877865,
        0.050996861524302994,
        0.15409721534534346,
        0.025656793514263365,
        -0.00015840587848721974,
        0.06193352389245949,
        0.0473824814290802,
        0.07701595807443505,
        0.025084337125824703,
        0.05711118735276508,
        -0.033187833254868106,
        0.1885927098432749,
        0.045864893836335886,
        0.045149772959232705,
        0.05553685793587281,
        0.02980829066051746,
        0.06209635964660863,
        0.042994613562040686,
        0.06105059384826257,
        -0.04648506760676303,
        -0.04551859816401899,
        0.05901950999117697,
        0.06618696239375844,
        0.06366309740706233,
        0.10134252099031278,
        0.10564460867423467,
        -0.0005482316921663882,
        -0.0024001988592066243,
        0.0008909202243326651,
        0.03314093016854867,
        0.049465946959399196,
        0.0577736568451109,
        0.09417785037903804,
        0.0006294171370259809,
        -0.0005694024004607307,
        0.11848019576248393,
        -0.11658984819718562,
        0.0004327459116812433,
        0.010118874505233999,
        -0.08471743195212965,
        0.06112703517200587,
        0.026974819981659674,
        0.07451660988260929,
        0.09255968545529085,
        0.15134912186635016,
        0.13172029057958998,
        6.444485972205384e-06,
        -0.09604543507927575,
        0.0011245043697602373,
        0.05370117022566959,
        0.0529090167393072,
        0.00029724228215312234,
        -0.14987918439008008,
        0.053113125583025854,
        0.1482956294256616,
        0.050091863790423984,
        0.03454040941468966,
        -0.00016928472912518537,
        0.00032911299175562565,
        0.04091450044562507,
        0.09038052814318842,
        0.03278939885730446,
        0.0031851281623964268,
        0.00038375972183309537,
        -0.027360860016301385,
        -0.05056215223378898,
        0.04690469524541926,
        0.00016330790550156534,
        0.019008830283311566,
        0.03131003915926502,
        0.08339419019455567,
        0.03903269650639977,
        0.10656457360518286,
        0.07548263905227276,
        -0.053312557888427176,
        -0.0005379802042965978,
        -0.0003000549245760417,
        0.0009143281642562751,
        0.04270256263411928,
        -0.0016009366693954552,
        0.04784217372136735,
        0.10436349223299399,
        0.12408012854099101,
        -0.07144520538684174,
        0.03808124740974786,
        -0.045028978558085735,
        0.00028892367469056726,
        0.0001542158366780249,
        -0.10471194558822501,
        0.10199706178844861,
        0.06434237191421478,
        -0.002963866878393437,
        0.07231493723430525,
        0.16042392734915387,
        0.08896531628167581,
        -0.0607683006066663,
        0.04582412730512535,
        -0.05448082549982007,
        0.00042252479859058566,
        -0.04518536473565235,
        -0.10472125435719548,
        -0.08421337243434668,
        -0.055184905403079645,
        0.03442582966241453,
        0.09574820671795818,
        0.04344831391027898,
        0.00032432207114395373,
        0.0005171601337071682,
        0.10597918301617376,
        0.04686409589992144,
        0.07385697281229052,
        -0.0005387712544852063,
        0.05008141851683861,
        0.08273172312954395,
        0.0001749721755183644,
        0.14927398701075806,
        0.027802240019283622,
        -0.11961514218064129,
        0.0373467195124029,
        -0.00046175985928794923,
        -0.06737626981162931,
        -0.07201124571922866,
        -0.0947496563841029,
        -0.0471831478881158,
        -0.034256490199981206,
        0.035770126384534466,
        0.038402623028256276,
        0.15587018039179637,
        0.00022447741503108486,
        -0.04672761978711598,
        0.0006261309534254973,
        0.02492772605111121,
        0.0006003778192721111,
        0.028451279953745322,
        0.04932785949752648,
        0.07230400766073326,
        0.024941992599444573,
        0.11063175365121043,
        0.06520755335554082,
        0.07415876228877973,
        0.028634752831393603,
        0.0749594652485569,
        0.15394057681303597,
        0.0819555561555079,
        0.000521036506274202,
        0.05141278795500176,
        0.043772141090889574,
        0.04729021145915832,
        0.06932071223981577,
        0.056934025722653665,
        0.000463997674047823,
        0.10553483904203961,
        0.04154057333857975,
        0.03552540459425146,
        0.16424542733213773,
        0.053646528555341765,
        0.04036685641166579,
