{
    "Calculated Minimum Energy [norm, row]": [
        0.0004501471771089424,
        -2.2309156805954653
    ],
    "Corresponding loss function": 0.00047398952993756553,
    "Solution for Minimum Energy": [
        1.0,
        -1.0,
        1.0,
        1.0,
        1.0,
        1.0,
        1.0,
        1.0,
        1.0,
        1.0,
        1.0,
        1.0,
        1.0,
        1.0,
        1.0,
        1.0,
        1.0,
        1.0,
        1.0,
        1.0,
        1.0,
        1.0,
        1.0,
        1.0,
        1.0,
        1.0,
        1.0,
        1.0,
        1.0,
        1.0,
        1.0,
        1.0,
        1.0,
        1.0,
        1.0,
        1.0,
        1.0,
        1.0,
        1.0,
        1.0,
        1.0,
        1.0,
        1.0,
        1.0,
        1.0,
        1.0,
        1.0,
        1.0,
        1.0,
        1.0,
        1.0,
        1.0,
        1.0,
        1.0,
        1.0,
        1.0,
        1.0,
        1.0,
        1.0,
        1.0,
        1.0,
        1.0,
        1.0,
        1.0,
        1.0,
        1.0,
        1.0,
        1.0,
        -1.0,
        1.0,
        1.0,
        -1.0,
        1.0,
        1.0,
        -1.0,
        -1.0,
        1.0,
        1.0,
        -1.0,
        -1.0,
        -1.0,
        1.0,
        1.0,
        -1.0,
        -1.0,
        1.0,
        -1.0,
        -1.0,
        1.0,
        1.0,
        1.0,
        -1.0,
        -1.0,
        1.0,
        1.0,
        1.0,
        1.0,
        -1.0,
        -1.0,
        1.0,
        1.0,
        1.0,
        -1.0,
        -1.0,
        1.0,
        1.0,
        -1.0,
        -1.0,
        1.0,
        1.0,
        1.0,
        -1.0,
        -1.0,
        1.0,
        1.0,
        1.0,
        1.0,
        -1.0,
        -1.0,
        1.0,
        1.0,
        1.0,
        -1.0,
        -1.0,
        1.0,
        -1.0,
        -1.0,
        1.0,
        1.0,
        -1.0,
        -1.0,
        -1.0,
        1.0,
        1.0,
        -1.0,
        -1.0,
        1.0,
        1.0,
        -1.0,
        1.0,
        1.0,
        1.0,
        1.0,
        1.0,
        1.0,
        1.0,
        1.0,
        1.0,
        1.0,
        1.0,
        1.0,
        1.0,
        1.0,
        1.0,
        1.0,
        1.0,
        1.0,
        1.0,
        1.0,
        1.0,
        1.0,
        1.0,
        1.0,
        1.0,
        1.0,
        1.0,
        1.0,
        1.0,
        1.0,
        1.0,
        1.0,
        1.0,
        1.0,
        1.0,
        1.0,
        1.0,
        1.0,
        1.0,
        1.0,
        1.0,
        1.0,
        1.0,
        1.0,
        1.0,
        1.0,
        1.0,
        1.0,
        1.0,
        1.0,
        1.0,
        1.0,
        1.0,
        1.0,
        1.0,
        1.0,
        1.0,
        1.0,
        1.0,
        1.0,
        1.0,
        1.0,
        1.0,
        1.0,
        1.0,
        1.0,
        1.0,
        1.0,
        1.0,
        1.0,
        1.0
    ],
    "Corresponding exp value": [
        0.3270291611041927,
        -0.008003333196333357,
        0.27255156884224013,
        0.2616850554171103,
        0.13861116480542496,
        0.20559458029803362,
        0.2604859419903231,
        0.2967974466947652,
        0.12889455932714283,
        0.2040283530691207,
        0.2565128494102732,
        0.36163033375536585,
        0.3879747014552392,
        0.2010294512907202,
        0.17443473244521185,
        0.22209810565813976,
        0.12130325469488168,
        0.0815459802361339,
        0.26108350488162185,
        0.2634789895603252,
        0.3758223232384014,
        0.17510893805698954,
        0.24898317955591354,
        0.3218693285951116,
        0.4016171372461918,
        0.31731358676410454,
        0.3719493326802337,
        0.1545323589188576,
        0.31725845922342316,
        0.3473681188234922,
        0.35458399456016815,
        0.3706715270873872,
        0.09905024994389741,
        0.20231465792490388,
        0.31494779139841506,
        0.31218112645996837,
        0.196059600600484,
        0.1068755074693862,
        0.3588497679995655,
        0.3601096080776531,
        0.35433890453906586,
        0.33331364106071154,
        0.1450733756266105,
        0.378776272211837,
        0.3390323622642249,
        0.36054207466192717,
        0.3010572374948685,
        0.25557966694450457,
        0.16212363829482893,
        0.32664787318073224,
        0.2781361946537469,
        0.293236335631239,
        0.0956075051250779,
        0.13694840880003564,
        0.21340864575568735,
        0.14309465455023646,
        0.21684303043058628,
        0.3831572209707768,
        0.37627929798336296,
        0.26673989919215274,
        0.20846030696606832,
        0.12475680421290819,
        0.2876016284542769,
        0.3110919931678057,
        0.18261246246607415,
        0.13169630516054112,
        0.28710352236413844,
        0.27370344338388214,
        -0.0014836669322620157,
        0.32798454706924834,
        0.4370979382217185,
        -0.40758683713354754,
        0.3707012757226434,
        0.3366137807274801,
        -0.3301772129095792,
        -0.3301483430790915,
        0.37081470845102366,
        0.3609868406220391,
        -0.3505604881561806,
        -0.24968979258108084,
        -0.2963680720146936,
        0.45424421031892875,
        0.4316874373820019,
        -0.35239085183622776,
        -0.24849771794231698,
        0.3622581107995999,
        -0.33899848558452655,
        -0.3813497732070791,
        0.36419271731609465,
        0.3443141400044382,
        0.4179695781689627,
        -0.36895737241356025,
        -0.3695483746190896,
        0.4218476792653035,
        0.40058283696741,
        0.38397407263420963,
        0.4106831849988065,
        -0.29628469537423685,
        -0.22018842600533037,
        0.4688491782608391,
        0.389070503459863,
        0.39116279170964513,
        -0.35957396844446127,
        -0.2676851097760078,
        0.3983246325701613,
        0.36455816990957485,
        -0.29433912975078025,
        -0.39255640041697565,
        0.39346823390493874,
        0.380504108918579,
        0.41437576797603104,
        -0.19929565594630003,
        -0.2943086659193737,
        0.38296892316656567,
        0.355703863851151,
        0.3996230878301187,
        0.38953286358809164,
        -0.3075477624289975,
        -0.299083741471105,
        0.4262184640591199,
        0.3714041672304301,
        0.4033523900954945,
        -0.3640568059537658,
        -0.37645276344194756,
        0.3725221758709387,
        -0.3456663351089271,
        -0.33737035500477686,
        0.4026994064574335,
        0.4431589491568164,
        -0.33782137738580154,
        -0.2995559788511081,
        -0.3445711464040556,
        0.3527054902527178,
        0.3834258536233438,
        -0.3529533581703996,
        -0.2663360272054726,
        0.35456705259072424,
        0.44294327283542495,
        -0.4234910425586497,
        0.47042542441009894,
        0.36185834501828334,
        0.2910121192157739,
        0.28778371077401654,
        0.3300345545202507,
        0.264941954548549,
        0.2737885973490564,
        0.3008649894661735,
        0.38915247389526364,
        0.27574407539821566,
        0.292816012099987,
        0.20630092410612022,
        0.4129414717897881,
        0.42042881931123455,
        0.1984270213595858,
        0.407442011352263,
        0.2851166269537911,
        0.24919062450045684,
        0.29941452290332876,
        0.27026698397962456,
        0.32870065060527187,
        0.3154222143446694,
        0.20302821670422846,
        0.16932198794094286,
        0.33443627208612353,
        0.3808951017383804,
        0.39503001451219216,
        0.44780092120915826,
        0.35085321415092,
        0.24866250790456437,
        0.35915216268250477,
        0.3786147891478636,
        0.3751525162252502,
        0.35431163749271205,
        0.2919284247273563,
