{
    "Calculated Minimum Energy [norm, row]": [
        0.00035076284248346864,
        -2.2324395793419765
    ],
    "Corresponding loss function": 0.00035138527431629576,
    "Solution for Minimum Energy": [
        -1.0,
        1.0,
        -1.0,
        1.0,
        -1.0,
        1.0,
        -1.0,
        1.0,
        -1.0,
        -1.0,
        -1.0,
        -1.0,
        1.0,
        1.0,
        1.0,
        -1.0,
        1.0,
        -1.0,
        1.0,
        1.0,
        -1.0,
        -1.0,
        1.0,
        1.0,
        1.0,
        1.0,
        1.0,
        -1.0,
        1.0,
        1.0,
        -1.0,
        -1.0,
        1.0,
        1.0,
        1.0,
        1.0,
        1.0,
        1.0,
        -1.0,
        -1.0,
        -1.0,
        -1.0,
        1.0,
        1.0,
        1.0,
        -1.0,
        -1.0,
        1.0,
        1.0,
        -1.0,
        1.0,
        1.0,
        1.0,
        1.0,
        -1.0,
        1.0,
        1.0,
        1.0,
        1.0,
        1.0,
        -1.0,
        -1.0,
        1.0,
        1.0,
        1.0,
        -1.0,
        1.0,
        1.0,
        -1.0,
        -1.0,
        -1.0,
        1.0,
        -1.0,
        1.0,
        1.0,
        -1.0,
        -1.0,
        1.0,
        1.0,
        1.0,
        1.0,
        1.0,
        1.0,
        1.0,
        -1.0,
        1.0,
        1.0,
        1.0,
        1.0,
        1.0,
        -1.0,
        1.0,
        -1.0,
        1.0,
        1.0,
        1.0,
        -1.0,
        1.0,
        -1.0,
        1.0,
        -1.0,
        1.0,
        1.0,
        1.0,
        1.0,
        1.0,
        1.0,
        1.0,
        1.0,
        -1.0,
        1.0,
        1.0,
        1.0,
        1.0,
        1.0,
        -1.0,
        1.0,
        1.0,
        1.0,
        1.0,
        -1.0,
        1.0,
        1.0,
        1.0,
        -1.0,
        1.0,
        1.0,
        1.0,
        -1.0,
        1.0,
        -1.0,
        1.0,
        1.0,
        1.0,
        1.0,
        1.0,
        1.0,
        1.0,
        1.0,
        1.0,
        1.0,
        1.0,
        -1.0,
        1.0,
        1.0,
        1.0,
        1.0,
        1.0,
        1.0,
        -1.0,
        1.0,
        1.0,
        1.0,
        1.0,
        1.0,
        1.0,
        1.0,
        1.0,
        1.0,
        1.0,
        1.0,
        -1.0,
        -1.0,
        1.0,
        1.0,
        1.0,
        1.0,
        1.0,
        1.0,
        -1.0,
        1.0,
        1.0,
        1.0,
        1.0,
        1.0,
        1.0,
        1.0,
        1.0,
        1.0,
        1.0,
        1.0,
        1.0,
        1.0,
        1.0,
        1.0,
        1.0,
        1.0,
        1.0,
        1.0,
        1.0,
        1.0,
        1.0,
        1.0,
        1.0,
        1.0,
        1.0,
        1.0,
        1.0,
        1.0,
        1.0,
        1.0,
        1.0,
        1.0,
        1.0,
        1.0,
        1.0,
        1.0,
        1.0,
        1.0,
        1.0
    ],
    "Corresponding exp value": [
        -0.09833798201171363,
        0.031069968303349633,
        -0.027513107832231563,
        0.05411955245864613,
        -0.05448904903911102,
        0.0744051905281105,
        -0.06935121075733004,
        0.09333673764793653,
        -0.0482391295096458,
        -0.08331214196334212,
        -0.12261113522354647,
        -0.09633002998783576,
        0.09597292426983035,
        0.03405356428469637,
        0.180130662157485,
        -0.07166531954623467,
        0.03626050715451838,
        -0.11286378198744736,
        0.0937961912343147,
        0.14749150514206547,
        -0.07930358636820704,
        -0.05046649658017853,
        0.06419892664712543,
        0.07956402996684636,
        0.088610312264258,
        0.048255893511572306,
        0.02335229660914985,
        -0.05021894104950146,
        0.030561922540638164,
        0.0356581241779739,
        -0.05848948493162125,
        -0.019496284590407337,
        0.06300532581731882,
        0.02914013447945185,
        0.017311948829554953,
        0.048046290134350474,
        0.03872659451319179,
        0.14871494523649242,
        -0.039881468338248904,
        -0.07157021220197105,
        -0.025682448399760728,
        -0.04541985843439205,
        0.023144931911207978,
        0.09198743076793105,
        0.16086606578667895,
        -0.0515314501808297,
        -0.04018699143280006,
        0.03826921612333551,
        0.06512194732807183,
        -0.05771907079814788,
        0.16567952523770588,
        0.15494843946870518,
        0.011754845318189272,
        0.07925435240003133,
        -0.026270235618393423,
        0.1235053899930999,
        0.08210359125622187,
        0.0516488356587834,
        0.017622640715441514,
        0.028903842345392013,
        -0.06940126651427382,
        -0.1619893436775343,
        0.05026937882391022,
        0.01757054883461339,
        0.025598756268097406,
        -0.031425186695025586,
        0.15659452926025536,
        0.07406508950149347,
        -0.03729794484767481,
        -0.15851770831192727,
        -0.04383319430578833,
        0.03155867905085208,
        -0.06439466550759852,
        0.0856329884149575,
        0.029579286665632913,
        -0.0963262807258705,
        -0.06788161920682842,
        0.023278766062804716,
        0.1632405040868648,
        0.02672636755253985,
        0.04784702175303266,
        0.02980420655387001,
        0.10465950281730213,
        0.06912828642699127,
        -0.024238453541298912,
        0.07229080216009286,
        0.026614421420833274,
        0.04167790997213722,
        0.023516160739794657,
        0.031091732692632337,
        -0.10271103735733908,
        0.03700254411556571,
        -0.0649007370753368,
        0.0648706000615758,
        0.08156835297536003,
        0.08158169855635482,
        -0.05991734208115274,
        0.013192841023527292,
        -0.09496153626223852,
        0.030032305519952476,
        -0.07310307918029488,
        0.058848825048307435,
        0.03820098854097442,
        0.10628669379384431,
        0.07198195807569026,
        0.0415846533192982,
        0.015506691888506395,
        0.047074019955234046,
        0.026847855872620643,
        -0.024305735044337987,
        0.051326329031262934,
        0.0497120397353712,
        0.09880686715010184,
        0.08176400327421696,
        0.02038945857583677,
        -0.021951071811739505,
        0.12549573960091817,
        0.09161556408620719,
        0.02163567380701882,
        0.13616243523480298,
        -0.05990841437467555,
        0.02680461762044539,
        0.04980303280790664,
        0.16944199134759594,
        -0.023051106789413578,
        0.06633678378532769,
        0.03176964857643723,
        0.015188128624280439,
        -0.02523518379358678,
        0.025620045263842876,
        -0.06271422617585407,
        0.020010937112905657,
        0.03257205175638415,
        0.0741628282419239,
        0.07491195303457465,
        0.06840274261155545,
        0.026498747859083693,
        0.12319680865236605,
        0.09889169693477921,
        0.016636188905220232,
        0.06768181057211436,
        0.04965211217247749,
        -0.07386697995363604,
        0.023102909675952944,
        0.034676691070194325,
        0.016868480188867913,
        0.07397960327327559,
        0.1369992576721047,
        0.15812516958372574,
        -0.020676127228383218,
        0.025762912314087724,
        0.06654310914757833,
        0.05748039151708776,
        0.13129381871676474,
        0.13345733933418033,
        0.00421093478240323,
        0.0292500842765723,
        0.01955510248911706,
        0.021481778053739603,
        0.1388357148730715,
        0.061655360338718865,
        -0.018995886479303812,
        -0.004550227143360809,
        0.04722396487382032,
        0.019881503884162797,
        0.20978545729862405,
        0.09847228011784412,
        0.15790498840085837,
