{
    "Calculated Minimum Energy [norm, row]": [
        0.0005442742486499271,
        -2.2294723935133045
    ],
    "Corresponding loss function": 0.0005475796014039122,
    "Solution for Minimum Energy": [
        1.0,
        1.0,
        1.0,
        1.0,
        1.0,
        1.0,
        1.0,
        1.0,
        1.0,
        -1.0,
        1.0,
        1.0,
        1.0,
        1.0,
        1.0,
        1.0,
        1.0,
        -1.0,
        1.0,
        1.0,
        1.0,
        1.0,
        1.0,
        1.0,
        1.0,
        1.0,
        1.0,
        1.0,
        -1.0,
        -1.0,
        1.0,
        1.0,
        -1.0,
        1.0,
        1.0,
        -1.0,
        1.0,
        -1.0,
        1.0,
        1.0,
        1.0,
        1.0,
        1.0,
        1.0,
        1.0,
        1.0,
        1.0,
        1.0,
        1.0,
        1.0,
        1.0,
        1.0,
        -1.0,
        1.0,
        1.0,
        1.0,
        -1.0,
        -1.0,
        1.0,
        1.0,
        -1.0,
        -1.0,
        1.0,
        1.0,
        1.0,
        1.0,
        1.0,
        1.0,
        1.0,
        -1.0,
        -1.0,
        1.0,
        1.0,
        1.0,
        1.0,
        -1.0,
        -1.0,
        1.0,
        -1.0,
        1.0,
        1.0,
        -1.0,
        -1.0,
        -1.0,
        1.0,
        1.0,
        -1.0,
        1.0,
        1.0,
        1.0,
        1.0,
        -1.0,
        -1.0,
        1.0,
        1.0,
        1.0,
        1.0,
        -1.0,
        1.0,
        -1.0,
        1.0,
        1.0,
        1.0,
        1.0,
        1.0,
        1.0,
        -1.0,
        1.0,
        1.0,
        -1.0,
        -1.0,
        1.0,
        -1.0,
        1.0,
        1.0,
        1.0,
        -1.0,
        1.0,
        1.0,
        -1.0,
        1.0,
        1.0,
        1.0,
        1.0,
        1.0,
        -1.0,
        -1.0,
        -1.0,
        1.0,
        1.0,
        1.0,
        1.0,
        -1.0,
        1.0,
        -1.0,
        1.0,
        1.0,
        1.0,
        -1.0,
        1.0,
        1.0,
        1.0,
        1.0,
        1.0,
        1.0,
        -1.0,
        1.0,
        1.0,
        1.0,
        1.0,
        -1.0,
        1.0,
        1.0,
        1.0,
        1.0,
        -1.0,
        -1.0,
        1.0,
        1.0,
        1.0,
        1.0,
        -1.0,
        1.0,
        1.0,
        1.0,
        1.0,
        1.0,
        1.0,
        -1.0,
        1.0,
        -1.0,
        1.0,
        1.0,
        1.0,
        -1.0,
        1.0,
        -1.0,
        1.0,
        1.0,
        1.0,
        -1.0,
        1.0,
        1.0,
        1.0,
        1.0,
        1.0,
        1.0,
        1.0,
        1.0,
        -1.0,
        1.0,
        1.0,
        1.0,
        -1.0,
        1.0,
        1.0,
        1.0,
        1.0,
        -1.0,
        1.0,
        1.0,
        1.0,
        -1.0,
        1.0,
        1.0,
        1.0,
        1.0,
        -1.0,
        1.0,
        1.0
    ],
    "Corresponding exp value": [
        0.03389889822912961,
        0.012630952051629445,
        0.1016413700268956,
        0.0359927318796216,
        0.023344279760724503,
        0.12873144202180656,
        0.12248894479843267,
        0.00918109908209401,
        0.17327636837312607,
        -0.05269959591617352,
        0.0826849020367019,
        0.16438894067825033,
        0.059958822993369215,
        0.06276464487366558,
        0.09476340811236397,
        0.062180461836128464,
        0.06881077401483768,
        -0.01349721683367991,
        0.08067906680254129,
        0.175885158981193,
        0.08222470336444904,
        0.10257755000738239,
        0.15906284621112823,
        0.12867410059270062,
        0.020912999098197868,
        0.07283784943198146,
        0.11842605139250073,
        0.044459003181923036,
        -0.045856495438709344,
        -0.01631944482643915,
        0.06970587998098374,
        0.11793291862609706,
        -0.03576206083980017,
        0.10066972175454689,
        0.09541115079387258,
        -0.009372193462814728,
        0.1792550286566312,
        -0.035088023746993754,
        0.13666392846862765,
        0.12218337056876222,
        0.12640340446470874,
        0.017941205616413592,
        0.07119625092409894,
        0.05116980050179705,
        0.2048188346610616,
        0.03422463611958238,
        0.00410549847141519,
        0.023471187032250738,
        0.02852734790793048,
        0.013573167707031035,
        0.052146473164323144,
        0.05960636874299124,
        -0.010835634114684231,
        0.09109475043497936,
        0.16530253477684614,
        0.006118879442863906,
        -0.024216347002032797,
        -0.11389394978259673,
        0.13250192833028338,
        0.05914075142395501,
        -0.017168527666757312,
        -0.06268287317483395,
        0.140281853745239,
        0.21060679729040527,
        0.03284265473259065,
        0.04368811614552712,
        0.05333897104509355,
        0.1121488921019285,
        0.1119603496236512,
        -0.04581274888653169,
        -0.0017466160611031597,
        0.030702252563149957,
        0.00897590622686733,
        0.06679679547415775,
        0.029410362985757926,
        -0.07204843826375475,
        -0.02192815323709785,
        0.029544400012118353,
        -0.02536100910300003,
        0.01406836692088188,
        0.015427467314620844,
        -0.008171364400148599,
        -0.09754921927939357,
        -0.0036456795912140575,
        0.02485298715148162,
        0.029750429490109934,
        -0.018361896826295163,
        0.10529842021083469,
        0.030131564235674466,
        0.05850891688393614,
        0.061503380981947124,
        -0.03456559447404083,
        -0.04844058765940933,
        0.044303667655334424,
        0.030633747237596983,
        0.13133423836530536,
        0.0776106938686446,
        -0.06865382668500287,
        0.01477799782373743,
        -0.14911863475407938,
        0.037465276524425585,
        0.0037244542038328875,
        0.046210554447152746,
        0.0037534090439744617,
        0.007823449367107728,
        0.03007400279867614,
        -0.11918399466831132,
        0.009040237928183927,
        0.06893525864644856,
        -0.027297837959037893,
        -0.12480478035108522,
        0.01482092108015155,
        -0.08397228493479994,
        0.05571223220583513,
        0.00772558181583507,
        0.07833248274154857,
        -0.03171383438701715,
        0.13570146633230407,
        0.0894110254927829,
        -0.010264447395240666,
        0.02385407813996201,
        0.05717300861727341,
        0.027736032161898204,
        0.040499342093766565,
        0.1359022943001449,
        -0.06351819724281887,
        -0.050410819749877184,
        -0.030957758838187015,
        0.20475288727587998,
        0.02262733001833123,
        0.09310293275717305,
        0.07298988616154949,
        -0.03889268355808831,
        0.14740363288426406,
        -0.026869394870383836,
        0.08711840444936476,
        0.16983322035211884,
        0.03697467786470756,
        -0.016370435007061996,
        0.02345297716642623,
        0.02520230082577571,
        0.06251815426111665,
        0.025750674410398713,
        0.14410838189252076,
        0.03137733642037978,
        -0.030834426805820624,
        0.05676014476976979,
        0.09174038362227525,
        0.040385327689332895,
        0.08964892555049493,
        -0.003937715034686888,
        0.06593449358797651,
        0.04384440487150908,
        0.057263698880373956,
        0.13629715280628651,
        -0.0284158934960727,
        -0.009357156601308467,
        0.0117905902795649,
        0.048683104664305844,
        0.11649391666866801,
        0.08623692829860787,
        -0.03809304629900904,
        0.06096305457328632,
        0.10424871696565413,
        0.11487714939158497,
        0.02706527094886357,
        0.02910036916241983,
        0.11513565005423164,
