{
    "Calculated Minimum Energy [norm, row]": [
        0.0002304604301194769,
        -2.234284223129095
    ],
    "Corresponding loss function": 0.000233556821244871,
    "Solution for Minimum Energy": [
        -1.0,
        -1.0,
        -1.0,
        1.0,
        1.0,
        1.0,
        1.0,
        -1.0,
        -1.0,
        -1.0,
        1.0,
        1.0,
        1.0,
        1.0,
        -1.0,
        1.0,
        1.0,
        -1.0,
        1.0,
        -1.0,
        1.0,
        -1.0,
        1.0,
        1.0,
        1.0,
        -1.0,
        1.0,
        1.0,
        -1.0,
        1.0,
        1.0,
        -1.0,
        -1.0,
        1.0,
        -1.0,
        1.0,
        1.0,
        1.0,
        1.0,
        1.0,
        -1.0,
        1.0,
        -1.0,
        -1.0,
        1.0,
        1.0,
        1.0,
        -1.0,
        1.0,
        -1.0,
        -1.0,
        1.0,
        1.0,
        -1.0,
        -1.0,
        1.0,
        1.0,
        -1.0,
        1.0,
        -1.0,
        1.0,
        1.0,
        1.0,
        -1.0,
        1.0,
        1.0,
        -1.0,
        1.0,
        -1.0,
        -1.0,
        -1.0,
        1.0,
        1.0,
        1.0,
        1.0,
        1.0,
        1.0,
        -1.0,
        1.0,
        1.0,
        -1.0,
        1.0,
        -1.0,
        1.0,
        1.0,
        1.0,
        1.0,
        1.0,
        1.0,
        1.0,
        -1.0,
        1.0,
        1.0,
        1.0,
        -1.0,
        1.0,
        1.0,
        1.0,
        -1.0,
        1.0,
        1.0,
        1.0,
        1.0,
        1.0,
        1.0,
        1.0,
        1.0,
        -1.0,
        1.0,
        1.0,
        1.0,
        -1.0,
        1.0,
        1.0,
        -1.0,
        1.0,
        1.0,
        -1.0,
        1.0,
        -1.0,
        1.0,
        -1.0,
        1.0,
        1.0,
        -1.0,
        1.0,
        1.0,
        1.0,
        1.0,
        1.0,
        1.0,
        1.0,
        1.0,
        1.0,
        1.0,
        -1.0,
        1.0,
        1.0,
        1.0,
        1.0,
        1.0,
        1.0,
        1.0,
        1.0,
        1.0,
        1.0,
        1.0,
        1.0,
        1.0,
        -1.0,
        1.0,
        1.0,
        1.0,
        -1.0,
        1.0,
        1.0,
        1.0,
        1.0,
        1.0,
        1.0,
        1.0,
        1.0,
        1.0,
        1.0,
        1.0,
        1.0,
        1.0,
        1.0,
        1.0,
        1.0,
        1.0,
        1.0,
        -1.0,
        1.0,
        1.0,
        1.0,
        1.0,
        1.0,
        1.0,
        1.0,
        1.0,
        1.0,
        -1.0,
        -1.0,
        1.0,
        1.0,
        1.0,
        1.0,
        1.0,
        1.0,
        -1.0,
        1.0,
        1.0,
        1.0,
        1.0,
        1.0,
        -1.0,
        1.0,
        1.0,
        1.0,
        -1.0,
        1.0,
        1.0,
        1.0,
        -1.0,
        1.0,
        1.0,
        1.0,
        -1.0,
        -1.0
    ],
    "Corresponding exp value": [
        -0.07791554718627518,
        -0.07118581272187459,
        -0.11253303200791673,
        0.13440773998318925,
        0.02372106010127217,
        0.05289685332255952,
        0.04140153873811566,
        -0.03271176366700882,
        -0.06596076461770609,
        -0.04629121343883683,
        0.02014493465837769,
        0.08465606461966903,
        0.05815716714290276,
        0.08957010428444477,
        -0.1084127693827573,
        0.04773837466320168,
        0.15297606691768148,
        -0.1401689169752398,
        0.0444440769276055,
        -0.03977047358856322,
        0.051771412457252884,
        -0.06869013390136854,
        0.05285834766750636,
        0.05448567609972183,
        0.05740987931269064,
        -0.08537053423345702,
        0.07545791252242348,
        0.07094403596087925,
        -0.10874499415248147,
        0.05190512322259797,
        0.10982234488958077,
        -0.0816094700129305,
        -0.055405870339907584,
        0.1326685358499492,
        -0.0977995025270794,
        0.09624201269639547,
        0.04092118996010979,
        0.03247697352766333,
        0.0747333710475435,
        0.046572218195398134,
        -0.06316686307069905,
        0.08398188122056516,
        -0.12270566002867506,
        -0.12271579853586484,
        0.03502143828558236,
        0.037930214757368,
        0.08775892898429145,
        -0.18584283338959498,
        0.1722818034241683,
        -0.0689921911205729,
        -0.0648918014132536,
        0.04664091533657678,
        0.06421269439990833,
        -0.11064834813304544,
        -0.10787742008129682,
        0.05178432781690243,
        0.04027839140903189,
        -0.15161982104737362,
        0.043381067929351806,
        -0.06513361485523682,
        0.04526944907961934,
        0.06841533736152126,
        0.07102707458313076,
        -0.08067499463989744,
        0.05763829546027429,
        0.08844997869378939,
        -0.14216801260813422,
        0.1008289060090249,
        -0.0671192107059493,
        -0.09893615826724941,
        -0.0960209314136838,
        0.09342111693952924,
        0.040719692974684696,
        0.20172265031424017,
        0.05420259471760359,
        0.06466462805673272,
        0.07708215375530807,
        -0.0790119156277724,
        0.1010915775382266,
        0.025705309746207255,
        -0.0822839351294199,
        0.08337099969107703,
        -0.07417969992776817,
        0.06560478771816673,
        0.05672441608508454,
        0.07119999920397879,
        0.09045890034843627,
        0.057861439573769546,
        0.05204613391011384,
        0.05642115139851902,
        -0.09353773155185469,
        0.09016330379122733,
        0.1315222033124569,
        0.07829140751827314,
        -0.07393356348526854,
        0.06795945554111885,
        0.07777173939672856,
        -0.002814739950286963,
        -0.09930964935754562,
        0.06914487122742274,
        0.0657128709535764,
        0.06748086480792242,
        0.09178412485709739,
        0.02848235440899791,
        0.10273268346758294,
        0.07770168776542247,
        0.019480202893581846,
        -0.062149284434574174,
        0.16349687679293057,
        0.0595214343020132,
        0.04946035161493985,
        -0.05900021545368654,
        0.049198546589245606,
        0.08710058905711032,
        -0.06649347733314015,
        0.049314977671848836,
        0.05360392488672538,
        -0.089229122522118,
        0.11163449158346074,
        -0.1058740596691551,
        0.05669625237281784,
        -0.08636478682922646,
        0.09447029051818277,
        0.09249297899788919,
        -0.09422027926534715,
        0.05083278188572154,
        0.06220775075637061,
        0.07356581101392504,
        0.07475467622186523,
        0.10091555654320322,
        0.057323926224222076,
        0.15081659075224874,
        0.039488592928955096,
        0.08349298720884622,
        0.07164526179381184,
        -0.083247455555364,
        0.09648122477847586,
        0.04678053380728687,
        0.04560020328608613,
        0.04032755035902115,
        0.09244138809535785,
        0.14502193349527384,
        0.05429635464706858,
        0.11519763886202192,
        0.0690069791334072,
        0.04693626930788821,
        0.0988390022138859,
        0.04348561093107641,
        0.029351678636315937,
        -0.09366148881804275,
        0.059197377438616736,
        0.07150328433203329,
        0.026457295136005442,
        -0.04926528100595124,
        0.12013912497731029,
        0.06704272986774143,
        0.04542330872864687,
        0.054630512821724514,
        0.07513488605123021,
        0.03763082897885075,
        0.1755645558179235,
        0.12126215996312958,
        0.07484705919993323,
        0.04930230989917102,
        0.12771612556291778,
        0.13275335468865343,
        0.12495024165790372,
        0.07167245765651699,
        0.08870632658918416,
        0.051325554459613516,
