{
    "Calculated Minimum Energy [norm, row]": [
        0.0006262844667611098,
        -2.2282148988683814
    ],
    "Corresponding loss function": -0.005762578009964436,
    "Solution for Minimum Energy": [
        1.0,
        1.0,
        1.0,
        1.0,
        1.0,
        -1.0,
        -1.0,
        -1.0,
        1.0,
        1.0,
        1.0,
        1.0,
        1.0,
        1.0,
        -1.0,
        1.0,
        -1.0,
        1.0,
        1.0,
        -1.0,
        -1.0,
        1.0,
        1.0,
        -1.0,
        1.0,
        1.0,
        1.0,
        1.0,
        1.0,
        -1.0,
        1.0,
        1.0,
        1.0,
        1.0,
        -1.0,
        -1.0,
        -1.0,
        -1.0,
        1.0,
        1.0,
        1.0,
        1.0,
        1.0,
        1.0,
        -1.0,
        -1.0,
        -1.0,
        -1.0,
        1.0,
        1.0,
        1.0,
        1.0,
        1.0,
        1.0,
        1.0,
        -1.0,
        1.0,
        1.0,
        1.0,
        -1.0,
        -1.0,
        1.0,
        1.0,
        1.0,
        -1.0,
        -1.0,
        -1.0,
        -1.0,
        -1.0,
        -1.0,
        1.0,
        1.0,
        1.0,
        1.0,
        1.0,
        1.0,
        1.0,
        1.0,
        1.0,
        1.0,
        1.0,
        -1.0,
        1.0,
        -1.0,
        1.0,
        1.0,
        1.0,
        1.0,
        1.0,
        1.0,
        1.0,
        1.0,
        1.0,
        1.0,
        1.0,
        1.0,
        -1.0,
        1.0,
        1.0,
        1.0,
        1.0,
        -1.0,
        1.0,
        1.0,
        -1.0,
        1.0,
        1.0,
        1.0,
        1.0,
        -1.0,
        1.0,
        -1.0,
        1.0,
        1.0,
        1.0,
        -1.0,
        -1.0,
        1.0,
        1.0,
        1.0,
        1.0,
        1.0,
        1.0,
        -1.0,
        1.0,
        1.0,
        1.0,
        1.0,
        -1.0,
        1.0,
        1.0,
        1.0,
        -1.0,
        1.0,
        1.0,
        1.0,
        -1.0,
        1.0,
        -1.0,
        1.0,
        1.0,
        -1.0,
        -1.0,
        1.0,
        1.0,
        1.0,
        1.0,
        1.0,
        -1.0,
        -1.0,
        1.0,
        1.0,
        1.0,
        1.0,
        1.0,
        1.0,
        1.0,
        1.0,
        1.0,
        -1.0,
        1.0,
        1.0,
        1.0,
        1.0,
        -1.0,
        1.0,
        1.0,
        1.0,
        1.0,
        1.0,
        1.0,
        1.0,
        1.0,
        1.0,
        -1.0,
        1.0,
        1.0,
        1.0,
        1.0,
        1.0,
        -1.0,
        1.0,
        1.0,
        1.0,
        -1.0,
        -1.0,
        1.0,
        1.0,
        1.0,
        1.0,
        1.0,
        1.0,
        1.0,
        -1.0,
        1.0,
        -1.0,
        1.0,
        1.0,
        1.0,
        1.0,
        1.0,
        -1.0,
        1.0,
        -1.0,
        1.0,
        1.0,
        1.0,
        1.0,
        1.0,
        1.0
    ],
    "Corresponding exp value": [
        0.03212945344277246,
        0.0483430695421042,
        0.09002819287560486,
        0.028609293400603208,
        0.044410519050140596,
        -0.0676432327500928,
        -0.0966317897503061,
        -0.020823855602960916,
        0.005318447947626566,
        0.02697076739788982,
        0.015881225587136966,
        0.012642393488766685,
        0.11178981073037016,
        0.022266259151632814,
        -0.10900829575016475,
        0.0099181427120024,
        -0.018429312953500022,
        0.017871385452129344,
        0.05528743782811221,
        -0.03750027992815784,
        -0.018043327333539225,
        0.02860753751285024,
        0.05542173982260104,
        -0.044175661701020816,
        0.08309929658286007,
        0.11010093168062875,
        0.10249305449341474,
        0.08885448544134371,
        0.009673517348395094,
        -0.11035320883978948,
        0.050972687543317644,
        0.0642044884182378,
        0.02391045369659638,
        0.08607825175801574,
        -0.04892183964686024,
        -0.05300808370787627,
        -0.08903380375519789,
        -0.02607627160636092,
        0.019396306242505847,
        0.03858809191959198,
        0.008046850984755041,
        0.09805163837633371,
        0.07837893540030214,
        0.13802125681054608,
        -0.022828377222728544,
        -0.10288902390538986,
        -0.09398392351028202,
        -0.0922603673746719,
        0.05256528004073939,
        0.031022262666933455,
        0.10466393684866877,
        0.04792150322352544,
        0.03989731541962886,
        0.026799002182913284,
        0.1090912899246496,
        -0.008617634220590562,
        0.003859261080384247,
        0.12136805089233839,
        0.040386859923069306,
        -0.05407381523493292,
        -0.08982585240207853,
        0.0817343263742548,
        0.034327174895342524,
        0.01878874864436239,
        -0.0338227718292507,
        -0.0064518979157176005,
        -0.07750362226807407,
        -0.06189017552359595,
        -0.029550380789736454,
        -1.1855675496347945e-05,
        0.08026329178870528,
        0.0793944620888061,
        0.10456355621151432,
        0.032261533087878554,
        0.08266924324185623,
        0.06559488173894627,
        0.027604147535615086,
        0.025246819293077337,
        0.06662704241905869,
        0.07762296104467975,
        0.06897798926098724,
        -0.01526479940980616,
        0.007207674860554687,
        -0.03397689053604615,
        0.022548865354571696,
        0.034089843401913435,
        0.03431125894359292,
        0.09546379118256662,
        0.05838527575405287,
        0.025699417228801806,
        0.04085138575478479,
        0.10252033883837487,
        0.02778443535971336,
        0.016337667339368298,
        0.007947424066973253,
        0.03651612447842164,
        -0.0639776062265324,
        0.09901298059560983,
        0.12677264890503895,
        0.08830700579818761,
        0.18332287679570938,
        -0.015180087775704796,
        0.007301587898402081,
        0.0186530559246408,
        -0.0054884284759137356,
        0.06979774327287594,
        0.14955601488405085,
        0.06568246523176648,
        0.04366995104115607,
        -0.02099057135420002,
        0.054100950679236315,
        -0.0006921250885165544,
        0.055653896875277394,
        0.032864484822284,
        0.02336845581120084,
        -0.034554527903189726,
        -0.005785433070617506,
        0.11560728375837338,
        0.06848085064070947,
        0.004218029297720154,
        0.17222116088933476,
        0.05199919687264814,
        0.09604100574142446,
        -0.0317860888585625,
        0.12689110712068843,
        0.03274268828235539,
        0.036892666249181305,
        0.04698867694412869,
        -0.013290876139652448,
        0.024051626504325085,
        0.02155821223839976,
        0.014882951058471545,
        -0.03618956129707866,
        0.08268512398613037,
        0.1059705546004446,
        0.08542152405166481,
        -0.09214342049695509,
        0.18007779790848633,
        -0.02975249631580678,
        0.0469668070413959,
        0.03797973601882983,
        -0.023683210584501495,
        -0.011459548283780404,
        0.062272894596732235,
        0.10141188963262769,
        0.0885560817571049,
        0.0752131133270551,
        0.010859777006312684,
        -0.12465473493483022,
        -0.04732144036770748,
        0.146597419648825,
        0.019123845994583583,
        0.061656511439071915,
        0.01046831634282077,
        0.13358895340052931,
        0.04922498151878981,
        0.12373998109061032,
        0.06860796249310751,
        0.012122834581842658,
        -0.005411247614087785,
        0.008663860191453411,
        0.04578122841193223,
        0.0546400224619812,
        0.027181675777916386,
        -0.03643173624000246,
        0.007775301696307045,
        0.0033009338425569914,
        0.04478748313520685,
