{
    "Calculated Minimum Energy [norm, row]": [
        0.0003217206709943789,
        -2.232884894279134
    ],
    "Corresponding loss function": 0.01225333296382661,
    "Solution for Minimum Energy": [
        1.0,
        -1.0,
        1.0,
        1.0,
        1.0,
        1.0,
        1.0,
        1.0,
        1.0,
        1.0,
        1.0,
        1.0,
        -1.0,
        1.0,
        1.0,
        1.0,
        1.0,
        1.0,
        -1.0,
        -1.0,
        1.0,
        1.0,
        -1.0,
        1.0,
        1.0,
        1.0,
        1.0,
        1.0,
        1.0,
        -1.0,
        1.0,
        1.0,
        1.0,
        1.0,
        1.0,
        1.0,
        1.0,
        -1.0,
        1.0,
        1.0,
        1.0,
        1.0,
        -1.0,
        -1.0,
        1.0,
        1.0,
        -1.0,
        -1.0,
        -1.0,
        1.0,
        1.0,
        1.0,
        -1.0,
        1.0,
        1.0,
        -1.0,
        -1.0,
        1.0,
        -1.0,
        1.0,
        1.0,
        1.0,
        1.0,
        1.0,
        1.0,
        -1.0,
        1.0,
        1.0,
        1.0,
        1.0,
        -1.0,
        1.0,
        1.0,
        1.0,
        1.0,
        1.0,
        1.0,
        1.0,
        1.0,
        -1.0,
        1.0,
        -1.0,
        -1.0,
        1.0,
        1.0,
        -1.0,
        -1.0,
        -1.0,
        1.0,
        1.0,
        1.0,
        1.0,
        1.0,
        1.0,
        1.0,
        1.0,
        1.0,
        -1.0,
        1.0,
        1.0,
        -1.0,
        1.0,
        1.0,
        1.0,
        -1.0,
        1.0,
        1.0,
        1.0,
        1.0,
        1.0,
        1.0,
        1.0,
        1.0,
        1.0,
        1.0,
        1.0,
        -1.0,
        1.0,
        1.0,
        1.0,
        -1.0,
        1.0,
        -1.0,
        1.0,
        -1.0,
        1.0,
        1.0,
        -1.0,
        -1.0,
        1.0,
        1.0,
        1.0,
        1.0,
        1.0,
        1.0,
        1.0,
        1.0,
        1.0,
        -1.0,
        1.0,
        1.0,
        1.0,
        1.0,
        1.0,
        1.0,
        1.0,
        1.0,
        1.0,
        1.0,
        1.0,
        1.0,
        1.0,
        1.0,
        1.0,
        -1.0,
        1.0,
        1.0,
        1.0,
        1.0,
        1.0,
        1.0,
        1.0,
        -1.0,
        1.0,
        1.0,
        1.0,
        1.0,
        1.0,
        1.0,
        1.0,
        -1.0,
        1.0,
        1.0,
        1.0,
        1.0,
        -1.0,
        1.0,
        1.0,
        1.0,
        1.0,
        1.0,
        1.0,
        -1.0,
        1.0,
        1.0,
        1.0,
        1.0,
        1.0,
        -1.0,
        1.0,
        1.0,
        1.0,
        1.0,
        1.0,
        1.0,
        1.0,
        1.0,
        1.0,
        1.0,
        1.0,
        1.0,
        1.0,
        1.0,
        -1.0,
        1.0,
        1.0,
        1.0,
        1.0,
        1.0,
        1.0
    ],
    "Corresponding exp value": [
        0.019682625384171086,
        -0.035573085541276875,
        0.0006377303101979953,
        0.000804390911821197,
        0.03411859486838426,
        0.018199520629973293,
        0.0010776592967095544,
        8.349731573106985e-05,
        0.00425046789706101,
        0.00023522703476273367,
        0.00020674997989938472,
        0.10087851465713019,
        -0.07034261646418544,
        0.1264514913121623,
        0.10669179429071735,
        0.00022196203443138746,
        0.05016269579768583,
        0.049305738376700034,
        -0.060872374344243474,
        -0.06634451382790507,
        0.06709559766212032,
        0.025569469447526465,
        -0.0618157244625836,
        0.07059951899709484,
        0.018093642409349173,
        0.0313036785667148,
        0.09444896701205316,
        0.0008665498105329267,
        0.026748829711038813,
        -0.03974477580357304,
        0.0007006904248471994,
        0.05436757091259575,
        0.06386980184535343,
        0.0606375883902394,
        0.08874156261540439,
        0.04088899322435509,
        0.015405369782687013,
        -0.08659630753309197,
        0.04390272724458061,
        0.00029867676341904965,
        0.06837789103954185,
        0.03726002547413381,
        -0.03676784902466278,
        -0.03729486928131112,
        0.01153576786437003,
        0.1269649801523867,
        -0.04086891135835451,
        -0.0883761513195733,
        -0.1325614984591864,
        0.07979510919491824,
        0.022555143662692144,
        0.037542414347651897,
        -0.12900955100628853,
        0.027435236484804747,
        0.037534679338978305,
        -0.06930094178470941,
        -0.041694768103392885,
        0.07102515705354692,
        -0.07222431914748517,
        0.015364870146498542,
        0.013884880862238196,
        0.016621860159600255,
        0.06283342202489502,
        0.06740230774396802,
        0.0006638741772441326,
        -0.027454462937355498,
        0.02408456188835999,
        0.0746960790853598,
        0.019510357132899975,
        0.09398043899856383,
        -0.046020794789701336,
        0.054023664691910334,
        0.10567656266721841,
        0.016142514901920396,
        0.08191639355697444,
        0.06114399240200177,
        0.00025984683167923177,
        0.023319739510811902,
        0.05737225519976369,
        -0.0699305073820376,
        0.07623503917734072,
        -0.09753100094992458,
        -0.07993085262893616,
        0.0392289944171761,
        0.11755356907063189,
        -0.0656185989586677,
        -0.07239934685899349,
        -0.07117883284835616,
        0.06692550149466292,
        0.0111036110028545,
        0.020247929776111135,
        0.07526786994919454,
        0.027868585100086253,
        0.019206265932373696,
        0.019648374843756658,
        0.06076730369887066,
        0.00016231288520879468,
        -0.015909376583966947,
        0.12064653638469974,
        0.0002075576592387438,
        -0.0875088443009365,
        0.1273651016676503,
        0.022887540057280463,
        0.21662242939801127,
        -0.03301407546248687,
        0.04900496913449818,
        0.05463561071008716,
        0.04335108790787326,
        0.11258666093932981,
        0.04722542078330096,
        0.04535156165826208,
        0.015232595844718462,
        0.07686204956452725,
        0.017572070846271083,
        0.09235790254956983,
        0.0005608756868469306,
        -0.04231854524816656,
        0.03552732198728526,
        0.03523912058779393,
        0.02406732767853708,
        -0.037599120505969585,
        0.08986598898061418,
        -0.03928047468362732,
        0.0018617197035477276,
        -0.014508111713799725,
        0.07694409281053602,
        0.0006394463447016285,
        -0.080148171588673,
        -0.10263740670498157,
        0.1299315582648051,
        0.08067468088116779,
        0.017878543301415244,
        0.051278444586742286,
        0.0007287895588791345,
        0.045571687259838047,
        0.0006627229012684185,
        0.025721525066388688,
        0.05211123036572632,
        -0.06496499175864871,
        0.040641543164206546,
        0.018222097410557615,
        0.0003048513170364367,
        0.062225793730195475,
        0.023825167927244293,
        0.03721538773151735,
        0.09163545803261394,
        0.025894949068261612,
        0.00029760875169727256,
        0.036678773672366057,
        0.03756175531916277,
        0.013155098138644588,
        0.052355757665428444,
        0.05340610161796172,
        0.00045495896935750235,
        -0.02681671719784359,
        0.03315431756941691,
        0.0919769108121313,
        0.12779601301889504,
        0.016688816667087707,
        0.00020649485302311893,
        0.03286809053476413,
        0.08012232841734136,
        -0.051538617047852384,
        0.04638519941191888,
        0.13790241490526356,
        0.0007950075685526654,
        0.06124062991122503,
