{
    "Calculated Minimum Energy [norm, row]": [
        0.0004688652056969388,
        -2.2306286697661437
    ],
    "Corresponding loss function": 0.006600684949764687,
    "Solution for Minimum Energy": [
        1.0,
        1.0,
        1.0,
        1.0,
        -1.0,
        1.0,
        -1.0,
        1.0,
        1.0,
        -1.0,
        -1.0,
        1.0,
        1.0,
        1.0,
        1.0,
        -1.0,
        1.0,
        -1.0,
        1.0,
        -1.0,
        -1.0,
        -1.0,
        -1.0,
        1.0,
        1.0,
        -1.0,
        1.0,
        1.0,
        1.0,
        1.0,
        1.0,
        1.0,
        -1.0,
        -1.0,
        1.0,
        1.0,
        1.0,
        -1.0,
        1.0,
        -1.0,
        -1.0,
        -1.0,
        1.0,
        -1.0,
        -1.0,
        1.0,
        -1.0,
        -1.0,
        1.0,
        1.0,
        1.0,
        1.0,
        1.0,
        1.0,
        1.0,
        -1.0,
        1.0,
        1.0,
        1.0,
        1.0,
        1.0,
        1.0,
        1.0,
        1.0,
        1.0,
        -1.0,
        -1.0,
        -1.0,
        1.0,
        1.0,
        1.0,
        1.0,
        1.0,
        1.0,
        -1.0,
        1.0,
        1.0,
        1.0,
        -1.0,
        1.0,
        1.0,
        1.0,
        1.0,
        1.0,
        1.0,
        -1.0,
        -1.0,
        1.0,
        1.0,
        1.0,
        1.0,
        1.0,
        1.0,
        1.0,
        1.0,
        1.0,
        -1.0,
        -1.0,
        1.0,
        -1.0,
        -1.0,
        1.0,
        1.0,
        -1.0,
        1.0,
        1.0,
        1.0,
        1.0,
        -1.0,
        -1.0,
        1.0,
        1.0,
        1.0,
        1.0,
        1.0,
        -1.0,
        1.0,
        1.0,
        1.0,
        1.0,
        1.0,
        -1.0,
        1.0,
        1.0,
        -1.0,
        1.0,
        1.0,
        -1.0,
        1.0,
        1.0,
        -1.0,
        1.0,
        1.0,
        1.0,
        1.0,
        -1.0,
        1.0,
        1.0,
        1.0,
        1.0,
        1.0,
        1.0,
        1.0,
        1.0,
        -1.0,
        1.0,
        1.0,
        -1.0,
        -1.0,
        -1.0,
        1.0,
        1.0,
        1.0,
        1.0,
        -1.0,
        1.0,
        1.0,
        -1.0,
        1.0,
        -1.0,
        1.0,
        1.0,
        1.0,
        1.0,
        1.0,
        1.0,
        1.0,
        1.0,
        1.0,
        1.0,
        1.0,
        1.0,
        1.0,
        1.0,
        1.0,
        1.0,
        1.0,
        1.0,
        1.0,
        1.0,
        1.0,
        -1.0,
        -1.0,
        -1.0,
        1.0,
        1.0,
        -1.0,
        1.0,
        1.0,
        1.0,
        1.0,
        1.0,
        1.0,
        -1.0,
        -1.0,
        1.0,
        1.0,
        1.0,
        1.0,
        -1.0,
        -1.0,
        1.0,
        1.0,
        -1.0,
        -1.0,
        -1.0,
        1.0,
        1.0,
        1.0,
        1.0
    ],
    "Corresponding exp value": [
        0.10374353731847032,
        0.0187427976318367,
        0.06941598160875266,
        0.05651254793636393,
        -0.026325048553941854,
        0.006232604689456196,
        -0.10371906449999528,
        0.04309610730430277,
        0.04139046898279897,
        -0.05737900457159552,
        -0.0024308564662029793,
        0.09186023030209385,
        0.1301057106549219,
        0.07083667787136956,
        0.051758130285367104,
        -0.07642803190219523,
        0.03323194422442526,
        -0.09591898260488181,
        0.03456182511324633,
        -0.05400178860071678,
        -0.13554840753912523,
        -0.11720866246675489,
        -0.012449406573043012,
        0.03743073352958487,
        0.03477400761231088,
        -0.14522926966645483,
        0.04955775608373798,
        0.03551505623552717,
        0.07153537052912419,
        0.04986686717095361,
        0.053153107471441335,
        0.07575078354951391,
        -0.0928229887620463,
        -0.1001529316937944,
        0.05162226265878814,
        0.1055219744863694,
        0.02353444678339358,
        -0.027568432787013975,
        0.026855775210323382,
        -0.1467026968779896,
        -0.060592269485294045,
        -0.02698979613773695,
        0.0004466097265303742,
        -0.05374443099615596,
        -0.0579746451504619,
        0.04027584245796552,
        -0.08961844755729421,
        -0.0817801286420921,
        0.0030906066409749668,
        0.031215679720373368,
        0.024650897014950233,
        0.0016737283241938096,
        0.009647823292082434,
        0.021824336361754536,
        0.0665107652690422,
        -0.11697094969306614,
        0.050695150334240185,
        0.06417360429451605,
        0.0255295574688863,
        0.07203151301560654,
        0.08899428029166585,
        0.040905463327229566,
        0.05726038235058657,
        0.038630317399961284,
        0.042518006874043585,
        -0.08165089591508494,
        -0.0941705650542486,
        -0.13787909828128692,
        0.05201966310371603,
        0.10322116380327843,
        0.039239424869640674,
        0.037053630933512036,
        0.06400782981589428,
        0.0019764333671273677,
        -0.06879954950813728,
        0.01777739866062509,
        -0.0011923523573667445,
        0.03436165921954465,
        -0.09207709517429609,
        0.013773112130682611,
        0.027711366517421225,
        0.03044844784371862,
        0.05292757831526895,
        0.03281308109785734,
        0.012298024702635644,
        -0.023538230751764182,
        -0.009901141159226167,
        0.09419039853491659,
        0.018427447053988466,
        0.005567980463622117,
        0.09007419959601247,
        0.09550133115968601,
        0.0990331865238781,
        0.11840037829563835,
        0.04072850607965082,
        0.015786545617940784,
        -0.02025109604842147,
        -0.06099437933747954,
        0.05769958695661079,
        -0.06691402831288165,
        -0.03504270360046206,
        0.027874785749948942,
        0.05551485109610463,
        -0.0713942437395588,
        0.05837385200402906,
        0.03399590437506232,
        0.04970485619929678,
        0.006381553262261908,
        -0.07189011927903671,
        -0.12133961462412891,
        0.09473120030674557,
        0.04824651363273475,
        0.15044859892558654,
        0.06959052023922754,
        0.03286911732238722,
        -0.07835296680889997,
        0.028755276273129748,
        0.021096852206212463,
        0.07362542770858367,
        0.03182398521377458,
        0.030529685283649133,
        -0.016958064669090462,
        0.01712628647452475,
        0.06524665949796954,
        -0.12493429470404609,
        0.0779737581666536,
        0.04350723706036378,
        -0.02497031448759882,
        0.08854096304380799,
        0.013828743170384804,
        -0.07940769582743099,
        0.052881856977187516,
        0.04855823829868049,
        0.06778157619208294,
        0.056718769048044834,
        -0.05482492287963437,
        0.03469808385063174,
        0.0334548972975226,
        0.003452495376601133,
        0.1215759008451439,
        0.10569109035254234,
        0.03537616684849422,
        0.0016731721564597446,
        0.04328380601857725,
        -0.09586305645343958,
        0.018647665383560625,
        0.04649787442020392,
        -0.0553400822355303,
        -0.12246055384608126,
        -0.024945117238170614,
        0.035836347759084064,
        0.05121414296730255,
        0.05355498260134722,
        0.12238864298452325,
        -0.1526931348442739,
        0.0020473551079877228,
        0.016878480555248224,
        -0.031514885423292435,
        0.035023304349873816,
        -0.06635468787657234,
        0.02441295966778781,
        0.05256410195062496,
        0.003250383993093985,
        0.05984832706806595,
        0.05536807809562512,
        0.00344203437643892,
        0.020574156211546842,
