{
    "Calculated Minimum Energy [norm, row]": [
        0.000337135605135456,
        -2.232648531084636
    ],
    "Corresponding loss function": 0.0003386581515708073,
    "Solution for Minimum Energy": [
        1.0,
        1.0,
        -1.0,
        1.0,
        -1.0,
        1.0,
        1.0,
        -1.0,
        1.0,
        -1.0,
        1.0,
        -1.0,
        1.0,
        -1.0,
        1.0,
        -1.0,
        1.0,
        -1.0,
        1.0,
        1.0,
        -1.0,
        1.0,
        1.0,
        1.0,
        1.0,
        1.0,
        1.0,
        -1.0,
        1.0,
        1.0,
        -1.0,
        -1.0,
        1.0,
        1.0,
        1.0,
        1.0,
        1.0,
        1.0,
        -1.0,
        1.0,
        1.0,
        -1.0,
        1.0,
        1.0,
        1.0,
        1.0,
        -1.0,
        -1.0,
        1.0,
        1.0,
        1.0,
        -1.0,
        1.0,
        1.0,
        1.0,
        1.0,
        -1.0,
        1.0,
        1.0,
        1.0,
        1.0,
        -1.0,
        1.0,
        1.0,
        1.0,
        1.0,
        -1.0,
        1.0,
        1.0,
        -1.0,
        1.0,
        1.0,
        1.0,
        1.0,
        1.0,
        -1.0,
        1.0,
        -1.0,
        1.0,
        1.0,
        1.0,
        1.0,
        1.0,
        -1.0,
        1.0,
        1.0,
        1.0,
        1.0,
        1.0,
        1.0,
        -1.0,
        1.0,
        -1.0,
        1.0,
        1.0,
        1.0,
        1.0,
        1.0,
        1.0,
        1.0,
        1.0,
        1.0,
        1.0,
        1.0,
        1.0,
        1.0,
        1.0,
        1.0,
        1.0,
        1.0,
        1.0,
        1.0,
        1.0,
        1.0,
        1.0,
        -1.0,
        1.0,
        1.0,
        1.0,
        1.0,
        1.0,
        1.0,
        1.0,
        1.0,
        -1.0,
        1.0,
        1.0,
        1.0,
        1.0,
        1.0,
        1.0,
        1.0,
        -1.0,
        1.0,
        1.0,
        1.0,
        1.0,
        1.0,
        1.0,
        1.0,
        -1.0,
        1.0,
        1.0,
        1.0,
        1.0,
        1.0,
        1.0,
        1.0,
        1.0,
        1.0,
        1.0,
        1.0,
        1.0,
        1.0,
        1.0,
        1.0,
        1.0,
        1.0,
        1.0,
        1.0,
        1.0,
        1.0,
        1.0,
        1.0,
        1.0,
        -1.0,
        1.0,
        1.0,
        1.0,
        1.0,
        1.0,
        1.0,
        1.0,
        1.0,
        1.0,
        1.0,
        1.0,
        1.0,
        1.0,
        1.0,
        1.0,
        1.0,
        1.0,
        1.0,
        1.0,
        1.0,
        -1.0,
        1.0,
        1.0,
        1.0,
        1.0,
        1.0,
        1.0,
        1.0,
        1.0,
        1.0,
        -1.0,
        -1.0,
        1.0,
        1.0,
        1.0,
        1.0,
        1.0,
        1.0,
        1.0,
        1.0,
        1.0,
        1.0,
        -1.0,
        -1.0
    ],
    "Corresponding exp value": [
        0.049541098475673784,
        0.03800417018704649,
        -0.04606510925874627,
        0.0142726753744222,
        -0.03268500168498968,
        0.03450373369003207,
        0.05953405927325876,
        -0.041525462977069244,
        0.09802743313609602,
        -0.02813816736136962,
        0.060683713632970065,
        -0.09707459567472135,
        0.038364592425541605,
        -0.06828632639589435,
        0.033344566837725347,
        -0.06170504767705831,
        0.01803518509690807,
        -0.018547755351129232,
        0.07999624037897196,
        0.014876119830186139,
        -0.06935160785028815,
        0.05945317991451829,
        0.05027316650095291,
        0.02560014512247946,
        0.03387100691347415,
        0.023341480409738567,
        0.046325375039181216,
        -0.1367848242164447,
        0.04299737182243227,
        0.020123998886927858,
        -0.05514166130843566,
        -0.15860195144339242,
        0.0363154370456204,
        0.027468374006290392,
        0.03826471826028835,
        0.07824425414761538,
        0.1222290086480193,
        0.07314504041737743,
        -0.03973875010631822,
        0.03248320558097428,
        0.057938640311990086,
        -0.03498030108410183,
        0.09515942065607064,
        0.07190612973070959,
        0.04143583737662908,
        0.03981370686459999,
        -0.12930898856311643,
        -0.09030614473544055,
        0.055358855339416285,
        0.0832055132767244,
        0.149712707946675,
        -0.045057675084885174,
        0.029226668441636003,
        0.14039454766543727,
        0.11936268538398112,
        0.0340686977992916,
        -0.11418303608357452,
        0.027112513864381623,
        0.03840640425668747,
        0.0594589243386181,
        0.07948095569458234,
        -0.055823922032840985,
        0.04183913916502867,
        0.06424811163484202,
        0.02117516755023824,
        0.08754226553463715,
        -0.09728052465733328,
        0.0800173572478231,
        0.01161684793203181,
        -0.11189648453784104,
        0.0007678415736420472,
        0.046842770269626154,
        0.03433887747394668,
        0.08636790520334472,
        0.09889745481308922,
        -0.0336705543294262,
        0.15715895598527072,
        -0.07472516775203503,
        0.16608840363505922,
        0.040834267924962614,
        0.020704499463664244,
        0.04064018799583591,
        0.0681060454922098,
        -0.08267861624922097,
        0.029294211893416112,
        0.06053818850501679,
        0.09488042513355988,
        0.0699322610931826,
        0.02471693656190188,
        0.15261695617151366,
        -0.04532763614900501,
        0.0532010133435496,
        -0.035006708804481305,
        0.045267896256023836,
        0.13515486147696348,
        0.05206000945160941,
        0.03155135288677703,
        0.05451213683038959,
        0.042135691666732214,
        0.05882391701613623,
        0.046948651870661884,
        0.02664361575708384,
        0.059450403863065014,
        0.011871793588910428,
        0.0848178909926108,
        0.0918554216094019,
        0.07208548144498421,
        0.03147914808618691,
        0.045628425080570675,
        0.04748691121408653,
        0.10680522530147261,
        0.02872627587834222,
        0.1076612659101902,
        0.042731690169427156,
        0.03816080076201142,
        -0.036744622717875625,
        0.13835278401809373,
        0.04360356886427687,
        0.08964590945944954,
        0.0875235359427656,
        0.03160157456841837,
        0.05795336079245679,
        0.08464568913277587,
        0.03639019970660183,
        -0.055801627326455674,
        0.046362746890282955,
        0.04213732320495356,
        0.0495881570954887,
        0.06845820993558134,
        0.040897871180693955,
        0.03183798419733275,
        0.17396910115829683,
        -0.019366587739396222,
        0.09262866029772679,
        0.09930703722105767,
        0.03495820442363635,
        0.05498665699927354,
        0.1757394632689552,
        0.038766356583340635,
        0.04807373982519824,
        -0.021253551017892593,
        0.09042802253438934,
        0.10873911591951943,
        0.05542684333255294,
        0.15119206678435215,
        0.06916071529247356,
        0.09245442761363339,
        0.034398030956966225,
        0.028288780031646032,
        0.08142964801561495,
        0.0723913169224777,
        0.11135659834470941,
        0.2956364542444705,
        0.0904311220044222,
        0.04155975414494021,
        0.12016669646195915,
        0.11861605984698562,
        0.07728886223623917,
        0.09317237640051561,
        0.09060124315841132,
        0.07288845888527737,
        0.13022208446095884,
        0.028074289997951352,
        0.06043367102718903,
        0.10344988696249581,
        -0.08629340518980029,
        0.06491261164715732,
        0.137701901213262,
        0.07616812644891892,
        0.08257671016779461,
