{
    "Calculated Minimum Energy [norm, row]": [
        0.0002258273734065318,
        -2.234355263593812
    ],
    "Corresponding loss function": 0.011203583361862486,
    "Solution for Minimum Energy": [
        1.0,
        -1.0,
        1.0,
        -1.0,
        1.0,
        1.0,
        1.0,
        -1.0,
        -1.0,
        -1.0,
        1.0,
        1.0,
        1.0,
        1.0,
        1.0,
        1.0,
        1.0,
        -1.0,
        -1.0,
        1.0,
        -1.0,
        -1.0,
        1.0,
        -1.0,
        1.0,
        1.0,
        1.0,
        -1.0,
        -1.0,
        -1.0,
        1.0,
        1.0,
        1.0,
        1.0,
        -1.0,
        1.0,
        1.0,
        -1.0,
        1.0,
        -1.0,
        1.0,
        1.0,
        1.0,
        1.0,
        -1.0,
        1.0,
        -1.0,
        1.0,
        1.0,
        -1.0,
        -1.0,
        -1.0,
        1.0,
        1.0,
        1.0,
        -1.0,
        1.0,
        -1.0,
        1.0,
        1.0,
        1.0,
        1.0,
        1.0,
        -1.0,
        -1.0,
        1.0,
        -1.0,
        1.0,
        -1.0,
        1.0,
        1.0,
        -1.0,
        1.0,
        1.0,
        1.0,
        -1.0,
        1.0,
        1.0,
        1.0,
        1.0,
        1.0,
        1.0,
        1.0,
        1.0,
        1.0,
        -1.0,
        1.0,
        1.0,
        1.0,
        1.0,
        1.0,
        -1.0,
        -1.0,
        1.0,
        -1.0,
        1.0,
        1.0,
        1.0,
        -1.0,
        -1.0,
        -1.0,
        1.0,
        1.0,
        1.0,
        1.0,
        1.0,
        1.0,
        -1.0,
        1.0,
        1.0,
        1.0,
        1.0,
        -1.0,
        -1.0,
        1.0,
        1.0,
        1.0,
        1.0,
        1.0,
        1.0,
        1.0,
        1.0,
        1.0,
        -1.0,
        -1.0,
        -1.0,
        -1.0,
        1.0,
        -1.0,
        1.0,
        1.0,
        -1.0,
        1.0,
        1.0,
        -1.0,
        1.0,
        1.0,
        1.0,
        1.0,
        -1.0,
        1.0,
        1.0,
        1.0,
        1.0,
        1.0,
        1.0,
        1.0,
        1.0,
        1.0,
        1.0,
        1.0,
        1.0,
        1.0,
        -1.0,
        1.0,
        1.0,
        1.0,
        1.0,
        1.0,
        1.0,
        1.0,
        -1.0,
        1.0,
        1.0,
        1.0,
        1.0,
        1.0,
        1.0,
        1.0,
        1.0,
        1.0,
        1.0,
        1.0,
        1.0,
        1.0,
        1.0,
        1.0,
        1.0,
        1.0,
        1.0,
        1.0,
        1.0,
        1.0,
        -1.0,
        1.0,
        1.0,
        1.0,
        1.0,
        1.0,
        1.0,
        1.0,
        1.0,
        -1.0,
        1.0,
        1.0,
        1.0,
        -1.0,
        1.0,
        1.0,
        1.0,
        -1.0,
        1.0,
        1.0,
        -1.0,
        1.0,
        1.0,
        1.0,
        1.0,
        1.0,
        -1.0
    ],
    "Corresponding exp value": [
        0.03094026074548677,
        -0.0008973227488143528,
        6.657277834693333e-05,
        -0.04871707987549248,
        0.02508053418290059,
        0.03396187687822566,
        0.06100425948860747,
        -0.07186440601467883,
        -0.05631650203438328,
        -0.061530357887362726,
        0.03537274326819498,
        0.025525989141038135,
        0.06053172209465834,
        0.06727131458822523,
        0.04888170166339813,
        0.053348413504042125,
        0.08094052192672355,
        -0.0006726189673492023,
        -0.028840073805808598,
        0.08361272023904977,
        -0.08037540813512828,
        -0.000570502889386355,
        0.022696481494732194,
        -0.10285605880483005,
        0.02753423535698406,
        0.020766115415408726,
        0.06780559474033686,
        -0.06931282486864418,
        -0.16029198405771025,
        -0.0009326277150205585,
        0.13964787993942687,
        0.05253105564069808,
        0.047298181319880506,
        0.04438010290603465,
        -0.16698203036394774,
        0.0761485077336855,
        0.09345477299644155,
        -0.05660683116353989,
        0.001481371531539349,
        -0.04017469501958537,
        0.060467098936975876,
        0.06237954178006206,
        -0.00012599368723596087,
        0.06131023104209644,
        -0.10852705296814179,
        -0.000222582956114352,
        -0.0006840282197931682,
        0.1011023780332387,
        0.05849566994736328,
        -0.01882482315971203,
        -0.08480398475148995,
        -0.023823728557752246,
        0.047867085442898805,
        -0.00017551140705667845,
        0.140708859562284,
        -0.02415861329002741,
        -0.0005049188281529208,
        -0.11480086868218478,
        0.05157755137505426,
        0.021072126684071362,
        0.07010798906367431,
        0.07791567964212022,
        0.06626553808594511,
        -0.11814604455472574,
        -0.07146303230843491,
        0.13539806399510806,
        -0.08644976696899256,
        3.9740266753657705e-05,
        -0.10840498988475868,
        0.014306455250245634,
        0.09639808375003654,
        -0.0008122365440992518,
        0.05569384821981455,
        0.062204477453948234,
        0.08766373474750719,
        -0.06488579950679446,
        0.13490375967000096,
        0.04458654918147419,
        0.03246057270714004,
        -0.00020932145922999967,
        0.034128465309457214,
        0.007115107331395064,
        1.4753713659675788e-05,
        0.059620857283167794,
        0.044276853234739406,
        -0.1560444178423413,
        0.07653017259386986,
        0.16239336391356404,
        -1.220326616245028e-05,
        0.13547991462950718,
        0.018894529086230565,
        -0.035421555836090156,
        -0.04700064560267885,
        0.02163555770777386,
        -0.0008437177494100626,
        0.02317925532153253,
        0.02960051077956241,
        0.125969846455721,
        -0.05795969258780854,
        -0.06892909759836374,
        -0.04961629255218587,
        -7.234202916290124e-05,
        0.0499488975570788,
        0.0468692358080562,
        0.04810989768693651,
        0.12362370484186343,
        -0.00047300113800150803,
        -0.08173031971559647,
        -0.0002271520358908593,
        -0.0002758882911154236,
        0.024736767895727714,
        0.06320098850976105,
        -0.08066688390918901,
        -0.0009952156212875967,
        0.024066361498648242,
        0.00016058253046131012,
        0.03938729621911127,
        0.016319501489521975,
        -0.00011345103045662386,
        0.04620165635274931,
        0.13943132324088728,
        0.02994209217014396,
        0.016834634559915566,
        -0.01900517859208112,
        -0.0008983391429312967,
        -0.0009741871292492611,
        -0.05071654917841682,
        0.04788989422687791,
        -0.0007241448834972401,
        0.04288569935565788,
        0.07323234877561084,
        -0.04364576850586203,
        0.052110559438215714,
        0.0002784640383251269,
        -0.0755726586253874,
        0.02535183558915259,
        0.0025094736970857727,
        0.06212998102324043,
        0.09383847803179296,
        -0.037385066498526326,
        0.04989577474045695,
        0.10381733655120572,
        0.06989158456642837,
        0.08715692024403761,
        0.080148688041994,
        0.08508329731601876,
        0.0554567219194198,
        0.0676449077784531,
        -0.00027344924784709077,
        0.035501382508674344,
        0.07924031449649582,
        1.5945423585319446e-05,
        0.04637417396484564,
        -0.0006521607127286735,
        0.07818258351744395,
        0.09768670035585808,
        0.07217738891449592,
        0.07616186395993234,
        0.03815117998453732,
        0.04617418805163563,
        0.11400902611034196,
        -0.0006165038347293803,
        0.08150863931247475,
        0.0001624862306979051,
        0.02454275844578719,
        0.05240213208779701,
