{
    "Calculated Minimum Energy [norm, row]": [
        0.0004393610508995026,
        -2.2310810684734665
    ],
    "Corresponding loss function": -0.005885106946489964,
    "Solution for Minimum Energy": [
        1.0,
        1.0,
        -1.0,
        -1.0,
        1.0,
        1.0,
        1.0,
        1.0,
        1.0,
        -1.0,
        -1.0,
        1.0,
        1.0,
        1.0,
        1.0,
        -1.0,
        1.0,
        1.0,
        -1.0,
        -1.0,
        1.0,
        1.0,
        1.0,
        1.0,
        1.0,
        1.0,
        1.0,
        -1.0,
        1.0,
        -1.0,
        1.0,
        1.0,
        1.0,
        -1.0,
        -1.0,
        1.0,
        1.0,
        1.0,
        -1.0,
        -1.0,
        1.0,
        1.0,
        1.0,
        1.0,
        1.0,
        1.0,
        1.0,
        1.0,
        1.0,
        1.0,
        1.0,
        1.0,
        -1.0,
        1.0,
        1.0,
        -1.0,
        1.0,
        1.0,
        1.0,
        1.0,
        1.0,
        1.0,
        1.0,
        -1.0,
        1.0,
        1.0,
        1.0,
        1.0,
        1.0,
        1.0,
        1.0,
        1.0,
        1.0,
        -1.0,
        -1.0,
        1.0,
        1.0,
        1.0,
        -1.0,
        1.0,
        1.0,
        -1.0,
        1.0,
        -1.0,
        1.0,
        -1.0,
        1.0,
        1.0,
        1.0,
        1.0,
        1.0,
        1.0,
        1.0,
        1.0,
        -1.0,
        1.0,
        1.0,
        1.0,
        1.0,
        1.0,
        1.0,
        1.0,
        1.0,
        1.0,
        1.0,
        1.0,
        -1.0,
        1.0,
        -1.0,
        -1.0,
        1.0,
        -1.0,
        1.0,
        1.0,
        1.0,
        1.0,
        1.0,
        -1.0,
        1.0,
        1.0,
        -1.0,
        -1.0,
        1.0,
        1.0,
        -1.0,
        1.0,
        1.0,
        1.0,
        1.0,
        1.0,
        -1.0,
        1.0,
        -1.0,
        1.0,
        1.0,
        1.0,
        1.0,
        1.0,
        1.0,
        1.0,
        1.0,
        1.0,
        1.0,
        1.0,
        1.0,
        1.0,
        -1.0,
        -1.0,
        -1.0,
        1.0,
        1.0,
        1.0,
        1.0,
        1.0,
        -1.0,
        -1.0,
        1.0,
        1.0,
        1.0,
        1.0,
        1.0,
        1.0,
        1.0,
        1.0,
        1.0,
        1.0,
        1.0,
        1.0,
        -1.0,
        -1.0,
        -1.0,
        1.0,
        1.0,
        1.0,
        1.0,
        1.0,
        -1.0,
        1.0,
        -1.0,
        1.0,
        1.0,
        1.0,
        -1.0,
        -1.0,
        -1.0,
        1.0,
        -1.0,
        1.0,
        1.0,
        1.0,
        1.0,
        1.0,
        1.0,
        1.0,
        -1.0,
        1.0,
        1.0,
        1.0,
        1.0,
        -1.0,
        -1.0,
        1.0,
        1.0,
        -1.0,
        -1.0,
        1.0,
        1.0,
        -1.0,
        1.0,
        -1.0
    ],
    "Corresponding exp value": [
        0.16801509598463837,
        0.04074774429749051,
        -0.01736497185889002,
        -0.020569482872710765,
        0.008394306080688346,
        0.10351353687906883,
        0.03214135697362841,
        0.016521398590275446,
        0.1039457713297942,
        -0.013545238233793819,
        -0.027952270269337234,
        0.07402396283340577,
        0.041783824829310756,
        0.05469715549604638,
        0.013386091328800047,
        -0.0362141996565263,
        0.08383536140248439,
        0.03933732652238803,
        -0.024178974727038352,
        -0.03703429924664719,
        0.017943188391245993,
        0.03089764926788159,
        0.06580092888686058,
        0.05219015392248273,
        0.010618044610361727,
        0.010939572042773078,
        0.058201921871763124,
        -0.014017494447518625,
        0.10504340909140514,
        -0.03007031742541233,
        0.15736238511012085,
        0.03189180331671788,
        0.14271453098787548,
        -0.015568564590241099,
        -0.04196060474187259,
        0.05794246822177131,
        0.03570135691086436,
        0.02645950073592178,
        -0.022649354971522054,
        -0.05337630015791156,
        0.10517828383194486,
        0.04643844955683202,
        0.11432176028273344,
        0.07706786473472005,
        0.09521801480609453,
        0.0218322609962031,
        0.005354507091344253,
        0.05559507381716201,
        0.023037814617952602,
        0.061652032290348394,
        0.08932645948246196,
        0.03285400680854601,
        -0.0584586793520975,
        0.12756012863502536,
        0.06265762438592334,
        -0.09572883239085554,
        0.09150044905857407,
        0.050694853031017034,
        0.07024131536653748,
        0.03300976202789919,
        0.10605003098954638,
        0.10025825591021331,
        0.10420034817791364,
        -0.08045602680605149,
        0.03856426536860115,
        0.08910168226475694,
        0.09382425029217122,
        0.019121047366387086,
        0.08978087333620914,
        0.030734877185358063,
        0.042441161520632764,
        0.04663780559425887,
        0.019081595761690197,
        -0.01285163123812883,
        -0.015172237848306305,
        0.011903587387682536,
        0.09732737242608677,
        0.08252641849959234,
        -0.02728552826924515,
        0.039075930099652115,
        0.009280235310256702,
        -0.05691894856893643,
        0.08413699902353058,
        -0.054197803249906355,
        0.05915462372186114,
        -0.12027456637470156,
        0.05401489144654725,
        0.05614251162962238,
        0.07574413765695517,
        0.13794701692180844,
        0.04950887644127119,
        0.21872906141368254,
        0.07427697920043756,
        0.0327927612994747,
        -0.010368904431929492,
        0.10320161003144274,
        0.11721224026114334,
        0.12442073794588057,
        0.06394475110603809,
        0.12996500678822037,
        0.14114158176198832,
        0.023122964198731326,
        0.03453255602792598,
        0.06692243739185642,
        0.04327070243415622,
        0.059270662993934214,
        -0.02383010178995658,
        0.012757171073651782,
        -0.09692621494846423,
        -0.019951339159215105,
        0.09622567561588667,
        -0.12486391500255878,
        0.11686045530976193,
        0.0816037142014761,
        0.030261284349984454,
        0.04766141331877839,
        0.03241961991254581,
        -0.031178125575215813,
        0.0002946331676665278,
        0.008814978312512968,
        -0.020674322808966514,
        -0.026535691781891364,
        0.03311647781477612,
        0.042773514548221606,
        -0.07057417900560721,
        0.05074101495936782,
        0.038592588813380055,
        0.1829105192563212,
        0.15104422513581162,
        0.018994362489541994,
        -0.002565480712873016,
        0.016788347384389463,
        -0.029398880933298066,
        0.04197273824307934,
        0.08915925313273544,
        0.10396989361697763,
        0.05791372319752241,
        0.022395396789909556,
        0.055993135687580346,
        0.09763316920080026,
        0.07980841066224773,
        0.1088024308507851,
        0.07399107396339825,
        0.20309630596517336,
        0.061273897527683155,
        0.018561160456846852,
        -0.024385048176626584,
        -0.004253109384993664,
        -0.061292316926210705,
        0.022469708517427543,
        0.01661632533992163,
        0.019529609091126485,
        0.13889333330987205,
        0.020942618152803634,
        -0.05366957933118309,
        -0.1050587052188198,
        0.013749242228281855,
        0.11746167967586821,
        0.07440286297575599,
        0.05777843451343405,
        0.08144423565440843,
        0.1008255692549423,
        0.16198194819055098,
        0.02450521201483267,
        0.047930805032013836,
        0.015745780661276746,
        0.022304346478090223,
        0.013901536651507198,
