{
    "Calculated Minimum Energy [norm, row]": [
        0.00047909486698289797,
        -2.230471814381745
    ],
    "Corresponding loss function": 0.011779689759721828,
    "Solution for Minimum Energy": [
        1.0,
        1.0,
        1.0,
        1.0,
        1.0,
        -1.0,
        1.0,
        1.0,
        -1.0,
        1.0,
        -1.0,
        1.0,
        1.0,
        -1.0,
        1.0,
        1.0,
        1.0,
        1.0,
        1.0,
        -1.0,
        1.0,
        1.0,
        1.0,
        -1.0,
        1.0,
        1.0,
        1.0,
        1.0,
        -1.0,
        -1.0,
        1.0,
        -1.0,
        -1.0,
        1.0,
        -1.0,
        1.0,
        1.0,
        1.0,
        1.0,
        -1.0,
        1.0,
        1.0,
        1.0,
        -1.0,
        -1.0,
        1.0,
        1.0,
        1.0,
        1.0,
        1.0,
        -1.0,
        1.0,
        1.0,
        1.0,
        -1.0,
        -1.0,
        1.0,
        -1.0,
        -1.0,
        1.0,
        1.0,
        -1.0,
        1.0,
        -1.0,
        -1.0,
        1.0,
        -1.0,
        1.0,
        -1.0,
        1.0,
        -1.0,
        1.0,
        1.0,
        1.0,
        1.0,
        -1.0,
        1.0,
        1.0,
        1.0,
        1.0,
        -1.0,
        -1.0,
        -1.0,
        1.0,
        1.0,
        1.0,
        1.0,
        1.0,
        1.0,
        1.0,
        1.0,
        -1.0,
        -1.0,
        1.0,
        -1.0,
        1.0,
        1.0,
        1.0,
        1.0,
        -1.0,
        -1.0,
        -1.0,
        1.0,
        -1.0,
        1.0,
        1.0,
        -1.0,
        -1.0,
        1.0,
        -1.0,
        1.0,
        1.0,
        -1.0,
        1.0,
        -1.0,
        1.0,
        1.0,
        1.0,
        1.0,
        1.0,
        1.0,
        -1.0,
        1.0,
        -1.0,
        -1.0,
        1.0,
        1.0,
        1.0,
        1.0,
        1.0,
        1.0,
        1.0,
        1.0,
        -1.0,
        1.0,
        1.0,
        1.0,
        -1.0,
        1.0,
        1.0,
        1.0,
        1.0,
        1.0,
        -1.0,
        1.0,
        1.0,
        1.0,
        1.0,
        1.0,
        1.0,
        -1.0,
        1.0,
        1.0,
        1.0,
        1.0,
        1.0,
        1.0,
        1.0,
        1.0,
        1.0,
        1.0,
        1.0,
        1.0,
        -1.0,
        -1.0,
        1.0,
        1.0,
        1.0,
        1.0,
        1.0,
        -1.0,
        1.0,
        1.0,
        1.0,
        1.0,
        1.0,
        1.0,
        1.0,
        1.0,
        1.0,
        1.0,
        -1.0,
        -1.0,
        1.0,
        1.0,
        1.0,
        -1.0,
        1.0,
        1.0,
        -1.0,
        -1.0,
        1.0,
        -1.0,
        1.0,
        1.0,
        1.0,
        -1.0,
        1.0,
        1.0,
        -1.0,
        1.0,
        -1.0,
        1.0,
        1.0,
        -1.0,
        1.0,
        -1.0,
        -1.0,
        -1.0,
        1.0
    ],
    "Corresponding exp value": [
        0.06488723254151318,
        0.03168442459700003,
        0.02237594432510187,
        0.0902532596846576,
        0.0007565846951502466,
        -0.03406270958854812,
        0.016028827272053237,
        0.09181220010149498,
        -0.05916836928889461,
        0.039118867920962905,
        -0.0017803167387246575,
        0.03378937434005273,
        0.12191932728153436,
        -0.0681879053390337,
        0.0826164795883819,
        0.05209588106335974,
        0.024730783602034283,
        0.06983777792495023,
        0.052934172557459656,
        -0.002454620246673307,
        0.026283774030795105,
        0.04444009903590736,
        0.05133014447913645,
        -0.11204432887795904,
        0.027333797935644583,
        0.10707245006739467,
        0.04322677416270982,
        0.05607516884399024,
        -0.05537933536394005,
        -0.0018667022214235883,
        0.050236772772232464,
        -0.09967829590721465,
        -0.001506259372289708,
        0.017762121486379852,
        -0.0861619431792948,
        0.07093942961516257,
        0.029352421380013045,
        0.019992012031374136,
        0.07886651600832396,
        -0.02964318546570325,
        0.04144712278621699,
        0.022682656587619192,
        0.02215932456433701,
        -0.10676476131230499,
        -0.09910103083061915,
        -0.0007743497747039578,
        0.025861260572126045,
        0.023067963562074828,
        0.060943485510263115,
        0.04179384275887162,
        -0.06399251574233848,
        0.052340225773559894,
        0.0013946198648935855,
        -0.0005131069893696445,
        -0.09333322295552963,
        -0.09516769197810432,
        0.041246254154563296,
        -0.137865870036045,
        -0.030977000821870194,
        0.0036357016884556274,
        0.07653758443684248,
        -0.0023295220928913367,
        0.02526173653107109,
        -0.08237376236217063,
        -0.10279979634837315,
        0.03862192979474342,
        -0.1795426315132069,
        0.10563089208815617,
        -0.0014514008957923511,
        0.012842633450447378,
        -0.0018950228155702126,
        0.01298597463528472,
        0.04974077321387599,
        0.07135087450681334,
        0.03535698115123122,
        -0.038281418688245854,
        0.05056716529420867,
        0.045369376770833754,
        0.09469641806217344,
        0.05885617423211603,
        -0.05261234720364788,
        -0.1149157310301785,
        -0.10928672589609466,
        0.1338477981319577,
        0.09378810917946763,
        0.08694542733549132,
        0.11229097584385987,
        0.039929766486047714,
        0.048059793610142565,
        0.06364648131706045,
        0.021104492375721852,
        -0.06336939612186776,
        -0.06208458556835021,
        0.040866617386621326,
        -0.07119970172816127,
        0.08488246474415335,
        0.0002839784367260938,
        0.11789898790697541,
        0.07053414761424517,
        -0.0019021554706929347,
        -0.09034595253869615,
        -0.03462353071705518,
        0.06550142194723964,
        -0.002101453382265875,
        0.0610904991244623,
        0.0266619188576645,
        -0.09655116815191099,
        -0.08234153484579836,
        0.035691680929798394,
        -0.06281515368564324,
        0.0638522772445658,
        0.04915760965637619,
        -0.1545811081267819,
        -0.0006717949545423443,
        -0.0655794258811741,
        0.061262194718624596,
        0.04099038567588176,
        0.060094020659199665,
        0.0759050968717034,
        0.0581985643052208,
        0.17485238611647455,
        -0.004275857327858945,
        0.09777109447355932,
        -0.002968498848102904,
        -0.08044118084052672,
        0.05187802943529263,
        0.061927478732894406,
        0.0021314860139385423,
        0.048609447182640896,
        0.08374748679550871,
        0.05924616218869075,
        0.015710875260090608,
        0.021345425037675687,
        -0.08983836541656993,
        0.019481325255677313,
        0.0688430507948076,
        0.025567964861928597,
        -0.12905824747486827,
        0.09035673299130796,
        0.022137932033221938,
        0.055249154637554185,
        0.21814642154846803,
        -0.0011860071910317778,
        -0.06935721644747737,
        0.05775121979033511,
        0.05782659603310861,
        0.08561478514556461,
        0.05450774366897209,
        -0.00039666684659798307,
        0.08126221473346565,
        -0.03994118615492099,
        0.10234932063972084,
        0.01824071712182665,
        0.014114607137132688,
        0.10082019217358044,
        0.06832889398196298,
        0.059510392854428454,
        0.04873014717165981,
        0.0944478612390565,
        0.0658478066863233,
        -0.0008446681945435564,
        0.03874278082748806,
        0.15424740877388843,
        -0.04714342626795192,
        -0.03529482059400273,
        0.07229936380229468,
        0.06831801853100061,
