{
    "Calculated Minimum Energy [norm, row]": [
        0.0002570407291989905,
        -2.2338766570413227
    ],
    "Corresponding loss function": 0.006297239056151303,
    "Solution for Minimum Energy": [
        1.0,
        -1.0,
        -1.0,
        1.0,
        1.0,
        1.0,
        1.0,
        1.0,
        -1.0,
        -1.0,
        -1.0,
        1.0,
        -1.0,
        1.0,
        1.0,
        1.0,
        1.0,
        1.0,
        1.0,
        -1.0,
        1.0,
        -1.0,
        1.0,
        1.0,
        1.0,
        1.0,
        1.0,
        1.0,
        1.0,
        1.0,
        1.0,
        1.0,
        1.0,
        -1.0,
        -1.0,
        1.0,
        1.0,
        -1.0,
        1.0,
        -1.0,
        1.0,
        1.0,
        1.0,
        -1.0,
        1.0,
        1.0,
        1.0,
        -1.0,
        1.0,
        -1.0,
        1.0,
        1.0,
        1.0,
        1.0,
        1.0,
        1.0,
        1.0,
        1.0,
        -1.0,
        1.0,
        1.0,
        1.0,
        1.0,
        1.0,
        1.0,
        -1.0,
        -1.0,
        1.0,
        1.0,
        1.0,
        1.0,
        1.0,
        1.0,
        1.0,
        1.0,
        -1.0,
        -1.0,
        1.0,
        1.0,
        1.0,
        1.0,
        1.0,
        1.0,
        -1.0,
        -1.0,
        1.0,
        1.0,
        -1.0,
        1.0,
        1.0,
        1.0,
        1.0,
        1.0,
        1.0,
        -1.0,
        1.0,
        -1.0,
        1.0,
        1.0,
        1.0,
        -1.0,
        1.0,
        1.0,
        1.0,
        1.0,
        -1.0,
        -1.0,
        -1.0,
        -1.0,
        -1.0,
        1.0,
        -1.0,
        1.0,
        1.0,
        -1.0,
        1.0,
        1.0,
        -1.0,
        1.0,
        1.0,
        1.0,
        1.0,
        1.0,
        1.0,
        1.0,
        1.0,
        1.0,
        -1.0,
        1.0,
        1.0,
        1.0,
        1.0,
        1.0,
        1.0,
        1.0,
        1.0,
        1.0,
        1.0,
        1.0,
        1.0,
        1.0,
        1.0,
        -1.0,
        1.0,
        1.0,
        1.0,
        -1.0,
        1.0,
        -1.0,
        -1.0,
        1.0,
        -1.0,
        1.0,
        -1.0,
        1.0,
        -1.0,
        1.0,
        1.0,
        1.0,
        -1.0,
        1.0,
        1.0,
        1.0,
        -1.0,
        -1.0,
        1.0,
        1.0,
        1.0,
        -1.0,
        -1.0,
        1.0,
        1.0,
        1.0,
        1.0,
        1.0,
        1.0,
        1.0,
        1.0,
        1.0,
        1.0,
        -1.0,
        1.0,
        1.0,
        -1.0,
        1.0,
        1.0,
        1.0,
        1.0,
        1.0,
        -1.0,
        -1.0,
        1.0,
        1.0,
        1.0,
        -1.0,
        -1.0,
        1.0,
        1.0,
        -1.0,
        1.0,
        1.0,
        1.0,
        1.0,
        1.0,
        -1.0,
        1.0,
        1.0,
        -1.0,
        -1.0,
        -1.0
    ],
    "Corresponding exp value": [
        0.016831163450574317,
        -0.07050253982931343,
        -0.0245845557848119,
        0.030118427938442927,
        0.07806003282725596,
        0.059854295844111394,
        0.03301434045459736,
        0.00023889401491456602,
        -0.008524117311736669,
        -0.05682258900741553,
        -0.17913081551568175,
        0.09682579988429896,
        -0.02400924491041438,
        0.0559233345780675,
        0.08919879144339572,
        0.019673395572175508,
        0.027382347569593266,
        0.020244585673574858,
        0.11438571966353825,
        -0.10385185299736185,
        0.055637000709558654,
        -0.0769784056287123,
        0.03179641958031883,
        0.05532880506226591,
        0.045885966776332346,
        0.0010439252698312175,
        0.08913941069715307,
        5.231840224978121e-05,
        0.016063984181455587,
        0.06829329828569021,
        0.06226829566947832,
        0.042280297366768096,
        0.0370481732658845,
        -0.04009153123713892,
        -0.08473537039878362,
        0.009193040975298727,
        0.07192687650669058,
        -0.026004650559314817,
        0.051221925067313614,
        -0.05975043640432255,
        0.026197506422177236,
        0.1019842844588715,
        0.046250680280729484,
        -0.026057765534193863,
        0.03371752273255048,
        0.045787590338664155,
        0.039445969794705084,
        -0.12267632741546022,
        0.01820158280046429,
        -0.14324756346267484,
        0.08924979135774905,
        0.0028921168429940705,
        0.016889632714441875,
        0.057273242554406356,
        0.03560507790454387,
        0.015075270933212245,
        0.10988846515691544,
        0.018670476158828584,
        -0.015983392892064265,
        0.15096385183279795,
        0.04390587307731,
        0.02628869042488779,
        0.01708579713002607,
        0.00040947810885032243,
        0.05496229662290822,
        -0.06276903858953527,
        -0.04494756478350195,
        0.02547793440393236,
        0.21612155941017872,
        0.022654304562985388,
        0.00036759767005515535,
        0.016289413602470645,
        0.054237921843381665,
        0.15055362260937025,
        0.01603708805430263,
        -0.034118990629363924,
        -0.09810207894692699,
        0.0669028449869998,
        0.08235282128666768,
        0.02400103013598101,
        0.023281840227402574,
        0.003000728699627319,
        0.015176147300454778,
        -0.09859436216961855,
        -0.034676306103614246,
        0.03070277633871179,
        0.12951741899220237,
        -0.04321125438582354,
        0.06493909138471647,
        0.11486814141337306,
        0.01714103669177634,
        0.07561249438534381,
        0.019907679817425618,
        0.05358563171293957,
        -0.0012340649318877766,
        0.20649249348701124,
        -0.021374597536955968,
        0.16650607861210162,
        0.13766011898888997,
        0.00016954239794337612,
        -0.02482768881919285,
        0.028896267913203547,
        0.057538358081764156,
        0.11213172873573737,
        0.029586759363920488,
        -0.05059137696609343,
        -0.019794247861149285,
        -0.12324921718358031,
        -0.09150921882516586,
        -0.11189754510755875,
        0.022274032926834088,
        -0.0037007096117897273,
        0.05978070194894541,
        0.025063888303166398,
        -0.033073141843103206,
        0.0006300685949836413,
        0.058119166555458304,
        -0.04523816021337144,
        0.003835895784944718,
        0.053532531264161944,
        0.0134913955461484,
        0.0529945095540894,
        0.047249122189108754,
        0.031937053598573836,
        0.03064672503260865,
        0.012332116875343626,
        0.009902773032788364,
        -0.016370943679712025,
        0.030393518550532888,
        0.10019209675773945,
        0.12326652326711302,
        0.08213848035636642,
        0.08711504771290639,
        0.09138822284638186,
        0.0009501267741345246,
        0.036929996837189435,
        0.023301093858312968,
        0.027135723305760553,
        0.061634373685835596,
        0.058904919827798545,
        0.026453068881694984,
        0.0013226667881279142,
        -0.12822201791235538,
        0.03209702542204281,
        0.007639714624105428,
        0.05702976177415619,
        -0.000666999891772771,
        0.0250469993916234,
        -0.028737512137454544,
        -0.04751777557862594,
        0.02215031402595294,
        -0.06974500728345633,
        0.10300172650162022,
        -0.0475825698450321,
        0.04596104929438469,
        -0.13170501012395142,
        0.07103745420909685,
        0.0017620380199371362,
        0.001831205647600336,
        -0.08293525579074215,
        0.11718662783617911,
        0.07295454379320016,
        0.08721775857239539,
        -0.0959649328699182,
        -0.02821208657605028,
        0.029194377715855792,
