{
    "Calculated Minimum Energy [norm, row]": [
        0.00018813887568572968,
        -2.234933156021739
    ],
    "Corresponding loss function": 0.006111217681286803,
    "Solution for Minimum Energy": [
        -1.0,
        1.0,
        1.0,
        1.0,
        1.0,
        -1.0,
        -1.0,
        1.0,
        -1.0,
        -1.0,
        1.0,
        1.0,
        1.0,
        1.0,
        1.0,
        1.0,
        1.0,
        1.0,
        1.0,
        1.0,
        1.0,
        1.0,
        1.0,
        1.0,
        -1.0,
        1.0,
        1.0,
        1.0,
        -1.0,
        -1.0,
        1.0,
        1.0,
        1.0,
        -1.0,
        1.0,
        1.0,
        1.0,
        1.0,
        1.0,
        1.0,
        1.0,
        1.0,
        1.0,
        1.0,
        1.0,
        -1.0,
        1.0,
        1.0,
        -1.0,
        1.0,
        1.0,
        1.0,
        1.0,
        1.0,
        1.0,
        1.0,
        -1.0,
        1.0,
        1.0,
        1.0,
        1.0,
        -1.0,
        1.0,
        1.0,
        1.0,
        -1.0,
        -1.0,
        1.0,
        1.0,
        1.0,
        1.0,
        1.0,
        1.0,
        -1.0,
        -1.0,
        1.0,
        -1.0,
        1.0,
        1.0,
        1.0,
        1.0,
        1.0,
        1.0,
        -1.0,
        1.0,
        1.0,
        -1.0,
        1.0,
        1.0,
        1.0,
        1.0,
        1.0,
        -1.0,
        1.0,
        1.0,
        1.0,
        1.0,
        -1.0,
        1.0,
        1.0,
        -1.0,
        1.0,
        1.0,
        1.0,
        -1.0,
        1.0,
        -1.0,
        1.0,
        -1.0,
        -1.0,
        1.0,
        -1.0,
        1.0,
        1.0,
        1.0,
        1.0,
        1.0,
        1.0,
        1.0,
        1.0,
        -1.0,
        1.0,
        1.0,
        1.0,
        1.0,
        1.0,
        -1.0,
        1.0,
        1.0,
        -1.0,
        -1.0,
        -1.0,
        -1.0,
        -1.0,
        1.0,
        1.0,
        1.0,
        1.0,
        -1.0,
        1.0,
        1.0,
        1.0,
        1.0,
        1.0,
        1.0,
        1.0,
        1.0,
        1.0,
        1.0,
        1.0,
        1.0,
        1.0,
        1.0,
        -1.0,
        1.0,
        1.0,
        1.0,
        1.0,
        1.0,
        -1.0,
        1.0,
        1.0,
        -1.0,
        1.0,
        1.0,
        1.0,
        1.0,
        1.0,
        1.0,
        1.0,
        1.0,
        1.0,
        1.0,
        1.0,
        1.0,
        1.0,
        1.0,
        -1.0,
        1.0,
        1.0,
        1.0,
        1.0,
        1.0,
        1.0,
        1.0,
        -1.0,
        -1.0,
        1.0,
        1.0,
        -1.0,
        1.0,
        1.0,
        1.0,
        1.0,
        1.0,
        1.0,
        -1.0,
        -1.0,
        1.0,
        -1.0,
        1.0,
        1.0,
        1.0,
        1.0,
        1.0,
        1.0,
        -1.0,
        1.0,
        1.0,
        1.0
    ],
    "Corresponding exp value": [
        -0.04803176061481054,
        0.030433997957866374,
        0.07589737975503763,
        0.0984962402992983,
        0.0635411436450143,
        -0.08602051375239628,
        -0.04039522297565286,
        0.016305437558112323,
        -0.05416020980989124,
        -0.10815456019018366,
        0.09930311459040805,
        0.0902292113573176,
        0.03659284522092428,
        0.09809595519213485,
        -0.0006448290646188398,
        0.04389741541844122,
        0.021834712189638582,
        0.07049864143249604,
        0.10480915191029752,
        -0.0002662092140255936,
        0.14275434317169686,
        0.030414229808472044,
        0.11683369890515899,
        0.15282561582675627,
        -0.024011906291571614,
        0.062215364312549974,
        0.030852745200634798,
        0.08307695092597384,
        -0.011178039655932703,
        -0.03667131942702764,
        0.13255580706193612,
        0.095720798816125,
        0.04344643502122546,
        -0.06648696510426977,
        0.09429199283877285,
        0.03765227837337652,
        0.009135089151424983,
        0.00021100643806617895,
        0.04641130016317366,
        0.08213047590143113,
        0.06426511964906471,
        0.02488659369347497,
        0.0017097296549477988,
        0.031744473633259225,
        0.12297248658673254,
        -0.09883506612973608,
        -0.0004430164444791337,
        0.014479059635201416,
        -0.04555687753227523,
        0.06716491336991975,
        0.10148690944365565,
        0.1439574159669396,
        0.0960066455303554,
        0.054575980880663344,
        0.15359821477627403,
        0.0772003457078475,
        -0.1062307830678024,
        0.03634141678431935,
        0.051435484585973065,
        0.043529810324969456,
        0.0354334262116667,
        -0.08682384045993413,
        0.06311625990568637,
        0.03819395348888029,
        0.10241277929690087,
        -0.0008630293581498726,
        -0.023871633781144656,
        0.01698325506183726,
        0.0649078517169675,
        0.07070309307159864,
        0.043429396935977096,
        0.006484753723831321,
        0.020037894094574564,
        -0.06114363637066208,
        -0.07084785460159676,
        0.07242030701135455,
        -0.0014635274963561227,
        0.030354172017474236,
        0.03475023403202411,
        0.05064079547130066,
        0.08432753987264739,
        0.11127310680470442,
        0.062122306273018256,
        -0.09439290782190077,
        0.05407381294448531,
        0.03201894718080219,
        -0.05217149169443772,
        0.016226621474114054,
        0.026971991213382618,
        0.03472239104489563,
        0.07428633976469017,
        0.05096487151006888,
        -0.11684405477555655,
        0.04596369749468434,
        0.06083732739921716,
        0.004098206574465101,
        0.025965848188208043,
        -0.1427000706221093,
        0.08710266469161872,
        0.0925016339718798,
        -0.001346457191625533,
        0.04865013553408486,
        0.192976896661852,
        0.02476258313770767,
        -0.05577163949957727,
        0.0354086064487612,
        -0.07548688230948811,
        0.003083859381934929,
        -0.04417052328194914,
        -0.08969686338585935,
        0.0016559920409828502,
        -0.032507419165620575,
        0.04106321492257024,
        0.06351919398300826,
        0.053454462989723936,
        0.0014858783311224968,
        0.03259119041050709,
        0.015382172465319505,
        0.09232982385441518,
        0.07820432372943478,
        -0.001139116110817014,
        0.019860515250491186,
        0.055072123476098425,
        0.0458946078752471,
        0.12484473185633159,
        0.04503817662822732,
        -0.1002810762734437,
        0.02769325366034139,
        0.07694024976826569,
        -0.04038305362290406,
        -0.026748001590575703,
        -0.0728838583733763,
        -0.0993792664921208,
        -0.09308469425659242,
        0.0700593129845483,
        0.002762698550044511,
        0.08522902677557982,
        0.0019043110216852579,
        -0.10119135482889334,
        0.10496448886103604,
        0.06058869267876281,
        0.0006568891456148094,
        0.007820471837177689,
        0.07024467225933168,
        0.019977505261151073,
        0.05465275651597319,
        0.16348066259364225,
        0.07196251185537386,
        0.06615016529069737,
        0.004422318697565467,
        0.10654091765154967,
        0.11173310988140822,
        0.053786588888906466,
        -0.010547928814038914,
        0.04452420430316842,
        0.0680077563858452,
        0.025263702573350984,
        0.0024675573460844107,
        0.07307270007249708,
        -0.05847585855576216,
        0.11326015797305418,
        0.0026437901653593703,
        -0.0027922171658914937,
        0.1255417004556317,
        0.035295665728633435,
        0.06983039357122153,
        0.0534708941721899,
        0.14377514556020435,
