{
    "Calculated Minimum Energy [norm, row]": [
        0.00035773847495717745,
        -2.232332619249897
    ],
    "Corresponding loss function": 0.006380984668985327,
    "Solution for Minimum Energy": [
        1.0,
        1.0,
        1.0,
        1.0,
        1.0,
        -1.0,
        -1.0,
        1.0,
        1.0,
        -1.0,
        1.0,
        1.0,
        1.0,
        1.0,
        1.0,
        -1.0,
        1.0,
        1.0,
        1.0,
        1.0,
        -1.0,
        -1.0,
        -1.0,
        1.0,
        1.0,
        -1.0,
        1.0,
        1.0,
        1.0,
        1.0,
        1.0,
        1.0,
        1.0,
        -1.0,
        -1.0,
        1.0,
        1.0,
        1.0,
        1.0,
        -1.0,
        -1.0,
        -1.0,
        1.0,
        1.0,
        -1.0,
        1.0,
        -1.0,
        -1.0,
        1.0,
        1.0,
        1.0,
        -1.0,
        -1.0,
        1.0,
        1.0,
        -1.0,
        1.0,
        1.0,
        1.0,
        1.0,
        1.0,
        1.0,
        1.0,
        1.0,
        1.0,
        -1.0,
        -1.0,
        -1.0,
        1.0,
        1.0,
        1.0,
        1.0,
        1.0,
        1.0,
        -1.0,
        1.0,
        1.0,
        1.0,
        1.0,
        1.0,
        1.0,
        1.0,
        1.0,
        1.0,
        1.0,
        -1.0,
        1.0,
        1.0,
        1.0,
        -1.0,
        1.0,
        -1.0,
        1.0,
        1.0,
        1.0,
        -1.0,
        -1.0,
        1.0,
        1.0,
        -1.0,
        1.0,
        1.0,
        1.0,
        -1.0,
        1.0,
        1.0,
        1.0,
        1.0,
        -1.0,
        -1.0,
        1.0,
        -1.0,
        1.0,
        1.0,
        1.0,
        1.0,
        1.0,
        -1.0,
        1.0,
        1.0,
        1.0,
        1.0,
        1.0,
        1.0,
        1.0,
        1.0,
        1.0,
        1.0,
        1.0,
        1.0,
        -1.0,
        1.0,
        1.0,
        -1.0,
        1.0,
        -1.0,
        -1.0,
        1.0,
        1.0,
        1.0,
        1.0,
        1.0,
        1.0,
        1.0,
        1.0,
        1.0,
        1.0,
        1.0,
        1.0,
        -1.0,
        -1.0,
        1.0,
        -1.0,
        1.0,
        -1.0,
        1.0,
        1.0,
        -1.0,
        1.0,
        -1.0,
        1.0,
        1.0,
        1.0,
        -1.0,
        1.0,
        1.0,
        1.0,
        1.0,
        1.0,
        -1.0,
        1.0,
        1.0,
        1.0,
        1.0,
        1.0,
        1.0,
        1.0,
        1.0,
        1.0,
        1.0,
        -1.0,
        1.0,
        1.0,
        1.0,
        1.0,
        1.0,
        -1.0,
        1.0,
        1.0,
        1.0,
        1.0,
        1.0,
        1.0,
        1.0,
        -1.0,
        1.0,
        1.0,
        -1.0,
        1.0,
        1.0,
        1.0,
        1.0,
        1.0,
        -1.0,
        -1.0,
        1.0,
        1.0,
        1.0,
        1.0,
        1.0
    ],
    "Corresponding exp value": [
        0.11168811645849482,
        0.10445655937042689,
        0.17270407543981103,
        -4.426409327574609e-05,
        -0.001067769456725788,
        -0.002239674858430978,
        -0.06062423114806955,
        0.17187475396594015,
        0.08832907328563995,
        -0.07068464825988523,
        0.0849613739824768,
        0.10445516145816136,
        0.057951946546579695,
        0.03711337899496457,
        0.04984892678219104,
        -0.026111277034576733,
        0.16844955198976702,
        0.06338300120771534,
        0.06878293196058924,
        -0.0005062274581828273,
        -0.10887931978709012,
        -0.09985656354081318,
        -0.14540019871479587,
        0.002843241826138827,
        0.056760897133167,
        -0.0020554748571764902,
        0.03015049493077429,
        0.02820308901303612,
        0.06304155017452945,
        0.10658425067428345,
        0.07387619656534809,
        0.1039580991318028,
        0.06098661627361348,
        -0.06763386533855278,
        -0.04739411654767758,
        0.0026793780289193878,
        0.006169621198893482,
        0.13247453157760725,
        0.12852080217299638,
        -0.15410169335215007,
        -0.043334042631213814,
        -0.10214240257506382,
        0.09668325611074509,
        0.0026570627037491704,
        -0.1316910699730564,
        0.19152080450925996,
        -0.1483571920099282,
        -0.02166028774226844,
        0.047231607127059545,
        0.08029691145861118,
        0.054470129451797085,
        -0.1044614956602906,
        -0.08841217510801469,
        0.06697481355370215,
        0.042031040630470355,
        -0.13756915006534254,
        0.10739120804577106,
        0.0932931507149705,
        0.04168245897645107,
        0.021520167217924987,
        0.032723621230275855,
        0.13643739000739816,
        0.06212287189366842,
        0.0026729738784396985,
        0.07925095642878283,
        -0.12793704835570766,
        -0.08431423814538865,
        -0.05064588826198695,
        0.11377544526208329,
        0.03550810623007299,
        0.045788746193824725,
        0.06608736946672379,
        0.10753225423014356,
        0.0011692142277758117,
        -0.015060132288144864,
        0.0005672897022580038,
        0.027557980836855362,
        0.06200427934274025,
        0.008629953032729759,
        0.07271310155294039,
        0.01821749907982008,
        0.08478206781643431,
        0.08145111713589324,
        0.04676823525578368,
        0.021341016446842685,
        -0.03678163640790605,
        0.020087855444806794,
        0.049942221302675435,
        0.035925950163169136,
        -0.017660249021997317,
        0.08782314396224494,
        -0.03729379689463931,
        0.09411603061347557,
        0.01906735233026624,
        0.09126667550802013,
        -0.002988496765498937,
        -0.05667201772370439,
        0.04484285520154206,
        0.06149469787821452,
        -0.08336531121819835,
        0.001779557916568671,
        0.026186829365110194,
        0.020991814629117343,
        -0.05438994080118509,
        0.008116490706369826,
        0.01881502867602177,
        -7.453107009246229e-06,
        0.017925527310803855,
        -0.07430598325298887,
        -0.024753509194003424,
        0.07420352895697956,
        -0.019144676862288976,
        0.03524176511527525,
        0.006272890601537014,
        0.016848740137686252,
        0.032975673333150025,
        0.08678283235050427,
        -0.03010754768171868,
        0.0010472564207272828,
        0.16063691170860242,
        0.028325157256605175,
        0.018450333820598738,
        0.10889007735049502,
        0.07176694882418679,
        0.09356335070638705,
        0.017041892069920586,
        0.01671560965316398,
        0.03169494983464241,
        0.06340640240303208,
        0.05249752341764426,
        -0.07300965047464844,
        0.04846347746844484,
        0.04790863145677157,
        -0.028399140350008862,
        0.01988204297574375,
        -0.02424864932712885,
        -0.045977180950929564,
        0.028625751580323218,
        0.09272654268598568,
        0.045616681983775414,
        0.04928457831355528,
        0.09327314373816406,
        0.05161781686372318,
        0.05231979855521435,
        0.031406142917191335,
        0.08421100853882764,
        0.00893633120849847,
        0.000984370893510578,
        0.02086362233259354,
        -0.03539051072477483,
        -0.049417877816001966,
        0.03416306380048454,
        -0.005888767376507008,
        0.05451087457127079,
        -0.03578423387639762,
        0.07716673454608802,
        0.061132758870586605,
        -0.05769815049042858,
        0.030428514914993595,
        -0.009665640481498263,
        0.05308040689339833,
        0.03994672770945378,
        0.11056030792441122,
        -0.02243611966831465,
        0.020413958698364272,
        0.0248149701405914,
        0.06962829582085184,
