{
    "Calculated Minimum Energy [norm, row]": [
        0.00012528827044652974,
        -2.2358968688533682
    ],
    "Corresponding loss function": 0.0001260395089542373,
    "Solution for Minimum Energy": [
        1.0,
        1.0,
        -1.0,
        1.0,
        1.0,
        -1.0,
        1.0,
        -1.0,
        -1.0,
        1.0,
        1.0,
        1.0,
        1.0,
        -1.0,
        1.0,
        1.0,
        1.0,
        1.0,
        1.0,
        1.0,
        1.0,
        1.0,
        1.0,
        1.0,
        -1.0,
        1.0,
        1.0,
        1.0,
        -1.0,
        -1.0,
        1.0,
        1.0,
        1.0,
        1.0,
        1.0,
        1.0,
        1.0,
        1.0,
        1.0,
        1.0,
        1.0,
        1.0,
        1.0,
        -1.0,
        1.0,
        -1.0,
        1.0,
        1.0,
        -1.0,
        1.0,
        1.0,
        1.0,
        1.0,
        1.0,
        1.0,
        1.0,
        -1.0,
        1.0,
        1.0,
        1.0,
        1.0,
        1.0,
        1.0,
        1.0,
        1.0,
        1.0,
        1.0,
        -1.0,
        1.0,
        1.0,
        -1.0,
        1.0,
        1.0,
        1.0,
        -1.0,
        1.0,
        -1.0,
        1.0,
        -1.0,
        1.0,
        1.0,
        1.0,
        -1.0,
        -1.0,
        1.0,
        1.0,
        -1.0,
        1.0,
        1.0,
        1.0,
        1.0,
        1.0,
        -1.0,
        1.0,
        1.0,
        1.0,
        -1.0,
        1.0,
        1.0,
        1.0,
        1.0,
        1.0,
        1.0,
        1.0,
        -1.0,
        1.0,
        -1.0,
        1.0,
        1.0,
        1.0,
        -1.0,
        -1.0,
        1.0,
        -1.0,
        1.0,
        -1.0,
        1.0,
        -1.0,
        1.0,
        1.0,
        -1.0,
        1.0,
        1.0,
        1.0,
        1.0,
        1.0,
        -1.0,
        1.0,
        1.0,
        1.0,
        1.0,
        -1.0,
        1.0,
        1.0,
        1.0,
        1.0,
        1.0,
        1.0,
        -1.0,
        1.0,
        1.0,
        1.0,
        1.0,
        1.0,
        1.0,
        1.0,
        1.0,
        1.0,
        1.0,
        1.0,
        1.0,
        1.0,
        1.0,
        1.0,
        1.0,
        1.0,
        1.0,
        1.0,
        1.0,
        1.0,
        1.0,
        1.0,
        1.0,
        1.0,
        1.0,
        1.0,
        -1.0,
        1.0,
        1.0,
        1.0,
        1.0,
        1.0,
        1.0,
        1.0,
        1.0,
        1.0,
        1.0,
        1.0,
        1.0,
        1.0,
        -1.0,
        1.0,
        1.0,
        1.0,
        1.0,
        1.0,
        1.0,
        1.0,
        1.0,
        1.0,
        1.0,
        1.0,
        1.0,
        1.0,
        1.0,
        1.0,
        1.0,
        1.0,
        1.0,
        1.0,
        1.0,
        1.0,
        1.0,
        1.0,
        1.0,
        1.0,
        1.0,
        1.0,
        1.0,
        1.0
    ],
    "Corresponding exp value": [
        0.02516366153329652,
        0.0410116693706651,
        -0.03145009449827162,
        0.03683831977146471,
        0.029170362078422777,
        -0.041404794894616924,
        0.09501795084606153,
        -0.050298926991829813,
        -0.011145453862798572,
        0.06035171019123386,
        0.02833276969636974,
        0.17827101651889865,
        0.03742065043109221,
        -0.016391009338568897,
        0.04169996284549259,
        0.12968886703708396,
        0.0032749706783928387,
        0.08573829923855698,
        0.05195465165366233,
        0.05528174827794539,
        0.13983746322123108,
        0.025180255111954264,
        0.03049121330589467,
        0.07795920044588019,
        -0.028715756872726598,
        0.15652657048372104,
        0.04574896403572858,
        0.14434996482557,
        -0.030111928780659613,
        -0.05845457651155964,
        0.10589864499924022,
        0.07728796068711964,
        0.09317396252681641,
        0.12545551859887719,
        0.09518826335140342,
        0.11105970004205463,
        0.08214160877369449,
        0.003584820142214066,
        0.11917667343549197,
        0.17383445601735836,
        0.05045796734534531,
        0.04333636860259018,
        0.15361443424123516,
        -0.07034703555933504,
        0.11040656959730531,
        -0.03648443133059898,
        0.06576316646358366,
        0.05517326624377595,
        -0.08459592417250704,
        0.09110023497853582,
        0.09150806072016986,
        0.024083768494320378,
        0.1479756215792557,
        0.05275031645904863,
        0.17814653877394598,
        0.11723041048510933,
        -0.026858081251220692,
        0.04889305914365088,
        0.06854055699913315,
        0.11421556706513568,
        0.06942098705770738,
        0.027785646576710187,
        0.047007082395574946,
        0.21209099405441745,
        0.043935919516636925,
        0.11818408633835778,
        0.10936081069018012,
        -0.0246589476080212,
        0.0721229089105221,
        0.02825898277886555,
        -0.030567717797197202,
        0.043280915694968926,
        0.08214013022081777,
        0.015432971900266566,
        -0.023521223755458155,
        0.03706252942277974,
        -0.012032093580018761,
        0.06564514155848845,
        -0.05983939021879095,
        0.058043400951845237,
        0.03360376464383667,
        0.026534467201801002,
        -0.046928454277263706,
        -0.07222365833900872,
        0.017296029535118537,
        0.09237787718582786,
        -0.08826864870297157,
        0.04161535938614797,
        0.07702432735476777,
        0.0372432163804776,
        0.16275964483039904,
        0.03182375309919987,
        -0.020164248817267177,
        0.05286596831229166,
        0.017494489831602983,
        0.07494381619237353,
        -0.0009592452697197293,
        0.04144432871407467,
        0.0760572533973222,
        0.05135819961917883,
        0.06035265029632843,
        0.04701638658770841,
        0.12583267101963305,
        0.01875129251571378,
        -0.07394046251007291,
        0.08467647078372849,
        -0.1302874551629772,
        0.02754945588217534,
        0.09125178560327636,
        0.02494230847255654,
        -0.11684844968406369,
        -0.02227410631919671,
        0.04135269250343851,
        -0.0323377261058811,
        0.13054403766785758,
        -0.14355709769240266,
        0.019934871211389087,
        -0.05535145241163659,
        0.14018930311191383,
        0.23496885519362495,
        -0.04525052768475511,
        0.0805303994096385,
        0.04192327835369192,
        0.10974212433705434,
        0.02319292199804398,
        0.023061832554022447,
        -0.0856870240396301,
        0.11005708274836133,
        0.11628382054715405,
        0.15825203714718405,
        0.09319251782349644,
        -0.05316668252397258,
        0.03662362280825471,
        0.14425123628203768,
        0.08172745399167605,
        0.053251669222238805,
        0.05481390079089697,
        0.027153801661617273,
        -0.11857465556065946,
        0.08242759063481991,
        0.10608924452508277,
        0.04111244755196509,
        0.03714364293380922,
        0.1275680820195273,
        0.06818086123656768,
        0.08552574818277235,
        0.14587969421440977,
        0.021575661638234916,
        0.17845218171232857,
        0.09701615773471386,
        0.17893702517736892,
        0.15370953944436397,
        0.03684308804495236,
        0.07255291888710105,
        0.05640503491855641,
        0.13272468819656036,
        0.0704464198690987,
        0.08237053753086823,
        0.034277427291812386,
        0.15756849382261315,
        0.08304276945413312,
        0.04688873808331061,
        0.09723696623406498,
        0.04150156967741388,
        0.11650973992359966,
        0.13134988968690725,
        -0.04680888239713999,
        0.1532290260446901,
        0.05871570302829042,
        0.04178611656270775,
