{
    "Calculated Minimum Energy [norm, row]": [
        0.0004570183816124172,
        -2.230810321738163
    ],
    "Corresponding loss function": 0.006337351364880958,
    "Solution for Minimum Energy": [
        1.0,
        1.0,
        1.0,
        1.0,
        -1.0,
        1.0,
        1.0,
        -1.0,
        1.0,
        1.0,
        -1.0,
        1.0,
        1.0,
        1.0,
        -1.0,
        -1.0,
        1.0,
        -1.0,
        1.0,
        -1.0,
        1.0,
        1.0,
        1.0,
        1.0,
        1.0,
        1.0,
        1.0,
        1.0,
        -1.0,
        -1.0,
        1.0,
        1.0,
        -1.0,
        1.0,
        1.0,
        -1.0,
        1.0,
        1.0,
        1.0,
        1.0,
        -1.0,
        1.0,
        1.0,
        -1.0,
        1.0,
        1.0,
        1.0,
        -1.0,
        1.0,
        1.0,
        1.0,
        1.0,
        1.0,
        1.0,
        1.0,
        1.0,
        1.0,
        1.0,
        -1.0,
        1.0,
        1.0,
        1.0,
        1.0,
        1.0,
        1.0,
        1.0,
        1.0,
        -1.0,
        -1.0,
        1.0,
        -1.0,
        1.0,
        -1.0,
        1.0,
        1.0,
        1.0,
        1.0,
        1.0,
        1.0,
        -1.0,
        1.0,
        1.0,
        -1.0,
        1.0,
        1.0,
        -1.0,
        1.0,
        -1.0,
        -1.0,
        1.0,
        1.0,
        -1.0,
        -1.0,
        1.0,
        1.0,
        1.0,
        1.0,
        1.0,
        1.0,
        1.0,
        1.0,
        1.0,
        1.0,
        1.0,
        1.0,
        1.0,
        1.0,
        -1.0,
        1.0,
        -1.0,
        -1.0,
        -1.0,
        1.0,
        1.0,
        1.0,
        1.0,
        1.0,
        -1.0,
        1.0,
        -1.0,
        1.0,
        1.0,
        1.0,
        -1.0,
        -1.0,
        1.0,
        1.0,
        1.0,
        -1.0,
        1.0,
        -1.0,
        1.0,
        1.0,
        1.0,
        1.0,
        1.0,
        1.0,
        1.0,
        1.0,
        -1.0,
        1.0,
        1.0,
        1.0,
        -1.0,
        1.0,
        1.0,
        1.0,
        -1.0,
        -1.0,
        1.0,
        -1.0,
        -1.0,
        1.0,
        1.0,
        1.0,
        1.0,
        1.0,
        -1.0,
        -1.0,
        1.0,
        1.0,
        1.0,
        -1.0,
        1.0,
        1.0,
        1.0,
        1.0,
        -1.0,
        -1.0,
        -1.0,
        1.0,
        1.0,
        1.0,
        -1.0,
        1.0,
        1.0,
        1.0,
        1.0,
        -1.0,
        1.0,
        -1.0,
        1.0,
        1.0,
        -1.0,
        1.0,
        1.0,
        1.0,
        -1.0,
        1.0,
        1.0,
        1.0,
        1.0,
        1.0,
        1.0,
        1.0,
        -1.0,
        1.0,
        1.0,
        1.0,
        -1.0,
        1.0,
        1.0,
        1.0,
        -1.0,
        -1.0,
        1.0,
        1.0,
        1.0,
        -1.0,
        1.0
    ],
    "Corresponding exp value": [
        0.030167345192377057,
        0.10646894702049131,
        0.0004331342300741281,
        0.05102461862726265,
        -0.09965832977892533,
        0.037465778384773815,
        0.08357818517839666,
        -0.0830334984376114,
        0.03668936410584801,
        0.020495348916443883,
        -0.020613070498074516,
        0.12159327879001833,
        0.08925754064624167,
        0.03151870508882672,
        -0.0002274479216336847,
        -0.024590752732740022,
        0.10363089521736113,
        -0.05477651415499294,
        0.09239065257679716,
        -0.1545546043978417,
        0.020239448576718333,
        0.030663716716967732,
        0.1000086581830181,
        0.015212131869789036,
        0.08600195709095118,
        0.13913331189158676,
        0.09945736642258152,
        0.0948659188556189,
        -0.0007729479023995643,
        -0.00045793388266432075,
        0.010809235539617719,
        0.1122396154625481,
        -0.04552864561740786,
        0.12389978720516318,
        0.04273586356108085,
        -0.040413257792697645,
        0.04560726401092256,
        0.05518677326341846,
        0.02721356760225962,
        0.047902207433504235,
        -0.036964137792330716,
        0.10042567234861935,
        0.09297556232782259,
        -0.12327534075275476,
        0.10356274034183077,
        -0.00010749914109546913,
        0.04798620807959797,
        -0.04106028627430829,
        0.13978281451421323,
        0.12434465302279549,
        -0.00014172360175932278,
        0.03939662909037672,
        0.05101220944871976,
        0.13826231723263752,
        0.024313432157610983,
        0.013688484860389583,
        0.12090586038326107,
        0.000346833530685247,
        -0.0480203822234743,
        0.07208093161790438,
        0.01705236906029429,
        -0.0001697649755750992,
        0.13955069251764418,
        0.0983218624900663,
        0.00035266046540900417,
        0.11735088495887097,
        0.0689776898675867,
        -0.055405558659773486,
        -0.0003072210364476226,
        0.03504892055019685,
        -0.050614665474623656,
        0.11269968339603226,
        -0.02563973538537925,
        0.10463373867834878,
        0.1361447394685106,
        0.01933704437160231,
        0.05113354170354677,
        0.06574358691755328,
        0.020366926527789476,
        -0.20410009994930176,
        0.10746530589575459,
        0.025952376581171086,
        -0.1262538844267945,
        0.03436260961050428,
        0.026224909303310992,
        -0.030004749820121576,
        0.12160769099901107,
        -0.07968259661494849,
        -0.021148827292219768,
        0.06332758435863593,
        0.007578704632900919,
        -0.04356054990836418,
        -0.037911717806724386,
        0.04888121159004618,
        0.08989363107601248,
        0.050678517023588554,
        0.02991510711518937,
        0.0912178400045986,
        0.05067880664882568,
        0.0003358815440798659,
        8.15340134153993e-05,
        0.12517031455772032,
        0.03665667418008415,
        0.05885232891659934,
        0.01585367979877621,
        0.01838493805048292,
        0.1503809392338728,
        -0.08668142048709628,
        0.08861725837944252,
        -0.08616402611236793,
        -0.0004810718645052018,
        -0.04334526005939826,
        0.061129470343732895,
        0.0016061626532178118,
        0.05246230724715189,
        0.08256236544418225,
        0.05611225724008928,
        -0.03956171630417314,
        0.0212520790557091,
        -0.01689233262170626,
        0.044400921037886246,
        0.0672336122850049,
        0.20375815069136557,
        -0.0536355696608305,
        -0.10637064071357351,
        0.05939983036326968,
        0.022809946196629703,
        0.026801527156182066,
        -0.05430389679043489,
        0.03356968815047606,
        -0.0002698108405691274,
        0.07671146372909304,
        0.04647133422580325,
        0.09888288886204195,
        0.09461783084655327,
        0.00014437993855817447,
        0.014016375813059569,
        0.03500456115337839,
        0.028728814998624154,
        -0.020652596789032654,
        0.01571954068285976,
        0.03530674312643497,
        0.08554495001017594,
        -0.11854882778279001,
        0.03261644629019054,
        0.07693162512115748,
        0.03953698387358875,
        -0.015924400098071473,
        -0.06596110394738317,
        0.043114847601481036,
        -0.06555327411197681,
        -0.06765327554929995,
        0.029850711379095986,
        0.01918011233155091,
        0.058081879250271064,
        0.062357257702742065,
        0.060743821802042554,
        -0.0011990923519345472,
        -0.041759288634484915,
        0.00017751539543963682,
        0.03962720004328448,
        0.04346193666820383,
        -0.04951598039148061,
        0.018160376360520175,
        0.11212870419966295,
        0.038652904880136736,
        0.04565328674676552,
