{
    "Calculated Minimum Energy [norm, row]": [
        0.0017336253687267164,
        -2.211235609135997
    ],
    "Corresponding loss function": -0.004785744275222968,
    "Solution for Minimum Energy": [
        1.0,
        1.0,
        1.0,
        -1.0,
        -1.0,
        1.0,
        1.0,
        -1.0,
        1.0,
        -1.0,
        1.0,
        1.0,
        1.0,
        1.0,
        1.0,
        1.0,
        1.0,
        1.0,
        1.0,
        1.0,
        1.0,
        1.0,
        1.0,
        1.0,
        1.0,
        1.0,
        -1.0,
        1.0,
        1.0,
        1.0,
        -1.0,
        1.0,
        1.0,
        -1.0,
        1.0,
        1.0,
        -1.0,
        1.0,
        -1.0,
        1.0,
        1.0,
        1.0,
        -1.0,
        -1.0,
        -1.0,
        -1.0,
        -1.0,
        -1.0,
        1.0,
        -1.0,
        1.0,
        -1.0,
        -1.0,
        -1.0,
        1.0,
        1.0,
        1.0,
        1.0,
        -1.0,
        -1.0,
        -1.0,
        1.0,
        -1.0,
        1.0,
        -1.0,
        1.0,
        1.0,
        1.0,
        1.0,
        -1.0,
        1.0,
        -1.0,
        1.0,
        1.0,
        1.0,
        1.0,
        1.0,
        1.0,
        1.0,
        1.0,
        -1.0,
        1.0,
        -1.0,
        1.0,
        1.0,
        1.0,
        -1.0,
        1.0,
        1.0,
        1.0,
        1.0,
        1.0,
        -1.0,
        1.0,
        1.0,
        1.0,
        1.0,
        1.0,
        1.0,
        1.0,
        1.0,
        1.0,
        1.0,
        1.0,
        1.0,
        1.0,
        1.0,
        1.0,
        1.0,
        1.0,
        1.0,
        1.0,
        1.0,
        -1.0,
        -1.0,
        1.0,
        -1.0,
        1.0,
        1.0,
        1.0,
        1.0,
        1.0,
        1.0,
        1.0,
        1.0,
        -1.0,
        -1.0,
        1.0,
        1.0,
        1.0,
        1.0,
        1.0,
        1.0,
        -1.0,
        1.0,
        1.0,
        1.0,
        1.0,
        1.0,
        1.0,
        1.0,
        1.0,
        -1.0,
        1.0,
        -1.0,
        1.0,
        -1.0,
        -1.0,
        1.0,
        -1.0,
        -1.0,
        1.0,
        1.0,
        -1.0,
        1.0,
        -1.0,
        1.0,
        1.0,
        1.0,
        1.0,
        -1.0,
        -1.0,
        -1.0,
        1.0,
        -1.0,
        -1.0,
        1.0,
        -1.0,
        -1.0,
        1.0,
        -1.0,
        1.0,
        1.0,
        1.0,
        1.0,
        -1.0,
        1.0,
        1.0,
        -1.0,
        1.0,
        1.0,
        1.0,
        1.0,
        1.0,
        1.0,
        1.0,
        1.0,
        1.0,
        1.0,
        1.0,
        1.0,
        -1.0,
        1.0,
        1.0,
        -1.0,
        1.0,
        -1.0,
        -1.0,
        1.0,
        1.0,
        1.0,
        1.0,
        -1.0,
        1.0,
        1.0,
        1.0,
        1.0,
        1.0,
        1.0,
        1.0
    ],
    "Corresponding exp value": [
        0.007727774579154016,
        0.040082734848378834,
        0.028522265024809847,
        -0.060064555308884146,
        -0.07630636983301296,
        0.019798085828526185,
        0.03649741797920844,
        -0.10382365454818045,
        0.01426709076752404,
        -0.0774125925260933,
        0.09715267711293367,
        0.013090077773369693,
        0.010006253739272428,
        0.12778434952223275,
        0.034979122262906504,
        0.08286669960589087,
        0.05193876935090436,
        0.029326656820076624,
        0.010401345042795856,
        0.06931312500008681,
        0.033067759490539875,
        0.048525412522474665,
        0.04023260106659898,
        0.11495738181032984,
        0.030821540762986613,
        0.02946080824388382,
        -0.018723991821957234,
        0.11675797544397269,
        0.03472409601583998,
        0.06597240250832442,
        -0.09564174178022368,
        0.04616785368653531,
        0.015315176477080032,
        -0.07141340454438401,
        0.06233232165059496,
        0.022316615141374722,
        -0.04369602253483901,
        0.11124865267305399,
        -0.10022662116674737,
        0.06467073056625382,
        0.14650414451933538,
        0.020107065743178325,
        -0.04099935558826416,
        -0.19526422716985067,
        -0.09246628053381732,
        -0.07448527048888613,
        -0.018260904155242296,
        -0.12417435904350915,
        0.02566383252225258,
        -0.09774509912172659,
        0.06331101659550288,
        -0.06012806616333362,
        -0.1232099592731968,
        -0.0664716285474611,
        0.007650838399846156,
        0.07779413114096935,
        0.06910702353766258,
        0.013158659633601142,
        -0.07969323072496133,
        -0.028168327654926346,
        -0.0915845115603114,
        0.060472058854330296,
        -0.04108255416942924,
        0.03532130879372894,
        -0.08090763043525216,
        0.03640208880419335,
        0.05242541798807121,
        0.024400505729701955,
        0.01487186025021322,
        -0.0909549234337189,
        0.10557419717774634,
        -0.019592878003246023,
        0.04293867382251386,
        0.040949461073980356,
        0.08495748356079086,
        0.06361745844399366,
        0.015485718666398758,
        0.011727323506644011,
        0.019710790278878024,
        0.049110735790868464,
        -0.01789847252500924,
        0.044864300795094854,
        -0.049473894114646755,
        0.015198711202931639,
        0.09736476023812086,
        0.004017513221877083,
        -0.03622473153610262,
        0.1089045308414886,
        0.015744111197265747,
        0.022919309528225247,
        0.008997026296077059,
        0.011471227040382836,
        -0.05702523395519519,
        0.043980148364294605,
        0.05310751820385544,
        0.1312309196807123,
        0.13348244894430913,
        0.05768156334177413,
        0.07220151901332397,
        0.030548138651257536,
        0.026816601594579565,
        0.02772712651135263,
        0.09925215963992987,
        0.08925574856970035,
        0.1361701327149458,
        0.02314737095685037,
        0.06885487831129042,
        0.05896213974176899,
        0.1557402024952566,
        0.19321351417372984,
        0.06272426969996074,
        0.06210160491037579,
        0.06894935131808054,
        -0.0827624836252302,
        -0.04923280299621119,
        0.012894079546879107,
        -0.14294136142526143,
        0.1151583274509205,
        0.03246551102175478,
        0.036860710834573304,
        0.047358509357760786,
        0.05232012228744842,
        0.039069419962220145,
        0.09125780875839093,
        0.031995661929870675,
        -0.05446886754013672,
        -0.07821074060523456,
        0.08677893832855242,
        0.03769427632436918,
        0.11373201831340536,
        0.10765514904450323,
        0.020862132754008767,
        0.052798334570090796,
        -0.1237197151672814,
        0.009287599194802525,
        0.016297367944406935,
        0.05718722015064754,
        0.04443750436282757,
        0.05877072560813436,
        0.04233411745131985,
        0.05852838265265713,
        0.0740081104206623,
        -0.0688648500734107,
        0.010022863413242811,
        -0.013381569518825407,
        0.046435518296494296,
        -0.10625988740492096,
        -0.049172741520532644,
        0.06600305701495811,
        -0.0528992612992333,
        -0.041400599904548925,
        0.03977222107811013,
        0.01884739896292572,
        -0.1384825457611763,
        0.04937414132835029,
        -0.06231902354065584,
        0.06051126567937784,
        0.03240022447125928,
        0.03425681516764188,
        0.007554282849472844,
        -0.04277799573064981,
        -0.06543802064391674,
        -0.033900064836018165,
        0.034267003404291146,
        -0.03572459491786536,
        -0.087066781548231,
        0.020949237684232465,
        -0.09585551381360641,
