{
    "Calculated Minimum Energy [norm, row]": [
        0.0003615406432015293,
        -2.2322743191219803
    ],
    "Corresponding loss function": 0.0003645332072852442,
    "Solution for Minimum Energy": [
        1.0,
        -1.0,
        1.0,
        1.0,
        1.0,
        1.0,
        1.0,
        -1.0,
        1.0,
        1.0,
        1.0,
        -1.0,
        -1.0,
        1.0,
        1.0,
        1.0,
        -1.0,
        -1.0,
        1.0,
        1.0,
        1.0,
        -1.0,
        -1.0,
        1.0,
        1.0,
        1.0,
        1.0,
        1.0,
        1.0,
        -1.0,
        1.0,
        1.0,
        1.0,
        1.0,
        1.0,
        -1.0,
        1.0,
        1.0,
        -1.0,
        1.0,
        -1.0,
        1.0,
        1.0,
        1.0,
        -1.0,
        1.0,
        1.0,
        1.0,
        -1.0,
        1.0,
        -1.0,
        1.0,
        1.0,
        1.0,
        1.0,
        1.0,
        1.0,
        1.0,
        1.0,
        1.0,
        1.0,
        1.0,
        1.0,
        1.0,
        1.0,
        1.0,
        -1.0,
        1.0,
        1.0,
        1.0,
        -1.0,
        1.0,
        1.0,
        1.0,
        1.0,
        -1.0,
        1.0,
        -1.0,
        1.0,
        1.0,
        1.0,
        1.0,
        -1.0,
        1.0,
        1.0,
        1.0,
        1.0,
        1.0,
        1.0,
        1.0,
        1.0,
        1.0,
        1.0,
        1.0,
        1.0,
        1.0,
        -1.0,
        1.0,
        1.0,
        1.0,
        1.0,
        1.0,
        1.0,
        -1.0,
        1.0,
        1.0,
        -1.0,
        1.0,
        1.0,
        1.0,
        1.0,
        1.0,
        1.0,
        1.0,
        1.0,
        1.0,
        1.0,
        1.0,
        1.0,
        1.0,
        1.0,
        1.0,
        1.0,
        1.0,
        -1.0,
        1.0,
        -1.0,
        1.0,
        1.0,
        1.0,
        1.0,
        1.0,
        1.0,
        1.0,
        1.0,
        -1.0,
        1.0,
        1.0,
        -1.0,
        1.0,
        1.0,
        1.0,
        1.0,
        -1.0,
        1.0,
        -1.0,
        1.0,
        1.0,
        -1.0,
        1.0,
        1.0,
        -1.0,
        1.0,
        -1.0,
        -1.0,
        1.0,
        -1.0,
        -1.0,
        1.0,
        -1.0,
        -1.0,
        -1.0,
        1.0,
        1.0,
        1.0,
        1.0,
        1.0,
        1.0,
        1.0,
        1.0,
        1.0,
        -1.0,
        1.0,
        -1.0,
        1.0,
        1.0,
        -1.0,
        1.0,
        1.0,
        -1.0,
        1.0,
        1.0,
        1.0,
        1.0,
        -1.0,
        1.0,
        1.0,
        -1.0,
        1.0,
        1.0,
        -1.0,
        1.0,
        1.0,
        1.0,
        -1.0,
        1.0,
        1.0,
        1.0,
        1.0,
        1.0,
        -1.0,
        1.0,
        1.0,
        -1.0,
        -1.0,
        -1.0,
        -1.0,
        1.0,
        -1.0,
        1.0
    ],
    "Corresponding exp value": [
        0.028080898653924928,
        -0.11637205685784342,
        0.09600024453606364,
        0.07682383771921324,
        0.02815296649230075,
        0.13662025551509827,
        0.09583044882907114,
        -0.08683611560638983,
        0.04434250891678036,
        0.13392504235170288,
        0.09244786442888266,
        -0.052313371591861516,
        -0.03815578024960728,
        0.030779265504469334,
        0.1034895961613971,
        0.23029898113692066,
        -0.02896258708341337,
        -0.04975388783252126,
        0.07931345421194817,
        0.14739983574070076,
        0.04828258720980387,
        -0.06391666330290703,
        -0.018158351966431403,
        0.13840456115165697,
        0.06052422106956658,
        0.07422318479066904,
        0.06689104824613192,
        0.10238773557904453,
        0.2241937155116428,
        -0.005741381152736069,
        0.042181705124429494,
        0.036509545390285836,
        0.09187979454346719,
        0.01720620396534637,
        0.02135110110138242,
        -0.1072003529058377,
        0.06741298029552391,
        0.08703164375053817,
        -0.02175108811861235,
        0.05874879527772542,
        -0.0594268648044617,
        0.14775844618914374,
        0.013130702967908645,
        0.0494829024961404,
        -0.04041969007087351,
        0.11863987000685496,
        0.12129808838936956,
        0.11536013580284,
        -0.02257288490821497,
        0.12723945557162739,
        -0.10104759939574486,
        0.13172470209699616,
        0.03211565222472866,
        0.06356404923933852,
        0.022618364531921585,
        0.12336267096279856,
        0.11257447310738085,
        0.1760832640121223,
        0.0279564020106556,
        0.1538626626662303,
        0.056277312324307244,
        0.1432963946760425,
        0.060084368062012714,
        0.10781521610890103,
        0.1471266357488887,
        0.07598306029740366,
        -0.04211947164057771,
        0.18401366144027972,
        0.1433634737632192,
        0.14065819489018208,
        -0.02459826214085632,
        0.07822553369653833,
        0.1181783665357199,
        0.09721054682843784,
        0.10002462265952439,
        -0.036893600578531825,
        0.10886111810260002,
        -0.09666094923556241,
        0.1364801358909831,
        0.0735620871725317,
        0.120165622964996,
        0.02690241840124718,
        -0.1327447370802235,
        0.037489629872465985,
        0.1039211449772159,
        0.08786740249641455,
        0.0400215320505519,
        0.10288491813276412,
        0.0834335380354097,
        0.02883905398294101,
        0.01826157389416915,
        0.031071817114365446,
        0.06301593610355419,
        0.08707090659633517,
        0.01074454613490644,
        0.05678273855561792,
        -0.01180282462192464,
        0.07941383765439079,
        0.03882725959980435,
        0.041016838609087114,
        0.021775663345857475,
        0.11113686124370188,
        0.039749711959777986,
        -0.09349314580419295,
        0.03991733783170129,
        0.06728266150306303,
        -0.11999367074257307,
        0.16191115411864818,
        0.08304225076941589,
        0.10624760189917638,
        0.06285597136527486,
        0.042447876628197004,
        0.11182349582378044,
        0.0392665276646185,
        0.03913989307396886,
        0.13616915719567496,
        0.05873013693139446,
        0.03789336321074898,
        0.07734672042994922,
        0.07195590377396556,
        0.10488038795352567,
        0.03796369056091444,
        0.11867051797692948,
        0.045561119288227245,
        -0.016497281889661163,
        0.09006999566695019,
        -0.03221083443111028,
        0.03740257578567049,
        0.03664606867830025,
        0.04197480745392139,
        0.03790698639948668,
        0.031690935689458105,
        0.09972406115041377,
        0.07216656601636617,
        0.05222620659619264,
        -0.03849820184214538,
        0.08379465113741381,
        0.11649385898979232,
        -0.06753215243756905,
        0.11693278836877846,
        0.01973155701025311,
        0.055897178119985964,
        0.058706489623259604,
        -0.07009736146758722,
        0.020917905624034172,
        -0.04242945334972134,
        0.14374211812601728,
        0.021143113928880575,
        -0.02579827327780291,
        0.034572210445112626,
        0.07696986653447686,
        -0.02930722734891793,
        0.038821094262976766,
        -0.03541679707496356,
        -0.06309085167540134,
        0.06014281956353338,
        -0.064833210063384,
        -0.07148687071685822,
        0.04661185615686108,
        -0.033913887771825135,
        -0.06021103698221899,
        -0.06898637006863075,
        0.03850738324074577,
        0.07406237254782376,
        0.04354674833620504,
        0.022168164699522326,
        0.06298952394564428,
        0.03275043249136847,
        0.10268962060369355,
        0.019733243629182,
