{
    "Calculated Minimum Energy [norm, row]": [
        0.0003558976674679224,
        -2.2323608450687447
    ],
    "Corresponding loss function": 0.006039889752040823,
    "Solution for Minimum Energy": [
        1.0,
        1.0,
        -1.0,
        1.0,
        -1.0,
        1.0,
        -1.0,
        1.0,
        1.0,
        -1.0,
        -1.0,
        1.0,
        1.0,
        -1.0,
        1.0,
        -1.0,
        -1.0,
        -1.0,
        1.0,
        1.0,
        -1.0,
        1.0,
        1.0,
        1.0,
        1.0,
        -1.0,
        1.0,
        1.0,
        1.0,
        -1.0,
        -1.0,
        -1.0,
        -1.0,
        1.0,
        1.0,
        1.0,
        1.0,
        -1.0,
        -1.0,
        1.0,
        1.0,
        -1.0,
        1.0,
        -1.0,
        1.0,
        1.0,
        -1.0,
        1.0,
        1.0,
        -1.0,
        1.0,
        1.0,
        -1.0,
        -1.0,
        1.0,
        -1.0,
        -1.0,
        1.0,
        1.0,
        1.0,
        1.0,
        1.0,
        1.0,
        -1.0,
        1.0,
        1.0,
        1.0,
        1.0,
        1.0,
        1.0,
        -1.0,
        -1.0,
        1.0,
        1.0,
        1.0,
        -1.0,
        1.0,
        1.0,
        1.0,
        1.0,
        1.0,
        1.0,
        1.0,
        1.0,
        1.0,
        1.0,
        1.0,
        1.0,
        -1.0,
        1.0,
        1.0,
        1.0,
        1.0,
        1.0,
        1.0,
        1.0,
        1.0,
        1.0,
        -1.0,
        -1.0,
        -1.0,
        -1.0,
        1.0,
        -1.0,
        -1.0,
        1.0,
        -1.0,
        1.0,
        -1.0,
        1.0,
        1.0,
        1.0,
        1.0,
        1.0,
        1.0,
        -1.0,
        -1.0,
        1.0,
        1.0,
        1.0,
        -1.0,
        -1.0,
        1.0,
        1.0,
        1.0,
        1.0,
        1.0,
        1.0,
        -1.0,
        1.0,
        -1.0,
        1.0,
        1.0,
        1.0,
        1.0,
        1.0,
        1.0,
        1.0,
        1.0,
        -1.0,
        1.0,
        -1.0,
        -1.0,
        1.0,
        1.0,
        1.0,
        1.0,
        1.0,
        1.0,
        -1.0,
        1.0,
        1.0,
        1.0,
        1.0,
        1.0,
        1.0,
        1.0,
        1.0,
        1.0,
        1.0,
        1.0,
        1.0,
        1.0,
        1.0,
        -1.0,
        -1.0,
        1.0,
        1.0,
        1.0,
        1.0,
        1.0,
        1.0,
        1.0,
        1.0,
        1.0,
        1.0,
        1.0,
        1.0,
        1.0,
        1.0,
        1.0,
        1.0,
        1.0,
        -1.0,
        1.0,
        -1.0,
        -1.0,
        1.0,
        1.0,
        -1.0,
        -1.0,
        1.0,
        1.0,
        1.0,
        1.0,
        1.0,
        -1.0,
        1.0,
        1.0,
        1.0,
        1.0,
        -1.0,
        1.0,
        -1.0,
        1.0,
        1.0,
        -1.0,
        1.0,
        1.0,
        1.0
    ],
    "Corresponding exp value": [
        0.04763469671641649,
        0.034429050102494675,
        -0.08908406344369674,
        0.020880411048072794,
        -0.07655408769873116,
        0.06037369649703166,
        -0.04293953459262822,
        -0.00021975731103824887,
        0.10772278017197254,
        -0.10026184839464568,
        -0.03563425335856512,
        0.05073205693357236,
        0.03722849170226974,
        -0.10138382898759432,
        -0.0005135117610907322,
        -0.07006492304106463,
        -0.004385689040054508,
        -0.09029794479032355,
        0.038853852047602826,
        -0.0020579883002138913,
        -0.07761618696102834,
        0.07617356412252195,
        0.13118133068885315,
        0.040872121499156665,
        0.06625431493320495,
        -0.04256689501751749,
        0.09235580447218583,
        -0.003018617419972355,
        0.0372621979553217,
        -0.09788126134563432,
        -0.0988838592207162,
        -0.0629132530565021,
        -0.007723346224596951,
        0.014131068898737782,
        0.06327967910588413,
        0.09073173451849195,
        0.03890713619868457,
        -0.04580717117543407,
        -0.059197274236711235,
        -0.0007522513728978849,
        -0.0005113178177661817,
        -0.05198464040816226,
        0.003581929016897677,
        -0.004609737637099102,
        0.06058035276648461,
        -0.002091325972929525,
        -0.1568032662323634,
        0.04585441887466125,
        0.04563973911839945,
        -0.07418889255876664,
        0.0709393685280528,
        0.15521634655016953,
        -0.09071807218460108,
        -0.07554437236815277,
        -0.0022735063300154176,
        -0.07116812411550696,
        -0.004562428091271869,
        0.06323307661470207,
        0.0890827472271293,
        0.031057120052466067,
        0.023655281406708212,
        0.011264453985328632,
        0.04717963299903264,
        -0.06007957711034146,
        0.019346958746832833,
        0.06092158300390616,
        0.06914334910733472,
        0.0094010772751664,
        0.037990482176794425,
        0.04987011410003734,
        -0.08858567505056623,
        -0.09199778446887241,
        -0.0008496167953810311,
        0.06766243187487697,
        0.030272417054340216,
        -0.07743799861078354,
        0.050892092112574255,
        0.03248420029709109,
        0.026377465511963925,
        0.033132700557127505,
        0.003928277042753698,
        0.10260051130832407,
        0.028394708560377527,
        0.04893184433669384,
        0.09081584041137718,
        0.03396128196355443,
        0.020603002276427307,
        0.022691607118017255,
        -0.0038454569080974346,
        0.0316022046451426,
        0.038265354526215954,
        0.02208851511192935,
        0.0826075248842386,
        0.04466533391405322,
        0.056234772753748496,
        0.09897274668124927,
        0.07261230246892823,
        0.09730231594824477,
        -0.04550581753022555,
        -0.17247453609080532,
        -0.0847419083786821,
        -0.0059488473143431775,
        0.042900408547478515,
        -0.0859283628997303,
        -0.03227987725698215,
        0.05147086508143376,
        -0.023560064665892205,
        0.010835494011963785,
        -0.003323092021428783,
        0.04157648996478505,
        0.004118857647223848,
        -0.0009802619939310306,
        0.019647638329222478,
        0.05508260607555458,
        0.06953118960061892,
        -0.15192992173434336,
        -0.06897586398148142,
        0.03498254032958593,
        0.07590889510101916,
        0.05829236976818835,
        -0.07287217555373238,
        -0.06083860574962553,
        0.04447115757539942,
        0.04186238422603476,
        0.024553579292546902,
        0.030537103056810292,
        0.046045951700820896,
        0.031191384473083335,
        -0.04813611204417356,
        0.05486414956206832,
        -0.09719927874288338,
        0.08856889686357843,
        0.002664408382906471,
        0.06282265192769988,
        0.041706539177931407,
        0.09185227924153477,
        0.11630056532445368,
        0.057534812590179014,
        0.08507433388242178,
        -0.04447240342635374,
        0.044431398093306144,
        -0.005299116813764778,
        -0.04212322084928943,
        0.01104510613211224,
        0.034900856050643886,
        0.11823012430379554,
        0.05259375063127515,
        0.10221921175701482,
        0.051206395711436495,
        -0.04938422886048073,
        0.023737573048589422,
        0.06693651475507642,
        0.10235735033453447,
        0.024436323947410132,
        0.06513166784736521,
        0.023691239471115483,
        0.040719080625788294,
        0.05728652142086992,
        0.058470232364441814,
        0.05088585239338604,
        -0.0013164264971361988,
        0.033504345999431445,
        0.12238174874830123,
        0.0011058362535716188,
        -0.04506941312336602,
        -0.10751778610342573,
