{
    "Calculated Minimum Energy [norm, row]": [
        0.000262405660914649,
        -2.233794394451877
    ],
    "Corresponding loss function": 0.00027273479293712287,
    "Solution for Minimum Energy": [
        -1.0,
        1.0,
        1.0,
        1.0,
        1.0,
        -1.0,
        1.0,
        -1.0,
        -1.0,
        1.0,
        -1.0,
        1.0,
        1.0,
        -1.0,
        -1.0,
        1.0,
        1.0,
        -1.0,
        1.0,
        -1.0,
        1.0,
        -1.0,
        1.0,
        1.0,
        1.0,
        1.0,
        1.0,
        -1.0,
        -1.0,
        -1.0,
        1.0,
        -1.0,
        1.0,
        1.0,
        -1.0,
        1.0,
        1.0,
        -1.0,
        1.0,
        1.0,
        1.0,
        1.0,
        -1.0,
        -1.0,
        -1.0,
        1.0,
        -1.0,
        1.0,
        1.0,
        1.0,
        -1.0,
        1.0,
        1.0,
        -1.0,
        1.0,
        -1.0,
        -1.0,
        -1.0,
        1.0,
        1.0,
        1.0,
        1.0,
        1.0,
        -1.0,
        1.0,
        1.0,
        -1.0,
        1.0,
        -1.0,
        -1.0,
        1.0,
        1.0,
        1.0,
        1.0,
        1.0,
        -1.0,
        1.0,
        1.0,
        1.0,
        -1.0,
        -1.0,
        1.0,
        -1.0,
        1.0,
        1.0,
        1.0,
        1.0,
        1.0,
        1.0,
        1.0,
        1.0,
        -1.0,
        -1.0,
        1.0,
        -1.0,
        1.0,
        1.0,
        1.0,
        1.0,
        1.0,
        -1.0,
        -1.0,
        1.0,
        1.0,
        1.0,
        1.0,
        1.0,
        1.0,
        1.0,
        1.0,
        -1.0,
        1.0,
        1.0,
        1.0,
        1.0,
        1.0,
        1.0,
        1.0,
        1.0,
        1.0,
        1.0,
        1.0,
        1.0,
        -1.0,
        -1.0,
        1.0,
        1.0,
        1.0,
        1.0,
        1.0,
        1.0,
        1.0,
        1.0,
        1.0,
        1.0,
        1.0,
        1.0,
        1.0,
        1.0,
        1.0,
        1.0,
        1.0,
        1.0,
        1.0,
        1.0,
        1.0,
        1.0,
        1.0,
        -1.0,
        1.0,
        1.0,
        1.0,
        1.0,
        -1.0,
        1.0,
        1.0,
        1.0,
        -1.0,
        1.0,
        -1.0,
        1.0,
        1.0,
        -1.0,
        -1.0,
        1.0,
        1.0,
        1.0,
        1.0,
        1.0,
        -1.0,
        1.0,
        1.0,
        1.0,
        1.0,
        -1.0,
        1.0,
        1.0,
        1.0,
        -1.0,
        1.0,
        1.0,
        1.0,
        1.0,
        -1.0,
        1.0,
        1.0,
        1.0,
        1.0,
        1.0,
        1.0,
        -1.0,
        1.0,
        -1.0,
        1.0,
        1.0,
        1.0,
        -1.0,
        1.0,
        1.0,
        1.0,
        1.0,
        -1.0,
        1.0,
        1.0,
        -1.0,
        1.0,
        -1.0,
        -1.0,
        1.0,
        -1.0
    ],
    "Corresponding exp value": [
        -0.09332080811154778,
        0.05687353310220139,
        0.04497400519939485,
        0.016514021153333655,
        0.028865616178407036,
        -0.06242529308088625,
        0.06894609964008355,
        -0.025746148097442148,
        -0.02487760339301001,
        0.06841946222028633,
        -0.04929015648604813,
        0.04074436869190227,
        0.1218144096101648,
        -0.07126552585997464,
        -0.0535580517362006,
        0.095388480152064,
        0.07859936322807218,
        -0.1486555405485539,
        0.03837699393178034,
        -0.06471778959428726,
        0.03588088881932364,
        -0.060884945692426515,
        0.024612136853616753,
        0.07174484427395118,
        0.031095475752287022,
        0.05589153830785216,
        0.07684272377757612,
        -0.058685021274861617,
        -0.12720577721867396,
        -0.06567260597486516,
        0.0965173244185083,
        -0.026856034143414545,
        0.07323492973976989,
        0.1556832873747031,
        -0.14679749232394274,
        0.04080827034311451,
        0.04698350427179527,
        -0.12853221826893285,
        0.08871571790212715,
        0.0368962655144159,
        0.018415595132030345,
        0.13348279547954872,
        -0.09499144795971876,
        -0.02449107304989525,
        -0.044210375890697366,
        0.15544984050722893,
        -0.11566074043721883,
        0.14853624643141455,
        0.04549216388813727,
        0.04653278956131603,
        -0.1412910794563217,
        0.032652051772166714,
        0.05134098822319321,
        -0.0610142330525706,
        0.06633400015537921,
        -0.046773450478432156,
        -0.09958349710283965,
        -0.16111900828903924,
        0.070503524726848,
        0.07413863853618667,
        0.06083774733455005,
        0.04097336970585541,
        0.09532571706669374,
        -0.06400452387922814,
        0.003998319823049981,
        0.0700090855928503,
        -0.19724537459262248,
        0.05004363027427048,
        -0.07484916742588732,
        -0.1408077730758529,
        0.08479852744835692,
        0.050012688420466384,
        0.04547027750964383,
        0.1026090456330673,
        0.06351402797167162,
        -0.05171287156380364,
        0.07907240670641855,
        0.08826745859347379,
        0.03786747899709406,
        -0.05934551220984265,
        -0.034099195851077714,
        0.124774395024057,
        -0.023517158024196336,
        0.06092438829821352,
        0.06925584419295394,
        0.09983841689425668,
        0.07248323536704046,
        0.15719491286412945,
        0.05797657425818762,
        0.047400922003772036,
        0.05384367856590107,
        -0.06699306507486401,
        -0.06260550164238245,
        0.06337412230915654,
        -0.052429398144057435,
        0.04039450144338311,
        0.0745542577350973,
        0.06691573673673011,
        0.08627259881731004,
        0.05807426756299391,
        -0.0251544697646163,
        -0.05288067098746007,
        0.047019261160385455,
        0.12601845930624195,
        0.10558701858792421,
        0.06963751323730802,
        0.03847243745395061,
        0.1471867941096875,
        0.16011664955737887,
        0.08488289634895932,
        -0.021575989091826155,
        0.07383853690116861,
        0.12049676616716352,
        0.04010438266921282,
        0.03508919697301028,
        0.132603647353742,
        0.045041228079409766,
        0.12148891232820339,
        0.1401078693253261,
        0.08479143578236728,
        0.08420807476700269,
        0.1504873159885222,
        0.07581709795132009,
        -0.07687627098493613,
        -0.05553328266653092,
        0.0410946454748227,
        0.09462239218981897,
        0.09553385567671839,
        0.025963559212219323,
        0.08939448358370906,
        0.03718581606866341,
        0.06817725822109266,
        0.051348155497997025,
        0.05498246981572946,
        0.11774121970982492,
        0.03828930011885332,
        0.06600588584867122,
        0.06029519165436194,
        0.03894749933320463,
        0.08966256730435437,
        0.0495373069311649,
        0.10017735350451754,
        0.012526189767891072,
        0.06890105619522768,
        0.08398265845803597,
        0.1156325085767347,
        0.03236201605709838,
        0.06248722948644852,
        -0.04060456856693697,
        0.032382146849219785,
        0.054421369860135384,
        0.05371767494003162,
        0.03444250484144941,
        -0.03413803212215197,
        0.15421968213201578,
        0.08962595921685633,
        0.10189525230003374,
        -0.05209506171097116,
        0.046246250669198054,
        -0.023730331733759148,
        0.08794504529400819,
        0.15229203072101663,
        -0.07049564842949882,
        -0.04695571950051967,
        0.04580531180216617,
        0.022123025593271357,
        0.07149160651938484,
        0.07253845267891486,
        0.03613131412562152,
