{
    "Calculated Minimum Energy [norm, row]": [
        0.0021527908287239045,
        -2.2048083817316204
    ],
    "Corresponding loss function": -0.004367338636370997,
    "Solution for Minimum Energy": [
        1.0,
        -1.0,
        1.0,
        1.0,
        1.0,
        -1.0,
        1.0,
        -1.0,
        1.0,
        1.0,
        -1.0,
        -1.0,
        -1.0,
        -1.0,
        1.0,
        1.0,
        1.0,
        1.0,
        1.0,
        1.0,
        1.0,
        1.0,
        -1.0,
        -1.0,
        1.0,
        1.0,
        -1.0,
        1.0,
        1.0,
        -1.0,
        1.0,
        1.0,
        1.0,
        1.0,
        1.0,
        1.0,
        -1.0,
        -1.0,
        -1.0,
        1.0,
        1.0,
        1.0,
        1.0,
        1.0,
        1.0,
        1.0,
        1.0,
        1.0,
        1.0,
        1.0,
        1.0,
        1.0,
        -1.0,
        1.0,
        1.0,
        -1.0,
        1.0,
        -1.0,
        1.0,
        1.0,
        -1.0,
        1.0,
        1.0,
        1.0,
        -1.0,
        -1.0,
        -1.0,
        1.0,
        -1.0,
        1.0,
        1.0,
        1.0,
        1.0,
        1.0,
        1.0,
        1.0,
        1.0,
        1.0,
        1.0,
        1.0,
        1.0,
        1.0,
        1.0,
        1.0,
        1.0,
        1.0,
        1.0,
        1.0,
        -1.0,
        1.0,
        -1.0,
        1.0,
        1.0,
        1.0,
        1.0,
        1.0,
        1.0,
        1.0,
        1.0,
        1.0,
        -1.0,
        1.0,
        1.0,
        1.0,
        1.0,
        1.0,
        1.0,
        -1.0,
        -1.0,
        -1.0,
        1.0,
        1.0,
        1.0,
        1.0,
        1.0,
        -1.0,
        1.0,
        1.0,
        -1.0,
        1.0,
        1.0,
        1.0,
        1.0,
        1.0,
        1.0,
        1.0,
        1.0,
        1.0,
        1.0,
        1.0,
        1.0,
        -1.0,
        -1.0,
        1.0,
        1.0,
        1.0,
        1.0,
        -1.0,
        1.0,
        -1.0,
        1.0,
        -1.0,
        1.0,
        1.0,
        1.0,
        -1.0,
        1.0,
        1.0,
        1.0,
        -1.0,
        1.0,
        -1.0,
        -1.0,
        1.0,
        1.0,
        1.0,
        -1.0,
        1.0,
        1.0,
        -1.0,
        -1.0,
        1.0,
        1.0,
        -1.0,
        1.0,
        1.0,
        1.0,
        1.0,
        -1.0,
        1.0,
        1.0,
        1.0,
        1.0,
        1.0,
        -1.0,
        1.0,
        -1.0,
        1.0,
        1.0,
        1.0,
        1.0,
        1.0,
        -1.0,
        -1.0,
        -1.0,
        1.0,
        1.0,
        1.0,
        1.0,
        -1.0,
        1.0,
        1.0,
        1.0,
        1.0,
        1.0,
        1.0,
        1.0,
        -1.0,
        -1.0,
        -1.0,
        1.0,
        1.0,
        1.0,
        1.0,
        -1.0,
        1.0,
        -1.0,
        1.0,
        1.0,
        -1.0
    ],
    "Corresponding exp value": [
        0.022158498334802542,
        -0.08642124941026423,
        0.005183054616463039,
        0.010177494088804513,
        0.10929198597943851,
        -0.029034598350033507,
        0.18587970361146025,
        -0.04242175783370931,
        0.1218559738701701,
        0.021830894297784984,
        -0.03000533386977065,
        -0.04387093111993642,
        -0.07972163452252697,
        -0.05962064966291424,
        0.03995963135686576,
        0.012650814162963559,
        0.11582489862624537,
        0.03571879272953631,
        0.016104029459262554,
        0.08313996865872952,
        0.011835935930194563,
        0.0730742497988831,
        -0.14537772611812588,
        -0.12677984117819832,
        0.04190572305607671,
        0.21469465167184362,
        -0.03613411177208046,
        0.10158126881537684,
        0.020227355925669026,
        -0.16574148181860615,
        0.04106928864048865,
        0.014534191395237506,
        0.07535151405013911,
        0.01580609143325318,
        0.16303080602695744,
        0.13073707433071624,
        -0.1588002229238659,
        -0.08210497017820574,
        -0.2136724430301464,
        0.03771137743550036,
        0.08440972073848564,
        0.18525209550650354,
        0.009968116448507085,
        0.009183011858423068,
        0.015642467021978686,
        0.019342766923007657,
        0.01588807564095028,
        0.00825142684123459,
        0.12556641577638306,
        0.014521759222242955,
        0.028134077872065687,
        0.009084983401621234,
        -0.08683405889043018,
        0.01833724619846949,
        0.02818000942892154,
        -0.17650694062460734,
        0.017439119725709024,
        -0.06304606315104602,
        0.010700492889534466,
        0.10838870273170488,
        -0.022382820931156896,
        0.010960491380786617,
        0.011948877476299139,
        0.05380825505291754,
        -0.10617945109025789,
        -0.06691347989242201,
        -0.052610366129843565,
        0.046682023305181876,
        -0.083093333764225,
        0.022877763723159635,
        0.03269340092285211,
        0.09050238893389813,
        0.016284893522368754,
        0.03083849326861704,
        0.06260451181197724,
        0.034733832733167144,
        0.028773103280200326,
        0.033265487111238175,
        0.08112714919077661,
        0.03703972358091001,
        0.01608926494568429,
        0.0231185517858519,
        0.02072562257404118,
        0.03745917433602795,
        0.06782701274580163,
        0.0677015280820241,
        0.017177414493806067,
        0.03551013322214966,
        -0.05132690163194191,
        0.02402466471831398,
        -0.12342428567576433,
        0.010654069403786687,
        0.013953302235404533,
        0.022718413866746015,
        0.08684925254577346,
        0.02987714158956122,
        0.009607148726876985,
        0.028231598363617896,
        0.0343385769484108,
        0.04674111237265165,
        -0.052057238634441644,
        0.03671998887710806,
        0.015342147288425763,
        0.02596787777280559,
        0.016277107689922795,
        0.016800824714935308,
        0.021113531444453125,
        -0.07442045910592135,
        -0.08382722155772272,
        -0.0925604403424308,
        0.05088553802549022,
        0.011080701348920982,
        0.029791142923304943,
        0.005804257319005853,
        0.06703562252773619,
        -0.07688102401787746,
        0.07987762974879752,
        0.07332857091185348,
        -0.0841278884854986,
        0.013166388539957823,
        0.13806295513707253,
        0.04216245071010695,
        0.14648448689392318,
        0.015310737814409524,
        0.09133611143723783,
        0.04582687331662451,
        0.02516721609171897,
        0.15959485562323958,
        0.07198337692266567,
        0.015231320640100326,
        0.09437055482276321,
        -0.04271313164111665,
        -0.046849900428864444,
        0.03670612395852464,
        0.011687486996774424,
        0.08495354690982343,
        0.02162031974262224,
        -0.13236013677371744,
        0.04053898154354931,
        -0.15290349877003026,
        0.010403804980073844,
        -0.07690971924356173,
        0.041591590535098276,
        0.05268890439511953,
        0.014787020892932419,
        -0.046785699736463515,
        0.04295883091710891,
        0.044145852014177416,
        0.03285301011159374,
        -0.19972704744353598,
        0.051263065432122015,
        -0.1408534860826607,
        -0.12056493482403907,
        0.05167941689330875,
        0.0725070934356723,
        0.013989547558825423,
        -0.06293000419732737,
        0.011775786593913084,
        0.04109260953290633,
        -0.056729935486265606,
        -0.07447166023179598,
        0.10723905978123684,
        0.037989144097175326,
        -0.038411332391264784,
        0.04797196592401801,
        0.05515851309250444,
        0.012015784531733194,
        0.10422739456461921,
