Iteration,Energy,Loss Function,Bias
0,0.11645529601995278,0.118136188498332,0.0
1,0.03534391100840927,0.03563048307264881,0.5361803265069611
2,0.00046708790440832523,-0.0003727944655803372,1.453132139142899
3,0.0002505332332579902,-0.0008471789167718487,1.5225667722359386
