Iteration,Energy,Loss Function,Bias
0,0.1505636845012418,0.14582223800198166,0.0
1,0.06435178569600272,0.07499013737237434,0.49292733577258036
2,0.02017921937281132,0.022104600626261857,1.09638755653171
3,0.0004259500934831917,0.0003197710428630491,1.852874401759585
