Iteration,Energy,Loss Function,Bias
0,0.15664863268342746,0.1502966787327048,0.0
1,0.04701800532569418,0.05208580406205378,0.5432483830738855
2,0.002644254141708118,0.006440015046523499,1.5304098045094818
3,0.0008517531125634955,0.0017393294986520528,1.8326929786530946
