Iteration,Energy,Loss Function,Bias
0,0.15664863268342746,0.1477899730635275,0.0
1,0.047637455575968726,0.04962086383155023,0.543318540908598
2,0.002493251858524569,0.0037896612810976006,1.5337472028375472
3,0.0008329885629325704,-0.0008474113800993453,1.8386305199142996
