Iteration,Energy,Loss Function,Bias
0,0.11645529601995278,0.12188703232622945,0.0
1,0.03555071574449546,0.039359607254645726,0.5363245942925761
2,0.0005873214950911824,0.003384062072617986,1.452440476236227
3,0.00025034547003368484,0.002902982860135838,1.52156187874566
