Iteration,Energy,Loss Function,Bias
0,0.15664863268342746,0.15692881145500936,0.0
1,0.1349868897494357,0.13503314651176557,0.05065920926582768
2,0.12308812507878447,0.12105263280227295,0.05949929947703615
3,0.10320718816942835,0.10391698733814873,0.06936864879516212
4,0.08845143942841119,0.09128702529107345,0.08482130041254844
5,0.0812419228322185,0.0820679598079374,0.10032887464054246
6,0.06869833198869502,0.0717786450044157,0.11615320718835638
7,0.06249654723608824,0.06514354283744153,0.1374056761408733
8,0.055516988478291375,0.059171724408683915,0.15439524095098275
9,0.04972225291948172,0.05230847784340617,0.17465042499136427
10,0.04791166309079286,0.05001866598872969,0.201853418964955
11,0.04350628394233227,0.04634302579135627,0.2139600320505686
12,0.039087743881188415,0.04221794554360401,0.23594755629121658
13,0.034500681601191484,0.03827317686840856,0.26313753700343595
14,0.032793525221488304,0.035331854497177156,0.29211443246292773
15,0.028717717721799665,0.031513442194442624,0.3166732642115955
16,0.02407630943574086,0.02750861407997763,0.3518437904085261
17,0.022167637339591265,0.024779812733146726,0.393530610242768
18,0.01920835737965966,0.022338244033131577,0.4246761635911533
19,0.01758103009110914,0.019709273337509065,0.45800380352006115
20,0.013842041132897439,0.01638323212757599,0.4978121116948226
21,0.011134366953522034,0.013158341618728059,0.5523703510643699
22,0.008422882981119418,0.010817747086248898,0.6084126886138714
23,0.006842010058478323,0.008868824077549716,0.6553677201777517
24,0.004627823674519146,0.006553492369264665,0.7016181289683706
25,0.002159473111591165,0.004266149783556706,0.7644419078711009
26,0.000981572714444474,0.002710082022717731,0.8399632927574721
27,0.00032309795906040954,0.0019927294398614935,0.9282932930695197
28,0.00031930972767855846,0.0019398276238145557,1.0708846292270189
