Iteration,Energy,Loss Function,Bias
0,0.11645529601995278,0.11568513507441719,0.0
1,0.10216275336274516,0.10054493846225292,0.062083599732379584
2,0.08300790659608111,0.0835095988241174,0.07144471323213428
3,0.06747105414686623,0.06673631466416333,0.0851422356153409
4,0.059386451011407826,0.058348639469975296,0.10204945536411814
5,0.05130451611755601,0.050265808355065965,0.1145124674045181
6,0.042550300004809714,0.04182450998012777,0.13171601903846974
7,0.035750549955574196,0.03482228232805702,0.15507215468618232
8,0.033053288634179855,0.032541514021775485,0.17867536001514972
9,0.028084975800741426,0.028834305070840286,0.1891239182959591
10,0.025504537172031678,0.02558473083486393,0.2072148544502837
11,0.022874137412421666,0.021900773700400576,0.22784938536240595
12,0.01902832016832018,0.018264683419582168,0.25737968576018777
13,0.016631247771329852,0.015667712200106935,0.29300990316442194
14,0.014149351992980565,0.013462035549273483,0.32242543370672716
15,0.013479134827051096,0.012229602928938765,0.35493985300941194
16,0.011281828836130044,0.01055534185140306,0.37580878365321363
17,0.00985038410868261,0.008943942838004702,0.4079700997887593
18,0.007913150271678404,0.006999375738063834,0.4453683342856247
19,0.006704890941290518,0.005278835366014367,0.4945718898525331
20,0.005232306350269291,0.004164630035919736,0.543878163022452
21,0.004029200651021964,0.0027961536638178726,0.581654227836005
22,0.003334578236940187,0.0020133388782698613,0.635246584456526
23,0.002515053805997411,0.0011098811787075677,0.6713715938192378
24,0.0014466454310756312,0.00029526596036121884,0.7165906073208318
25,0.0009585110323983415,-0.0004250977491590005,0.769949332436224
26,0.0006911946694968123,-0.0008197013583859744,0.8321587722589026
27,0.00038541051427619025,-0.0011537276345508875,0.8807235790194975
28,0.000291902201121064,-0.001276556437332372,0.9434532531979006
29,0.0002612252889809839,-0.00133493823962038,0.9834553378289662
30,0.0002525339490301569,-0.0013499570929794643,1.0112079202100506
