Iteration,Energy,Loss Function,Bias
0,0.11645529601995278,0.11813618849833199,0.0
1,0.03534391100840926,0.035630483072648794,0.536180326506961
2,0.00046708790440832523,-0.0003727944655803659,1.4531321391429022
3,0.0002505332332579902,-0.0008471789167719347,1.5225667722359417
