Iteration,Energy,Loss Function,Bias
0,0.14271577503024996,0.14567756909062277,0.0
1,0.049771781982631526,0.053884536284008334,0.5214680447239521
2,0.003087963730736496,0.005178499907460289,1.398697319296493
3,0.0010409595285822157,0.0017111347730969944,1.7249910309988572
