Iteration,Energy,Loss Function,Bias
0,0.1505636845012418,0.1470554512143886,0.0
1,0.06533179449631506,0.07618737991493627,0.49296595717241604
2,0.020362838619905555,0.0234416640335499,1.096274466410759
3,0.00045500829950198725,0.0017028477291300978,1.850343773833509
