Iteration,Energy,Loss Function,Bias
0,0.14271577503024996,0.1444218600140052,0.0
1,0.04906963896029776,0.05262913154534375,0.5214547128156528
2,0.002998404400399065,0.003919897452672215,1.3984163751588845
3,0.0008655192686558671,0.00048416376441248705,1.724623432278183
