Iteration,Energy,Loss Function,Bias
0,0.15046810622332,0.15376735529750865,0.0
1,0.13880871737890774,0.13823061709928722,0.05504251660138629
2,0.11966801993636035,0.12297625305155037,0.061686072721485366
3,0.10648431775578454,0.10973303607441659,0.07195658550572673
4,0.09527401406222794,0.09842977768791086,0.08435863996461361
5,0.08586770267026834,0.0898976597331409,0.09943068162918954
6,0.07623246279911494,0.08054715020378135,0.11831391762704457
7,0.06961514840732334,0.0722767015552151,0.14121834859557625
8,0.062429414089657284,0.06434746389322855,0.16561911732556997
9,0.0555431331719485,0.058190480441395846,0.19355332646038725
10,0.05172188789255033,0.05289899971436835,0.21828202297145957
11,0.04593710249925755,0.04818118207901978,0.2431962787944665
12,0.04031954107469105,0.04333553872217294,0.2697730398688208
13,0.03539985175362444,0.03805706662676851,0.3025473305608714
14,0.031561778218727556,0.033754615226566774,0.3424494295428217
15,0.029773313415715076,0.031548548454550795,0.3806796830284008
16,0.02674857099287044,0.02952513668543184,0.4057249321127761
17,0.02372154122436568,0.026662985392757816,0.4318777781690885
18,0.020149398445392215,0.02318693797848164,0.4713632998020156
19,0.017416253506142315,0.01945734313097211,0.5233820231045041
20,0.015329138452116118,0.0176175953472613,0.5827209713868045
21,0.01263513064141813,0.01535221955529002,0.6185601892633559
22,0.010827870792204196,0.01315981850766315,0.6657750746144594
23,0.008743847044853804,0.011204635016075737,0.717162811797092
24,0.006536292410684848,0.00941869752405615,0.7671398581388809
25,0.0050747176791,0.007683822374668226,0.8193422541720641
26,0.004264025546575484,0.006600027588025044,0.874968285641347
27,0.003332785786792452,0.005545083454537119,0.9185760862107066
28,0.002832698101931416,0.004797435900968405,0.9744207988799514
29,0.002217084505588612,0.0042107035340542675,1.024661118707854
30,0.0018475206136614893,0.0037533560115095978,1.0726157067499922
31,0.0015551740672385185,0.003391477030466592,1.117839142380947
32,0.001070809999927581,0.003016488892827589,1.1630486814306429
33,0.0010444703643480472,0.002931698030033833,1.2111353950698018
34,0.0008302493970713875,0.002656120298739018,1.2810486804553418
35,0.0006989545653245517,0.002547652835155863,1.3293760309237783
36,0.00054173887391312,0.0023904225803383743,1.4364909289493466
37,0.0004974484328564472,0.0022507455189540015,1.6001504686674866
38,0.00041053155288746,0.002187670454550719,1.7681230833496164
