Iteration,Energy,Loss Function,Bias
0,0.15664863268342746,0.14904332589811617,0.0
1,0.04719769804449083,0.05084835479691347,0.5432847738673433
2,0.002684988097410109,0.0050668164991608715,1.5321425694639152
3,0.000855195699445394,0.0003640598688293046,1.8363335670597238
