Iteration,Energy,Loss Function,Bias
0,0.1505636845012418,0.15221728413754632,0.0
1,0.11943904764889023,0.12200024454885827,0.06340015676047742
2,0.09767087561017376,0.10029407366728198,0.08299943241254375
3,0.08829945133716022,0.09059657555870572,0.10559833733183138
4,0.07445149294266103,0.07779297637675124,0.120254597913381
5,0.061451882124586264,0.06542891141498886,0.14153089650193085
6,0.05437544059977321,0.05877151578858363,0.1684524287635238
7,0.04782970522180581,0.05085693549716716,0.18611846425413528
8,0.04186751078733864,0.046108132282737434,0.21027029849509615
9,0.03900787911001757,0.04319680477552367,0.2297545488764295
10,0.034917594923657834,0.0395160626335579,0.24489887668015767
11,0.030867572965925058,0.03536728481508135,0.26741059473563084
12,0.029602702249877606,0.03376848228928532,0.2946553319881533
13,0.026375580839579464,0.031104614024763288,0.30681614024663134
14,0.022978532910031418,0.02827800658266132,0.3298535319672017
15,0.020292301955295133,0.025263308569893488,0.3569906924473266
16,0.01821856036562253,0.02240236012051778,0.39262837612786333
17,0.015766821024794563,0.01997835138449319,0.4328790531927486
18,0.013315858858774846,0.01767035130528984,0.47321405003806954
19,0.011722191012920474,0.016150273571563022,0.5164833630841911
20,0.010687679685692454,0.014686210821353763,0.5502299883455923
21,0.008855336396855066,0.012904453013728178,0.588314959321209
22,0.006858120897915633,0.011217598032705623,0.6441453331594894
23,0.005496986497752518,0.00966395509447886,0.7050165263775979
24,0.0043293469044486665,0.008256040223007593,0.767638529622217
25,0.0033224191931493525,0.0070432681633025105,0.8344319365847667
26,0.0028974256897448076,0.0062021005017014,0.8989816415098824
27,0.001837906091999652,0.005506440678864637,0.9506082926082121
28,0.0013200008457827813,0.004929696510768312,1.0002619192550257
29,0.001065652378635263,0.00447320384526401,1.0507769564394385
30,0.0006878514665264013,0.004119495776112287,1.0989634640789079
31,0.0005210142522096856,0.003882596596022771,1.146451398894278
32,0.00044823126484958166,0.003756799794855326,1.1872933106291228
33,0.00038243446704910834,0.003679787798097221,1.213707736527236
34,0.0003634481895073477,0.0036570021760391107,1.3147400624957046
