Iteration,Energy,Loss Function,Bias
0,0.15046810622332,0.15380989295489453,0.0
1,0.04990063760591164,0.05370306185765576,0.5215245521569289
2,0.0026891378829680653,0.00590560670437745,1.57547905204203
3,0.001196337409297706,0.003023131604387085,1.9330210631207294
