Iteration,Energy,Loss Function,Bias
0,0.15046810622332,0.15257879999675544,0.0
1,0.04968141980832736,0.05243288664434053,0.5216174899036754
2,0.0026547282816871028,0.004615390769353238,1.5764901344752167
3,0.001193949093417207,0.001787892483375659,1.9348173847111236
