Iteration,Energy,Loss Function,Bias
0,0.15046810622332,0.1501166140804773,0.0
1,0.0497013467619398,0.049892728491408724,0.5217988834007631
2,0.0028757202732348913,0.0020346792467175077,1.5784634345151107
3,0.0010902488653479988,-0.000692534017567839,1.938245752190185
