Iteration,Energy,Loss Function,Bias
0,0.15664863268342746,0.1553123851884092,0.0
1,0.13492254317588856,0.1334389536897478,0.050663847916641455
2,0.12353005430318183,0.11987840631704401,0.05942267166716375
3,0.10214143966058131,0.10254151241286254,0.06931148822005875
4,0.08810758959387766,0.08934266481097855,0.08502537310949963
5,0.077561403554318,0.07907313140623735,0.10122212624187739
6,0.06666812517172076,0.06923754597843292,0.11754442428858237
7,0.06208227115266605,0.06321480112712528,0.13797946978946538
8,0.05558653676190544,0.05750993424636288,0.15652351289061656
9,0.051761110297785955,0.05299902252213866,0.1784188852167366
10,0.045372512809513245,0.047368253529361,0.19896748686583945
11,0.04189374669381549,0.04339182794344241,0.22607688482739483
12,0.03900732464919739,0.03933661561827709,0.24907817993907594
13,0.0333671141912517,0.0344442701309916,0.27647265930980713
14,0.029957133253435096,0.03073102134666326,0.3142044715459817
15,0.023782895875751716,0.0259016036244944,0.3467041419933617
16,0.02134939635175453,0.022706032513084683,0.39111784454515236
17,0.019897029372287864,0.02056615470701525,0.429196371216204
18,0.016995209649804215,0.017978365398252316,0.459191022843852
19,0.012574196078910041,0.013759177579381362,0.49816018823506525
20,0.01231283615085284,0.012817179149942145,0.5658012489711415
21,0.010444840761794954,0.011262652242211171,0.5828929828502238
22,0.008919647269449427,0.009392062362766901,0.6130489468201645
23,0.00696632771900544,0.007418850166606912,0.6528861342986355
24,0.006093062596144047,0.006498983946781367,0.7100237785385165
25,0.004679724613244313,0.005337853795933681,0.7448965538208848
26,0.004133190385853742,0.004642053176510548,0.7928906892721291
27,0.003442828940111312,0.003820857555899371,0.8263795203399564
28,0.002385872064554995,0.0028270379650869835,0.8699810836071001
29,0.001889124278131648,0.0020448020323713748,0.9291844541368246
30,0.001225370770215124,0.0013437190819780209,0.9850101473761967
31,0.0005578623119578094,0.0006809601720671952,1.04713703952251
32,0.00027648700825916935,0.0003191188306219817,1.1231524188375623
33,0.00027425227297654957,0.00026315301752406447,1.20920005177908
