Iteration,Energy,Loss Function,Bias
0,0.14271577503024996,0.1431661509373876,0.0
1,0.049021967044978396,0.051374252286897355,0.5214391020045582
2,0.002755309082810146,0.002661676057596854,1.3980776693438017
3,0.0009208661762410589,-0.0007467836693431871,1.7241158204854075
