Iteration,Energy,Loss Function,Bias
0,0.15664863268342746,0.1502966787327048,0.0
1,0.04701800532569418,0.052075824244871574,0.5432483830738855
2,0.002644254141708118,0.006345324045597852,1.5305101161149754
3,0.0008517531125634955,0.0015746783889079206,1.8340020391077587
