Iteration,Energy,Loss Function,Bias
0,0.15046810622332,0.15134770703861639,0.0
1,0.04968141980832736,0.05116277623513269,0.5217089344487352
2,0.002761167556800135,0.0033250645422892447,1.5774849505337643
3,0.0011085745130359505,0.0005492578054640714,1.936545299353812
