Iteration,Energy,Loss Function,Bias
0,0.14271577503024996,0.14316615093738763,0.0
1,0.049021967044978396,0.05137425228689733,0.5214391020045581
2,0.0027553090828101746,0.002661676057596739,1.3980776693438015
3,0.0009208661762410589,-0.0007467836693431871,1.7241158204854077
