Iteration,Energy,Loss Function,Bias
0,0.11645529601995278,0.118136188498332,0.0
1,0.03534391100840927,0.0356097355858176,0.5361803265069609
2,0.00046708790440832523,-0.0004772459989145487,1.4533627225378227
3,0.0002505332332579902,-0.0009642669574669944,1.5234571412262323
