Iteration,Energy,Loss Function,Bias
0,0.11645529601995278,0.11938646977429783,0.0
1,0.03537499845548093,0.03687310203690285,0.5362313126943955
2,0.000500076811489691,0.0008803046223601285,1.452946848056861
3,0.00025160402477787636,0.0004046659917384194,1.5222566919015756
