Iteration,Energy,Loss Function,Bias
0,0.11645529601995278,0.11730884333065542,0.0
1,0.10232211726199684,0.10214532083386113,0.06210128444733616
2,0.08377256492643197,0.0849957558782219,0.0715852994297307
3,0.06675357915894387,0.06830544468935183,0.08532788045136022
4,0.05996467312070031,0.059238349838794585,0.10366353588420167
5,0.0490569053350319,0.050141697480287184,0.11984044827948497
6,0.039085882272272505,0.042539176616798575,0.1408696601462956
7,0.039740312480064474,0.03956389086490012,0.16237546752207585
8,0.03226346539866729,0.03502416214911372,0.17345162544734263
9,0.02833165506844201,0.029566387387507807,0.1940160881880751
10,0.02454128285265802,0.0252324522856718,0.22121446855996887
11,0.020459949224866013,0.0211987923713682,0.24817091045954445
12,0.017733422037170953,0.018394716433592976,0.2797785431826686
13,0.014100748997882278,0.015672140318361994,0.30592438169554886
14,0.013074942888835485,0.013782176293690577,0.3359754506038882
15,0.011091831928143467,0.011696604269924391,0.36066791405292253
16,0.00924460693853799,0.010023488793380206,0.3941760863713073
17,0.0076565851939871836,0.008426945007370045,0.4287804715870313
18,0.007044620093367487,0.007295097972069737,0.4730976989789571
19,0.00578753759306651,0.006067706256989841,0.5084275663752756
20,0.00438129763956839,0.004845953979243862,0.5505735140095811
21,0.0034607150799029793,0.0036768224323799133,0.5979308757637258
22,0.0021983284592763776,0.0024485661164830026,0.6528893957876304
23,0.0010266676715514106,0.001424564368606761,0.7237443230488578
24,0.000699027859086671,0.0008948697303357031,0.7940754442755025
25,0.00038129667871956947,0.00047359618764842047,0.85040540272264
26,0.000287795291219513,0.0003065636872539862,0.917651735381932
27,0.00026383533761813703,0.00027143161704386656,0.9689162760380791
