Iteration,Energy,Loss Function,Bias
0,0.15046810622332,0.15257879999675547,0.0
1,0.049681419808327375,0.05243288664434067,0.5216174899036753
2,0.0026547282816871028,0.004615390769353295,1.5764901344752111
3,0.001193949093417207,0.0017878924833756877,1.9348173847111183
