Iteration,Energy,Loss Function,Bias
0,0.14271577503024996,0.14567756909062277,0.0
1,0.049771781982631526,0.05389820637452884,0.5214680447239521
2,0.0030154484426210032,0.005256718115620204,1.3985666797128138
3,0.0010409595285822157,0.0018820114008457883,1.7237018787929776
