Iteration,Energy,Loss Function,Bias
0,0.15046810622332,0.15537370657477179,0.0
1,0.13880871737890774,0.13983570746819182,0.05504860350977699
2,0.11946543922413289,0.12469244465890002,0.06165687054079062
3,0.10555708311219507,0.11143044332806881,0.07190516504955766
4,0.09499318245201543,0.10023626455953313,0.08427018778242037
5,0.085880404535888,0.09149987258984024,0.09877257491034386
6,0.07670295113530988,0.08254008083248937,0.11755211317049377
7,0.07124778950510141,0.07562324918179461,0.1394626550510111
8,0.06295275296082256,0.0681174760374769,0.1608827941987406
9,0.05813801851786811,0.063168980773869,0.18557835852276516
10,0.052067886712833064,0.057620224695004975,0.20475400626256454
11,0.045790896726434105,0.051491107328504294,0.22877484380951996
12,0.04236484563917165,0.04677799769505468,0.2596452588661282
13,0.03782284306576335,0.0422511119416633,0.28781041019462084
14,0.03460686162687749,0.038504875082938095,0.31954501106167466
15,0.029181339202734486,0.03401234447117378,0.3550390452181846
16,0.026311774694106,0.030080292966249242,0.4011297386753013
17,0.022641744778757435,0.026534847836971312,0.4471467089141381
18,0.01924502321768089,0.02329653240584159,0.49519995532274463
19,0.015381037117570596,0.019604487741231524,0.543193876867668
20,0.016172871920481377,0.019277961718588938,0.6061496843448593
21,0.013112335146530702,0.01693721575097594,0.6390223503377745
22,0.010623729035160808,0.014794999779694906,0.6890455367525219
23,0.008829383562199556,0.012822795041682917,0.7405208502754227
24,0.006327786927582651,0.010653748288626435,0.7930313601357302
25,0.004932970908327932,0.00925764822554749,0.8616695755860007
26,0.004065533350431311,0.00801048432846418,0.9143441489213473
27,0.0028978470872845627,0.0069219351686397425,0.9672808879433752
28,0.0025925689869533853,0.006118497021577771,1.0197513330455676
29,0.0016816548295580304,0.005350201183097566,1.069819552152006
30,0.0012914787482019396,0.004886806564743979,1.1295451865109594
31,0.001189777542169339,0.00459325230552226,1.1810842953139415
32,0.000993700870662431,0.004332538177054705,1.222370832370938
33,0.0006900953166933621,0.004081086530798624,1.2662675260644936
34,0.0005005607283434229,0.0038764569826559496,1.3108021609681957
35,0.0004698401622201163,0.003793089631382157,1.3491002496610633
36,0.00036094009834775314,0.003636543508527246,1.4430783937971774
37,0.00032894938035630194,0.0035674548140941713,1.4836163191903138
38,0.00030378939079397785,0.0035143430157629847,1.5224179734383179
