Iteration,Energy,Loss Function,Bias
0,0.15046810622332,0.1501166140804773,0.0
1,0.0497013467619398,0.049883591994246385,0.5217988834007634
2,0.0028757202732348913,0.0019382475674805768,1.5785597609807682
3,0.0011075426233613558,-0.0008512595287546013,1.9396739906601934
