Iteration,Energy,Loss Function,Bias
0,0.11645529601995278,0.11938646977429782,0.0
1,0.03537499845548093,0.03687310203690299,0.5362313126943955
2,0.000500076811489691,0.0008803046223601285,1.4529468480568575
3,0.00025160402477787636,0.0004046659917385341,1.5222566919015728
