Iteration,Energy,Loss Function,Bias
0,0.14271577503024996,0.14693327816724033,0.0
1,0.049354815603268515,0.05514047377323019,0.521479097204923
2,0.0031940955623734266,0.0064373851698900095,1.3989196831465973
3,0.0010030866860957065,0.0029336820148957096,1.7251040680776502
