Iteration,Energy,Loss Function,Bias
0,0.15664863268342746,0.1502966787327048,0.0
1,0.04701800532569418,0.05207582424487159,0.5432483830738856
2,0.002644254141708118,0.006345324045597938,1.5305101161149741
3,0.0008517531125634955,0.0015746783889079494,1.8340020391077578
