Iteration,Energy,Loss Function,Bias
0,0.1505636845012418,0.1482886644267955,0.0
1,0.06521134708105607,0.07735275616312264,0.49300325903090814
2,0.020648733178274623,0.02464867191763898,1.0964295448238857
3,0.0005121731400963475,0.0027382005200345945,1.8496057245309685
