Iteration,Energy,Loss Function,Bias
0,0.1505636845012418,0.14458902478957472,0.0
1,0.06484691976560841,0.07380927440104687,0.492887395764365
2,0.02003688772794197,0.020829518415696625,1.0963582069218587
3,0.000528290257368122,-0.0008907620483309487,1.854638105274542
