Iteration,Energy,Loss Function,Bias
0,0.11645529601995278,0.12063675105026363,0.0
1,0.03537499845548093,0.0381368520042455,0.536279402737282
2,0.0005058929218257754,0.002237611421898891,1.452486417791261
3,0.0002538092209175724,0.0017736233945584432,1.521014209050645
