Iteration,Energy,Loss Function,Bias
0,0.15046810622332,0.15257879999675544,0.0
1,0.049681419808327375,0.0524419681040765,0.5216174899036754
2,0.0026547282816871028,0.004711611686250536,1.5763944762189002
3,0.0010959690902217895,0.0019492487391266774,1.9333966326692704
