Iteration,Energy,Loss Function,Bias
0,0.1505636845012418,0.1470554512143886,0.0
1,0.06533179449631506,0.07617129547071048,0.4929659571724159
2,0.020362838619905555,0.02337769411897921,1.096411395240483
3,0.00045500829950198725,0.0015293965568922408,1.851202595971856
