Iteration,Energy,Loss Function,Bias
0,0.1505636845012418,0.14582223800198163,0.0
1,0.06435178569600272,0.07499013737237435,0.4929273357725803
2,0.02017921937281132,0.02210460062626193,1.0963875565317096
3,0.0004259500934831917,0.0003197710428630777,1.852874401759581
