Iteration,Energy,Loss Function,Bias
0,0.15664863268342746,0.14904332589811617,0.0
1,0.04719769804449083,0.05084835479691346,0.5432847738673432
2,0.002684988097410109,0.005066816499160814,1.532142569463916
3,0.000855195699445394,0.00036405986882939056,1.8363335670597245
