Iteration,Energy,Loss Function,Bias
0,0.1505636845012418,0.14582223800198166,0.0
1,0.06435178569600272,0.07499013737237431,0.49292733577258024
2,0.02017921937281132,0.022104600626261902,1.09638755653171
3,0.0004259500934831917,0.0003197710428630777,1.8528744017595828
