Iteration,Energy,Loss Function,Bias
0,0.15664863268342746,0.1477899730635275,0.0
1,0.047637455575968726,0.0496108830442378,0.5433185409085981
2,0.002493251858524569,0.003693285854796965,1.5338478990534985
3,0.0008789983664496987,-0.0010110789151911589,1.839957048343926
