{
    "Calculated Minimum Energy [norm, row]": [
        0.002236379060053271,
        -0.0510832422782854
    ],
    "Corresponding loss function": 0.028525958982285243,
    "Solution for Minimum Energy": [
        -1.0,
        -1.0,
        -1.0,
        1.0,
        1.0,
        -1.0,
        -1.0,
        -1.0,
        1.0,
        -1.0,
        -1.0,
        1.0,
        1.0,
        1.0,
        1.0,
        1.0,
        1.0,
        -1.0,
        1.0,
        -1.0,
        1.0,
        -1.0,
        -1.0,
        1.0,
        -1.0,
        -1.0,
        -1.0,
        1.0,
        -1.0,
        -1.0,
        -1.0,
        -1.0,
        -1.0,
        1.0,
        -1.0,
        -1.0,
        1.0,
        -1.0,
        1.0,
        -1.0,
        1.0,
        1.0,
        -1.0,
        1.0,
        1.0,
        1.0,
        -1.0,
        1.0,
        1.0,
        1.0,
        -1.0,
        1.0,
        -1.0,
        1.0,
        1.0,
        1.0,
        1.0,
        -1.0,
        -1.0,
        -1.0
    ],
    "Corresponding exp value": [
        -0.044659051508130154,
        -0.031211527988845807,
        -0.012246826375587319,
        9.945439024991454e-05,
        0.0067017147175230316,
        -0.030527940595125237,
        -0.011175322264637218,
        -0.013647293997944648,
        0.006882242289392951,
        -0.003504291614769183,
        -0.38024559277816994,
        0.03153289880236625,
        0.013986062205693761,
        0.2915924743887028,
        0.0037014870200110864,
        0.014651929620237418,
        0.0014908075531881101,
        -0.038881818527972324,
        -0.00017623513808453367,
        -0.03300414758278448,
        0.09386759678706641,
        -0.008235497122644366,
        -0.29711341107508776,
        -0.0007467634324787586,
        -0.0029268480386246565,
        -0.010049725739169462,
        -0.0421834749757715,
        0.132071021723017,
        -0.1001817140296719,
        -0.30478035385433055,
        -0.08852354661732158,
        -0.01952098819888139,
        -0.00791214384687379,
        0.29526248761536966,
        -0.02607410715773047,
        -0.06794458323797326,
        0.011039155795506132,
        -0.010371933676753365,
        0.2139396706761979,
        -0.10245188841266556,
        0.023625626224989007,
        0.21846534243313592,
        -0.018167813899245693,
        -0.0021275813703595485,
        0.010452471186548061,
        0.001642890282144923,
        -0.0025238777897312777,
        0.23575072835637065,
        -0.0003549346272091803,
        0.009043536535236759,
        -0.017660347172091386,
        0.004572326509714367,
        -0.013698073512431607,
        0.01083082931357017,
        0.010362160515161034,
        0.2398125301044652,
        0.09770388399172883,
        -0.07202725433549155,
        -0.018427201897012642,
        -0.007726370968853226
    ],
    "Number for Minimum Energy": 1014511330036156135,
    "Elapsed Time [seconds]": 2.406156063079834,
    "Elapsed Time [hours, minutes, seconds]": [
        0,
        0,
        2.41
    ],
    "Current function value": -0.018478701753543148,
    "Iterations": 988,
    "Function Evaluations, Estimation": [
        989,
        135493
    ],
    "Gradient Evaluations": 989,
    "Number of Parameters": 136,
    "Minimum Parameters": [
        4.5910730932415085,
        4.140367169194709,
        6.018562280066518,
        0.9881894169312341,
        3.265403123877087,
        2.5250109408126984,
        2.928043364369019,
        0.69317422262288,
        0.5329584479857791,
        1.8208601539633964,
        2.088962507483011,
        2.674635198450545,
        3.9499424723387904,
        3.921318858002293,
        2.5902074143678657,
        2.447385753947683,
        1.4208802313814772,
        3.629273719952426,
        1.9112144970998117,
        0.32385580473133035,
        2.5843829347384606,
        3.0392749403253294,
        1.3456317671929645,
        3.6263236486190094,
        3.4308543923386265,
        4.501564200032175,
        4.033370912693293,
        3.9763691041887945,
        1.9789237392405603,
        4.643527389435986,
        3.4397556779243987,
        2.8376810125227294,
        3.7680544086397227,
        2.334468819001975,
        3.1486654691500036,
        4.873809472431022,
        5.646582260663331,
        5.7935187767940945,
        3.1633711531469855,
        3.195337586389846,
        4.967871067473535,
        1.6930630814197727,
        5.349614660153664,
        3.0694935880263423,
        0.6416249276885987,
        0.4695493031537017,
        5.216507504237407,
        0.5135573801506006,
        1.6067821477673938,
        2.330466064467494,
        1.1013950926229183,
        1.9808081101687038,
        4.6011098900145875,
        -0.009382761031647579,
        5.236084935739335,
        5.413454478784017,
        2.485971459585262,
        0.9451529108530748,
        3.7506111934509203,
        0.8177488671898088,
        2.4037768751604607,
        6.058550021460643,
        6.380846893192929,
        4.962213164260051,
        2.078160070211902,
        4.277399456385504,
        4.635059116434698,
        2.419540019280826,
        3.9430239011639707,
        0.3303039479890651,
        1.3733284624253204,
        3.451010057706576,
        0.9543990584662094,
        1.232045284740471,
        5.305684391703951,
        6.048128022236563,
        3.5041715469835646,
        5.301152570847634,
        6.221997797627795,
        0.8294705515984001,
        2.7723329092474343,
        2.518370325655487,
        0.3304043644155381,
        4.736165000635449,
        2.7654026018619726,
        2.9238134053761407,
        0.8899232677305957,
        1.3108280741787819,
        5.767112616485239,
        0.059040760542376475,
        1.536513068350134,
        1.595628668401728,
        3.1065079795360613,
        3.870465239328298,
        2.982590029934414,
        0.7731046350262695,
        1.4997408924945101,
        5.297646229283138,
        3.9143355196264302,
        3.969473785431344,
        4.3080073287430665,
        4.645210471865058,
        0.4500970812119198,
        2.231720162509334,
        3.55890366794229,
        2.2951638381201476,
        5.503849116234708,
        2.929511045618772,
        4.931491503042046,
        5.452839837032207,
        3.0026625160322307,
        5.685691513300394,
        3.5089484229891683,
        5.220301653213783,
        1.9144665663172638,
        3.018455121231986,
        3.0878174371372844,
        0.5994032694471357,
        2.361819346035636,
        5.818688478916723,
        3.9911779459324555,
        1.1747806769815006,
        1.9846837543408549,
        1.1692723699207221,
        0.1434612849756693,
        5.898523116631442,
        2.8182989890950707,
        2.0352586043918017,
        3.6615367486973747,
        0.28322913162842617,
        1.7134361691283413,
        4.354602158719789,
        3.9926407829054047,
        6.046585961051484,
        3.999356019505454,
        0.014701002190976548
    ],
    "Cmin, Cmax, frob_norm, shift": [
        2.75941906453113,
        888.6191906997417,
        615.2997039464918,
        36.17204115841561
    ]
}