{
    "Calculated Minimum Energy [norm, row]": [
        0.002541714902195348,
        -0.05064364392051413
    ],
    "Corresponding loss function": 0.04303861777196775,
    "Solution for Minimum Energy": [
        -1.0,
        1.0,
        1.0,
        -1.0,
        1.0,
        -1.0,
        -1.0,
        1.0,
        -1.0,
        -1.0,
        -1.0,
        1.0,
        1.0,
        1.0,
        1.0,
        1.0,
        -1.0,
        -1.0,
        1.0,
        1.0,
        1.0,
        -1.0,
        -1.0,
        -1.0,
        -1.0,
        1.0,
        1.0,
        1.0,
        -1.0,
        -1.0,
        1.0,
        1.0,
        -1.0,
        1.0,
        -1.0,
        -1.0,
        1.0,
        -1.0,
        1.0,
        1.0,
        -1.0,
        -1.0,
        -1.0,
        -1.0,
        1.0,
        -1.0,
        1.0,
        1.0,
        1.0,
        -1.0,
        -1.0,
        -1.0,
        1.0,
        1.0,
        1.0,
        1.0,
        1.0,
        1.0,
        -1.0,
        1.0
    ],
    "Corresponding exp value": [
        -0.008086985962001744,
        0.0010629484977853665,
        0.004161003251467479,
        -0.01172554338396576,
        0.009514440364284112,
        -0.006380926096356286,
        -0.0170198649476974,
        -0.0015239501758771827,
        -0.15389090438169958,
        -0.011667701713254552,
        -0.26810372632594126,
        0.005289230382588694,
        0.006653306513163487,
        0.3560801858691901,
        0.2235710667929879,
        0.002651471069491629,
        -0.015358580152270825,
        -0.01424286024502406,
        -0.00041510780495613057,
        -0.000765742646686381,
        0.008041786305180324,
        -0.01027733143464402,
        -0.006953055443946039,
        -0.19261655164060582,
        -0.004988861818940733,
        -0.004103294897149034,
        0.008173566396926065,
        0.0018179198513756873,
        -0.013360295947957441,
        -0.19586818327538713,
        0.0003078233872608957,
        0.0023590023059947424,
        -0.010338871018181428,
        0.18829648389885623,
        -0.009983482093066133,
        -0.005005514022197902,
        -0.0012926160153323325,
        -0.0073726010552978005,
        0.039930590304510696,
        -0.0019559704957414735,
        -0.008482431287347018,
        -0.009255610129859551,
        -0.00938251104654022,
        -0.005311019930881851,
        0.010181844715281049,
        -0.011227200745674626,
        -0.0037808758354167804,
        0.09186768204489536,
        -0.00015876155874692145,
        -0.007292704967717743,
        -0.005645004042606212,
        -0.005378723541331426,
        0.002368358132101364,
        -0.0017932623449851692,
        7.2321495479033e-05,
        0.027808676802413286,
        0.05332098045350661,
        -0.0029723710164638035,
        -0.006646080486805406,
        0.004081355199212517
    ],
    "Number for Minimum Energy": 292222896982656873,
    "Elapsed Time [seconds]": 0.872234582901001,
    "Elapsed Time [hours, minutes, seconds]": [
        0,
        0,
        0.87
    ],
    "Current function value": -0.0069319959323015014,
    "Iterations": 363,
    "Function Evaluations, Estimation": [
        386,
        52882
    ],
    "Gradient Evaluations": 386,
    "Number of Parameters": 136,
    "Minimum Parameters": [
        4.365521846474798,
        4.105458133296853,
        5.897318736958027,
        0.9614820610672379,
        3.3158687065418166,
        2.5217355520962634,
        2.94929873717481,
        0.741548672505393,
        0.765471961946723,
        1.7549790764723505,
        2.0563011853402786,
        2.7597280318485353,
        3.8898874129491543,
        3.945356080819115,
        2.5238463321774756,
        2.6184339835264456,
        1.3647705350059838,
        3.6571086962825987,
        1.9750862008275594,
        0.2514835317777519,
        2.6946378651928895,
        3.0004193511965975,
        1.402309974828114,
        3.527386766810914,
        3.5359310952345244,
        4.381796088627923,
        3.9840786656629352,
        4.046777846457192,
        1.9398039226706492,
        4.802143400189368,
        3.448414957838445,
        2.706150540147506,
        3.8889901805070415,
        2.2735155346980975,
        3.1666030306404975,
        4.567875932023867,
        5.64922851515836,
        5.7293404058217945,
        3.1800492805549814,
        3.2315908068558437,
        4.967516373174502,
        1.8623229408625335,
        5.346304174605404,
        2.9781729463168016,
        0.5648867239300721,
        0.6088883514854649,
        5.173477018806834,
        0.41962419594176126,
        1.6813321991543602,
        2.1822745857799375,
        1.139225673933786,
        2.0339561791904703,
        4.493473642245325,
        0.05956842838587274,
        5.130246150496806,
        5.32650286367584,
        2.4119023862290754,
        1.0103119672690453,
        3.863933069169302,
        0.7563625306352947,
        2.29556100213016,
        5.9938190146732975,
        6.391493299028052,
        4.938034494949293,
        1.8904352660287906,
        4.302367613159804,
        4.50783195739153,
        2.355109667703243,
        4.0659863192018,
        0.10650879931930693,
        1.3934763452579229,
        3.1755646645603557,
        0.9118127062307939,
        1.1526480021043612,
        5.2343382894311725,
        6.0411090068344215,
        3.4065299757038865,
        5.339901344097872,
        6.17350038069771,
        0.8522750994176667,
        2.822060957527478,
        2.434261939148954,
        0.5199308406029775,
        4.794134759108541,
        2.7797593006804524,
        2.8617214615339255,
        0.9394441174712579,
        1.1205274849538358,
        5.589265858671002,
        0.08774554523240569,
        1.505771165755601,
        1.735960650855097,
        3.2189595390853487,
        3.7184802843347216,
        2.956879654419871,
        0.6040513965354158,
        1.5999614690420525,
        5.282952974265272,
        3.9553968874855943,
        3.8167404952265196,
        4.231830055804741,
        4.794066555596536,
        0.4330860247050941,
        2.36939506623993,
        3.3812598707887966,
        2.1082960303237632,
        5.496542276413732,
        2.988420192375038,
        4.847563949264693,
        5.169338847006668,
        2.9573266921719337,
        5.640159902135851,
        3.5318773649431443,
        5.294203174005263,
        1.9699857214915262,
        3.1019841332526705,
        3.184920936641285,
        0.6116515969857366,
        2.349032766743729,
        5.813921444651361,
        4.072732710640191,
        1.2385932689238173,
        1.9793842525898149,
        1.155365708514973,
        0.164586589314762,
        5.93067041595835,
        2.7188571119089415,
        1.8879146512414047,
        3.702185049223762,
        0.12687426274580313,
        1.724447822092939,
        4.226262567101687,
        3.9040399521601667,
        6.089112428214393,
        3.987456894945753,
        0.052503949453248294
    ],
    "Cmin, Cmax, frob_norm, shift": [
        2.75941906453113,
        888.6191906997417,
        615.2997039464918,
        36.17204115841561
    ]
}