{
    "Calculated Minimum Energy [norm, row]": [
        0.0006141736704395472,
        -0.05341876509224338
    ],
    "Corresponding loss function": 0.030668534480589503,
    "Solution for Minimum Energy": [
        -1.0,
        1.0,
        -1.0,
        -1.0,
        1.0,
        1.0,
        -1.0,
        1.0,
        -1.0,
        1.0,
        1.0,
        -1.0,
        1.0,
        1.0,
        1.0,
        1.0,
        -1.0,
        -1.0,
        -1.0,
        1.0,
        1.0,
        -1.0,
        -1.0,
        1.0,
        -1.0,
        -1.0,
        1.0,
        1.0,
        1.0,
        -1.0,
        -1.0,
        -1.0,
        -1.0,
        1.0,
        -1.0,
        -1.0,
        1.0,
        1.0,
        -1.0,
        -1.0,
        1.0,
        -1.0,
        1.0,
        -1.0,
        -1.0,
        -1.0,
        -1.0,
        1.0,
        -1.0,
        -1.0,
        -1.0,
        -1.0,
        1.0,
        -1.0,
        1.0,
        1.0,
        1.0,
        -1.0,
        -1.0,
        1.0
    ],
    "Corresponding exp value": [
        -0.009981280534386856,
        -0.007979679051565908,
        -0.008393617462325212,
        -0.009960930022256953,
        -0.008108468387335574,
        -0.007730403461954388,
        -0.009022377948134826,
        -0.008065325099740742,
        -0.009934721488524666,
        -0.008119482224505883,
        0.3535453611883063,
        -0.008601204501407715,
        -0.0072173760747037755,
        -0.007791365629017839,
        -0.007498042989511171,
        -0.007661665176844183,
        -0.00846182559199029,
        -0.00853330473597038,
        -0.008879989578528376,
        -0.006971031451246938,
        -0.003833856025181697,
        -0.009150708508488963,
        -0.0459542176344158,
        -0.007989032151465656,
        -0.008408559608226975,
        -0.009143144714033147,
        -0.007353932186382904,
        0.0011040871246944563,
        -0.007999473646719674,
        -0.07646200771655379,
        -0.008987837385866213,
        -0.008883233680101715,
        -0.008568052929104192,
        -0.006314700630080421,
        -0.00844901951640228,
        -0.009960710075457489,
        -0.007979045408502857,
        -0.007641776329755207,
        -0.3243098582417227,
        -0.009233816527725983,
        -0.007384194153973121,
        -0.009394993507445524,
        -0.00794049665672327,
        -0.008720490567427453,
        -0.008673280222366419,
        -0.008728799470204135,
        -0.008906210759500597,
        0.013209990251174957,
        -0.008852868186801383,
        -0.008468785325635695,
        -0.00945874495610629,
        -0.008540756885649318,
        -0.008161037968777781,
        -0.008588980512520817,
        -0.008158558479677853,
        -0.0034130294167335033,
        -0.0007518970523093741,
        -0.008879769455726392,
        -0.008630086748038874,
        -0.007685031800579282
    ],
    "Number for Minimum Energy": 445709912835033421,
    "Elapsed Time [seconds]": 0.5182194709777832,
    "Elapsed Time [hours, minutes, seconds]": [
        0,
        0,
        0.52
    ],
    "Current function value": -0.010177660711370775,
    "Iterations": 216,
    "Function Evaluations, Estimation": [
        226,
        30962
    ],
    "Gradient Evaluations": 226,
    "Number of Parameters": 136,
    "Minimum Parameters": [
        3.1119440625268124,
        4.762593220559493,
        5.453074049902268,
        4.568104703804307,
        5.873055395421585,
        4.954841974987091,
        5.160903268012084,
        0.5013037972610443,
        4.580926079425334,
        2.6677856701636045,
        3.569425577477158,
        4.073359028044295,
        6.033888516012728,
        6.135638802321909,
        2.057647944236125,
        4.631923206846911,
        4.788690846168214,
        2.060458522442308,
        1.0291687175692514,
        0.13959532659162452,
        4.779158713764471,
        2.9136550365192844,
        6.354376595261523,
        2.921341226008184,
        6.219027036693063,
        2.4512210031754034,
        5.360928155227039,
        0.7331193760761026,
        3.5589172639962996,
        4.9921541370961755,
        5.709378362785853,
        4.8504597079169995,
        0.07475679233358523,
        2.134748990895436,
        0.379363901840169,
        0.8053380059186999,
        4.195931258176303,
        4.402398989785327,
        4.732794443710429,
        5.344849511387725,
        4.542838663386982,
        5.360857804080179,
        0.3824144862477153,
        1.6832984204166652,
        3.92998819029694,
        5.153858587275968,
        -0.455348940911796,
        3.000780645252461,
        4.343129177138179,
        0.5234638987094558,
        2.4912649901597645,
        5.664239354323692,
        4.513359004224637,
        1.6397156711330922,
        4.955829675719175,
        2.377776977814769,
        5.199253954713062,
        2.103271347556584,
        3.737094570689368,
        2.648962546581381,
        1.6506369478388805,
        5.491286965167395,
        1.0724052385078744,
        0.2600336663404788,
        2.1057926265553224,
        4.613204815901095,
        5.192640073297722,
        6.1846304836076325,
        1.7654701001897863,
        2.5458603338665204,
        1.1820249878039233,
        3.6724659566020943,
        6.172100585920982,
        4.378341301828329,
        3.7142008776530897,
        2.529721782174943,
        6.022219618545732,
        3.160555474205499,
        0.9409661326268592,
        2.3492215005543704,
        0.15271557391335405,
        1.2491241182734305,
        -0.06039700580170207,
        2.7948310088802235,
        3.753069787772225,
        1.9337447758308908,
        2.724493703385364,
        6.205628142927832,
        4.849833229720968,
        3.4701489509675683,
        1.8784305815046687,
        5.5679879276134,
        1.3196447002152127,
        2.077484041691635,
        5.572647115976258,
        3.2831598552303127,
        4.442498196664659,
        3.701876598959834,
        4.341891755774955,
        2.075639478136428,
        1.434703291703984,
        1.6453161920843744,
        1.1756557304756368,
        5.807791120931302,
        1.5012982112244146,
        3.828733013815727,
        4.839774809031253,
        4.927910262899196,
        2.9914256876320415,
        3.0981150223339737,
        6.316158007943231,
        4.033969779915983,
        4.961309483730158,
        5.825272777482997,
        4.878256016469161,
        0.7448962684493675,
        3.316510929414706,
        0.5925067335430181,
        4.485041922830575,
        6.410150161629796,
        3.205102155804225,
        2.4045518342126018,
        0.27182088249000474,
        5.8882966317866625,
        0.7479385158411811,
        0.6390635131849886,
        1.625917696791322,
        0.7085363604287621,
        2.934881566501927,
        3.030745380875601,
        1.6476500423696125,
        0.38142714101161107,
        1.0021033945721902,
        2.3455694136879894,
        0.30472078757048404,
        0.12462221664402791
    ],
    "Cmin, Cmax, frob_norm, shift": [
        2.75941906453113,
        888.6191906997417,
        615.2997039464918,
        36.17204115841561
    ]
}