{
    "Calculated Minimum Energy [norm, row]": [
        0.000681205896553777,
        -0.0533222574031662
    ],
    "Corresponding loss function": 0.030839314006512884,
    "Solution for Minimum Energy": [
        -1.0,
        -1.0,
        -1.0,
        -1.0,
        1.0,
        1.0,
        -1.0,
        1.0,
        -1.0,
        1.0,
        1.0,
        1.0,
        1.0,
        1.0,
        1.0,
        1.0,
        1.0,
        1.0,
        1.0,
        1.0,
        1.0,
        -1.0,
        -1.0,
        1.0,
        -1.0,
        -1.0,
        -1.0,
        1.0,
        -1.0,
        -1.0,
        -1.0,
        -1.0,
        1.0,
        -1.0,
        1.0,
        -1.0,
        -1.0,
        -1.0,
        -1.0,
        -1.0,
        1.0,
        -1.0,
        1.0,
        -1.0,
        -1.0,
        1.0,
        -1.0,
        1.0,
        -1.0,
        1.0,
        -1.0,
        -1.0,
        1.0,
        -1.0,
        1.0,
        1.0,
        1.0,
        1.0,
        1.0,
        -1.0
    ],
    "Corresponding exp value": [
        -0.017489265352009647,
        -0.009487191031341729,
        -0.011874261899652669,
        -0.01445137418599958,
        -0.007144594713433033,
        -0.008531447103579408,
        -0.01242388626475023,
        -0.00897584358376439,
        -0.013368735468440564,
        -0.008236190943394487,
        0.8706559903140194,
        -0.008923362766919532,
        -0.008689191843580232,
        -0.007824628088844376,
        -0.007714156535042218,
        -0.0039923702031684,
        -0.006384273061625526,
        -0.008749213017596368,
        -0.008042130274584197,
        -0.007711200808489692,
        0.0023464572606587755,
        -0.01190035626265639,
        -0.1921009043607191,
        -0.0071179425495173695,
        -0.010586720967587601,
        -0.012790914447839623,
        -0.012231754824682767,
        0.03447761032791784,
        -0.016361813072815146,
        -0.2685618678075729,
        -0.013595188556114112,
        -0.010271338318035752,
        -0.007835870419996963,
        -0.019577352017074133,
        -0.008651578527589788,
        -0.019012167607547606,
        -0.009914315407254624,
        -0.010061971742343712,
        -0.4130835291384645,
        -0.014213240578745293,
        -0.007378326845818155,
        -0.02151721847157832,
        -0.006397667138053417,
        -0.010009959504839294,
        -0.010961777158394165,
        -0.009101501262807628,
        -0.009477513414449882,
        0.04140211198422564,
        -0.009712162301885655,
        -0.007376557853990468,
        -0.01785937018728839,
        -0.010594405263513157,
        -0.009151895232519369,
        -0.009887618253705103,
        -0.00861631505790767,
        0.0020985110719876614,
        0.02561201216395056,
        -0.008227027354536875,
        -0.007591152432659635,
        -0.010483240893077735
    ],
    "Number for Minimum Energy": 589227160193990991,
    "Elapsed Time [seconds]": 1.5676016807556152,
    "Elapsed Time [hours, minutes, seconds]": [
        0,
        0,
        1.57
    ],
    "Current function value": -0.009947506150259234,
    "Iterations": 642,
    "Function Evaluations, Estimation": [
        645,
        88365
    ],
    "Gradient Evaluations": 645,
    "Number of Parameters": 136,
    "Minimum Parameters": [
        2.8177409089626257,
        4.611954781047788,
        5.208351585949964,
        4.886003853757986,
        5.4837040668121695,
        5.035046232658385,
        4.98846698835226,
        0.47589802259882646,
        4.923528768735191,
        2.7041018727634816,
        3.6313759136667016,
        4.037497791505793,
        6.2302542618939505,
        5.934029749334164,
        2.3641113737366246,
        5.066500724896586,
        4.662288456539974,
        2.2199235822518593,
        0.7272034728755707,
        -0.09355219412350661,
        4.930561239334459,
        3.063415886727824,
        6.473158504438,
        3.1522003790973727,
        6.108718497558298,
        2.5792300356943056,
        5.266456052793067,
        0.6667166334647715,
        3.5203876937042544,
        4.931988012454757,
        6.1357203492694214,
        4.723625671735102,
        0.2311112249576028,
        1.988793506800133,
        0.24953182409064534,
        0.6553117399321815,
        4.025293054998065,
        4.452483099122819,
        4.843129205583502,
        5.3215413382230485,
        4.990676004623916,
        5.328314878874072,
        -0.3605667340813884,
        1.482888041859787,
        4.152807822226902,
        5.276381425426878,
        -0.4479743630941297,
        3.2487309735784895,
        3.981766462733554,
        0.09988290098154054,
        2.7884920337869765,
        5.4084533643915975,
        4.234461891528549,
        1.6040016156216246,
        4.997598649386487,
        1.9558379275654907,
        5.460423424601429,
        1.7145210022163182,
        3.8444455923903353,
        2.7416713319321966,
        1.5150280118780035,
        5.365386901994724,
        1.239308255794612,
        0.17443332579394297,
        1.9963094599192106,
        4.62182732368097,
        4.623500840549622,
        5.725366178380298,
        1.99373092161861,
        2.8101825406321868,
        0.7604103562487953,
        3.7728613759766225,
        6.5386802287346795,
        4.645367450742243,
        4.414350703582218,
        2.470092678186757,
        5.999173606021763,
        3.2159034692453097,
        0.6796056891279014,
        2.5893304269514705,
        0.4834340583211895,
        1.396916647598907,
        0.17353907246567463,
        2.3165192665928434,
        3.8170769748002047,
        2.2218385779189838,
        2.2956279595529576,
        5.746288238166346,
        4.85904362762742,
        2.656988352096398,
        2.064537421540615,
        4.868435906500521,
        0.9432182252980611,
        2.221861826597683,
        5.600547002768184,
        3.2555442690776286,
        4.869103083961183,
        3.5118441208902618,
        4.190093313920992,
        2.043921780148235,
        1.3374456558977073,
        1.6172812318479637,
        0.41182488775458964,
        5.646334696582429,
        1.2521342337626504,
        4.0929964281221,
        5.220914172723784,
        4.787350989672359,
        2.506466005964652,
        3.0100652889841912,
        6.24385898645034,
        4.062495556442232,
        4.990440420821333,
        6.362501955736734,
        4.499397639567496,
        0.5150154609858628,
        3.333194951190502,
        0.28371276161985615,
        4.385675944228483,
        6.352551226456615,
        3.4623280929235274,
        2.370491915261134,
        0.22581487707325987,
        5.91856320613594,
        0.886339208757624,
        0.7614076992470147,
        1.2502969979881968,
        0.6499903722724351,
        3.2120763011030427,
        2.739112131000441,
        2.0030019721834824,
        0.4983366619178361,
        1.029880989331714,
        1.6537173104979068,
        0.450199651585302,
        0.02837054417215116
    ],
    "Cmin, Cmax, frob_norm, shift": [
        2.75941906453113,
        888.6191906997417,
        615.2997039464918,
        36.17204115841561
    ]
}