{
    "Calculated Minimum Energy [norm, row]": [
        0.004748659914720151,
        -0.04746625931872225
    ],
    "Corresponding loss function": 0.07724150536942255,
    "Solution for Minimum Energy": [
        -1.0,
        1.0,
        -1.0,
        1.0,
        -1.0,
        1.0,
        -1.0,
        -1.0,
        1.0,
        -1.0,
        1.0,
        1.0,
        1.0,
        -1.0,
        -1.0,
        -1.0,
        1.0,
        -1.0,
        -1.0,
        1.0,
        -1.0,
        -1.0,
        -1.0,
        1.0,
        1.0,
        1.0,
        1.0,
        -1.0,
        1.0,
        1.0,
        -1.0,
        1.0,
        -1.0,
        -1.0,
        -1.0,
        -1.0,
        1.0,
        1.0,
        1.0,
        1.0,
        1.0,
        -1.0,
        -1.0,
        -1.0,
        1.0,
        -1.0,
        -1.0,
        1.0,
        -1.0,
        -1.0,
        1.0,
        1.0,
        -1.0,
        -1.0,
        -1.0,
        -1.0,
        1.0,
        1.0,
        1.0,
        1.0
    ],
    "Corresponding exp value": [
        -0.09531362599191882,
        0.17651285612098483,
        -0.058099877945821,
        0.33121829738058295,
        -0.17548290857044907,
        0.13551444098360255,
        -0.023851892769869557,
        -0.3194183017671325,
        0.14037369657546644,
        -0.2622390062618476,
        0.17557561994688542,
        0.013493542308550873,
        0.04309538513973242,
        -0.12276761904863195,
        -0.1533961133626124,
        -0.01800887680369056,
        0.06826017413734828,
        -0.015167821647043504,
        -0.21704023164740266,
        0.00749476093839253,
        -0.12539492856264275,
        -0.2210858891957632,
        -0.07334414561509875,
        0.020294253744254503,
        0.0334979840230255,
        0.12684057891485315,
        -0.0006313828246666403,
        -0.11571660543268818,
        0.0858596838830536,
        0.04188164813581639,
        -0.04926555648789668,
        0.1529169149615413,
        -0.06884025828397564,
        -0.053063437137209624,
        -0.015322462560412324,
        -0.10777901116337087,
        0.10137444409038221,
        0.030905715296064253,
        0.08812465071651285,
        0.021484553552914995,
        0.11159742495815646,
        -0.010251014939434226,
        -0.24911538631470043,
        -0.010225431838776944,
        0.04155895655083153,
        -0.13830579825562717,
        -0.010016093594143544,
        0.15524035690782076,
        -0.190047912374394,
        -0.12666731329645883,
        0.017631825080114204,
        0.004197237778257818,
        -0.13084100055739026,
        -0.06147229757159639,
        -0.0821425189136674,
        -0.15674666064019518,
        0.01786287192311654,
        0.054436550746014896,
        -0.00042039122326987307,
        -0.0019991357891384967
    ],
    "Number for Minimum Energy": 68519431260005077,
    "Elapsed Time [seconds]": 1.019216775894165,
    "Elapsed Time [hours, minutes, seconds]": [
        0,
        0,
        1.02
    ],
    "Current function value": -0.011108075499349907,
    "Iterations": 485,
    "Function Evaluations, Estimation": [
        501,
        68637
    ],
    "Gradient Evaluations": 501,
    "Number of Parameters": 136,
    "Minimum Parameters": [
        1.1141451531785023,
        3.7783171328078544,
        5.509157984981954,
        1.2368480901816756,
        1.9117049772458612,
        4.848925670094518,
        6.092596138818627,
        3.1491653344849833,
        0.8851295755331655,
        0.079745834328833,
        1.4523005012744725,
        0.8427036697274597,
        4.27205504186249,
        0.7473875667037299,
        3.1939911203496405,
        4.3673557234246365,
        3.676801076931138,
        1.2246352260578188,
        5.053151941007738,
        4.489808609484452,
        4.64857612389073,
        0.7933916357025486,
        0.7875685860264131,
        5.812594752705522,
        2.4876531608573313,
        1.9091707061888679,
        3.079038738067718,
        4.16660590229804,
        5.998552289047931,
        1.7805664470125921,
        5.8060748523401955,
        0.16343432210155218,
        3.4508259858382964,
        3.996597701885383,
        0.6614260837965028,
        0.8717600135095637,
        2.6290310317407557,
        6.07361321164557,
        3.757463940081846,
        5.863627097945763,
        5.068832204316947,
        2.943796785459134,
        4.957777535306163,
        0.10932245197329504,
        0.7034377331861325,
        5.223628518037864,
        5.01288123691712,
        1.4769275709038339,
        3.367698663120486,
        3.815376729483611,
        5.441228710049243,
        3.8020745067047117,
        2.5812931281225757,
        2.3456644281246732,
        2.6753546848140624,
        4.099723291881976,
        5.431898988706396,
        2.856534045408251,
        1.5266970159158828,
        1.4746313315020574,
        4.690436985380996,
        5.118592395790353,
        0.6160223184967841,
        0.4199391713909203,
        3.7294562089996717,
        0.9039365651133149,
        5.190679525648215,
        1.8904292425496554,
        0.8746557275895216,
        5.777816093491589,
        1.0393112682964059,
        1.8080650230843665,
        0.9736907673791176,
        0.7476712601314581,
        0.12310818198029042,
        0.36517687602235754,
        1.114743628804967,
        0.34249949203143454,
        3.690867808195244,
        4.263032222298014,
        2.4614210806432,
        2.011197605755743,
        3.1944508924223687,
        5.478438460716282,
        5.342765085088484,
        0.25389662649772365,
        1.1322350090918336,
        1.48919597404127,
        1.5578893488738208,
        3.5881164882018837,
        2.5932343527521677,
        0.3062652056223445,
        2.3306446767520246,
        3.2837013443176475,
        0.6681467233294667,
        5.259534568764726,
        0.310982492964418,
        5.806965280929882,
        0.6281753912199379,
        5.308970258349819,
        5.660651751721308,
        6.168525931594549,
        5.024005921388173,
        4.87251886857667,
        4.051811981405035,
        4.908137254560319,
        0.8520103893778486,
        3.37314991489313,
        3.220547554629971,
        5.3649902646307455,
        2.936759680277116,
        2.421922601798411,
        4.014191861418526,
        1.6771009181579697,
        0.8714060348425663,
        3.0110266569631503,
        2.6241194846718825,
        1.4764972134256897,
        2.29477782222653,
        2.304583059186735,
        2.0479201015077715,
        2.391356281144045,
        4.310238061218395,
        1.8457010717471936,
        5.957832099567562,
        5.764377595943476,
        3.020589249847842,
        2.054258894809551,
        3.3548004882465072,
        5.344019705650869,
        4.094144755368968,
        5.035632061067778,
        3.3550682678054407,
        3.9582408208153628,
        1.8182828150962342,
        0.02519184814572232
    ],
    "Cmin, Cmax, frob_norm, shift": [
        2.75941906453113,
        888.6191906997417,
        615.2997039464918,
        36.17204115841561
    ]
}