{
    "Calculated Minimum Energy [norm, row]": [
        0.0014180062841661811,
        -0.052261470572090754
    ],
    "Corresponding loss function": 0.03622318752264796,
    "Solution for Minimum Energy": [
        -1.0,
        1.0,
        1.0,
        1.0,
        -1.0,
        -1.0,
        -1.0,
        -1.0,
        -1.0,
        -1.0,
        1.0,
        1.0,
        1.0,
        1.0,
        1.0,
        1.0,
        -1.0,
        -1.0,
        -1.0,
        1.0,
        1.0,
        -1.0,
        -1.0,
        1.0,
        -1.0,
        -1.0,
        -1.0,
        1.0,
        1.0,
        -1.0,
        -1.0,
        -1.0,
        -1.0,
        -1.0,
        1.0,
        1.0,
        1.0,
        1.0,
        1.0,
        -1.0,
        1.0,
        1.0,
        1.0,
        -1.0,
        1.0,
        -1.0,
        -1.0,
        -1.0,
        1.0,
        1.0,
        -1.0,
        -1.0,
        -1.0,
        -1.0,
        1.0,
        1.0,
        -1.0,
        1.0,
        -1.0,
        1.0
    ],
    "Corresponding exp value": [
        -0.09796463995159482,
        0.0010217271090148937,
        0.025088787339732247,
        0.13806463156533422,
        -0.04956570173752922,
        -0.027625525497521775,
        -0.01216492941985738,
        -0.1268540949888614,
        -0.008782841675290188,
        -0.08750248080125977,
        0.2435312242386202,
        0.0058772991110475565,
        0.0013365644692158532,
        0.011383960652653954,
        0.03272163157067069,
        0.06874213360131315,
        -0.05994102704783788,
        -0.011718371701210817,
        -0.010150016504215112,
        0.0111479966110234,
        0.07360139940832106,
        -0.18768231561229842,
        -0.13881729508494944,
        0.1433604924788967,
        -0.024530531889912464,
        -0.015042201955235469,
        -0.009214175992650982,
        0.025641589296467454,
        0.06711336421939779,
        -0.13457252586771157,
        -0.04572271101963247,
        -0.4033054168453288,
        -0.02811817292382979,
        -0.12842121674888513,
        0.005226807816722991,
        8.922878014873403e-05,
        -0.0015093518736314917,
        0.019887883342717825,
        0.1303392000584654,
        -0.027126737642474745,
        0.0037113476010050645,
        0.23402218046446874,
        -0.0013423135325261234,
        -0.01459774945047741,
        0.10111463020606012,
        -0.013819294412025705,
        -0.09521519424351939,
        -0.16788967230675833,
        -0.0009302040301066841,
        0.001997177138518316,
        -0.1296088171236428,
        -0.007763652514661511,
        -0.0041907031194119634,
        -0.003506269201879228,
        0.01477667077515291,
        0.1471752630300182,
        -0.06674437853715388,
        -0.0007695423844996459,
        -0.03985704908735124,
        0.008708866059126904
    ],
    "Number for Minimum Energy": 377432122012926961,
    "Elapsed Time [seconds]": 1.4210264682769775,
    "Elapsed Time [hours, minutes, seconds]": [
        0,
        0,
        1.42
    ],
    "Current function value": -0.019959513387871823,
    "Iterations": 621,
    "Function Evaluations, Estimation": [
        647,
        88639
    ],
    "Gradient Evaluations": 647,
    "Number of Parameters": 136,
    "Minimum Parameters": [
        4.54699040516971,
        1.2500537363160686,
        4.43592640285314,
        5.461695400193631,
        0.6789819391503545,
        3.9387763773837325,
        0.6046883928504652,
        4.640299664212184,
        0.5510288916404429,
        5.83189200869679,
        0.762697854991413,
        6.059443508898426,
        5.021504118073128,
        3.584344362482967,
        4.811096854220064,
        4.946241263276496,
        5.962091421654261,
        1.6073790623918067,
        3.6932858904739296,
        0.6727446109118339,
        3.8596486480083465,
        1.1495897896167766,
        3.537170633882151,
        3.6863130111579148,
        2.9112349970418157,
        3.413230091011837,
        4.77403831900526,
        4.946809337024061,
        3.046694161665506,
        3.8194792670231723,
        5.867618316063952,
        0.7804817970966488,
        0.7335039777534553,
        0.6209326849532113,
        4.261398119724005,
        2.60805479821166,
        4.96090749782919,
        4.116730497686348,
        2.20347279582457,
        5.600764918016195,
        4.73628383833323,
        1.683194726101117,
        2.327835885704568,
        1.956502477056957,
        0.9301659176036075,
        1.030311010778919,
        5.914541551885322,
        2.8242181259330876,
        2.3578789193258474,
        4.666270565107715,
        3.5263898781906162,
        5.784738447367211,
        4.979206802029691,
        2.959672109498854,
        2.376848298240688,
        6.209012746929955,
        4.494277872282635,
        5.952208278764493,
        0.7536722630143439,
        5.391416680890544,
        3.921583268620762,
        0.8136731899976942,
        3.7618620145915393,
        4.364815119078935,
        0.010544877711620604,
        2.9635751162860466,
        5.1456362321923494,
        1.8445555849212747,
        2.848044946739036,
        2.8592951254840244,
        1.897132234916765,
        5.701534597885418,
        4.952697948934109,
        0.6105279130715201,
        6.277061759736535,
        5.41076080138816,
        1.782611183628061,
        5.270529733946008,
        0.6436329614906381,
        6.181633705692782,
        4.214897170774789,
        4.014766491292127,
        0.5370087497702778,
        5.6079358995848905,
        0.06650875950760536,
        1.5335669386552593,
        0.8940098555290188,
        4.960744436623951,
        1.2179713695938523,
        5.601877051391679,
        4.215347725162214,
        0.2379440642819823,
        0.15384446321315043,
        0.38025137439971746,
        3.8059115170502285,
        4.832879772540472,
        1.4567046593939867,
        5.295811023077831,
        0.3137452809435206,
        5.011907672556697,
        5.8210085641452745,
        4.907373734893289,
        4.478845770741885,
        5.280050150432184,
        0.1926631649481842,
        1.2834775185795098,
        0.7233968442242688,
        3.09353037077819,
        4.726514018112769,
        3.9077823649281127,
        5.483890355249621,
        0.9682866246393473,
        4.690655032997598,
        1.282293622381482,
        1.5937849035509932,
        4.406718652822378,
        6.0218037280746595,
        3.9413555106329525,
        0.29636598866779545,
        3.9874368869663934,
        0.295736884086449,
        5.439197082765314,
        4.4056630094483875,
        0.8803090405746249,
        0.443446427152116,
        1.2992841948684803,
        6.389664982073784,
        2.9820925818497166,
        4.853528342175323,
        4.110697578304429,
        3.628683671258809,
        0.8600933140490278,
        5.992940175091873,
        1.8308641817240117,
        3.590291086553478,
        0.0463987796684594
    ],
    "Cmin, Cmax, frob_norm, shift": [
        2.75941906453113,
        888.6191906997417,
        615.2997039464918,
        36.17204115841561
    ]
}