Iteration,Energy,Loss Function,Bias
0,0.1505636845012418,0.14458902478957472,0.0
1,0.06484691976560841,0.07380927440104693,0.4928873957643651
2,0.02003688772794197,0.020829518415696753,1.0963582069218574
3,0.000528290257368122,-0.0008907620483309487,1.8546381052745393
