Iteration,Energy,Loss Function,Bias
0,0.14271577503024996,0.1444218600140052,0.0
1,0.04906963896029776,0.052629131545343696,0.5214547128156529
2,0.002998404400399065,0.003919897452672272,1.398416375158885
3,0.0008655192686558671,0.0004841637644123724,1.7246234322781833
