Iteration,Energy,Loss Function,Bias
0,0.15664863268342746,0.1477899730635275,0.0
1,0.047637455575968726,0.04962086383155027,0.543318540908598
2,0.002493251858524569,0.0037896612810977156,1.533747202837544
3,0.0008329885629325704,-0.0008474113800992879,1.838630519914296
