Iteration,Energy,Loss Function,Bias
0,0.11645529601995278,0.118136188498332,0.0
1,0.03534391100840926,0.035630483072648725,0.5361803265069611
2,0.00046708790440832523,-0.00037279446558039457,1.4531321391429033
3,0.0002505332332579902,-0.0008471789167719061,1.5225667722359428
