Iteration,Energy,Loss Function,Bias
0,0.15046810622332,0.1501166140804773,0.0
1,0.0497013467619398,0.049892728491408696,0.5217988834007633
2,0.0028757202732348913,0.0020346792467173932,1.578463434515113
3,0.0010902488653479988,-0.0006925340175678676,1.9382457521901897
