Iteration,Energy,Loss Function,Bias
0,0.14271577503024996,0.1431661509373876,0.0
1,0.049021967044978396,0.05137425228689733,0.5214391020045583
2,0.002755309082810146,0.0026616760575967676,1.3980776693438024
3,0.0009208661762410589,-0.0007467836693431297,1.7241158204854081
