{
    "Calculated Minimum Energy [norm, row]": [
        0.027378403772825216,
        -0.08747233187270073
    ],
    "Corresponding loss function": 0.18558816875801948,
    "Solution for Minimum Energy": [
        -1.0,
        -1.0,
        -1.0,
        -1.0,
        -1.0,
        1.0,
        1.0,
        1.0,
        -1.0,
        -1.0,
        -1.0,
        -1.0,
        1.0,
        1.0,
        -1.0,
        -1.0,
        -1.0,
        1.0
    ],
    "Corresponding exp value": [
        -0.015579393446536402,
        -0.2193030070862781,
        -0.5950374283967433,
        -0.14821284693834175,
        -0.11527252872804121,
        0.23932952940801383,
        0.2720503322474364,
        0.10047964983308737,
        -0.3397048030649079,
        -0.13703530461413213,
        -0.12289501803923022,
        -0.15456941070569155,
        0.22911995323133572,
        0.07162016180913484,
        -0.22570820271252112,
        -0.30465034306015937,
        -0.09363829761960252,
        0.13713988562428853
    ],
    "Number for Minimum Energy": 118559,
    "Elapsed Time [seconds]": 0.08454680442810059,
    "Elapsed Time [hours, minutes, seconds]": [
        0,
        0,
        0.08
    ],
    "Current function value": -0.03474250635126863,
    "Iterations": 100,
    "Function Evaluations, Estimation": [
        106,
        7632
    ],
    "Gradient Evaluations": 106,
    "Number of Parameters": 71,
    "Minimum Parameters": [
        1.0157797431561073,
        3.138700519879874,
        0.9971195724759216,
        4.404823738786074,
        2.7921635717159976,
        2.389927464645949,
        1.9110923693945063,
        3.9861319079228976,
        2.3291204788997484,
        0.5595692006133296,
        0.7105849563322221,
        6.005840347160431,
        5.67385974775675,
        4.364378766813496,
        1.6546222560348192,
        6.064629106593273,
        4.895730635938789,
        4.472738782390771,
        2.814532990429702,
        1.724914542767947,
        0.5557295264491211,
        5.672240973410396,
        2.8199504860035187,
        1.229958980401059,
        1.9650745082622323,
        3.623564626411936,
        1.1388881285768906,
        5.382253681014639,
        4.7609987067205015,
        4.516723990088258,
        2.7845669301715157,
        3.9587674110811557,
        3.6725229100002417,
        4.056359238197821,
        0.5529834090130096,
        2.6145714540697327,
        0.26641580327862996,
        3.130477028942821,
        2.0447355768161746,
        0.8822829680697913,
        0.642074573148572,
        3.7113775088355574,
        1.0756027051322743,
        5.801542950101258,
        3.5708439827123146,
        2.16516642032209,
        3.7130104139666185,
        0.15800748764879313,
        6.050370961491437,
        3.0398131087826603,
        4.921792241700501,
        0.49925882508868513,
        3.0564972844547205,
        3.072153246903551,
        5.912485302892442,
        3.5992306147690662,
        2.980386885297731,
        1.680515579432569,
        2.07623870011343,
        3.267912333290387,
        2.7375478820266865,
        0.11473986508373027,
        5.170797468151484,
        5.619383335202394,
        0.8562960347276444,
        3.465620598584716,
        0.6697992096624437,
        4.211088049386998,
        1.791975222832601,
        4.1591383045381765,
        -0.017180968072141582
    ],
    "Cmin, Cmax, frob_norm, shift": [
        12.354853779031828,
        1233.7771832020144,
        1297.716113337376,
        159.30970203351725
    ]
}