{
    "Calculated Minimum Energy [norm, row]": [
        0.005233770422054571,
        -0.10831506424962722
    ],
    "Corresponding loss function": 0.11463960613705794,
    "Solution for Minimum Energy": [
        1.0,
        1.0,
        1.0,
        1.0,
        -1.0,
        -1.0,
        -1.0,
        1.0,
        1.0,
        1.0,
        1.0,
        -1.0,
        1.0,
        1.0,
        -1.0,
        -1.0,
        1.0,
        -1.0
    ],
    "Corresponding exp value": [
        -0.14654882713125603,
        -0.1417499393741719,
        0.05776215441419191,
        0.1574236368615473,
        -0.38014859757638625,
        -0.5105298007614459,
        -0.293791471680772,
        0.17649154718478377,
        0.018842770204099638,
        0.03669534863055515,
        0.004254902574752941,
        -0.19348754346674502,
        -0.01876627438682496,
        0.31392838419640656,
        -0.25043747410548184,
        -0.33792206288379967,
        0.22665694111752047,
        -0.4955711132696018
    ],
    "Number for Minimum Energy": 182384,
    "Elapsed Time [seconds]": 0.12497067451477051,
    "Elapsed Time [hours, minutes, seconds]": [
        0,
        0,
        0.12
    ],
    "Current function value": -0.018149683757877618,
    "Iterations": 133,
    "Function Evaluations, Estimation": [
        135,
        9720
    ],
    "Gradient Evaluations": 135,
    "Number of Parameters": 71,
    "Minimum Parameters": [
        5.184435773367413,
        3.92832721403169,
        4.778335883238305,
        2.2215324581490217,
        6.071270552209258,
        5.611945186968777,
        4.887368311455839,
        1.196663910762146,
        2.9189317459312907,
        0.23868755879367948,
        0.9419811207270331,
        4.287750092795951,
        4.648582747287534,
        6.050387273949839,
        2.0225613529334057,
        2.360205882187838,
        2.965390808483066,
        1.2006622268715108,
        0.7809997749290253,
        2.965062238481153,
        1.434138814175143,
        4.186520297588805,
        2.719099241077436,
        5.271281335683546,
        4.411978200564272,
        1.945216511769607,
        5.222247533873161,
        5.049689780983077,
        2.447547302976565,
        1.8140714511435199,
        4.336796736125032,
        0.9091411261566644,
        1.2304850548228379,
        0.0044696809199091594,
        4.9377851226183145,
        4.161613212690359,
        4.444613249661182,
        4.8978384128681896,
        2.8899661775192076,
        3.5586398846669964,
        0.8753155412609503,
        0.6966792221139224,
        4.175135738910902,
        2.9690898456232553,
        3.515059950325342,
        4.788888435111381,
        3.9947801381936214,
        3.5126686335401685,
        3.530588723509745,
        1.925216314842405,
        0.2190864950025973,
        2.7197429978385768,
        1.3378176265672663,
        2.5590722818132803,
        5.363045808752551,
        1.4405331408969544,
        0.36940045131836224,
        1.7718343723435381,
        1.8204327036832082,
        4.1541355500492605,
        3.4936951458766545,
        4.888240226312867,
        4.1944557259666935,
        2.5711789854296407,
        5.129327062404292,
        1.0627635082813491,
        0.11528701339273197,
        0.5438353393638161,
        4.551785445754079,
        2.9218973435064592,
        0.06704268415539599
    ],
    "Cmin, Cmax, frob_norm, shift": [
        12.354853779031828,
        1233.7771832020144,
        1297.716113337376,
        159.30970203351725
    ]
}