{
    "Calculated Minimum Energy [norm, row]": [
        0.02500459085129116,
        -0.08970658640528718
    ],
    "Corresponding loss function": 0.04801106564899383,
    "Solution for Minimum Energy": [
        1.0,
        -1.0,
        -1.0,
        -1.0,
        -1.0,
        1.0,
        -1.0,
        1.0,
        -1.0,
        -1.0,
        -1.0,
        -1.0,
        1.0,
        1.0,
        -1.0,
        -1.0,
        -1.0,
        1.0
    ],
    "Corresponding exp value": [
        0.03561731241786687,
        -0.36092979544808795,
        -0.6322610915561037,
        -0.16162220793834473,
        -0.0013672955209269241,
        0.37461676949681233,
        -0.09437501162479169,
        0.3376510927986648,
        -0.16308426577923157,
        -0.21178260940178548,
        -0.04252447867138421,
        -0.2636143352905999,
        0.2419037801356143,
        0.14596181327703678,
        -0.22985497783448838,
        -0.4443186188961215,
        -0.4584152377213669,
        0.3666621936637337
    ],
    "Number for Minimum Energy": 118622,
    "Elapsed Time [seconds]": 0.08732414245605469,
    "Elapsed Time [hours, minutes, seconds]": [
        0,
        0,
        0.09
    ],
    "Current function value": -0.0816249386267171,
    "Iterations": 107,
    "Function Evaluations, Estimation": [
        109,
        7848
    ],
    "Gradient Evaluations": 109,
    "Number of Parameters": 71,
    "Minimum Parameters": [
        0.9680142718775265,
        3.176767382751604,
        1.0178656016537626,
        4.413530285744029,
        2.668550650440579,
        2.412739206053116,
        1.9359899184695,
        4.072906770537175,
        2.3161175459353216,
        0.5478065775639691,
        0.6206619702468875,
        6.046846747878232,
        5.656475026786845,
        4.284162330857732,
        1.6941324123552581,
        6.094983177182939,
        4.827336806886084,
        4.469683122790595,
        2.7992790823982836,
        1.7070414108447372,
        0.5898678974181685,
        5.785411438792365,
        2.7659172110193033,
        1.2681320064443515,
        1.970583712114133,
        3.5962984146118133,
        1.1523905285322185,
        5.466745881031884,
        4.708151428394821,
        4.410915860547655,
        2.8013230761384986,
        3.9734125192211125,
        3.6747328350694772,
        4.0991791323278655,
        0.5015676406567857,
        2.7350498061996307,
        0.23333184828039946,
        3.2284141810542324,
        2.146572724375171,
        0.8817554380466236,
        0.683911773087356,
        3.6557373715201487,
        1.0991870377942483,
        5.780584837968837,
        3.563830772990898,
        2.1282810568290387,
        3.7214824403989843,
        0.08239470409788373,
        6.011994627323713,
        3.1773889131520083,
        5.002302229242771,
        0.5383860287214945,
        3.024246919984234,
        3.090773017734815,
        5.942242936338599,
        3.7006589505508596,
        2.9038631430847324,
        1.6825431910048654,
        1.969863666839971,
        3.2271124091541594,
        2.659900878562509,
        0.16085409424372,
        5.199097970879203,
        5.66612724283728,
        0.8747828809270852,
        3.4567059586977416,
        0.6403471022338288,
        4.239490697005515,
        1.8063593529400714,
        4.178174707494205,
        -0.05629303834725831
    ],
    "Cmin, Cmax, frob_norm, shift": [
        12.354853779031828,
        1233.7771832020144,
        1297.716113337376,
        159.30970203351725
    ]
}