{
    "Calculated Minimum Energy [norm, row]": [
        0.00517332902186838,
        -0.1083719522508243
    ],
    "Corresponding loss function": 0.10339505970516304,
    "Solution for Minimum Energy": [
        1.0,
        1.0,
        1.0,
        1.0,
        1.0,
        -1.0,
        1.0,
        -1.0,
        1.0,
        1.0,
        1.0,
        -1.0,
        1.0,
        1.0,
        -1.0,
        1.0,
        -1.0,
        -1.0
    ],
    "Corresponding exp value": [
        0.08250492522792231,
        0.2747062868049967,
        -0.09910441909230819,
        0.0438632637800863,
        -0.06024419010924786,
        -0.25336508440345146,
        -0.0759115472049173,
        -0.24331588443177882,
        -0.03808222020706015,
        -0.019277247224206734,
        -0.04384922261253163,
        -0.23376010936546104,
        0.9497846751730219,
        0.9464219687994988,
        -0.9101110383601976,
        0.9236777980859239,
        -0.9509597805052771,
        -0.9455009737047498
    ],
    "Number for Minimum Energy": 215200,
    "Elapsed Time [seconds]": 0.2010362148284912,
    "Elapsed Time [hours, minutes, seconds]": [
        0,
        0,
        0.2
    ],
    "Current function value": -0.016353141216521924,
    "Iterations": 242,
    "Function Evaluations, Estimation": [
        246,
        17712
    ],
    "Gradient Evaluations": 246,
    "Number of Parameters": 71,
    "Minimum Parameters": [
        5.356114819911268,
        3.6975871551952877,
        4.68814948316431,
        2.1856414418930474,
        5.967669107435309,
        5.375027517235117,
        4.725570059791353,
        0.9257367118750713,
        3.2555001485010044,
        0.09501437819765253,
        1.0861766425173092,
        4.183755412720942,
        4.224579476157377,
        5.717110455361567,
        2.2739971243152493,
        2.5882579482094394,
        3.193447751255945,
        1.2910115767565455,
        0.4137174778085061,
        2.3092454129833735,
        1.6539281403912027,
        4.470694573729562,
        2.391193023647667,
        5.448095022862509,
        4.426925148753009,
        2.300974314991893,
        5.37938283625497,
        5.441337942837813,
        2.2266120865966306,
        1.7775641449129735,
        4.364972086805982,
        0.8054960665779772,
        1.316689938979886,
        -0.13102264128299607,
        5.140737224845965,
        4.481990186431296,
        4.675494259586657,
        4.6531946861910845,
        2.74208949547809,
        3.36204539976062,
        0.6977282670722583,
        0.20369895721348433,
        4.169186733255911,
        3.129188121495344,
        3.231605449167741,
        4.87368394705805,
        4.010967705534306,
        3.5472766180920843,
        3.568423310674792,
        1.6612555697304714,
        0.5314916618040942,
        2.5315858872689088,
        1.6580490050646144,
        1.9984155588933086,
        5.264739647067367,
        1.3458814734713571,
        0.39686817458455775,
        1.8319383640480187,
        1.2048708549471565,
        4.3885872927036464,
        3.008323833859557,
        4.817503850731892,
        4.453575176773481,
        2.59684598080874,
        5.1664463390726105,
        1.144159263694279,
        0.05495083547387042,
        0.6038638097437956,
        4.401675169125737,
        3.2213230706953406,
        0.03975197285691985
    ],
    "Cmin, Cmax, frob_norm, shift": [
        12.354853779031828,
        1233.7771832020144,
        1297.716113337376,
        159.30970203351725
    ]
}