{
    "Calculated Minimum Energy [norm, row]": [
        0.005097285763690533,
        -0.10844352486411461
    ],
    "Corresponding loss function": 0.06940087206604297,
    "Solution for Minimum Energy": [
        1.0,
        1.0,
        1.0,
        -1.0,
        -1.0,
        1.0,
        -1.0,
        -1.0,
        1.0,
        -1.0,
        1.0,
        -1.0,
        1.0,
        1.0,
        -1.0,
        -1.0,
        1.0,
        -1.0
    ],
    "Corresponding exp value": [
        0.0021011599319689586,
        0.38217383314393466,
        -0.0018101566068595906,
        -0.04794350162222751,
        -0.07763276402595432,
        0.31411370132388855,
        -0.029149922267832577,
        -0.3343386504384234,
        0.013624652945461974,
        -0.004456458023071021,
        0.3489896413127411,
        -0.007615449448148612,
        0.1389350006471867,
        0.16350100186087166,
        -0.052692091614449744,
        -0.39506881908428565,
        0.451695747289433,
        -0.49576726348162886
    ],
    "Number for Minimum Energy": 183000,
    "Elapsed Time [seconds]": 0.09195399284362793,
    "Elapsed Time [hours, minutes, seconds]": [
        0,
        0,
        0.09
    ],
    "Current function value": -0.061320886548242255,
    "Iterations": 109,
    "Function Evaluations, Estimation": [
        118,
        8496
    ],
    "Gradient Evaluations": 118,
    "Number of Parameters": 71,
    "Minimum Parameters": [
        4.470319813493522,
        4.794797029816752,
        0.6125043767126167,
        5.933388964807827,
        1.5565949116719056,
        0.1447163993305593,
        3.471411895443084,
        2.26518582544835,
        5.176407915944873,
        5.3673091118963665,
        1.987167263915553,
        5.859319332102394,
        1.6825743140981682,
        3.2924763969142057,
        1.662496300058404,
        5.756260520370003,
        1.1079602690052346,
        0.2610620212040478,
        2.6168072256017827,
        6.30947733916172,
        5.449697819685062,
        4.570480421016434,
        5.559807369839636,
        5.492524915384353,
        3.4086858375738855,
        2.0365998219432364,
        4.936640222741481,
        3.8004722020779838,
        2.362324317903095,
        0.7638576490856602,
        4.438376898729034,
        1.7838108870889349,
        6.042107598705638,
        1.5799142382898634,
        1.039352193149881,
        5.313179807091701,
        0.9742852394241703,
        1.3057556229583447,
        3.555298512322651,
        5.471489793272851,
        1.063177638115946,
        1.784837912088125,
        5.166060604281755,
        6.094497676356463,
        3.00670007419408,
        0.7613894316073505,
        0.3192564386366136,
        1.5096180331413793,
        0.8033092005213784,
        4.296596756404279,
        0.8237290125705116,
        3.2442851108762576,
        4.299024037889066,
        3.6242286687429757,
        1.3041253151098378,
        4.838410613187333,
        4.810579471585538,
        4.6808781103131585,
        0.9006566467253193,
        0.7304487568448765,
        5.651515051324276,
        2.675966881744501,
        1.9988543314448293,
        2.871290763099208,
        4.245328645770759,
        6.0230242613529885,
        1.8992959408753363,
        5.863645135511975,
        0.16129614750192625,
        3.4455104203230738,
        0.01739982061259991
    ],
    "Cmin, Cmax, frob_norm, shift": [
        12.354853779031828,
        1233.7771832020144,
        1297.716113337376,
        159.30970203351725
    ]
}