{
    "Calculated Minimum Energy [norm, row]": [
        0.007994174198673596,
        -0.10571694685219805
    ],
    "Corresponding loss function": 0.011102079550933062,
    "Solution for Minimum Energy": [
        1.0,
        -1.0,
        1.0,
        1.0,
        -1.0,
        -1.0,
        -1.0,
        1.0,
        1.0,
        1.0,
        1.0,
        1.0,
        1.0,
        1.0,
        1.0,
        -1.0,
        1.0,
        -1.0
    ],
    "Corresponding exp value": [
        0.026985013704736653,
        -0.23763343902112066,
        0.09135606914287803,
        0.04124691391083512,
        -0.3247676346696933,
        -0.22550974352911726,
        -0.04906680937523249,
        0.2593453695524498,
        -0.0038656028402497197,
        0.09355799934723341,
        0.06391145456459085,
        0.2697943373555912,
        0.4833680162134632,
        0.1749797549974842,
        0.09941396280320347,
        -0.19963198320468137,
        0.2338467746489744,
        -0.3451577329085797
    ],
    "Number for Minimum Energy": 163954,
    "Elapsed Time [seconds]": 0.1353590488433838,
    "Elapsed Time [hours, minutes, seconds]": [
        0,
        0,
        0.14
    ],
    "Current function value": -0.10559740108102893,
    "Iterations": 166,
    "Function Evaluations, Estimation": [
        167,
        12024
    ],
    "Gradient Evaluations": 167,
    "Number of Parameters": 71,
    "Minimum Parameters": [
        5.10067334632194,
        3.9566527074024904,
        4.906787238480261,
        2.258711177305614,
        6.072975831258379,
        5.577459918667227,
        4.8181151098624735,
        1.136372559382101,
        3.0600202449744054,
        0.2426877473348956,
        0.7364884738298493,
        4.343896197800119,
        4.673212226644774,
        5.942127782240318,
        2.028050743296624,
        2.2755801537539675,
        3.057039857769782,
        1.1687210845745746,
        0.5416647670096277,
        2.918557976330232,
        1.3383016068625866,
        4.282105656244427,
        2.7725136070782144,
        5.203655628662976,
        4.348439628975449,
        1.9204340349020232,
        5.191399001729983,
        5.016918095813788,
        2.5003483616390145,
        1.8533716095343384,
        4.351262194261745,
        0.7907368699612171,
        1.1025534072382304,
        -0.06093419342702641,
        4.8746666083040155,
        4.097417135894778,
        4.474305771427344,
        4.778305499127044,
        2.8272970295599547,
        3.3066161848627154,
        0.9516093741218482,
        0.8657658163946546,
        4.132572082658947,
        2.94163651938086,
        3.528708923919048,
        4.934550103287026,
        4.227663425473579,
        3.5399315226897614,
        3.4047171239950775,
        2.0626563959296633,
        0.29962240462632894,
        2.8329866331063545,
        1.1726218975071026,
        2.338974024634421,
        5.566527514206014,
        1.6108533855770788,
        0.4247241468995274,
        1.6887019513275376,
        1.8300013325209719,
        4.273131992780549,
        3.4184165321215993,
        4.824936383180241,
        4.118444820255463,
        2.529895351424473,
        5.2347073710877385,
        0.8402951585850289,
        0.2697582486304888,
        0.5626450855016936,
        4.389037799990741,
        2.9480044527712783,
        0.09455024834992543
    ],
    "Cmin, Cmax, frob_norm, shift": [
        12.354853779031828,
        1233.7771832020144,
        1297.716113337376,
        159.30970203351725
    ]
}