{
    "Calculated Minimum Energy [norm, row]": [
        0.020699273377112904,
        -0.0937587907696859
    ],
    "Corresponding loss function": 0.021298377026898654,
    "Solution for Minimum Energy": [
        1.0,
        1.0,
        1.0,
        1.0,
        -1.0,
        1.0,
        1.0,
        -1.0,
        1.0,
        1.0,
        1.0,
        1.0,
        -1.0,
        1.0,
        1.0,
        -1.0,
        -1.0,
        1.0
    ],
    "Corresponding exp value": [
        0.06438870966221795,
        0.5642972100303816,
        0.2437883676491866,
        0.17102336405831842,
        -0.191182347930456,
        0.22578197437926356,
        0.1356640140277873,
        -0.46678819594908083,
        0.021633582180061773,
        0.24848421285655117,
        0.25282834498413853,
        -0.023116538985435992,
        -0.2922964704219462,
        0.7173461536904958,
        0.30067800826602864,
        -0.43041150177090604,
        -0.39826354087359717,
        0.4477041744769613
    ],
    "Number for Minimum Energy": 102544,
    "Elapsed Time [seconds]": 0.18673443794250488,
    "Elapsed Time [hours, minutes, seconds]": [
        0,
        0,
        0.19
    ],
    "Current function value": -0.09368079175922478,
    "Iterations": 223,
    "Function Evaluations, Estimation": [
        236,
        16992
    ],
    "Gradient Evaluations": 236,
    "Number of Parameters": 71,
    "Minimum Parameters": [
        5.078933211575092,
        4.004317867619603,
        5.143415862613739,
        0.9555252645259464,
        3.7976478370742215,
        3.025985959480818,
        5.135098975234643,
        2.852067866642434,
        2.316736693474196,
        4.108683019605849,
        1.381189726611417,
        1.0203278688068789,
        3.4131389168224495,
        2.637831644691037,
        1.5304685046774034,
        1.9194456107001845,
        2.4442592926255395,
        2.181643585885926,
        2.20117712747965,
        4.251352824972775,
        1.8569717275639699,
        5.865840065526385,
        5.893335792055692,
        2.799780664233397,
        1.9471763465142429,
        3.7866390762566073,
        5.339730556017792,
        4.119356815401998,
        5.082703785059583,
        3.40509436509218,
        3.7327628419221837,
        1.85135205058969,
        4.560231422848024,
        1.5827205644160034,
        4.498321086217019,
        5.121923180262256,
        0.7014992581436795,
        3.975641133851469,
        0.6280377943622113,
        4.246261822229529,
        0.7071319299695006,
        5.831641115383221,
        0.7852320380160605,
        6.032394414564333,
        4.877382800152944,
        3.881393284040813,
        5.492971775493675,
        4.980171816164995,
        5.927022523489414,
        1.3140558775185576,
        3.8506014148460923,
        0.48725220531855157,
        4.022965575663511,
        0.8507228087828014,
        3.3748967417275963,
        3.7675275663488246,
        2.8616883148002854,
        3.2388788678238285,
        4.955417266869743,
        5.26911097252431,
        2.821985986172852,
        3.7839225867629835,
        5.761754828095579,
        0.4575064482440267,
        0.9122287711698231,
        0.38228040929139445,
        3.910821987466252,
        2.925779877141451,
        4.911524205198425,
        3.877465226574898,
        0.6188611068193971
    ],
    "Cmin, Cmax, frob_norm, shift": [
        12.354853779031828,
        1233.7771832020144,
        1297.716113337376,
        159.30970203351725
    ]
}