{
    "Calculated Minimum Energy [norm, row]": [
        0.021825307340759534,
        -0.09269895725698521
    ],
    "Corresponding loss function": 0.1233884252273909,
    "Solution for Minimum Energy": [
        -1.0,
        -1.0,
        -1.0,
        1.0,
        1.0,
        -1.0,
        1.0,
        1.0,
        1.0,
        1.0,
        1.0,
        1.0,
        1.0,
        1.0,
        1.0,
        -1.0,
        -1.0,
        1.0
    ],
    "Corresponding exp value": [
        -0.020069318555181327,
        -0.1270281816718883,
        -0.5811119331124749,
        0.00466061330261127,
        -0.015695767547816965,
        -0.02827470971330557,
        0.005788393755585283,
        0.21119963080806153,
        0.014732214515661868,
        0.0029151998271280503,
        -0.000335597486821583,
        -0.000780778324513863,
        0.07736696955550672,
        0.008888098813899112,
        -0.010836419742581815,
        -0.44768272779098955,
        -0.3212173935338616,
        0.303942340401578
    ],
    "Number for Minimum Energy": 98343,
    "Elapsed Time [seconds]": 0.14577221870422363,
    "Elapsed Time [hours, minutes, seconds]": [
        0,
        0,
        0.15
    ],
    "Current function value": -0.03725013275300722,
    "Iterations": 167,
    "Function Evaluations, Estimation": [
        186,
        13392
    ],
    "Gradient Evaluations": 186,
    "Number of Parameters": 71,
    "Minimum Parameters": [
        0.9195990449254823,
        3.178593183748367,
        0.9698735071562512,
        4.386878003057838,
        2.9405365325856496,
        2.4030201841054164,
        1.893045031141075,
        3.997596339421699,
        2.472118323758419,
        0.4695778533843932,
        0.6163031655018697,
        6.024790852660022,
        5.699715757224214,
        4.2913874960737,
        1.7124230336077915,
        5.998199207166285,
        4.967652129804763,
        4.463088848582767,
        2.6429538604879133,
        1.7583939150429038,
        0.4920762185595899,
        5.64353172973438,
        2.649291698956877,
        1.2013940792632185,
        1.9830889454231064,
        3.679442394560853,
        1.1690547643563958,
        5.416522747966864,
        4.799988747474587,
        4.51482033599299,
        2.681664763287691,
        3.9415082297661286,
        3.6799224608444954,
        3.9403542830932388,
        0.5038235057801631,
        2.5853590371246384,
        0.26851739102105737,
        3.206695454971858,
        2.1341871164972934,
        0.8999047119564518,
        0.5743856825097842,
        3.7638185953139867,
        1.0701836998956837,
        5.835224760128492,
        3.5467370827497176,
        2.1562981589918637,
        3.7227027669080957,
        0.1955579867490959,
        6.158692345734178,
        3.0421922894394857,
        4.899925389312617,
        0.49446746487723253,
        3.141599445068378,
        3.0540205724828815,
        5.94993147273811,
        3.6865396739356213,
        2.9454636284061557,
        1.6128001665871001,
        2.053500512640089,
        3.298083338532664,
        2.655337885126245,
        0.02613551551540451,
        5.12101268714584,
        5.503616000726836,
        0.7711475791823792,
        3.4473059927212364,
        0.6219891230117811,
        4.1026445143302475,
        1.9844060162156374,
        4.193726854340711,
        0.13703461312570628
    ],
    "Cmin, Cmax, frob_norm, shift": [
        12.354853779031828,
        1233.7771832020144,
        1297.716113337376,
        159.30970203351725
    ]
}