{
    "Calculated Minimum Energy [norm, row]": [
        0.00287324905470985,
        -0.11053680864928651
    ],
    "Corresponding loss function": 0.09898663761602494,
    "Solution for Minimum Energy": [
        1.0,
        1.0,
        1.0,
        -1.0,
        -1.0,
        -1.0,
        1.0,
        1.0,
        1.0,
        1.0,
        -1.0,
        -1.0,
        1.0,
        1.0,
        -1.0,
        -1.0,
        1.0,
        -1.0
    ],
    "Corresponding exp value": [
        -0.036814026754871824,
        0.06716782490354964,
        -0.029386767746287006,
        -0.07942027597481725,
        -0.08938529010237374,
        -0.3854311724954008,
        -0.059775776125061394,
        0.12756633183111848,
        -0.023384658318284617,
        -0.03625402808570255,
        -0.07316928754252634,
        -0.0648325034846444,
        0.17196903201731634,
        0.1961466142316382,
        -0.07545847461443958,
        -0.4849743292380459,
        0.45386877350191207,
        -0.5485823939570036
    ],
    "Number for Minimum Energy": 183352,
    "Elapsed Time [seconds]": 0.1550302505493164,
    "Elapsed Time [hours, minutes, seconds]": [
        0,
        0,
        0.16
    ],
    "Current function value": -0.02632623012434053,
    "Iterations": 145,
    "Function Evaluations, Estimation": [
        149,
        10728
    ],
    "Gradient Evaluations": 149,
    "Number of Parameters": 71,
    "Minimum Parameters": [
        5.106191857721418,
        3.9043481086521177,
        4.835435697409252,
        2.2154338703876766,
        6.035436812011861,
        5.592236701484701,
        4.98923839628187,
        1.1616448191418134,
        2.972345627183132,
        0.20295755332126514,
        0.979471288411226,
        4.2607613581807335,
        4.535269690719247,
        6.003117877933718,
        2.0036091252454633,
        2.3897889701365056,
        2.996101277052165,
        1.214019646108295,
        0.8827201593119777,
        2.954717983109214,
        1.45323864493387,
        4.252282652118958,
        2.6126960975249425,
        5.280192485831302,
        4.425097486947469,
        2.025866297274423,
        5.19566528796245,
        4.980484447784459,
        2.3714644317145623,
        1.8141884026445492,
        4.407470637267117,
        0.883183258944101,
        1.2717656683629224,
        -0.0496290408683711,
        4.934217595792717,
        4.082236132669101,
        4.330822507524461,
        4.901032765532504,
        2.8831741582132766,
        3.443899034988754,
        0.93379012287247,
        0.7421716632227622,
        4.096135147806723,
        2.9555114924062273,
        3.4290970139045767,
        4.823306837931497,
        4.04574496811391,
        3.558820332375592,
        3.4652675588733834,
        1.9966798531677643,
        0.15699157551238202,
        2.6483026262296825,
        1.297038174463767,
        2.4907427522891377,
        5.451860173940199,
        1.478589135445444,
        0.3955519864514141,
        1.7493727462849722,
        1.74990125045841,
        4.1674573166957,
        3.5183372589503397,
        4.865381964715852,
        4.190249691362487,
        2.566564241581657,
        5.1842380732742,
        1.050888544348194,
        0.16418204457827582,
        0.556795363975558,
        4.525941558800297,
        2.919816985505043,
        0.24559727729609387
    ],
    "Cmin, Cmax, frob_norm, shift": [
        12.354853779031828,
        1233.7771832020144,
        1297.716113337376,
        159.30970203351725
    ]
}