{
    "Calculated Minimum Energy [norm, row]": [
        0.0026159336597952358,
        -0.11077899626322059
    ],
    "Corresponding loss function": 0.13191916288846264,
    "Solution for Minimum Energy": [
        1.0,
        1.0,
        1.0,
        1.0,
        -1.0,
        -1.0,
        -1.0,
        1.0,
        1.0,
        -1.0,
        -1.0,
        1.0,
        1.0,
        1.0,
        -1.0,
        -1.0,
        1.0,
        -1.0
    ],
    "Corresponding exp value": [
        0.006233845540017949,
        0.024760430654898954,
        0.43692895799895615,
        0.23828135793167138,
        -0.029803974998539276,
        -0.17855583162827315,
        -0.030269733836688052,
        0.1656262941998084,
        0.0009760050117293972,
        -0.4857605655047292,
        -0.042613275773189414,
        0.02914083807125921,
        0.0747907062741249,
        0.11093752486518715,
        -0.020279046062777306,
        -0.1511484148198589,
        0.42786888058871553,
        -0.3881208490004039
    ],
    "Number for Minimum Energy": 181872,
    "Elapsed Time [seconds]": 0.21865487098693848,
    "Elapsed Time [hours, minutes, seconds]": [
        0,
        0,
        0.22
    ],
    "Current function value": -0.0395497906010469,
    "Iterations": 256,
    "Function Evaluations, Estimation": [
        276,
        19872
    ],
    "Gradient Evaluations": 276,
    "Number of Parameters": 71,
    "Minimum Parameters": [
        4.85583043224888,
        4.10759519217528,
        5.001671226781433,
        0.6784920625381174,
        3.4410392899222417,
        3.2693526337291194,
        5.3951997912978324,
        2.8702152393775497,
        2.3780965890144485,
        3.9511323587902196,
        1.665511884327073,
        1.0399888032606877,
        2.893227596873178,
        2.6973015481367324,
        1.3173647258710866,
        2.3525466142896794,
        2.3851627456196147,
        2.164551568715762,
        2.287917764916933,
        4.3694268058685255,
        1.9834382542840443,
        5.906660529691947,
        5.730073514658832,
        2.9909985196326563,
        2.117366076105878,
        3.3749395845556647,
        5.396684486310305,
        4.060575667622406,
        5.039474689090947,
        3.497261681596144,
        4.121046887488855,
        1.76505262164978,
        4.654385271851672,
        1.3152494617391102,
        4.340308029136946,
        5.400039276305897,
        0.9006446212554595,
        3.966322192623556,
        0.5196243793575769,
        4.572531398564871,
        0.4354280700478647,
        5.783616627910894,
        0.7510595528090039,
        6.168438472757477,
        4.998077275639762,
        3.7008392134588775,
        4.890289112625639,
        4.968111688138334,
        5.8353658115810365,
        1.5758733593771515,
        3.555483550309239,
        0.68243369786139,
        3.75847020831755,
        0.9411719950901312,
        3.6392161812864363,
        3.4389626864449765,
        2.832361905329243,
        3.142507504459139,
        4.789352464560328,
        4.981524048980779,
        3.12376024785899,
        3.793410742938991,
        5.850000843568311,
        0.7264969159003674,
        0.6943150064553922,
        0.6249347465263262,
        4.2039917285899095,
        2.7259321978231763,
        4.893189054078455,
        4.400387403610884,
        0.10346700041482244
    ],
    "Cmin, Cmax, frob_norm, shift": [
        12.354853779031828,
        1233.7771832020144,
        1297.716113337376,
        159.30970203351725
    ]
}