{
    "Calculated Minimum Energy [norm, row]": [
        0.000531046422337955,
        -2.03592109321602
    ],
    "Corresponding loss function": 0.01390202052601063,
    "Solution for Minimum Energy": [
        1.0,
        1.0,
        1.0,
        -1.0,
        -1.0,
        1.0,
        -1.0,
        1.0,
        -1.0,
        -1.0,
        -1.0,
        -1.0,
        1.0,
        1.0,
        1.0,
        1.0,
        1.0,
        1.0
    ],
    "Corresponding exp value": [
        0.0013928520621527066,
        0.32042354709616816,
        0.00010613848473558368,
        -0.012695128476761658,
        -0.04227002737753543,
        0.18734803803120545,
        -0.010966637411134182,
        0.4724986920575366,
        -0.007240670529921389,
        -0.0053462658803343135,
        -0.01731241268932964,
        -0.003250959651065005,
        0.46016989482720166,
        0.08940284363861074,
        0.5308348693753666,
        0.4978391950973272,
        0.44651797388690795,
        0.23087219051815416
    ],
    "Number for Minimum Energy": 3928,
    "Elapsed Time [seconds]": 0.2190995216369629,
    "Elapsed Time [hours, minutes, seconds]": [
        0,
        0,
        0.22
    ],
    "Current function value": -1.9357907909902414,
    "Iterations": 212,
    "Function Evaluations, Estimation": [
        242,
        17182
    ],
    "Gradient Evaluations": 242,
    "Number of Parameters": 70,
    "Minimum Parameters": [
        4.286600687548446,
        0.5384668320331831,
        0.689379245660173,
        2.614101204130422,
        6.1590778855605794,
        3.766651877135554,
        5.763997061706902,
        4.881321724208194,
        2.886391404684177,
        4.848931154971588,
        -0.0829992695543272,
        0.6769513213708526,
        5.191712748318447,
        4.845684873803214,
        1.3157001817338223,
        3.6295313445296196,
        3.876932136994213,
        5.418583653725439,
        3.9850523362978483,
        2.6297785160172165,
        2.5628590314835322,
        2.717885267163954,
        4.149373969921374,
        5.892930378449343,
        2.4529125798100777,
        1.6845582562346402,
        1.59182046722619,
        4.643124918831169,
        5.353609791374766,
        1.0092541156778243,
        0.3764657187324683,
        3.6926143894240524,
        0.6859634380001742,
        5.339892716144336,
        1.7515256199134308,
        0.7133278347331925,
        5.678032880369804,
        0.9057335195106216,
        1.8404362326165575,
        1.0547851849452672,
        0.7761547101032977,
        0.532279020860246,
        0.623497820978888,
        1.4215198194901688,
        0.429178465403821,
        3.706184059326861,
        4.432395236596719,
        2.413626573135492,
        1.447234338933601,
        3.3307792522915967,
        5.286940259067624,
        5.464833908676153,
        -0.07332778018305328,
        0.8650558378678951,
        1.4313171838432228,
        1.8072958029488144,
        3.815052058556975,
        2.253290367678666,
        0.6489468521483537,
        2.109317342069209,
        3.862114713312377,
        0.6095694510721519,
        5.849192408009037,
        0.4544566848553151,
        5.664119411346741,
        0.3873110381633123,
        5.433356767181762,
        5.728840456250571,
        5.867741889088509,
        4.899929082691693
    ],
    "Cmin, Cmax, frob_norm, shift": [
        0.862165043759525,
        3745.7765070457767,
        429.37464966895493,
        877.0237945603061
    ]
}