{
    "Calculated Minimum Energy [norm, row]": [
        0.0005106881220517171,
        -2.036098653979748
    ],
    "Corresponding loss function": 0.016569036945952173,
    "Solution for Minimum Energy": [
        1.0,
        1.0,
        1.0,
        1.0,
        -1.0,
        1.0,
        -1.0,
        1.0,
        1.0,
        -1.0,
        -1.0,
        -1.0,
        1.0,
        1.0,
        1.0,
        1.0,
        1.0,
        1.0
    ],
    "Corresponding exp value": [
        0.06103479720832011,
        0.31218909761208086,
        0.07282239172206821,
        0.07013800371775554,
        -0.0007617621298128124,
        0.32229614925972233,
        -0.05157112513591071,
        0.3828270389747925,
        0.2161103462711315,
        -0.019320725573754288,
        -0.008056894253592295,
        -0.03765368098620396,
        0.4132060226220733,
        0.16250713380462742,
        0.41491140295578866,
        0.5888048344363443,
        0.6379534951444297,
        0.5838027990487661
    ],
    "Number for Minimum Energy": 3664,
    "Elapsed Time [seconds]": 0.08896017074584961,
    "Elapsed Time [hours, minutes, seconds]": [
        0,
        0,
        0.09
    ],
    "Current function value": -1.909837422657883,
    "Iterations": 92,
    "Function Evaluations, Estimation": [
        94,
        6674
    ],
    "Gradient Evaluations": 94,
    "Number of Parameters": 70,
    "Minimum Parameters": [
        4.9128132036334735,
        3.589995646804593,
        4.887002668261705,
        2.3202739104345453,
        5.900503023081995,
        5.5309794794017,
        5.010441746735465,
        1.1508039747478143,
        2.954574888835229,
        -0.10441608133889428,
        0.4330752121218418,
        4.408664006720169,
        5.201312603648416,
        5.886678162052083,
        1.8749528012297545,
        2.3833982268222442,
        3.371376403424362,
        1.126121291649209,
        0.7174449169762894,
        2.934978253128871,
        1.46286423575755,
        4.290361316924099,
        2.7599536368649678,
        5.323510178102716,
        4.522293796276885,
        2.0337976659401553,
        5.247525773239205,
        5.114648747336061,
        2.469002558504797,
        1.7788950345542975,
        4.4482001390556265,
        0.9955878914436694,
        1.1907330685468964,
        -0.03756060428364142,
        5.039852178213313,
        3.7174532281959283,
        4.354732745541891,
        4.633243364965472,
        2.868883506561429,
        3.5419616988788127,
        0.9102709876650051,
        0.7911225605085196,
        3.8956427354586993,
        3.1081533660688145,
        3.446546508570387,
        4.780926007679866,
        4.099540892939962,
        3.4642933312614956,
        3.379283224055381,
        2.40406529963642,
        -0.04625346727136341,
        2.890698733100387,
        1.1923910772601385,
        2.355294989508293,
        5.4919042308201576,
        1.7137760529605637,
        0.33863739960459416,
        1.7806507223847396,
        1.708150512887194,
        4.140283163813909,
        3.4626282351509126,
        4.864905678218756,
        3.9031189635299324,
        2.2342060082935222,
        5.251903550980415,
        0.7187371617263756,
        0.16818162585639562,
        0.5900241015244623,
        4.236126576126894,
        3.125083575812548
    ],
    "Cmin, Cmax, frob_norm, shift": [
        0.862165043759525,
        3745.7765070457767,
        429.37464966895493,
        877.0237945603061
    ]
}