{
    "Calculated Minimum Energy [norm, row]": [
        0.0025223032911119393,
        -2.018553774460171
    ],
    "Corresponding loss function": 0.009821966208924131,
    "Solution for Minimum Energy": [
        -1.0,
        1.0,
        1.0,
        1.0,
        -1.0,
        1.0,
        1.0,
        1.0,
        1.0,
        1.0,
        1.0,
        -1.0,
        1.0,
        1.0,
        1.0,
        1.0,
        1.0,
        1.0
    ],
    "Corresponding exp value": [
        -0.22797980007869953,
        0.16978314152867915,
        -0.04718160379220301,
        0.03293781186791516,
        -0.23604774354666855,
        0.12152830140386006,
        0.016725209340442873,
        0.2539115987564734,
        -0.010814332482133274,
        -0.10794237637915319,
        0.12215865243276547,
        -0.33357653410404275,
        0.31308579889251703,
        0.11449026219771052,
        0.052791775743963654,
        0.17333108629837804,
        0.46282106425261527,
        0.4326918412652173
    ],
    "Number for Minimum Energy": 2065,
    "Elapsed Time [seconds]": 0.10032081604003906,
    "Elapsed Time [hours, minutes, seconds]": [
        0,
        0,
        0.1
    ],
    "Current function value": -1.9935264684875227,
    "Iterations": 94,
    "Function Evaluations, Estimation": [
        99,
        7128
    ],
    "Gradient Evaluations": 99,
    "Number of Parameters": 71,
    "Minimum Parameters": [
        4.990245746887678,
        3.676983979172602,
        4.918858096276661,
        2.382878681917617,
        5.65477863761853,
        5.551157888928933,
        5.1476650453559145,
        0.8873529133346476,
        2.879287646300464,
        -0.06268932378819597,
        0.3532288847686021,
        4.417355054422372,
        5.1969939006195,
        5.762381664522221,
        1.9765351523104897,
        2.5555201596166466,
        3.527951542814837,
        1.0874038931167136,
        1.1691296701115288,
        2.8867313124621297,
        1.5555974044324388,
        4.372978076665708,
        2.8525736178293744,
        5.450653160868106,
        4.405869577855627,
        1.8925412017828176,
        5.152634420136317,
        5.129018720334892,
        2.6688859498263313,
        1.5477773960509091,
        4.46391257578585,
        0.8990928836410794,
        1.4645937357846512,
        0.22441655166377614,
        5.308427932211394,
        3.7253467781930514,
        4.3344046450922695,
        4.731734735507758,
        2.922711278416777,
        3.8515755774195597,
        0.7993668392289974,
        0.8986008503485905,
        4.085223404802835,
        3.25332553962811,
        3.4722591716008306,
        4.917243945864973,
        3.923903369265349,
        3.2072939776403695,
        3.494100552013349,
        2.3060091367518014,
        -0.19774763842721638,
        2.9551508196890537,
        1.229669764277642,
        2.5436637869060927,
        5.409715153663517,
        1.6839682932945568,
        0.411857990159505,
        1.862867872794225,
        1.8421508883541655,
        4.008731772557871,
        3.5656117357414265,
        5.2104754793142884,
        3.831072126709204,
        1.9929281295805237,
        5.248751718334104,
        0.6044046125196131,
        0.30004755353888307,
        0.8475530785749927,
        4.001250519223547,
        3.1283839146202417,
        0.8586495759769422
    ],
    "Cmin, Cmax, frob_norm, shift": [
        0.862165043759525,
        3745.7765070457767,
        429.37464966895493,
        877.0237945603061
    ]
}