{
    "Calculated Minimum Energy [norm, row]": [
        0.0005651387253090976,
        -2.0356237474028775
    ],
    "Corresponding loss function": -0.00988277408053868,
    "Solution for Minimum Energy": [
        1.0,
        1.0,
        1.0,
        1.0,
        1.0,
        -1.0,
        1.0,
        1.0,
        1.0,
        1.0,
        1.0,
        1.0,
        1.0,
        1.0,
        1.0,
        1.0,
        1.0,
        1.0
    ],
    "Corresponding exp value": [
        -0.15767392304486277,
        0.37471386759195496,
        -0.14583586393701514,
        0.18447401811503078,
        0.15752846238204565,
        -0.398718744471816,
        0.3583322534810369,
        0.24861502728460727,
        0.2658964439401577,
        0.2415832883055983,
        0.23237298256226227,
        0.4779342945687352,
        0.5545818056638184,
        0.21999353169660513,
        0.24501778870788293,
        0.2876556044062137,
        0.2848046233850934,
        0.4457447430215244
    ],
    "Number for Minimum Energy": 32,
    "Elapsed Time [seconds]": 0.18624544143676758,
    "Elapsed Time [hours, minutes, seconds]": [
        0,
        0,
        0.19
    ],
    "Current function value": -2.130288208154287,
    "Iterations": 168,
    "Function Evaluations, Estimation": [
        174,
        12528
    ],
    "Gradient Evaluations": 174,
    "Number of Parameters": 71,
    "Minimum Parameters": [
        5.061188157137504,
        3.6674344767987406,
        4.792298184129705,
        2.5670673453555324,
        6.04075187420005,
        5.474922204494472,
        5.131625326621636,
        0.9059990617072133,
        3.239806689005308,
        0.11062116824257393,
        0.4172527622843204,
        4.359997419077962,
        4.524968290519601,
        5.664924345864275,
        2.0272747836427927,
        2.5873095927209886,
        3.4192071190846876,
        0.9303539992321719,
        0.791865944534493,
        2.889654668485678,
        1.3602279110262576,
        4.576158227600351,
        2.6964820927365416,
        5.175865150799408,
        3.976257418198641,
        1.8410907312608389,
        5.111332326655426,
        4.671418943772232,
        2.5799885975695287,
        1.6207781223696076,
        4.663847221383762,
        0.9131382205039597,
        1.2263374151849862,
        -0.18289598720300584,
        4.643433987150848,
        3.898047780494627,
        4.472329284640341,
        4.913427130475498,
        2.8799750629428216,
        3.169144808623997,
        0.9007319756639822,
        1.1352075329694509,
        4.092118532193415,
        3.2121480478931086,
        3.6249031610394753,
        4.798504758070036,
        4.202003002621352,
        3.138089218286442,
        3.3819682856616984,
        2.324247561032475,
        0.0780398003570334,
        2.3996131325850625,
        2.0563905235646387,
        2.063873498451338,
        5.549868911340387,
        1.728758344041365,
        0.2878373860909407,
        1.2914216392576414,
        1.8714164460516636,
        4.02824921932694,
        3.5329621679350094,
        5.177133183722627,
        3.359683789765126,
        2.4131137581264768,
        4.751874194750474,
        0.5754869661055454,
        -0.08416162712014842,
        0.7885787924227818,
        4.381891426407963,
        3.2465317006209595,
        1.7667250459593573
    ],
    "Cmin, Cmax, frob_norm, shift": [
        0.862165043759525,
        3745.7765070457767,
        429.37464966895493,
        877.0237945603061
    ]
}