{
    "Calculated Minimum Energy [norm, row]": [
        0.001007737474583914,
        -2.0317634952776316
    ],
    "Corresponding loss function": 0.04639574091819476,
    "Solution for Minimum Energy": [
        1.0,
        1.0,
        1.0,
        1.0,
        -1.0,
        1.0,
        -1.0,
        1.0,
        -1.0,
        -1.0,
        1.0,
        -1.0,
        1.0,
        1.0,
        1.0,
        1.0,
        1.0,
        1.0
    ],
    "Corresponding exp value": [
        0.23044777781968462,
        0.2584281297035655,
        0.15827848480739254,
        0.4871164445151243,
        -0.010730283835815077,
        0.1604825402459053,
        -0.2337573460170258,
        0.16292973988311896,
        -0.17547522788715486,
        -0.3994527490471128,
        0.05380069305380222,
        -0.1135950692498773,
        0.45935883978311315,
        0.38946427260940053,
        0.4950610326456168,
        0.682706274895298,
        0.6150473649503161,
        0.5170161408789551
    ],
    "Number for Minimum Energy": 2896,
    "Elapsed Time [seconds]": 0.056050777435302734,
    "Elapsed Time [hours, minutes, seconds]": [
        0,
        0,
        0.06
    ],
    "Current function value": -1.8157293161630648,
    "Iterations": 58,
    "Function Evaluations, Estimation": [
        59,
        4189
    ],
    "Gradient Evaluations": 59,
    "Number of Parameters": 70,
    "Minimum Parameters": [
        4.120635376642855,
        0.5364636459751124,
        0.9613386016327476,
        2.6284386982694303,
        6.177588443129664,
        3.751069491939948,
        5.794842779653972,
        5.077074048674598,
        2.820802752388048,
        4.848640857252289,
        -0.018871598470112813,
        0.6916206525393503,
        5.238338376209697,
        5.024409144943329,
        1.4179893310884453,
        3.482131444269291,
        3.8995349888291786,
        5.508168036608303,
        4.01719824029576,
        2.6941941962585956,
        2.4664014509254923,
        2.6155159074153698,
        3.9460197229565828,
        5.310346253417852,
        2.703813466261859,
        1.5464552303036452,
        1.4814042454240353,
        4.5598081128627665,
        5.287681910445287,
        0.8663762243848795,
        0.322726280096879,
        3.7658339213638827,
        0.8523562100231824,
        5.336959566362715,
        1.9177281817107346,
        0.8378102554515481,
        5.709204724216662,
        0.8978485243268222,
        2.006978085788395,
        1.0228296275605948,
        0.7600375468478124,
        0.4044087291251022,
        0.30878145871678014,
        1.2565327002690807,
        0.28428093371151797,
        3.74442711706323,
        4.188769912761991,
        2.3730912571633125,
        1.801699065200523,
        3.241327172606994,
        5.3806892794886885,
        5.225866749889872,
        0.16828878515244552,
        1.2224204958128964,
        1.5123330471587972,
        1.8492507209166131,
        3.7877178802309164,
        2.5180152260955975,
        0.49933389015683427,
        2.3454765371134716,
        3.49594855669151,
        0.7059926150021617,
        5.4279795309891385,
        0.4172599904194267,
        5.879986382276788,
        0.45290482810887456,
        5.327805583287394,
        5.64863759797221,
        6.068875799869561,
        4.869859170702783
    ],
    "Cmin, Cmax, frob_norm, shift": [
        0.862165043759525,
        3745.7765070457767,
        429.37464966895493,
        877.0237945603061
    ]
}