{
    "Calculated Minimum Energy [norm, row]": [
        0.011747923108875494,
        -1.9380898812237213
    ],
    "Corresponding loss function": 0.029352220337484997,
    "Solution for Minimum Energy": [
        1.0,
        1.0,
        1.0,
        1.0,
        1.0,
        1.0,
        1.0,
        1.0,
        1.0,
        1.0,
        1.0,
        1.0,
        1.0,
        1.0,
        1.0,
        1.0,
        1.0,
        1.0
    ],
    "Corresponding exp value": [
        -0.1417470284642501,
        -0.2011550907349053,
        -0.04461931081156202,
        0.12204845093481066,
        -0.4036050027173461,
        -0.4011448829677941,
        -0.17753039228555675,
        0.1430641213472741,
        0.01526710429766048,
        0.03349935137114009,
        0.047837050956310835,
        0.02113975457176273,
        0.1494877421331553,
        0.26837096498937396,
        -0.08655768258910371,
        -0.16325038949114212,
        0.2357143264063072,
        -0.28551300305892124
    ],
    "Number for Minimum Energy": 0,
    "Elapsed Time [seconds]": 0.14911127090454102,
    "Elapsed Time [hours, minutes, seconds]": [
        0,
        0,
        0.15
    ],
    "Current function value": -1.8271432880353182,
    "Iterations": 179,
    "Function Evaluations, Estimation": [
        180,
        12960
    ],
    "Gradient Evaluations": 180,
    "Number of Parameters": 71,
    "Minimum Parameters": [
        5.1708468003066725,
        3.9442052719539618,
        4.7914433330450334,
        2.2495457981520457,
        6.095899369934999,
        5.606286677951305,
        4.910999448783659,
        1.192534416743284,
        2.9590410226634867,
        0.24744217281275308,
        0.9346620111253864,
        4.317444542407835,
        4.712358295147084,
        6.047270041260881,
        2.0346344551386997,
        2.348550607433054,
        2.990718977712477,
        1.1683032499813715,
        0.79761886214979,
        2.9918693829649237,
        1.420120801370853,
        4.243219256169295,
        2.7568763467041655,
        5.241080895433445,
        4.398487868125147,
        1.9513022894271557,
        5.217427968673646,
        5.072247273389103,
        2.453597600517826,
        1.7976884605586065,
        4.304353660189809,
        0.8723705422893671,
        1.2552494540261743,
        0.04455989168841381,
        4.947663726989842,
        4.161338260713806,
        4.416942927064969,
        4.869564433607638,
        2.893005156069863,
        3.557961493567639,
        0.8853353985312997,
        0.7451846722698411,
        4.182316622983582,
        2.96901422821488,
        3.551351519871176,
        4.815542363033807,
        4.00657099091999,
        3.4635249940545703,
        3.498680370055157,
        1.9319240040771262,
        0.18085770880558993,
        2.751339263572402,
        1.337209013971035,
        2.54149703522043,
        5.382120528850593,
        1.4827502582119594,
        0.3875023943601152,
        1.7702543881047181,
        1.8362207304383595,
        4.17517014667916,
        3.500757881683938,
        4.933007183797665,
        4.1202242633587565,
        2.529547638603087,
        5.139330267929254,
        1.0137234110962892,
        0.16953516335050414,
        0.5728838282455331,
        4.509590719795276,
        2.892207223646623,
        0.9953473281861722
    ],
    "Cmin, Cmax, frob_norm, shift": [
        0.862165043759525,
        3745.7765070457767,
        429.37464966895493,
        877.0237945603061
    ]
}