{
    "Calculated Minimum Energy [norm, row]": [
        0.0012262017079076818,
        -2.0298580967143502
    ],
    "Corresponding loss function": 0.01966332580256997,
    "Solution for Minimum Energy": [
        1.0,
        1.0,
        1.0,
        1.0,
        1.0,
        1.0,
        1.0,
        1.0,
        1.0,
        -1.0,
        1.0,
        1.0,
        1.0,
        -1.0,
        1.0,
        1.0,
        1.0,
        1.0
    ],
    "Corresponding exp value": [
        0.2523840827275299,
        0.24763496261670861,
        0.05242943432477831,
        0.42664664267393393,
        0.37813303617512206,
        0.538990724686001,
        0.004391759699902069,
        0.2564821390746677,
        0.4180096282813398,
        -0.02572248705614265,
        0.026089828410692132,
        0.01506009131920406,
        0.16772090950527324,
        -0.09877970276124023,
        0.3582270454956952,
        0.17774801463898177,
        0.16849981446931292,
        0.1142938125875788
    ],
    "Number for Minimum Energy": 8704,
    "Elapsed Time [seconds]": 0.19510841369628906,
    "Elapsed Time [hours, minutes, seconds]": [
        0,
        0,
        0.2
    ],
    "Current function value": -1.9920465863996417,
    "Iterations": 202,
    "Function Evaluations, Estimation": [
        251,
        18072
    ],
    "Gradient Evaluations": 251,
    "Number of Parameters": 71,
    "Minimum Parameters": [
        4.0491198914141195,
        0.5089871116066642,
        0.7479504315842711,
        2.577521937318014,
        6.2678216817253265,
        3.7442985508604485,
        5.527399571295762,
        5.0705693527390325,
        2.8133092464203666,
        4.821332812959133,
        0.07562168354289107,
        0.6377823413324497,
        5.238993824855085,
        5.015395028962638,
        1.4570150393617658,
        3.4016216637380476,
        3.7038292912810356,
        5.510649886114644,
        4.143184759554056,
        2.783481293632984,
        2.7769934291855844,
        2.6438994573258174,
        4.078558053043547,
        5.608410667358546,
        2.7006365351555948,
        1.4988035921581695,
        1.6054438151584125,
        4.480917700982358,
        5.079857351706968,
        0.9451764445752825,
        0.22066888597636444,
        3.7522498437612954,
        0.7414069301735119,
        5.411694254916457,
        1.9738150199964377,
        0.7501059186037925,
        5.708497468031536,
        0.8209336318032892,
        2.0636602586127797,
        0.9440448397013337,
        0.8453259053266535,
        0.42617056512029267,
        0.4235057725984005,
        1.3227968633201792,
        0.48274630539809144,
        3.7592208171726327,
        4.08230837202395,
        2.425603222677745,
        1.335580263772373,
        3.2326757880035557,
        5.377142688214013,
        5.362238874528787,
        0.25310029506791215,
        1.1747849682185734,
        1.5140306975795887,
        1.8355417284643167,
        3.781679255511256,
        2.448613609194383,
        0.46771692391793185,
        2.2951256606086132,
        3.752723419510492,
        0.6353993350755232,
        5.801812920015778,
        0.44400002678022854,
        5.882886158710381,
        0.4378873684387017,
        5.397481359125883,
        5.7380782971226845,
        6.028999371052397,
        4.864528816198079,
        0.2995951500752889
    ],
    "Cmin, Cmax, frob_norm, shift": [
        0.862165043759525,
        3745.7765070457767,
        429.37464966895493,
        877.0237945603061
    ]
}