{
    "Calculated Minimum Energy [norm, row]": [
        0.0005028700137095543,
        -2.036166841857352
    ],
    "Corresponding loss function": 0.013191352395151823,
    "Solution for Minimum Energy": [
        -1.0,
        1.0,
        -1.0,
        -1.0,
        1.0,
        1.0,
        -1.0,
        1.0,
        1.0,
        -1.0,
        -1.0,
        1.0,
        1.0,
        1.0,
        -1.0,
        1.0,
        1.0,
        1.0
    ],
    "Corresponding exp value": [
        -0.1330675724270023,
        0.11206677457019858,
        -0.13293502397877072,
        -0.14522220677240044,
        -0.06019037368706899,
        0.34002398024623154,
        -0.143057870041028,
        0.18265439137328932,
        -0.10003614547360394,
        -0.12483672360786816,
        -0.12918701012046546,
        -0.088778221923981,
        0.3293365443208277,
        0.1755268609696822,
        -0.18169411135466124,
        0.381169415156545,
        0.28282501185411413,
        0.3065289514844628
    ],
    "Number for Minimum Energy": 17997,
    "Elapsed Time [seconds]": 0.15336942672729492,
    "Elapsed Time [hours, minutes, seconds]": [
        0,
        0,
        0.15
    ],
    "Current function value": -1.9342663654563266,
    "Iterations": 180,
    "Function Evaluations, Estimation": [
        186,
        13392
    ],
    "Gradient Evaluations": 186,
    "Number of Parameters": 71,
    "Minimum Parameters": [
        1.206643850893454,
        3.2766402276396067,
        0.5840869532420785,
        4.41840520778238,
        2.500967174347203,
        2.4322038415154372,
        1.6893688736471817,
        3.6310773168882893,
        2.1461658321683084,
        0.4531058313896541,
        0.49077797169411225,
        5.926507573166496,
        5.673346521584645,
        4.625178835431943,
        1.8301742118923703,
        6.265857260656772,
        4.577591628334875,
        4.772483418755242,
        2.1742230289322135,
        1.3690384681558243,
        0.7910964083108935,
        5.48369697159605,
        3.337617529880626,
        1.677397410125287,
        1.8459100096257781,
        3.7335015376215046,
        0.6266653547112493,
        5.582895202281506,
        4.820827631813089,
        4.455781138203985,
        2.6977071878943155,
        3.936445557408956,
        3.680071024228296,
        4.308726504556216,
        0.32019856118378087,
        2.2874755909525377,
        0.3103041864527251,
        3.2133521494351758,
        1.9393825191699379,
        0.9600231349494774,
        0.919690752352619,
        3.82593352672269,
        0.8822582464598975,
        5.574282839095735,
        3.956172901614894,
        2.0975924791181026,
        3.7858651690516645,
        -0.3228131828572282,
        5.963496661719791,
        2.7289766005902614,
        4.961596228532816,
        0.48434403119884617,
        2.8469332656793163,
        3.099568096229071,
        5.97689327459179,
        3.6493007938735804,
        2.7500694388401685,
        1.818873179363354,
        2.3449228006798952,
        3.217170341965397,
        2.6605734440230706,
        0.5429176344573301,
        5.207048305683164,
        5.6396143079239565,
        1.2143141948135592,
        3.4228203969692315,
        0.6596623836706328,
        4.363091738771208,
        1.7811199999864307,
        4.139068212446645,
        0.7190504509808193
    ],
    "Cmin, Cmax, frob_norm, shift": [
        0.862165043759525,
        3745.7765070457767,
        429.37464966895493,
        877.0237945603061
    ]
}