{
    "Calculated Minimum Energy [norm, row]": [
        0.001250781375687744,
        -2.029643718081466
    ],
    "Corresponding loss function": -0.008134973294699378,
    "Solution for Minimum Energy": [
        1.0,
        1.0,
        1.0,
        -1.0,
        1.0,
        1.0,
        1.0,
        1.0,
        -1.0,
        1.0,
        1.0,
        -1.0,
        1.0,
        -1.0,
        1.0,
        1.0,
        1.0,
        1.0
    ],
    "Corresponding exp value": [
        0.27222212509093596,
        0.31211344778196753,
        0.20570010420692691,
        -0.1860371097133007,
        0.20249501211154128,
        0.17535709831677465,
        0.11771895275076655,
        0.46251431074522914,
        -0.2557742378121151,
        0.2585380935455192,
        0.1448853320524534,
        -0.21850996335212375,
        0.15841115480853632,
        -0.3465412333760315,
        0.29117667288992416,
        0.218684279068026,
        0.39967344379058845,
        0.3278149577935791
    ],
    "Number for Minimum Energy": 10504,
    "Elapsed Time [seconds]": 0.14870834350585938,
    "Elapsed Time [hours, minutes, seconds]": [
        0,
        0,
        0.15
    ],
    "Current function value": -2.1203045257484074,
    "Iterations": 144,
    "Function Evaluations, Estimation": [
        147,
        10584
    ],
    "Gradient Evaluations": 147,
    "Number of Parameters": 71,
    "Minimum Parameters": [
        4.186978057637163,
        4.506976581011178,
        1.0593761192355668,
        6.048462030658066,
        1.6167724486382056,
        0.33835366722617305,
        3.437072871399747,
        2.3562532447658002,
        5.026208343126082,
        5.433265779338715,
        2.1661675078785083,
        6.121638426852156,
        1.7053403472580593,
        2.978220267559162,
        1.5027795926105563,
        5.902226871667005,
        0.7467423735097642,
        0.3008345545012145,
        2.3418654973763617,
        6.1616590494487085,
        5.555386195398024,
        4.3319277310985225,
        5.74916392108899,
        5.355485423752012,
        3.408738879538282,
        2.0893949268960927,
        5.437917669637161,
        3.8436615011898545,
        2.1488053793702484,
        0.6589733464100385,
        4.216745387756353,
        1.553267654116207,
        5.465771089733257,
        1.3741775969516297,
        0.8770200595669709,
        5.168386680238623,
        1.209456006523826,
        1.2944130454671998,
        3.490959130658076,
        5.726939334400434,
        1.2919779192844842,
        1.997167561925824,
        5.336169995029868,
        5.976353480657181,
        2.9679596029350805,
        0.9647332717713559,
        0.27924489794230867,
        1.4031227668067245,
        1.1981124870216888,
        4.270053266209684,
        0.8001039734907653,
        3.1833479375952263,
        4.47972586159662,
        3.473808832997732,
        0.9940145639210313,
        4.769947898115862,
        5.029102436066203,
        4.843149228159515,
        0.7512910346624228,
        0.6332090716733323,
        5.912258400103554,
        2.4897015541163334,
        2.355080406777986,
        2.930070046491195,
        4.144790096777459,
        6.211853691481941,
        1.6839852360561491,
        5.483147111338174,
        0.030271634198457072,
        3.036424187087326,
        1.0612284004576322
    ],
    "Cmin, Cmax, frob_norm, shift": [
        0.862165043759525,
        3745.7765070457767,
        429.37464966895493,
        877.0237945603061
    ]
}