{
    "Calculated Minimum Energy [norm, row]": [
        0.0003148845673438475,
        -4.014921225061862
    ],
    "Corresponding loss function": 0.025190547271530986,
    "Solution for Minimum Energy": [
        -1.0,
        1.0,
        -1.0,
        1.0,
        1.0,
        -1.0,
        1.0,
        1.0,
        -1.0,
        1.0,
        1.0,
        -1.0,
        1.0,
        1.0,
        -1.0,
        1.0,
        1.0,
        -1.0,
        1.0,
        -1.0,
        1.0,
        1.0,
        1.0,
        1.0,
        1.0,
        1.0,
        1.0,
        1.0,
        1.0,
        1.0,
        1.0,
        1.0,
        1.0,
        1.0,
        1.0,
        1.0,
        1.0,
        1.0,
        1.0,
        1.0,
        1.0,
        1.0,
        -1.0,
        1.0,
        -1.0,
        -1.0,
        1.0,
        1.0,
        -1.0,
        1.0,
        1.0,
        -1.0,
        1.0,
        -1.0,
        1.0,
        1.0,
        1.0,
        -1.0,
        1.0,
        1.0
    ],
    "Corresponding exp value": [
        -0.2271305468361858,
        0.17840531167771975,
        -0.21243003898451723,
        0.419215041743161,
        0.35981104314920614,
        -0.2857253030202575,
        0.18517894072842753,
        0.308417687756896,
        -0.3814297895947069,
        0.27522506566884175,
        0.43017784032403583,
        -0.03753049835596678,
        0.1919941525225141,
        0.12002448189432101,
        -0.22844241553597877,
        0.34687034845983733,
        0.19107869024321988,
        -0.23222581123552835,
        0.2827259915101113,
        -0.3096435189741997,
        0.3676398329454964,
        0.350247735983072,
        0.3921467936235539,
        0.34381351731704923,
        0.2667554071220023,
        0.17584891900903865,
        0.2737509042588314,
        0.2715137491046254,
        0.4225637587135172,
        0.382221656991407,
        0.25828189100463117,
        0.29935256998532783,
        0.28800546403765814,
        0.4292864326092197,
        0.47841514899869486,
        0.2057336188235063,
        0.2666562597633735,
        0.36999410485268264,
        0.24573702895012742,
        0.1865784881781949,
        0.1078017898458776,
        0.44279810998085645,
        -0.12642816229995782,
        0.04908189309187959,
        -0.1187662732440302,
        -0.00960240669781463,
        0.12916963295228368,
        0.20898770732725824,
        -0.016125177910203275,
        0.18908364420119567,
        0.0817680900146819,
        -0.08358808552204117,
        0.0897465486786166,
        -0.044299136970375845,
        0.024378073060723014,
        0.19944975137744675,
        0.1682492156334696,
        -0.021054231933353255,
        0.0882736561372673,
        0.01818887590740232
    ],
    "Number for Minimum Energy": 155712836726311205,
    "Elapsed Time [seconds]": 2.3590707778930664,
    "Elapsed Time [hours, minutes, seconds]": [
        0,
        0,
        2.36
    ],
    "Current function value": -3.9296338407722597,
    "Iterations": 819,
    "Function Evaluations, Estimation": [
        820,
        111520
    ],
    "Gradient Evaluations": 820,
    "Number of Parameters": 135,
    "Minimum Parameters": [
        3.9475587012104736,
        4.181952222146523,
        5.824458576552523,
        0.8690984491222199,
        2.6964323486997337,
        2.747859142220191,
        3.118540576917304,
        0.7263220877611579,
        0.36198214018114583,
        1.7710083222752273,
        1.428984813043403,
        2.4454886354641454,
        3.8639577752718046,
        3.755736741210376,
        2.4118580780375733,
        2.6001061672902557,
        1.630502356044378,
        3.9595491874405173,
        2.0368875267075786,
        0.19329459640172375,
        2.6271917985123863,
        2.7963008212937805,
        1.5967492379412034,
        3.743267131131841,
        3.512562550593473,
        4.574126124303189,
        3.8863891695318347,
        4.1863221755776046,
        1.904442525059363,
        4.974995036758025,
        3.860910082177287,
        2.895128976124986,
        3.6949736321031397,
        1.9491459949774321,
        3.4756782728797604,
        5.014867280666309,
        5.613857601930341,
        5.618682074538249,
        2.751764220889091,
        3.908535296516719,
        5.009416514968135,
        1.618266737403316,
        5.279254191378904,
        2.6973649718714583,
        1.0407997057653178,
        0.4625114306829863,
        5.300984155068455,
        0.13341353983653886,
        1.7419774133638701,
        2.2494521571265493,
        0.9346629808361333,
        1.4645338854738348,
        4.726717594404132,
        -0.11722186198630041,
        4.863699293418202,
        5.581343774318,
        2.2974340893407112,
        0.7815490430696767,
        3.535957486137733,
        0.8859315443177659,
        2.324211341377627,
        5.840667374246258,
        6.075774076685118,
        4.975552941665576,
        1.7421545272196188,
        4.560257517624825,
        3.982640629533021,
        2.2717544070058433,
        4.475434187391254,
        0.5845020712158661,
        1.1086078990632933,
        2.7877564202302265,
        0.6790040667142974,
        1.0004564583221163,
        5.122075597129292,
        6.135856023046236,
        2.9512878723394906,
        5.1897214335961905,
        6.206527089137635,
        0.8398990836038354,
        2.8597781752420808,
        2.4284100649339755,
        0.6716154094399241,
        4.783453919021269,
        2.5809386970847243,
        2.6022817306108608,
        0.5706592142591922,
        1.1458689269535434,
        5.568811677309191,
        0.3800246284682105,
        1.4261400379198734,
        2.130533901724848,
        3.27400600083815,
        3.714602425739133,
        3.6658273171736617,
        1.008827119101694,
        1.589584598501833,
        5.138926005930493,
        4.087991845939614,
        4.238232195090855,
        4.723855331361124,
        4.614819387613143,
        0.8334586020563575,
        2.900028557503131,
        3.796527993376788,
        1.4863138379488021,
        5.21794097767056,
        3.0339880362696277,
        4.460400401692529,
        5.38973395400975,
        3.9070782267669544,
        5.6146786659596515,
        3.883224853044639,
        5.176124894013877,
        2.5532378393723842,
        3.4081198874323153,
        3.6118893568221155,
        0.8397905080166702,
        2.3551934717336858,
        5.3737154123879565,
        4.330266889292623,
        1.1105754572337596,
        2.549667767885801,
        1.3313336598529877,
        -0.2664936974428704,
        5.970991393723992,
        2.6916654675528804,
        2.129571130173632,
        3.7522655105623057,
        -0.18766650816353492,
        2.04540340161186,
        5.079370159888219,
        3.909543237841996,
        6.116230705867163,
        4.294697113661071
    ],
    "Cmin, Cmax, frob_norm, shift": [
        0.1009309530119395,
        2838.785503052556,
        147.54153169989314,
        593.3624161163616
    ]
}