{
    "Calculated Minimum Energy [norm, row]": [
        0.0020111714438390067,
        -3.98228483223956
    ],
    "Corresponding loss function": 0.004671635621276051,
    "Solution for Minimum Energy": [
        1.0,
        1.0,
        -1.0,
        1.0,
        1.0,
        1.0,
        1.0,
        1.0,
        1.0,
        1.0,
        1.0,
        1.0,
        1.0,
        1.0,
        1.0,
        1.0,
        1.0,
        1.0,
        1.0,
        1.0,
        1.0,
        1.0,
        1.0,
        1.0,
        1.0,
        1.0,
        1.0,
        1.0,
        1.0,
        1.0,
        1.0,
        1.0,
        1.0,
        1.0,
        1.0,
        1.0,
        1.0,
        -1.0,
        1.0,
        1.0,
        1.0,
        1.0,
        1.0,
        1.0,
        1.0,
        1.0,
        1.0,
        1.0,
        1.0,
        1.0,
        1.0,
        1.0,
        1.0,
        1.0,
        1.0,
        1.0,
        1.0,
        -1.0,
        -1.0,
        1.0
    ],
    "Corresponding exp value": [
        -0.03563782252077391,
        0.18232663453406567,
        -0.16901288204778142,
        0.11226423165182588,
        0.12224322575320117,
        0.009486653983115094,
        0.17884855025095403,
        -0.026729610788685854,
        0.21672522725731058,
        0.03193687708098955,
        0.2118013734205157,
        -0.044607935630104525,
        -0.05624731967863122,
        -0.02893285132928613,
        0.08608069894586137,
        -0.009977710005292899,
        -0.09037245441869571,
        -0.025462154591398223,
        0.12875736189342596,
        -0.04741588096939666,
        0.2042688710267038,
        0.026363592221620106,
        0.10523878593503969,
        -0.07276962237284162,
        -0.09261151856142538,
        0.05042962318413978,
        0.011485561723142652,
        0.20712335537361146,
        0.06565128926294102,
        0.3350892295016973,
        0.2015877755769985,
        0.07540728371510386,
        -0.004795870573095241,
        0.08077863408167206,
        -0.007450713246041971,
        0.04253831787509173,
        0.047129303702685144,
        -0.15495023799458393,
        0.11563162520022421,
        0.10031980788844956,
        0.028360470690490303,
        0.1078186797819386,
        0.050024867905061034,
        0.0031268774445009084,
        -0.061576115821738595,
        0.031700264053162765,
        -0.024717168258959782,
        0.15346455828796077,
        -0.03744821648204457,
        0.0106002014348969,
        -0.07421953513094232,
        -0.03365568137688779,
        -0.04600811743781545,
        0.016031094205985582,
        0.13925858730568252,
        0.23846796923214067,
        0.11590888404923123,
        -0.2966276693704413,
        -0.1879941481111083,
        0.08266373560249934
    ],
    "Number for Minimum Energy": 432345701666521092,
    "Elapsed Time [seconds]": 2.072094440460205,
    "Elapsed Time [hours, minutes, seconds]": [
        0,
        0,
        2.07
    ],
    "Current function value": -3.9804936763389347,
    "Iterations": 770,
    "Function Evaluations, Estimation": [
        771,
        105627
    ],
    "Gradient Evaluations": 771,
    "Number of Parameters": 136,
    "Minimum Parameters": [
        3.095037775228718,
        4.793459990566108,
        5.539361172632355,
        4.424000547469125,
        5.94960645666198,
        4.851730029316516,
        5.2797573981221895,
        0.729058008440676,
        4.572144163915529,
        2.8241420017442125,
        3.567818517116933,
        4.07586263343616,
        6.212369631446145,
        6.260220281063519,
        1.8063634677587577,
        4.576368545358025,
        4.733935225696531,
        2.0086892774052125,
        0.7288574031025509,
        0.4025741388690577,
        4.931491173733723,
        3.0551848598650237,
        6.24456347512223,
        2.937643907675688,
        6.101038255064194,
        2.575651442393084,
        4.869270306571972,
        0.5408495358294775,
        3.444971694467643,
        5.0503172135618835,
        5.891003385700912,
        4.998012937483824,
        0.20008781842418663,
        2.2449575346763706,
        0.257350299142282,
        0.7006196508892099,
        4.320202297018353,
        4.567262611271223,
        4.917480293320706,
        5.331246966799015,
        4.644236008542272,
        5.076028911127912,
        0.22146367790546762,
        1.4527642277745063,
        3.9965649347728394,
        5.373055897258422,
        0.007247525237183312,
        3.2289297631067684,
        4.167249046268589,
        0.262898398810992,
        2.548695467687973,
        5.761892758288337,
        4.258103391895447,
        1.428850759999172,
        5.292180594883126,
        2.0671161607881645,
        5.411212009253864,
        1.9010798667664404,
        3.682729832604796,
        2.4960316028899086,
        1.805366686009167,
        5.517114691314499,
        1.1731858291832589,
        0.7100399980490929,
        2.2785226636587534,
        4.581763119180666,
        4.941423431075133,
        6.237727265615064,
        1.7431317997713334,
        2.509895334638918,
        0.9917760403815475,
        3.5156325334238585,
        6.325282578932216,
        4.445220774033129,
        3.804901322453322,
        2.461729701885886,
        5.673086955740975,
        3.1243832071950184,
        0.787358032616874,
        2.3890167819027694,
        0.45431311132648133,
        1.4050303582313426,
        0.045895761714133204,
        2.638893573520743,
        3.963290782687254,
        2.125402942616932,
        2.581730136654642,
        6.004550155055844,
        4.699736897619694,
        3.4314764065056904,
        1.600177175934008,
        5.628628841809028,
        1.5836883612092791,
        2.0943553918062214,
        5.717988192880866,
        3.4502758174430936,
        4.4749525961981655,
        3.6552472956817414,
        4.116011568155279,
        1.809438257643528,
        1.5460205975357297,
        2.005787564822392,
        0.8544119872965474,
        5.4180211408676024,
        1.6766932745169356,
        3.574741868778202,
        5.0623317873402085,
        4.907559849468092,
        2.758292498279657,
        3.076281394342495,
        6.1663823945062255,
        4.2413225481427155,
        5.0108314888836345,
        5.719516947085687,
        4.861268336758261,
        1.249556548970872,
        3.5424937928820284,
        0.8012970633365202,
        4.189756529080111,
        5.877280460669364,
        3.144509315510938,
        2.7264375187555987,
        0.2918774882476174,
        5.951622142707792,
        0.707219265722228,
        0.179142453606039,
        1.3905142735890652,
        0.32277533190992225,
        2.9151073337315703,
        3.2327865405328295,
        1.9210256430236643,
        0.29043800970530087,
        0.8239874186969234,
        2.352169106770762,
        0.36321273930412695,
        0.8907167468619095
    ],
    "Cmin, Cmax, frob_norm, shift": [
        0.1009309530119395,
        2838.785503052556,
        147.54153169989314,
        593.3624161163616
    ]
}