{
    "Calculated Minimum Energy [norm, row]": [
        0.00039264510646043493,
        -4.013425119930207
    ],
    "Corresponding loss function": 0.006496336871581947,
    "Solution for Minimum Energy": [
        1.0,
        1.0,
        1.0,
        1.0,
        1.0,
        -1.0,
        1.0,
        -1.0,
        1.0,
        1.0,
        1.0,
        -1.0,
        -1.0,
        1.0,
        1.0,
        -1.0,
        1.0,
        1.0,
        1.0,
        -1.0,
        1.0,
        1.0,
        1.0,
        -1.0,
        1.0,
        1.0,
        1.0,
        1.0,
        1.0,
        1.0,
        1.0,
        1.0,
        1.0,
        1.0,
        1.0,
        1.0,
        1.0,
        1.0,
        1.0,
        1.0,
        1.0,
        1.0,
        -1.0,
        1.0,
        1.0,
        -1.0,
        1.0,
        1.0,
        1.0,
        1.0,
        1.0,
        1.0,
        1.0,
        1.0,
        -1.0,
        1.0,
        1.0,
        -1.0,
        1.0,
        1.0
    ],
    "Corresponding exp value": [
        0.2594672787304986,
        -0.07658227822143618,
        -0.08233982769662851,
        -0.01894234168784477,
        0.07025267905804242,
        -0.11105218012645454,
        0.10132944134195607,
        -0.10798803448186578,
        -0.08546003242502334,
        -0.07912576092411641,
        0.19399056749014953,
        -0.10921436017846875,
        -0.09922948525905675,
        0.023276384415040687,
        0.1653987120533027,
        -0.10379068883809917,
        -0.07592650980676341,
        0.13365539289286407,
        -0.0837245545855074,
        -0.11276274354480961,
        0.14128934257746917,
        0.14973714876927807,
        0.23948384794817784,
        -0.12402532682965524,
        0.022075587398805694,
        0.103617052311375,
        -0.08369592873143017,
        0.16726362180288185,
        0.10784474260698577,
        0.10661389189779885,
        0.11664069857164015,
        0.14283156079463905,
        -0.08795381875653738,
        0.11196342368688007,
        0.052655319275878146,
        0.13448981617451145,
        0.04135482139110232,
        -0.09825349706501617,
        0.12337299853935924,
        0.08196950956035572,
        -0.062191986391188274,
        0.1544612693806474,
        -0.10276144247444108,
        -0.06417094203192532,
        -0.01429770068617486,
        -0.11760442811370891,
        -0.09538037107800357,
        0.22374002944485266,
        0.12868467542840284,
        -0.08394558060780608,
        -0.08569255698369196,
        -0.06758919371881929,
        0.14182532345912205,
        -0.09416380091768121,
        -0.10204339981441875,
        0.18910178219311174,
        0.09314626837421558,
        -0.12673843276635235,
        0.26930965909282284,
        -0.0898475005575949
    ],
    "Number for Minimum Energy": 162169169012889760,
    "Elapsed Time [seconds]": 3.555940866470337,
    "Elapsed Time [hours, minutes, seconds]": [
        0,
        0,
        3.56
    ],
    "Current function value": -3.9274778988550376,
    "Iterations": 1277,
    "Function Evaluations, Estimation": [
        1339,
        183443
    ],
    "Gradient Evaluations": 1339,
    "Number of Parameters": 136,
    "Minimum Parameters": [
        3.985160732609556,
        3.116241302213085,
        3.5585665963412323,
        4.740051383576291,
        4.019057849484749,
        3.4573427793752876,
        3.5196602617216675,
        1.8812148497062289,
        -0.30146780882941215,
        2.7886772393283574,
        1.4171328194738624,
        2.7608547644606682,
        5.319589204462245,
        1.2741851212050328,
        0.230779294208189,
        1.957841096828856,
        1.658884458212002,
        4.193817664929642,
        3.5768021152112426,
        4.836862222863419,
        4.146166967568355,
        2.598108366535933,
        5.025353010218545,
        1.2953899324188132,
        0.06925322521004355,
        0.3567843536997735,
        4.741261548093124,
        2.7990557442390878,
        0.8167283721052865,
        3.386216146893142,
        1.0622321113605833,
        4.591199754766977,
        2.752301883294429,
        2.241858027767936,
        1.9415386152274379,
        4.0234648261360535,
        2.0183988193015936,
        0.5813650179630508,
        0.7427877449039547,
        5.959936512586341,
        5.5421328859186545,
        4.659890255903357,
        2.078874814864385,
        6.097147778004099,
        4.709067907655255,
        4.63527551899458,
        2.669472185690692,
        1.7440948610867135,
        0.5263414657911326,
        5.332084397053122,
        2.8808779612345785,
        1.3850963961259966,
        1.898425617684767,
        3.411443362930434,
        0.967868606301755,
        5.578087599857789,
        4.442436185084951,
        4.236928467533242,
        3.1342926623939515,
        3.827425347817399,
        3.491121947938195,
        4.116568064969488,
        0.9821893442119237,
        2.279693661386857,
        0.13496442811735224,
        3.092684199115307,
        2.534289846248196,
        1.119718446022166,
        0.45457181170068944,
        3.7453474710617343,
        1.0953797681401185,
        5.8807387289451265,
        3.9533538764110294,
        2.2153160619825107,
        3.34476626547772,
        0.1547271426117652,
        6.147354248516311,
        2.8582147764742127,
        4.870742009708481,
        0.8124845030682522,
        2.8384367364993697,
        3.196617724561727,
        5.65258277986332,
        3.3320840534406675,
        3.3179386854444703,
        1.6892800693961538,
        2.1523721409377665,
        3.237118732595071,
        2.7633013045897776,
        0.6875526645434703,
        4.875773144247876,
        5.339246063991228,
        0.6815805008078095,
        3.6604751710846215,
        0.609472769042068,
        4.079962262674867,
        1.347121850313063,
        4.131830968643857,
        4.613528147282765,
        5.0938065904271115,
        0.7431107849898106,
        5.801426057279893,
        1.283126684983347,
        0.12034428122149395,
        3.51749017319056,
        2.450904804201874,
        5.084463358017449,
        5.0538010237072335,
        1.661464437290409,
        5.977173310022077,
        1.4706005313763921,
        3.3389656520241533,
        0.9588873551190504,
        5.692323050300143,
        0.9806200327765607,
        0.10688993706467882,
        2.906403916447356,
        6.697880058304077,
        5.50718662570192,
        4.768056299832354,
        6.099626012272691,
        5.589185891824023,
        3.1556055968429173,
        1.7177099062870218,
        5.277065320515712,
        4.405340193612436,
        2.031460950737665,
        0.7351906231769919,
        4.653475713381157,
        1.7928362024082267,
        5.697963415196037,
        1.6673424092252558,
        0.5756455758670641,
        5.643787464931749,
        0.9531431237601312,
        1.1827066676505913
    ],
    "Cmin, Cmax, frob_norm, shift": [
        0.1009309530119395,
        2838.785503052556,
        147.54153169989314,
        593.3624161163616
    ]
}