{
    "Calculated Minimum Energy [norm, row]": [
        0.0004870902458382085,
        -4.011608004728998
    ],
    "Corresponding loss function": 0.027576067109051618,
    "Solution for Minimum Energy": [
        -1.0,
        1.0,
        -1.0,
        1.0,
        1.0,
        1.0,
        1.0,
        1.0,
        1.0,
        1.0,
        1.0,
        1.0,
        1.0,
        -1.0,
        1.0,
        1.0,
        1.0,
        -1.0,
        1.0,
        -1.0,
        1.0,
        1.0,
        1.0,
        1.0,
        1.0,
        1.0,
        1.0,
        1.0,
        1.0,
        1.0,
        1.0,
        1.0,
        1.0,
        1.0,
        1.0,
        1.0,
        1.0,
        1.0,
        1.0,
        1.0,
        1.0,
        1.0,
        1.0,
        1.0,
        -1.0,
        1.0,
        -1.0,
        1.0,
        -1.0,
        -1.0,
        -1.0,
        1.0,
        -1.0,
        1.0,
        1.0,
        1.0,
        -1.0,
        1.0,
        1.0,
        1.0
    ],
    "Corresponding exp value": [
        -0.01568878347138013,
        0.17959873677881427,
        -0.09193658492914927,
        0.18445470645655304,
        0.19411910893338968,
        0.023246984938181926,
        0.10333998301589753,
        0.04036748938951953,
        0.10720425659961505,
        0.308456808083232,
        0.34766109938904294,
        0.07783667284216013,
        0.05955797434863619,
        -0.023230935745372647,
        0.20798640473332508,
        0.19857428329641513,
        0.15569681051174983,
        -0.11606490658948194,
        0.03564509314123299,
        -0.15156821362446263,
        0.43367399047893035,
        0.3232861963146847,
        0.4429441808400269,
        0.31777011862792637,
        0.20678251899926875,
        0.1444723611063203,
        0.20811168553693904,
        0.35443638365025626,
        0.34749393400803136,
        0.3772442410790813,
        0.33739102506017554,
        0.15572774605991282,
        0.12276837868487708,
        0.3841529989091028,
        0.2788985286946573,
        0.3266916015444628,
        0.12198178046721163,
        0.34026268965965073,
        0.38368417525731874,
        0.3552125865496846,
        0.0036168613853818955,
        0.06627393410994817,
        0.0866071183247982,
        0.05524138646149106,
        -0.025298810593701534,
        0.08848088796100648,
        -0.20213081237916786,
        0.15659439750220466,
        -0.047347710326601,
        -0.04984102097228227,
        -0.027799898530465987,
        0.0646211061461295,
        -0.02302372154776729,
        0.07965991939047011,
        0.061989020244711396,
        0.26774517189136404,
        -0.10544747928034659,
        0.06590152803433988,
        0.10983162089439351,
        0.36430604167898434
    ],
    "Number for Minimum Energy": 78619479433158661,
    "Elapsed Time [seconds]": 1.156501293182373,
    "Elapsed Time [hours, minutes, seconds]": [
        0,
        0,
        1.16
    ],
    "Current function value": -4.039273377804184,
    "Iterations": 432,
    "Function Evaluations, Estimation": [
        435,
        59160
    ],
    "Gradient Evaluations": 435,
    "Number of Parameters": 135,
    "Minimum Parameters": [
        2.867522645365821,
        4.792412771969409,
        5.25627480697351,
        4.500904706291268,
        5.7575558694296385,
        4.7774415045186505,
        5.206319970695508,
        0.8324852039833225,
        4.4707601031651585,
        2.7267795102565224,
        3.7968537690261615,
        4.023053929676682,
        6.142640488861871,
        6.3325143267040955,
        1.6874260870379825,
        4.734984907156983,
        4.791732601932922,
        2.0115174165795473,
        0.7490476677386123,
        0.3516042970787554,
        4.9340158199598685,
        3.044133288405234,
        6.095443425081452,
        2.973255217561258,
        5.957802843566432,
        2.5301055717430643,
        4.854086356998431,
        0.7402163706997571,
        3.356369449535611,
        5.074213382835715,
        6.008230054532599,
        4.767731997528918,
        0.16855542052763223,
        2.071170337266658,
        0.1901763552851012,
        0.6223626418591487,
        4.238889150905099,
        4.79902584449057,
        5.039250788657933,
        5.118154569284762,
        4.82175060907443,
        5.184873457625683,
        0.41027470993151055,
        1.4665679460381942,
        4.020735959629322,
        5.419831072242223,
        0.05353451758426937,
        3.191686628597883,
        4.10404038508568,
        0.14404882625423937,
        2.5388519633778825,
        5.889907221895501,
        4.042457513725639,
        1.4422153340253088,
        5.235878280464471,
        1.7716247128531804,
        5.316261839471288,
        1.8096007201089486,
        3.54676495132502,
        2.534444980927491,
        1.7387514424553125,
        5.343775205333824,
        1.1916140621192683,
        0.7608022781304459,
        2.2581281853043227,
        4.4796993758846995,
        4.947227485156566,
        5.941199398443771,
        1.5823488571370357,
        2.7611002035673877,
        1.0136206378544954,
        3.5725742736439936,
        6.376489421777297,
        4.498494199680041,
        4.16194136540236,
        2.293360053250598,
        5.6946385948260865,
        3.3284183998598,
        0.8473739808195428,
        2.3996420458972216,
        0.5089032483750624,
        1.4752182888470418,
        -0.03937736192665272,
        2.4420602452854396,
        4.038657046334489,
        2.2790736056847547,
        2.623741649220373,
        5.962589886632763,
        4.628662047891316,
        3.4513025243124025,
        1.5639448356761316,
        5.605893942010174,
        1.5173328836124127,
        2.1116994798184825,
        5.514007907305022,
        3.4673916787773806,
        4.533898455388644,
        3.6296556541630456,
        4.098255625820525,
        1.7802592909982213,
        1.628034405724026,
        1.880200029620428,
        0.9410916099654943,
        5.352972261145405,
        1.4943119514374201,
        3.516262883375223,
        5.092461485661592,
        4.618093693034997,
        2.93836560748543,
        3.1772729156941946,
        5.77414261962459,
        4.295298686028402,
        4.90839501707187,
        5.66656820874561,
        4.653797731231417,
        1.4940207077676562,
        3.606082232176716,
        0.9131370960623612,
        4.132335426333505,
        5.742043841666589,
        3.228755044085687,
        2.716384654443369,
        0.2703471627961778,
        6.048330003954563,
        0.8016373907964174,
        0.3499080231167467,
        1.2690751477184903,
        0.0983773078352313,
        2.910080486037501,
        3.204599501058912,
        1.9405131664238027,
        0.21318948704811375,
        0.8430284487728765,
        2.5193146070514976,
        0.24516969387244894
    ],
    "Cmin, Cmax, frob_norm, shift": [
        0.1009309530119395,
        2838.785503052556,
        147.54153169989314,
        593.3624161163616
    ]
}