{
    "Calculated Minimum Energy [norm, row]": [
        0.00019368747964474745,
        -4.017253045120058
    ],
    "Corresponding loss function": 0.00743732763215419,
    "Solution for Minimum Energy": [
        1.0,
        -1.0,
        -1.0,
        1.0,
        1.0,
        1.0,
        1.0,
        1.0,
        1.0,
        1.0,
        1.0,
        1.0,
        1.0,
        1.0,
        1.0,
        -1.0,
        1.0,
        -1.0,
        1.0,
        -1.0,
        1.0,
        1.0,
        1.0,
        1.0,
        1.0,
        1.0,
        -1.0,
        1.0,
        1.0,
        1.0,
        1.0,
        1.0,
        1.0,
        1.0,
        1.0,
        1.0,
        1.0,
        1.0,
        1.0,
        1.0,
        1.0,
        1.0,
        -1.0,
        1.0,
        -1.0,
        -1.0,
        1.0,
        1.0,
        -1.0,
        1.0,
        -1.0,
        -1.0,
        1.0,
        1.0,
        1.0,
        1.0,
        1.0,
        -1.0,
        1.0,
        -1.0
    ],
    "Corresponding exp value": [
        0.27692902275422615,
        -0.006460448725571284,
        -0.007020459229716992,
        0.2588521625427045,
        0.13841600504230203,
        0.20846667067317573,
        0.0810303382838778,
        0.10961288135208866,
        0.46815740375498305,
        0.035504842524839,
        0.22210955785879774,
        0.04058920901230759,
        0.018713490523681982,
        0.16463523522425302,
        0.2546126042918877,
        -0.002257222316830355,
        0.024361191296061627,
        -0.0011135931853708345,
        0.006858251198030905,
        -0.030380704347926054,
        0.18844483221348735,
        0.012453416571753,
        0.11360608609513391,
        0.007024345224242041,
        0.08183227706997596,
        0.0019488052998088302,
        -0.16585854447958165,
        0.1520258406709349,
        0.2714311421587028,
        0.2825335933781419,
        0.14316055423673474,
        0.17782925664786076,
        0.10014832161035878,
        0.20889986982249742,
        0.24908815192785408,
        0.09813074866590471,
        0.1745695637815213,
        0.009065175321087804,
        0.20749781787501045,
        0.16697382614761813,
        0.07506655595463024,
        0.20118329536296783,
        -0.17612835692260392,
        0.2134746002934021,
        -0.00030019645263624876,
        -0.35356830866252953,
        0.0073847691116495015,
        0.21298156463158088,
        -0.020913570201430573,
        0.015433084555382046,
        -0.006636651576181808,
        -0.12591384426427638,
        0.043756866376980584,
        0.004901078223171779,
        0.01654837538738282,
        0.13070451268310435,
        0.17900072547003623,
        -0.026838786861749675,
        0.19931776206937077,
        -0.18922196520595694
    ],
    "Number for Minimum Energy": 724292289748959238,
    "Elapsed Time [seconds]": 2.8961105346679688,
    "Elapsed Time [hours, minutes, seconds]": [
        0,
        0,
        2.9
    ],
    "Current function value": -3.9274751033147504,
    "Iterations": 1055,
    "Function Evaluations, Estimation": [
        1088,
        147968
    ],
    "Gradient Evaluations": 1088,
    "Number of Parameters": 135,
    "Minimum Parameters": [
        1.2492817930558144,
        3.746975612773727,
        5.587957378514005,
        0.9448797328610407,
        1.9604636265068136,
        4.61112673921433,
        6.067275656584152,
        3.1404776689171303,
        0.9119119626097133,
        0.0034636027284433695,
        1.1365412363400595,
        0.8792277400121746,
        4.101361211856316,
        0.8399558146190964,
        3.167736349664535,
        4.275100440110068,
        3.9412100983999996,
        1.046419027490966,
        4.770194068469165,
        4.2454271794680984,
        5.244918208411693,
        0.5529610222761346,
        0.4692002928992101,
        5.609994392957472,
        2.413898269097306,
        1.985979907031369,
        3.0919669027745225,
        4.337168582172889,
        5.859385706817077,
        1.738551891933465,
        5.765795973798762,
        -0.2648320805917892,
        3.2288043724275224,
        3.863773585836275,
        0.5656053366627799,
        0.6178188820515893,
        2.5443802232568844,
        5.892136614047078,
        3.822992685167425,
        5.851592772851659,
        4.860319537575607,
        2.889227222310801,
        5.160704933215668,
        0.2213593599165102,
        0.7698590334934277,
        5.2569466329977,
        4.869793104424803,
        1.629785905088304,
        3.4817088586686435,
        3.673901436753385,
        5.125501194034781,
        3.8023271316926524,
        2.433072964872303,
        2.3904961716073134,
        2.6485648503383565,
        4.225287059363916,
        5.86895787166108,
        2.9822381703482037,
        1.0785525711473443,
        1.4891010621787228,
        4.79356555856945,
        5.342269925638398,
        0.5309473435875608,
        0.38088154668368196,
        3.8167476911419236,
        0.8155959256732908,
        4.9975178030412035,
        2.086481364162061,
        0.8619686898190153,
        5.683798565866244,
        0.9118431423777579,
        1.4588428105477949,
        1.1969210413162246,
        0.8066176829120512,
        -0.06356065469898187,
        0.5496263812838139,
        0.9082627682427157,
        0.09727543465911445,
        3.8989125287253326,
        4.523364585449597,
        2.528905107011859,
        2.1385451630315537,
        3.2190782577010535,
        5.552599742462665,
        5.7366926961811044,
        -0.19581196111938004,
        1.1533009262251663,
        1.1729230112050624,
        1.6795014191645847,
        3.4242269735495334,
        2.629545163279039,
        0.25760161795627984,
        2.2030608696153946,
        3.3202331398205316,
        0.7846229139146601,
        5.347934768712178,
        0.38605082083983205,
        5.670691867082647,
        0.16265697189002626,
        5.478075887907669,
        5.570168977273109,
        5.7331931403202425,
        5.169663850361379,
        5.044279418081292,
        3.9215586613119733,
        4.908149342317365,
        0.8298689402447254,
        3.1672901705610643,
        3.647220714154063,
        5.435460118554657,
        2.724457418793293,
        2.0009344557597357,
        3.874479758188444,
        1.4208902510646422,
        0.9710325873617517,
        3.2220445860815463,
        2.4384499348606896,
        1.538340743836415,
        2.6385716285066367,
        2.316769544366043,
        1.9831980996243626,
        2.2769976266232868,
        4.351691848536057,
        1.9224010105644618,
        5.836320512075305,
        5.419677765845298,
        2.825429527752271,
        2.221211039273655,
        3.2870018471690505,
        5.533135149381616,
        4.095587047047638,
        5.074830431428887,
        3.3414454250486285,
        4.05292427204086,
        1.7454540969997938
    ],
    "Cmin, Cmax, frob_norm, shift": [
        0.1009309530119395,
        2838.785503052556,
        147.54153169989314,
        593.3624161163616
    ]
}