{
    "Calculated Minimum Energy [norm, row]": [
        0.00039708612145089643,
        -4.013339675238176
    ],
    "Corresponding loss function": 0.0004078096506607126,
    "Solution for Minimum Energy": [
        1.0,
        1.0,
        -1.0,
        1.0,
        1.0,
        1.0,
        1.0,
        1.0,
        1.0,
        -1.0,
        1.0,
        1.0,
        1.0,
        -1.0,
        1.0,
        1.0,
        -1.0,
        1.0,
        1.0,
        1.0,
        1.0,
        1.0,
        1.0,
        1.0,
        1.0,
        1.0,
        1.0,
        1.0,
        1.0,
        1.0,
        1.0,
        1.0,
        1.0,
        1.0,
        1.0,
        1.0,
        1.0,
        1.0,
        1.0,
        1.0,
        1.0,
        1.0,
        -1.0,
        1.0,
        1.0,
        1.0,
        1.0,
        1.0,
        1.0,
        1.0,
        1.0,
        1.0,
        1.0,
        1.0,
        -1.0,
        1.0,
        -1.0,
        1.0,
        -1.0,
        1.0
    ],
    "Corresponding exp value": [
        0.3444048277850642,
        0.09339746844405887,
        -0.2616415064794311,
        0.18842192817617476,
        0.21889476250028367,
        0.08556075777214288,
        0.16864289074080455,
        0.24935094084989298,
        0.08779164690662035,
        -0.24221722314524732,
        0.26689390709203675,
        0.18405440807241671,
        0.1637689177407187,
        -0.20702270740250278,
        0.4195097686148973,
        0.20107266013425118,
        -0.13128718754348082,
        0.12592521829321185,
        0.1227689248054019,
        0.1361333423712294,
        0.24029469260005115,
        0.400273317458822,
        0.18915568749881959,
        0.20811299422645269,
        0.35068582291746253,
        0.17042153143037836,
        0.1805078180675823,
        0.20617227460314388,
        0.2371310900643912,
        0.28854036735428645,
        0.18542545384272205,
        0.21561874391008928,
        0.27940270759876595,
        0.24429284844068427,
        0.11708666068609555,
        0.25608912316611854,
        0.23894060383742183,
        0.1477995237624143,
        0.254744348405939,
        0.30416359075206334,
        0.26799259729921066,
        0.20524063714312474,
        -0.014532156700477064,
        0.17941503240253662,
        0.10722433709029915,
        0.14951973378923694,
        0.18025147133866723,
        0.24512301928929503,
        0.07368143029392143,
        0.16883637996353004,
        0.1711892396841291,
        0.09213722460147519,
        0.17004810288812824,
        0.14010785931838265,
        -0.16814395216619732,
        0.2942871665358355,
        -0.22099454003645516,
        0.21777556956133606,
        -0.20917402130025214,
        0.08510485675379764
    ],
    "Number for Minimum Energy": 378306766745707012,
    "Elapsed Time [seconds]": 0.4332265853881836,
    "Elapsed Time [hours, minutes, seconds]": [
        0,
        0,
        0.43
    ],
    "Current function value": -4.01332947093557,
    "Iterations": 200,
    "Function Evaluations, Estimation": [
        215,
        29240
    ],
    "Gradient Evaluations": 215,
    "Number of Parameters": 135,
    "Minimum Parameters": [
        3.0175732148710184,
        4.877640525613579,
        5.340409946806567,
        4.336855261201831,
        5.819225416037994,
        4.685656536965957,
        5.243298076419174,
        0.8014352223414577,
        4.5500805251571,
        2.6883375923156443,
        3.6119116067935373,
        3.8951404131835976,
        6.407016992216605,
        6.468329626856258,
        1.6964713209996631,
        4.7958542770468195,
        4.8853897079394875,
        1.9561494202488696,
        0.7447032572145335,
        -0.012204833149679283,
        4.98704991072625,
        2.768324164112512,
        6.04102714547132,
        2.8504517882090226,
        5.858589678815557,
        2.5820814245406143,
        5.085812079654136,
        0.8083709505296169,
        3.3540416370573762,
        5.082067234812839,
        5.921675032340207,
        4.717403876623558,
        0.2492514878158731,
        2.2056396283479613,
        0.06372740801465807,
        0.6410956556034395,
        4.273588723668383,
        4.893832037983409,
        4.8915380435872775,
        5.321346156581265,
        4.627932674532037,
        5.28007418139631,
        0.5187958925485814,
        1.623179861814927,
        3.868983020650267,
        5.311670965779632,
        0.0281485461441663,
        3.0554433522999362,
        4.1940545419893995,
        0.024273945957118383,
        2.3811555553091788,
        5.856222817880188,
        3.9717310953415534,
        1.2721536512917042,
        5.406161469845443,
        2.0818557276057668,
        5.4289740903873955,
        1.702296147696902,
        3.585889720256034,
        2.320242095618623,
        1.731102212104207,
        5.283816789811955,
        1.2649579122737011,
        0.9049475335640864,
        2.3146181118197195,
        4.391572662926167,
        4.94757974180524,
        6.007202381639897,
        1.731623005161927,
        3.1449960992378254,
        1.0476412768424697,
        3.407061476847291,
        6.150077238368658,
        4.430175006524581,
        4.289938346929205,
        2.5753778855602545,
        5.92081925989969,
        2.966198842448519,
        0.9531552062338733,
        2.3329537343669156,
        0.42014102160363653,
        1.1285444203398893,
        -0.25378467798775545,
        2.5880495359740543,
        4.158840961549973,
        2.351194783609909,
        2.7641341219899545,
        5.832637625649621,
        4.635511913980022,
        3.031254994189709,
        1.4194441113482925,
        5.380358297854923,
        1.346318986289549,
        2.075917887822974,
        5.761483682912212,
        3.4832875953092453,
        4.54582235171414,
        3.4587605402756787,
        4.301588825073405,
        2.004433788380883,
        1.6574139903941556,
        1.9061443648380225,
        0.9054237578184104,
        5.675816965507934,
        1.6147056758500036,
        3.4738363784596316,
        4.828989964193093,
        4.765247579121647,
        2.126290130477426,
        3.4110907319957593,
        5.9585305458101825,
        4.382861481391941,
        4.741343494096835,
        5.771632948526183,
        4.728086117048851,
        1.7884466159359194,
        3.8094185323567897,
        1.0587551169099416,
        4.249976109908589,
        6.064649585465365,
        3.485231801673632,
        2.78236079494996,
        0.11234314258668943,
        5.975710037670727,
        0.6137589729538514,
        0.5571480853705394,
        1.2375049066081034,
        0.3290624580755509,
        2.797844487483382,
        3.670005000848657,
        1.7492076533520402,
        0.47817607759900854,
        0.9607951989031658,
        2.1682540077186605,
        0.3008716677027997
    ],
    "Cmin, Cmax, frob_norm, shift": [
        0.1009309530119395,
        2838.785503052556,
        147.54153169989314,
        593.3624161163616
    ]
}