{
    "Calculated Minimum Energy [norm, row]": [
        0.000238312291668829,
        -4.016394468121662
    ],
    "Corresponding loss function": 0.004432342223320532,
    "Solution for Minimum Energy": [
        1.0,
        -1.0,
        1.0,
        -1.0,
        1.0,
        1.0,
        1.0,
        -1.0,
        1.0,
        1.0,
        1.0,
        1.0,
        -1.0,
        -1.0,
        1.0,
        1.0,
        1.0,
        1.0,
        -1.0,
        1.0,
        1.0,
        1.0,
        1.0,
        1.0,
        1.0,
        1.0,
        1.0,
        1.0,
        1.0,
        1.0,
        1.0,
        1.0,
        1.0,
        1.0,
        1.0,
        1.0,
        1.0,
        1.0,
        1.0,
        1.0,
        1.0,
        1.0,
        1.0,
        1.0,
        1.0,
        -1.0,
        1.0,
        1.0,
        1.0,
        1.0,
        -1.0,
        1.0,
        1.0,
        1.0,
        1.0,
        1.0,
        1.0,
        1.0,
        -1.0,
        -1.0
    ],
    "Corresponding exp value": [
        0.07374614942776289,
        -0.17560441699121132,
        0.10548144436083975,
        -0.09625155245260492,
        0.19076989766706998,
        0.18332216871551438,
        0.06777098592598671,
        -0.27764585733162717,
        0.00404989782840136,
        0.1111211553072185,
        0.24723805677117608,
        0.12619518438446686,
        -0.001976743039842941,
        -0.12621825782629426,
        0.04925811223761281,
        0.0774757579145845,
        0.005282210140215477,
        0.005219101025371976,
        -0.0006080977697421851,
        0.0020835232073697953,
        0.07790586472765577,
        0.07279593158581331,
        0.15771313456104302,
        0.06445879073680881,
        0.06819081528021595,
        0.09724869617990166,
        0.0073756335251930205,
        0.06491418350459544,
        0.15229341206956373,
        0.17516422479690888,
        0.0707116268854648,
        0.08874639934154668,
        0.0113999976989098,
        0.07816036258801896,
        0.0827453133975074,
        0.09215321041999187,
        0.0025248430641644625,
        0.009738611415464164,
        0.0946511335905061,
        0.08194885324165307,
        0.1210690447988476,
        0.22271284426278748,
        0.009147628124318704,
        0.15356553115830313,
        0.14773412995955326,
        -0.2310758079486842,
        0.004742730188235993,
        0.07352699466615462,
        0.0032172176291311028,
        0.07885228918011519,
        -0.0008887675114967117,
        0.10362138678051254,
        0.1907476052724327,
        0.0043017601725878485,
        0.22488930081464328,
        0.08083287544618413,
        0.12167722862665198,
        0.07456552064023703,
        -0.15042471535553706,
        -0.19910252691131797
    ],
    "Number for Minimum Energy": 865852212734341258,
    "Elapsed Time [seconds]": 1.6222026348114014,
    "Elapsed Time [hours, minutes, seconds]": [
        0,
        0,
        1.62
    ],
    "Current function value": -3.954422071753882,
    "Iterations": 536,
    "Function Evaluations, Estimation": [
        725,
        98600
    ],
    "Gradient Evaluations": 725,
    "Number of Parameters": 135,
    "Minimum Parameters": [
        4.1510561699652815,
        4.381461356589603,
        5.626105401935879,
        0.9985477978429284,
        3.6832897359970476,
        2.515343625280818,
        3.4474498856141462,
        0.7991676141166341,
        0.15305638952029516,
        1.90466858059954,
        0.95290095465042,
        2.8294296414080646,
        4.198895153563567,
        3.9933514992468884,
        2.3957185167875585,
        2.9592655058050172,
        1.4706694695656757,
        3.5562006259573917,
        2.0319951032260035,
        0.340001677425513,
        2.7550664350932386,
        2.963351035321781,
        1.2044842475547584,
        3.553763369378326,
        3.480863373503745,
        4.317204355326303,
        3.7368312087399334,
        4.855887116157174,
        1.9223648477825186,
        5.0140013721043974,
        3.9040308261656826,
        2.6846722352393413,
        3.941505284975272,
        1.9471147143417262,
        3.5975348387121686,
        4.9314631921757,
        5.85228919233244,
        6.1225610313088605,
        3.3250512640216643,
        4.466356478903322,
        5.2575300519616395,
        1.3895599007371637,
        6.043512584528482,
        2.847445434972266,
        0.9301529673961489,
        0.6927895858712284,
        5.2600270150102295,
        -0.16335637666544023,
        2.264134977939832,
        2.4148108224850695,
        1.1081733273806613,
        1.7311575284077454,
        4.860518738267036,
        -0.2915193959798113,
        5.24002613132737,
        5.26822899195654,
        1.9881711998379643,
        0.6576594320919997,
        4.818430889546959,
        0.7366532204330003,
        2.735875813393685,
        5.693802153283907,
        6.024416109409945,
        5.0047358107979205,
        2.111463824802399,
        4.455805286046027,
        4.446055028024026,
        2.599528285154204,
        4.717958495289852,
        0.42331746801762915,
        1.1796499756181074,
        3.3944000371833782,
        0.6086464566376393,
        1.3287195192552608,
        6.317675568979,
        6.248596824589935,
        3.3555648464922565,
        4.999043424800339,
        6.046907512643079,
        0.9954094544443162,
        2.9199940913317457,
        2.296465292944523,
        0.10653918855139784,
        5.386786500258959,
        2.5367748030163613,
        3.5767032250748954,
        1.055755456824177,
        1.4230861267282846,
        5.7539932537931655,
        1.5710943448488206,
        1.8245025313066034,
        1.0811921430117624,
        2.5576540427446144,
        3.559650161107354,
        2.7100720141748598,
        -0.6156613898280544,
        1.5217924792436721,
        4.990304096626354,
        3.885155273630757,
        4.017716346222165,
        4.298307394801191,
        4.54291160648609,
        0.5774830536001225,
        2.3185568466947943,
        2.6805252792871155,
        2.283597463847112,
        5.563291143209809,
        3.164830997639212,
        4.24150089994832,
        4.95711112604006,
        2.8915817917004003,
        5.809478571993496,
        4.187663338868801,
        5.009968522412891,
        1.746567441693016,
        4.12591284602384,
        3.337990603355109,
        0.10136228750812289,
        2.2107914835995524,
        6.08623887168957,
        3.639097307641218,
        1.4035569248935376,
        2.1653802153824593,
        0.4971396757848145,
        0.3851158881627171,
        6.169150378149537,
        2.9768554769224838,
        2.188234252720708,
        3.5799094234627327,
        -0.8876033798661659,
        1.7210642137556476,
        4.358405469382314,
        3.771948940710068,
        5.917711419460568,
        4.564045150142994
    ],
    "Cmin, Cmax, frob_norm, shift": [
        0.1009309530119395,
        2838.785503052556,
        147.54153169989314,
        593.3624161163616
    ]
}