{
    "Calculated Minimum Energy [norm, row]": [
        9.598401729373079e-05,
        -4.019132850135101
    ],
    "Corresponding loss function": 0.00011250147636260224,
    "Solution for Minimum Energy": [
        1.0,
        -1.0,
        1.0,
        1.0,
        1.0,
        1.0,
        1.0,
        1.0,
        1.0,
        1.0,
        1.0,
        1.0,
        1.0,
        1.0,
        1.0,
        1.0,
        1.0,
        1.0,
        -1.0,
        1.0,
        1.0,
        -1.0,
        1.0,
        1.0,
        1.0,
        1.0,
        1.0,
        1.0,
        -1.0,
        1.0,
        1.0,
        1.0,
        1.0,
        -1.0,
        1.0,
        1.0,
        1.0,
        1.0,
        1.0,
        1.0,
        1.0,
        1.0,
        1.0,
        1.0,
        1.0,
        1.0,
        1.0,
        1.0,
        1.0,
        1.0,
        1.0,
        1.0,
        1.0,
        -1.0,
        -1.0,
        1.0,
        1.0,
        1.0,
        1.0,
        -1.0
    ],
    "Corresponding exp value": [
        0.23518428212824372,
        -0.11108413804910335,
        0.13000928157321465,
        0.18611279401743352,
        0.21851172091418786,
        0.02669065528035173,
        0.06477046089931456,
        0.10734102726252902,
        0.35540591938291793,
        0.1656033754028927,
        0.1526002473454054,
        0.1694134071950953,
        0.15433656326022194,
        0.07068120638726479,
        0.19271982883066335,
        0.07043177149505049,
        0.025887083041764857,
        0.04476251414430825,
        -0.020700626417277837,
        0.1640810136567627,
        0.10142394227071275,
        -0.13644393572640998,
        0.20828099677538867,
        0.03842102483547292,
        0.11322627782938786,
        0.09648399121379604,
        0.13309930546399176,
        0.07168106250506204,
        -0.15332914015213922,
        0.09719658503267563,
        0.049846858784087386,
        0.05246257018539183,
        0.1535582303194742,
        -0.1184087419599392,
        0.2028316642236253,
        0.1400712085129882,
        0.05407747580391262,
        0.12982623144177313,
        0.17378472807987683,
        0.10268648426985506,
        0.07333592247465585,
        0.34831575395688613,
        0.1944096146359419,
        0.2675923839306229,
        0.046680278735194744,
        0.03167447720693033,
        0.04767981500660023,
        0.2449455132591857,
        0.24130845372527257,
        0.1435037596033563,
        0.10530139307306355,
        0.025433570176791657,
        0.04553830528316781,
        -0.015381359790061146,
        -0.29958451027687505,
        0.10535641586316025,
        0.22160128767512574,
        0.1760531082355415,
        0.114443758357384,
        -0.1128689887358078
    ],
    "Number for Minimum Energy": 603482358928375810,
    "Elapsed Time [seconds]": 0.22006654739379883,
    "Elapsed Time [hours, minutes, seconds]": [
        0,
        0,
        0.22
    ],
    "Current function value": -4.019131769159276,
    "Iterations": 86,
    "Function Evaluations, Estimation": [
        117,
        15912
    ],
    "Gradient Evaluations": 117,
    "Number of Parameters": 135,
    "Minimum Parameters": [
        1.1245499918867008,
        3.8352907234059335,
        5.630134654962576,
        1.2742472768514732,
        1.8518406303658903,
        4.521110884792619,
        6.145831456848251,
        3.2140310108956447,
        1.0562499419520095,
        0.01759455923836179,
        1.299639577948514,
        0.9688288603239278,
        4.277110969813171,
        0.4876038076792258,
        3.3471920340561456,
        4.0910619394398235,
        3.709883669619495,
        1.1590414026586384,
        5.110830522478395,
        4.42113511735941,
        4.777909421929191,
        0.45616311794069675,
        0.3222453739125701,
        5.21219541871316,
        2.457125276668633,
        2.013404860084501,
        2.8971253433659165,
        4.013565955762767,
        5.971044340761993,
        1.9128918706949642,
        5.666282802015359,
        0.19867828966196058,
        3.130972288995878,
        3.644848639661807,
        0.693319000623558,
        1.06172105105148,
        2.640371774372654,
        5.873514413544475,
        3.8113323147827667,
        5.7153191900329166,
        5.078165242628185,
        2.9482946038630233,
        5.0434702946025025,
        0.11634761048688015,
        0.205823517176707,
        5.348587197489588,
        4.9187125473248114,
        1.54372121395427,
        3.6036694626277863,
        3.827937527802089,
        4.983560984501584,
        4.019762759025355,
        2.407071396110626,
        2.3738913293093407,
        2.817479909325475,
        3.968686252337307,
        5.721405193040551,
        2.610250279611604,
        1.2816516491267937,
        1.6742378704801975,
        5.027592904634699,
        5.299999664010164,
        0.6394121046333069,
        0.49331669825794655,
        3.7644790927140557,
        0.9058453683029926,
        5.085629227994917,
        2.1366143542806073,
        0.9223488998468058,
        5.657565441657375,
        1.0591510623721494,
        1.6865420752470954,
        0.8824640159779522,
        0.4943863257905361,
        -0.04277550906325469,
        0.23890576023326893,
        0.8728213694840653,
        0.021523282466740002,
        4.185302662479514,
        4.554192768758587,
        2.2742434959682556,
        2.336616103226012,
        3.214595888333938,
        5.663852974933937,
        5.422462876196361,
        -0.267007630745592,
        1.3502703601473365,
        1.3176279928640076,
        1.517613148925918,
        3.54797181348507,
        2.4553427790296816,
        0.23207060232520035,
        2.3010548484550126,
        3.1392866310386434,
        0.6082213261795858,
        5.472740652964577,
        0.13713641250243466,
        5.962420385829838,
        0.5566906938725608,
        5.328926787898578,
        5.461836243442714,
        5.857155174770656,
        5.10472631116124,
        5.326578638475488,
        3.736898170853561,
        4.653388968059119,
        0.5572764983146301,
        3.351498169564874,
        3.7084831269899907,
        5.345728459496889,
        3.081456025354879,
        2.332518639763001,
        4.069453301106898,
        1.2853219994076786,
        1.129031286644321,
        2.7003174880235083,
        2.5308137442546643,
        1.441814403875885,
        2.3446973719352626,
        2.4729420452486837,
        1.939232356019135,
        2.1070101354380997,
        4.272984140555533,
        1.7692441836146962,
        6.040011426221336,
        5.668296495143803,
        2.8858462435278587,
        1.9711065830551755,
        3.227347129236964,
        4.949353089486408,
        3.9885258577185843,
        4.879287183565333,
        3.3771946546090517,
        4.014340809210282,
        1.8278114713032168
    ],
    "Cmin, Cmax, frob_norm, shift": [
        0.1009309530119395,
        2838.785503052556,
        147.54153169989314,
        593.3624161163616
    ]
}