{
    "Calculated Minimum Energy [norm, row]": [
        0.0006304457759979897,
        -4.0088498584152035
    ],
    "Corresponding loss function": -0.004395377307783373,
    "Solution for Minimum Energy": [
        1.0,
        1.0,
        1.0,
        1.0,
        1.0,
        1.0,
        1.0,
        1.0,
        1.0,
        1.0,
        1.0,
        1.0,
        -1.0,
        1.0,
        1.0,
        1.0,
        1.0,
        -1.0,
        1.0,
        1.0,
        1.0,
        1.0,
        1.0,
        1.0,
        1.0,
        1.0,
        1.0,
        1.0,
        1.0,
        1.0,
        1.0,
        1.0,
        1.0,
        1.0,
        1.0,
        1.0,
        1.0,
        1.0,
        1.0,
        1.0,
        1.0,
        -1.0,
        -1.0,
        -1.0,
        1.0,
        1.0,
        1.0,
        1.0,
        1.0,
        1.0,
        1.0,
        1.0,
        1.0,
        1.0,
        -1.0,
        1.0,
        -1.0,
        1.0,
        1.0,
        -1.0
    ],
    "Corresponding exp value": [
        0.16150786909337272,
        0.12124998814614624,
        0.17815908923690554,
        0.17988093487419293,
        0.18679446154187407,
        0.11740062795982112,
        0.10447215398799226,
        0.004987511665934858,
        0.13246559993426266,
        0.1184020231867165,
        0.11700681001477425,
        0.16795239801906764,
        -0.09380872816111954,
        0.14323715629207134,
        0.08625518924366071,
        0.16738129128931645,
        0.15011194853686113,
        -0.1209494756196689,
        0.07985429441694436,
        0.14995090387039584,
        0.1301897328932099,
        0.253864641235755,
        0.10808902258522696,
        0.21774093611058168,
        0.132947292839935,
        0.09899748719943728,
        0.14253399462570934,
        0.2624312587400646,
        0.1156630006468709,
        0.1708120832420191,
        0.28653371162075963,
        0.09132243414566737,
        0.179912962766572,
        0.1608871074372697,
        0.16080616005177484,
        0.14373798498192242,
        0.24861039553515094,
        0.155983555269555,
        0.18857744576291316,
        0.1663754527121435,
        0.1307096672102026,
        -0.22324927032246472,
        -0.14450704655816277,
        -0.1600829310897836,
        0.21389166508588567,
        0.19731806187713427,
        0.13323293953147747,
        0.1202289361777604,
        0.1224464846412735,
        0.13105359158536733,
        0.08469426070998001,
        0.10251107137153447,
        0.1430617779613274,
        0.0880656810818147,
        -0.13978438200209983,
        0.1627299470272413,
        -0.06661575276889799,
        0.11341685453731283,
        0.09505685732681632,
        -0.13071940262690654
    ],
    "Number for Minimum Energy": 666548138013757440,
    "Elapsed Time [seconds]": 0.31222105026245117,
    "Elapsed Time [hours, minutes, seconds]": [
        0,
        0,
        0.31
    ],
    "Current function value": -4.108842563080256,
    "Iterations": 147,
    "Function Evaluations, Estimation": [
        151,
        20687
    ],
    "Gradient Evaluations": 151,
    "Number of Parameters": 136,
    "Minimum Parameters": [
        4.2520665825567825,
        3.139210132093072,
        3.697319762863305,
        4.78730940038912,
        3.987964524005486,
        3.3455333567680823,
        3.877953675864507,
        2.0186676017815053,
        -0.25827774513106716,
        2.807597119128258,
        1.465000474570522,
        2.6630726630194417,
        5.250600976699991,
        1.480126552727611,
        0.14873478142229477,
        1.9559344986377711,
        1.722392095637398,
        4.11216033963075,
        3.4240517902313328,
        4.84882758006652,
        4.351204780112735,
        2.597602520809061,
        4.951195803989486,
        1.1300754240878543,
        0.1934901862956088,
        0.5795005205764112,
        4.603114240532149,
        3.2003529677394744,
        0.7811478350118133,
        2.9623448356266606,
        0.9947893092423222,
        4.544036159207521,
        2.7152593456413587,
        2.240178122426452,
        1.985613878325846,
        4.139228017598246,
        1.8840839293053215,
        1.032682509652229,
        0.6661456381179343,
        5.878396530795108,
        5.467241373227116,
        4.492500842184218,
        1.974660046723127,
        5.955126726876965,
        4.835231952806321,
        4.674526760637683,
        2.6871305210032133,
        1.6526240249607622,
        0.5557799899328991,
        5.650676590748854,
        2.6295257509671934,
        1.025409306131733,
        1.7236299746406814,
        3.468912946730594,
        1.10822391610707,
        5.370075125306195,
        4.64703417673253,
        4.523269105480841,
        2.9029947229837534,
        3.8692746639793985,
        3.707420831017333,
        4.158039832243549,
        0.4862561214798573,
        2.3172643266601467,
        0.23460030402561555,
        3.0020877367036802,
        2.346286160440189,
        1.0301246888695783,
        0.5818248848300902,
        3.7550456211584895,
        0.9417822658400399,
        5.6496354858652404,
        3.7816933199441523,
        2.2615969088084777,
        3.6088829597987475,
        -0.05922342906179982,
        6.070849523585679,
        3.184386451358951,
        5.130853461855989,
        0.941287007387372,
        2.9364335555659995,
        3.110828096908229,
        5.782986430011935,
        3.551639602340818,
        2.9272901303970027,
        1.8801166956016466,
        1.967181466936589,
        2.983862860214257,
        2.710917007624616,
        0.6894357362529294,
        5.060858341254776,
        5.374565432561002,
        0.9466482960795599,
        3.4696502771077236,
        0.8320691319289059,
        4.134574031854211,
        1.5571374062945968,
        4.356213735270749,
        4.598242186895881,
        4.908583309323681,
        0.6906366833152788,
        5.358253639141677,
        1.265845339543499,
        0.21744711139596043,
        3.3815030412093985,
        2.125800158278074,
        5.286835114863765,
        5.266710547794654,
        1.7554136465021193,
        6.192254603845617,
        1.760387181855335,
        3.4881168005921506,
        1.2749620382362095,
        5.798362576341434,
        1.0520179117331863,
        0.2213946970956145,
        3.0844444850424866,
        6.465096190872415,
        5.433796246570894,
        4.699652397043197,
        5.817383484011516,
        5.32659763389312,
        3.0785653942754188,
        1.7641863475812372,
        4.812214928038598,
        4.236145817915904,
        2.0596503065480274,
        0.677674301222158,
        4.491144282852406,
        1.8061541184861962,
        5.621862904798894,
        1.7033689675734107,
        0.7212516947467299,
        5.815865464351832,
        0.8766727304767828,
        0.6941726317941034
    ],
    "Cmin, Cmax, frob_norm, shift": [
        0.1009309530119395,
        2838.785503052556,
        147.54153169989314,
        593.3624161163616
    ]
}