{
    "Calculated Minimum Energy [norm, row]": [
        0.012232238771135287,
        -3.7856325012104683
    ],
    "Corresponding loss function": 0.005055440443556738,
    "Solution for Minimum Energy": [
        1.0,
        1.0,
        1.0,
        1.0,
        1.0,
        1.0,
        1.0,
        1.0,
        1.0,
        1.0,
        1.0,
        1.0,
        1.0,
        1.0,
        1.0,
        1.0,
        1.0,
        1.0,
        1.0,
        1.0,
        1.0,
        1.0,
        1.0,
        1.0,
        1.0,
        1.0,
        1.0,
        1.0,
        1.0,
        1.0,
        1.0,
        1.0,
        1.0,
        1.0,
        1.0,
        1.0,
        1.0,
        1.0,
        1.0,
        1.0,
        1.0,
        1.0,
        1.0,
        1.0,
        1.0,
        1.0,
        1.0,
        1.0,
        1.0,
        1.0,
        1.0,
        1.0,
        1.0,
        1.0,
        1.0,
        1.0,
        1.0,
        1.0,
        1.0,
        1.0
    ],
    "Corresponding exp value": [
        -0.11808155374008368,
        0.18507558792999598,
        -0.10049354676235002,
        0.3467563290092684,
        -0.19735578497910877,
        0.15713881693400025,
        -0.011089608656156347,
        -0.3379060123252216,
        0.17098264231676397,
        -0.2666488051799631,
        0.14651285839242165,
        0.07646851598006758,
        0.002616938251156428,
        -0.1457619929917821,
        -0.1558554648473033,
        -0.023527676758566547,
        0.09473356968456491,
        -0.08920191235792402,
        -0.2068236287434873,
        -0.026168509690439143,
        -0.14197660671615495,
        -0.1732588769604999,
        -0.0671058370976831,
        0.027853956110433908,
        -0.024400123774035682,
        0.1531068422076391,
        0.05008403786988945,
        -0.10694117001780423,
        0.15380166234296253,
        0.08281398924526964,
        0.004037095809102732,
        0.18123330320663225,
        -0.09001691134157225,
        -0.0357357003843632,
        -0.013201324652378447,
        -0.10098447538670523,
        0.1254617632499249,
        0.06524378785946375,
        0.09228214498737448,
        0.055712530318504726,
        0.14009632694824778,
        -0.03568889691980098,
        -0.292189434686355,
        0.0674083753006857,
        -0.016498798106606503,
        -0.15560622381791464,
        0.028908508144687352,
        0.22085485850061037,
        -0.1972070202777566,
        -0.1298656434896042,
        0.06203433854969962,
        0.03452347272604453,
        -0.13056430999438745,
        -0.07685032422285148,
        -0.10373477707894628,
        -0.136087924890902,
        0.05415401239850341,
        0.06839798141735817,
        0.006739749244721644,
        -0.030751368680020253
    ],
    "Number for Minimum Energy": 0,
    "Elapsed Time [seconds]": 1.8260178565979004,
    "Elapsed Time [hours, minutes, seconds]": [
        0,
        0,
        1.83
    ],
    "Current function value": -3.9574674835037627,
    "Iterations": 674,
    "Function Evaluations, Estimation": [
        675,
        92475
    ],
    "Gradient Evaluations": 675,
    "Number of Parameters": 136,
    "Minimum Parameters": [
        1.1319177772652391,
        3.7780702973826763,
        5.492867512537095,
        1.228242799705136,
        1.9475490032385996,
        4.8630800801042815,
        6.105372081614645,
        3.1484003703347097,
        0.8924929230684457,
        0.07966363181357546,
        1.4371194547272403,
        0.8365335748783685,
        4.268129596109316,
        0.7439974270104724,
        3.1932030903838458,
        4.366467855796295,
        3.659458664351718,
        1.2410826185933903,
        5.045624312363311,
        4.487674026714163,
        4.6604847523376645,
        0.8018040893122507,
        0.7694468100250097,
        5.800817861074157,
        2.4919722371010344,
        1.9014546598915276,
        3.0684366382055672,
        4.1753832595246205,
        5.988446973924588,
        1.7979755675503026,
        5.810880900469327,
        0.147922944722174,
        3.4660688952443324,
        3.971694703661626,
        0.6657562078805345,
        0.8678938287997283,
        2.625628123938829,
        6.059054199321094,
        3.751497398713493,
        5.84880445004185,
        5.064675310919258,
        2.940667573462225,
        4.940258625879584,
        0.10315582482348454,
        0.6929287835505292,
        5.21413316729457,
        5.0157111560005285,
        1.4753923869843706,
        3.3584717824518573,
        3.80908435609632,
        5.427742605021817,
        3.79227279105369,
        2.5862512156435975,
        2.341554957725509,
        2.6689380877787334,
        4.113291612607687,
        5.45627926615133,
        2.8547452023147346,
        1.5418656633329406,
        1.480845396336772,
        4.691988225797034,
        5.125115489550827,
        0.6471267394852289,
        0.41791260769745825,
        3.7417080589289133,
        0.9184793487785666,
        5.182637978985846,
        1.9468058073601,
        0.8876232715009292,
        5.78545645911229,
        1.027106230328164,
        1.7830794458135848,
        0.9664342968058133,
        0.7401570486286889,
        0.11266352288916157,
        0.3735625005605745,
        1.0900461342768193,
        0.3399527581841628,
        3.712927902209079,
        4.306164133798491,
        2.4841878383887765,
        2.0022516705416757,
        3.1607787171373802,
        5.503325121863904,
        5.362810910456437,
        0.2550570654988349,
        1.133349702397639,
        1.480385695624175,
        1.5613781600380565,
        3.5825649750238076,
        2.6105641546637504,
        0.3045863807095296,
        2.346066383499383,
        3.2910312493440523,
        0.6408746689225552,
        5.251504761892759,
        0.33139115751069337,
        5.8067873442100755,
        0.6200625513584589,
        5.306480398815795,
        5.662293072078431,
        6.133278493994124,
        5.04331500287529,
        4.901658566785971,
        4.044037185075055,
        4.892290981884599,
        0.8469094250503019,
        3.358630341211691,
        3.247187908651619,
        5.397704611940516,
        2.904948372275783,
        2.402127115753873,
        4.009209996327164,
        1.668794645947884,
        0.861468614803344,
        3.005019173162429,
        2.608359727073063,
        1.4639959489093495,
        2.3122414449199153,
        2.299905945346866,
        2.0594019493816726,
        2.38019923270386,
        4.310560234615908,
        1.8713792031382699,
        5.956352402407745,
        5.757903781711956,
        3.026045451459957,
        2.0602599347908517,
        3.34721302475159,
        5.320215641661993,
        4.10556746890952,
        5.0485211632607285,
        3.348719778231604,
        3.9830182899017204,
        1.8025668110063855,
        1.0025279818419628
    ],
    "Cmin, Cmax, frob_norm, shift": [
        0.1009309530119395,
        2838.785503052556,
        147.54153169989314,
        593.3624161163616
    ]
}