{
    "Calculated Minimum Energy [norm, row]": [
        5.271721142735213e-05,
        -4.019965299228463
    ],
    "Corresponding loss function": 5.935627126798726e-05,
    "Solution for Minimum Energy": [
        -1.0,
        -1.0,
        1.0,
        1.0,
        1.0,
        1.0,
        -1.0,
        -1.0,
        1.0,
        1.0,
        1.0,
        1.0,
        1.0,
        1.0,
        1.0,
        1.0,
        1.0,
        1.0,
        1.0,
        1.0,
        1.0,
        1.0,
        1.0,
        1.0,
        1.0,
        -1.0,
        1.0,
        1.0,
        1.0,
        1.0,
        1.0,
        1.0,
        1.0,
        1.0,
        1.0,
        1.0,
        1.0,
        1.0,
        1.0,
        1.0,
        1.0,
        -1.0,
        -1.0,
        1.0,
        1.0,
        1.0,
        1.0,
        1.0,
        1.0,
        1.0,
        1.0,
        1.0,
        -1.0,
        -1.0,
        1.0,
        1.0,
        1.0,
        1.0,
        1.0,
        -1.0
    ],
    "Corresponding exp value": [
        -0.17657650564477204,
        -0.04574594057058572,
        0.0962499335444234,
        0.07977990469093704,
        0.12079134003253947,
        0.23859831191030687,
        -0.11981556574999802,
        -0.10490419445622146,
        0.1694838282832962,
        0.1797167264728153,
        0.25706536483224035,
        0.13566918804254116,
        0.15097077146884105,
        0.06819872636543442,
        0.09629172001710201,
        0.28357737788584314,
        0.017953567863736367,
        0.04860625602484856,
        0.09709322464387518,
        0.3372424819159831,
        0.20234802069160499,
        0.34603697220193624,
        0.1885097099695266,
        0.3063966396865445,
        0.3061153185668767,
        -0.12312716620941944,
        0.10843583383468347,
        0.11388122292607455,
        0.22088931423869193,
        0.06555507959093744,
        0.11777565478829373,
        0.08961478900795067,
        0.1453546793536174,
        0.09984999022104322,
        0.09294756594976654,
        0.08238780502334438,
        0.1359021551471613,
        0.16683524977362738,
        0.31074855583739214,
        0.09094399685547833,
        0.25339628076686777,
        -0.3072751077274392,
        -0.04252447056999175,
        0.17754890828330194,
        0.0853132287977105,
        0.09492892816549221,
        0.02853283919874261,
        0.08921237247598002,
        0.11532992691266264,
        0.18767777386085382,
        0.13910464159748415,
        0.13866366213285347,
        -0.16161280997043662,
        -0.16991227070065468,
        0.15437346296640447,
        0.11762953725658684,
        0.0838268093687771,
        0.06962075468694683,
        0.10926216543492501,
        -0.1049913742805757
    ],
    "Number for Minimum Energy": 589978148288856259,
    "Elapsed Time [seconds]": 0.31777262687683105,
    "Elapsed Time [hours, minutes, seconds]": [
        0,
        0,
        0.32
    ],
    "Current function value": -4.019963404514211,
    "Iterations": 131,
    "Function Evaluations, Estimation": [
        167,
        22712
    ],
    "Gradient Evaluations": 167,
    "Number of Parameters": 135,
    "Minimum Parameters": [
        4.398647305929229,
        3.109594654438028,
        3.5511584459665735,
        4.845062570562193,
        4.289441110100862,
        3.5039159441731282,
        4.022667043161688,
        1.9266777833882387,
        -0.1465029237284282,
        2.847030468792747,
        1.620929914596386,
        2.7675694975469285,
        5.156491936523719,
        1.4358144933861368,
        0.23358717959610603,
        1.9636669076449216,
        1.812210667260785,
        4.012227685603256,
        3.365539258888947,
        4.89813164085333,
        3.998012511203908,
        2.6940372519046285,
        5.021255098611729,
        1.0628940926439825,
        0.015381872811471981,
        0.6666388521337515,
        4.731369179708285,
        3.145539089439103,
        0.7836868218937216,
        2.9821996763296226,
        0.8865701922052576,
        4.839643825374179,
        2.602518353876084,
        2.2538076871959936,
        2.2417758956904317,
        4.11124205237853,
        1.9970882830418437,
        1.0798423607628689,
        0.8646522097624515,
        5.7590090631959345,
        5.177726938689671,
        4.621945225160295,
        1.6369294303641166,
        6.005932643033558,
        4.751090613312818,
        4.770328752502107,
        2.7828806856168233,
        1.7549408446841082,
        0.6526281844674128,
        5.685066943708185,
        2.5873849179144077,
        1.085162415833764,
        2.074182975064344,
        3.6637190681666953,
        1.04260112523079,
        5.442153421459287,
        4.753244173358285,
        4.811817731730505,
        2.6375101095517652,
        3.975610754173412,
        3.4726148131824432,
        3.900221992078015,
        0.707746956461977,
        2.3613733221785336,
        0.3068707452775603,
        3.128092460823695,
        2.316537774361639,
        1.0279754982095954,
        0.7962621754270715,
        3.7330109358876853,
        0.8062026335907632,
        6.010129866921236,
        3.876940656124682,
        2.0974226521038184,
        3.6367615013182752,
        0.06099412035549118,
        5.9938099725307925,
        3.2871725665830076,
        4.861061474021406,
        0.500657941208136,
        3.1553632648606755,
        3.164686139298409,
        5.79481703360728,
        3.925181781255302,
        2.6557683347139758,
        1.5983052973234613,
        1.9791931021522966,
        3.1091097377849497,
        2.969884423802485,
        0.45942737257701344,
        4.938107892335738,
        5.591338512552359,
        0.9825480636813818,
        3.8446888326859643,
        0.7845427177554044,
        4.4159734494066685,
        1.738252680741562,
        4.268008046795857,
        4.876122325539067,
        4.835005291381589,
        1.0014442427797021,
        5.655476854935131,
        1.3540255857097403,
        -0.05017621275042872,
        3.0668662399559654,
        2.2610515295948055,
        5.3370408568509085,
        5.1853128637971535,
        1.6093849838163277,
        6.079290793656396,
        1.4881172972218433,
        3.335414927228534,
        1.359257543027877,
        5.688049994484222,
        1.663895491493748,
        0.11186737007158792,
        3.163701696097518,
        6.737715638767066,
        5.78057023947073,
        4.977964114175709,
        5.784632405093622,
        5.4183142335588075,
        2.833936055274489,
        1.6416188336260336,
        4.820638583255708,
        4.265994033758059,
        1.8340357868399626,
        0.629190154313094,
        4.29732177539815,
        1.6284826393942573,
        5.614172981324101,
        1.6939128650837774,
        0.6025723982655878,
        5.193874293707632,
        0.8936037760512633
    ],
    "Cmin, Cmax, frob_norm, shift": [
        0.1009309530119395,
        2838.785503052556,
        147.54153169989314,
        593.3624161163616
    ]
}