{
    "Calculated Minimum Energy [norm, row]": [
        0.0006263589554995778,
        -4.008928488440011
    ],
    "Corresponding loss function": 0.005492437820543686,
    "Solution for Minimum Energy": [
        1.0,
        1.0,
        -1.0,
        1.0,
        1.0,
        1.0,
        1.0,
        1.0,
        1.0,
        1.0,
        -1.0,
        1.0,
        1.0,
        1.0,
        1.0,
        1.0,
        1.0,
        1.0,
        1.0,
        1.0,
        1.0,
        1.0,
        1.0,
        1.0,
        1.0,
        1.0,
        1.0,
        1.0,
        1.0,
        1.0,
        1.0,
        1.0,
        -1.0,
        1.0,
        1.0,
        1.0,
        1.0,
        1.0,
        1.0,
        1.0,
        1.0,
        1.0,
        1.0,
        1.0,
        1.0,
        1.0,
        1.0,
        1.0,
        1.0,
        1.0,
        1.0,
        1.0,
        1.0,
        1.0,
        1.0,
        1.0,
        1.0,
        1.0,
        1.0,
        1.0
    ],
    "Corresponding exp value": [
        0.07099082290733365,
        0.230640658992198,
        -0.020005303634297995,
        0.28738837564246333,
        0.20903738718011006,
        0.09673971506217129,
        0.16367153045891214,
        0.21174893265586966,
        0.10414533984534162,
        0.05541721726130839,
        -0.13696053256345994,
        0.13140323809995086,
        0.42653484540009257,
        0.198380271321444,
        0.1599044777584824,
        0.13019027023080149,
        0.3995151545598705,
        -0.01316148138762711,
        0.28052044008185223,
        -0.0036589167896882466,
        0.05983420257655499,
        0.057683113935991445,
        0.2151277822702475,
        0.21651687104691775,
        -0.015389680808189837,
        0.195727738920663,
        0.20189524820919413,
        0.2179112086698985,
        0.14923622540808232,
        0.0800141111150368,
        0.1783049775132443,
        0.2226578758942858,
        -0.03354577217922606,
        0.146133559015311,
        0.2698513279547243,
        0.22509320132028568,
        0.14508763699431687,
        0.24170901356989616,
        0.18790700700986507,
        0.13807120247566948,
        0.09102960315631235,
        0.22032668179542836,
        0.10588674656155868,
        0.09984975671271544,
        0.05069980219180236,
        0.26735489728247275,
        0.08052792438171487,
        0.1541991001125245,
        0.10968729215155369,
        -0.0022204846259229506,
        0.15193474685134953,
        0.14063817676976448,
        0.2020749244701758,
        0.16805916336849716,
        0.09732872409657467,
        0.08394903619811857,
        0.10644060507047706,
        0.21637364552614902,
        0.3713047953787238,
        0.03651293649847992
    ],
    "Number for Minimum Energy": 4294968324,
    "Elapsed Time [seconds]": 1.381277322769165,
    "Elapsed Time [hours, minutes, seconds]": [
        0,
        0,
        1.38
    ],
    "Current function value": -3.92979833226014,
    "Iterations": 461,
    "Function Evaluations, Estimation": [
        590,
        80830
    ],
    "Gradient Evaluations": 590,
    "Number of Parameters": 136,
    "Minimum Parameters": [
        4.0585178319347515,
        4.22764345134936,
        5.701033698883064,
        0.9331611725742089,
        3.4556261921780127,
        2.500165892360618,
        3.6588275127672345,
        0.7148462091893336,
        0.6078677502616086,
        1.9549993688488772,
        1.4474599359683356,
        2.7138983110770973,
        4.2305532380994615,
        3.970576817292733,
        2.4336574138963347,
        2.8235461081213553,
        1.291807309015488,
        3.6083252346430648,
        1.8949354871522173,
        0.28401967459275373,
        2.6590988805149043,
        3.06115007056977,
        1.170295933605659,
        3.5476471238458687,
        3.328155086305188,
        4.402674878282585,
        3.7931465565496616,
        4.293782015660045,
        1.8065988324440259,
        5.3106192214391195,
        3.5924138067225106,
        2.4649321036169756,
        3.94734204333227,
        2.024267479159316,
        3.2102613809530602,
        4.276404246042391,
        5.687062703857367,
        5.651790053983286,
        3.0816367621085927,
        3.3732224800361656,
        5.074004648812096,
        1.9505491368319643,
        5.297568152310241,
        3.077978775071538,
        0.6132597050694287,
        0.6179982675330525,
        5.118543161618673,
        0.3914434340312335,
        1.75304337737942,
        2.065112850781127,
        1.0512213857321886,
        1.624355745615321,
        4.045655232228736,
        -0.24354286859452426,
        5.010121076742762,
        5.341338145280665,
        2.3089061308383636,
        0.9613685236562206,
        4.204720917196824,
        1.1007154095349698,
        2.3948675513911972,
        5.841572109158874,
        6.143714883039743,
        4.982835270313159,
        1.8218962349070034,
        4.2698307645143725,
        4.728043325549508,
        2.2435795162803256,
        4.1036984660038796,
        0.38886856176213686,
        1.2960331894105541,
        3.258348000125852,
        0.8697713260472177,
        1.291992234831217,
        5.608936699243891,
        6.039228179426712,
        3.231557702992058,
        5.127930661191252,
        6.510919580328248,
        0.8868813255256882,
        2.863226302113348,
        2.5204517889552953,
        0.4092730149466547,
        4.662468854174296,
        2.5505522031275234,
        2.8808424372951404,
        0.5555905314769343,
        0.9601606883672472,
        5.803725487389115,
        0.758641598741646,
        1.6332365936010003,
        1.7143895395179518,
        3.1662703650649062,
        3.6847409924519083,
        3.0480321312389007,
        0.15126953022423809,
        1.3597318125166926,
        5.196286454251187,
        4.430107489734639,
        4.177606858472645,
        4.522994828738466,
        4.477663444938604,
        0.5546224850373735,
        2.5973237379910064,
        3.1996168131778533,
        2.2187990263985227,
        5.699404681568807,
        3.2321657084627575,
        4.588987487706417,
        5.012382999898243,
        3.5701938917649017,
        5.819559271569484,
        3.4783048432204953,
        5.135947079106651,
        1.635952141455432,
        3.283434838108243,
        3.5158202677546324,
        0.5057189287609222,
        2.5211292541042525,
        5.56956409260353,
        4.237250810720826,
        1.4695449436963952,
        2.624805607460298,
        1.2698050141870163,
        0.5727319113175641,
        5.7034743937297145,
        2.6419430889957263,
        2.087144811009922,
        3.271660779460193,
        -0.2148251884327978,
        1.9241397330605898,
        4.503626205133531,
        3.68600595586867,
        5.78945447633441,
        3.991828548256788,
        0.713341228804252
    ],
    "Cmin, Cmax, frob_norm, shift": [
        0.1009309530119395,
        2838.785503052556,
        147.54153169989314,
        593.3624161163616
    ]
}