{
    "Calculated Minimum Energy [norm, row]": [
        0.00020645160443785794,
        -4.017007464613274
    ],
    "Corresponding loss function": -0.002908584854135182,
    "Solution for Minimum Energy": [
        1.0,
        1.0,
        -1.0,
        1.0,
        1.0,
        1.0,
        1.0,
        1.0,
        -1.0,
        -1.0,
        1.0,
        1.0,
        1.0,
        -1.0,
        1.0,
        1.0,
        1.0,
        1.0,
        1.0,
        -1.0,
        1.0,
        1.0,
        1.0,
        1.0,
        1.0,
        -1.0,
        1.0,
        1.0,
        1.0,
        1.0,
        1.0,
        -1.0,
        1.0,
        1.0,
        1.0,
        1.0,
        -1.0,
        1.0,
        1.0,
        1.0,
        1.0,
        1.0,
        1.0,
        1.0,
        1.0,
        1.0,
        1.0,
        1.0,
        1.0,
        1.0,
        -1.0,
        1.0,
        -1.0,
        1.0,
        1.0,
        1.0,
        1.0,
        1.0,
        -1.0,
        1.0
    ],
    "Corresponding exp value": [
        0.15116769995988472,
        0.042575122552547785,
        -0.1092492675631882,
        0.05599802068007468,
        0.12119548843914302,
        0.025638362676600114,
        0.06313713960245793,
        0.22760046169560988,
        -0.10049426647257742,
        -0.01647044744403897,
        0.31382044558861016,
        0.016507691668928855,
        0.10439340367178981,
        -0.05248098000171041,
        0.11510957959874868,
        0.20986144780995664,
        0.09253766154980983,
        0.01813938287286406,
        0.104688141860668,
        -0.058700937314797696,
        0.22042834452890075,
        0.2511685288638726,
        0.2529746427815997,
        0.20887971849371414,
        0.22402377476866842,
        -0.27599316914780153,
        0.2184187717489429,
        0.1866782522798179,
        0.15954405159668616,
        0.1358220923629696,
        0.16275309371931465,
        -0.10591305860864372,
        0.09702066430025108,
        0.12051631742105057,
        0.2892795832755597,
        0.04874273713977113,
        -0.07572761413826543,
        0.24998584856390224,
        0.3075939451909405,
        0.106463595451294,
        0.10885544584192791,
        0.23321493512807315,
        0.23019567982032055,
        0.14509473470352982,
        0.09674152475578846,
        0.2584787060970507,
        0.08474474791698744,
        0.20050121708604923,
        0.11229399312054535,
        0.35981898906387955,
        -0.056319991149254636,
        0.16065223881176946,
        -0.05779027616665,
        0.1425955131632729,
        0.021442256423556696,
        0.23544280096958758,
        0.1970353389334899,
        0.1101387543555393,
        -0.10417074339528798,
        0.3543191157072035
    ],
    "Number for Minimum Energy": 293859946586972932,
    "Elapsed Time [seconds]": 2.075495958328247,
    "Elapsed Time [hours, minutes, seconds]": [
        0,
        0,
        2.08
    ],
    "Current function value": -4.114741736686376,
    "Iterations": 777,
    "Function Evaluations, Estimation": [
        779,
        105944
    ],
    "Gradient Evaluations": 779,
    "Number of Parameters": 135,
    "Minimum Parameters": [
        3.083345685497598,
        4.799534435654828,
        5.3878023020717265,
        4.534781783035516,
        5.951417390774476,
        4.7535585929101645,
        5.242571488481307,
        0.8853203435701698,
        4.574572238930517,
        2.6112589116975293,
        3.4868359200888177,
        4.028771700082624,
        6.109093099297224,
        6.359396274004208,
        1.6295240502085306,
        4.821121107471313,
        4.773679642032304,
        2.1198502983658205,
        0.830990619161064,
        0.106302780589523,
        4.958734319375809,
        3.076895451471538,
        5.9635293415599016,
        2.9780876558268963,
        5.807799975981104,
        2.465344533599784,
        5.019820533127629,
        0.6898802445646143,
        3.452932465717494,
        5.216495907494874,
        6.046607857281058,
        4.739550836693042,
        0.21414109957124625,
        2.1979779726412874,
        0.10695206524537373,
        0.7258056991118043,
        4.130911229732884,
        4.795696214078755,
        5.01953982835427,
        5.278047869017499,
        4.801334973634588,
        5.310994467940634,
        0.4217928088224822,
        1.4904017000045684,
        3.927245704745422,
        5.271933483852184,
        -0.00527640766518291,
        3.2309598090101277,
        4.0720832324487946,
        0.2311040523046542,
        2.5425943037247785,
        5.864266492245543,
        3.9688783771777225,
        1.3413495030409377,
        5.158383217379109,
        1.8932002104244299,
        5.422919111607528,
        1.835206446450413,
        3.6298854132560687,
        2.48233877075402,
        1.761798596777136,
        5.252820654880533,
        1.2333409092264578,
        0.668537212632941,
        2.0944765263944745,
        4.264580183153045,
        5.039357784965614,
        5.878700251386438,
        1.709429656409647,
        2.758749251036509,
        1.0391441322154586,
        3.476734574579324,
        6.168124655372583,
        4.480451032105015,
        4.013951064628803,
        2.243787153173998,
        5.733548865258667,
        3.2455308729181853,
        0.859881014394833,
        2.501513820512849,
        0.48235892482684567,
        1.3813646997263376,
        -0.1435049039991662,
        2.487386824101634,
        4.06797618483373,
        2.1915751135593333,
        2.591252149712719,
        5.836636978739806,
        4.478579404893959,
        3.274787150009781,
        1.6532492595460906,
        5.512903884886874,
        1.3157621666509314,
        2.010261215033408,
        5.7578642618134594,
        3.491625009371566,
        4.568317959632921,
        3.661727659706112,
        4.136280892217924,
        1.9283749689477172,
        1.620696969124512,
        1.7658358566841708,
        0.9636978919161,
        5.39955138786428,
        1.6285805703432217,
        3.5648816166729107,
        5.081222588452218,
        4.729356071594232,
        2.675118461872074,
        3.216883083727359,
        5.855544831667137,
        4.334136991733147,
        4.927877265382027,
        5.818970772364462,
        4.701583574683642,
        1.4148206457012964,
        3.8492838267218445,
        0.8337575045661634,
        4.039568749889072,
        6.00117300436077,
        3.3246720942352397,
        2.8259335813244113,
        0.22560454164913385,
        5.989750007883088,
        0.6647854670487565,
        0.1775655104110111,
        1.2994303845154302,
        0.20717006466373902,
        2.7676060179875006,
        3.3358264074611808,
        1.8161123101529608,
        0.59218200051301,
        0.7979254810675418,
        2.244089618665098,
        0.27535700648441397
    ],
    "Cmin, Cmax, frob_norm, shift": [
        0.1009309530119395,
        2838.785503052556,
        147.54153169989314,
        593.3624161163616
    ]
}