{
    "Calculated Minimum Energy [norm, row]": [
        9.245716691631314e-05,
        -4.019200706389805
    ],
    "Corresponding loss function": 0.00015174733845876648,
    "Solution for Minimum Energy": [
        1.0,
        -1.0,
        1.0,
        1.0,
        1.0,
        1.0,
        1.0,
        -1.0,
        -1.0,
        -1.0,
        1.0,
        -1.0,
        1.0,
        1.0,
        1.0,
        1.0,
        1.0,
        -1.0,
        -1.0,
        -1.0,
        1.0,
        1.0,
        1.0,
        1.0,
        1.0,
        1.0,
        1.0,
        1.0,
        -1.0,
        1.0,
        1.0,
        1.0,
        1.0,
        1.0,
        1.0,
        1.0,
        1.0,
        1.0,
        1.0,
        1.0,
        1.0,
        1.0,
        -1.0,
        1.0,
        1.0,
        1.0,
        1.0,
        1.0,
        1.0,
        -1.0,
        -1.0,
        1.0,
        1.0,
        1.0,
        1.0,
        1.0,
        1.0,
        1.0,
        1.0,
        1.0
    ],
    "Corresponding exp value": [
        0.11111713892749889,
        -0.268096923439769,
        -0.06250720465745713,
        0.12365073310818568,
        0.1287227513368734,
        0.0698777885199201,
        0.14109967673841378,
        -0.12145769102956586,
        -0.23220635309430193,
        -0.2862820583968296,
        0.19499203186372382,
        -0.3953139261938317,
        0.03612757033958123,
        0.38168172142888396,
        0.10533529183528087,
        0.2549866850337441,
        0.11458730972593896,
        -0.2405281634671429,
        -0.19177720788882177,
        -0.18919329131101326,
        0.3140727508175074,
        0.09115848854280008,
        0.11770673362100723,
        -0.049417018251042215,
        0.18178289739182235,
        0.05065917532330888,
        0.03866067209322647,
        0.13928021315172257,
        -0.2994825223211927,
        0.10817863002496812,
        0.07358845494496712,
        0.20568108624425363,
        0.12453487254614533,
        0.278788129481107,
        0.1096734025269544,
        0.18365422301773585,
        0.13769428296572875,
        0.08849502790114604,
        0.15993545127243278,
        0.21999055947890978,
        0.07103619822537324,
        0.1782535461400918,
        -0.23171742257869524,
        0.0922625518427983,
        0.13579660595769072,
        0.16942601733652643,
        0.047425089513405794,
        0.17219799764796462,
        0.060772389135345946,
        -0.23052318553761192,
        -0.24986381513191197,
        0.0180925199084213,
        0.048752996689239415,
        0.18255199522786233,
        0.004062729925133939,
        0.2044044976326046,
        0.14861191613969957,
        0.1145925041725564,
        0.14176440860608855,
        0.155072161927642
    ],
    "Number for Minimum Energy": 1693248176130946,
    "Elapsed Time [seconds]": 1.0654516220092773,
    "Elapsed Time [hours, minutes, seconds]": [
        0,
        0,
        1.07
    ],
    "Current function value": -4.019143377445608,
    "Iterations": 371,
    "Function Evaluations, Estimation": [
        374,
        51238
    ],
    "Gradient Evaluations": 374,
    "Number of Parameters": 136,
    "Minimum Parameters": [
        4.171827237721629,
        4.084728253743275,
        5.719383527716682,
        0.9723566256499533,
        3.3134707019932232,
        2.532619887397508,
        3.332839458699833,
        0.7776607759062925,
        0.6772412260590689,
        2.0171088650373674,
        1.3841531323497258,
        2.7519356643408823,
        3.8087429814770317,
        3.983775230346417,
        2.565376477606198,
        2.6634085432270407,
        1.2712202480734078,
        3.6405580271557323,
        2.0004273906337406,
        0.5027148945346209,
        2.584471637562614,
        2.9570526860774335,
        1.1445698079185174,
        3.5317106310082065,
        3.2767029901823053,
        4.337203709494933,
        3.8671868761555603,
        4.233094615960967,
        1.9198175121047723,
        5.255150701867966,
        3.493133032161993,
        3.2302354154538637,
        3.935128142196533,
        2.192195797358986,
        3.3766521023371836,
        4.442319424539266,
        5.752997031360275,
        5.641689957891483,
        3.269373104349985,
        3.6182417754076273,
        5.140895456805663,
        2.154379400982787,
        5.10204393683711,
        3.0201955610404085,
        0.6135493567755944,
        0.4878839307716003,
        5.430027106295137,
        0.15293604547680995,
        1.8339208623512433,
        2.3739178029426418,
        1.2012673657320243,
        1.5946206686510458,
        4.789765311094373,
        0.024495403350978988,
        4.950574015978344,
        5.6179026141435235,
        2.4841326920949296,
        1.0018693154180085,
        3.887857141161477,
        0.7177936228948223,
        2.481431836625587,
        5.978865651713789,
        6.2008128077296725,
        5.01799133397469,
        2.0208825269910298,
        4.531481575211698,
        4.335453947299077,
        2.2820406051468938,
        3.9934119174786926,
        0.177717855068999,
        1.1706851662295357,
        3.039524866657705,
        1.051538516263807,
        0.9755758562707245,
        5.34498846569864,
        6.407410152280079,
        3.329110270412565,
        5.209682196859071,
        6.350553278496454,
        0.7619662511517948,
        3.0994973654368403,
        2.371888949478286,
        0.6804011096966481,
        4.898684768602533,
        2.758118247560871,
        2.376363464365682,
        1.0756870507616538,
        0.9417708507356444,
        5.408728120219074,
        0.2926575457096092,
        1.5078117175881633,
        1.9141896495508277,
        3.095564216502106,
        3.7382656686157114,
        3.370919908491744,
        0.6432507572526805,
        1.6035003310362521,
        5.299333643327077,
        3.8837418125665746,
        4.11146534079941,
        4.185469992921953,
        4.527370467840514,
        0.374224862939355,
        2.157774133251372,
        3.478960965649551,
        1.8495746766885732,
        5.1124435621140965,
        3.0442610714147382,
        4.4868521879496965,
        5.201195946545789,
        3.462837222171505,
        5.7212243766523905,
        3.8737108907078452,
        5.100779455782836,
        2.4302855363296794,
        3.1909000714580147,
        3.4465213394920404,
        0.5733979487076758,
        2.40997655618603,
        5.690343483727833,
        4.2295062271334185,
        1.215141726027431,
        2.1119069927586285,
        1.4337851109202766,
        -0.23308693137459813,
        5.718210462559787,
        2.8879864782380937,
        2.062016902456761,
        3.4882128088374684,
        -0.08895756717885263,
        1.8135531610856777,
        4.871477871829505,
        3.7326299403707925,
        6.042597250104327,
        4.045748246890945,
        1.652258182088481
    ],
    "Cmin, Cmax, frob_norm, shift": [
        0.1009309530119395,
        2838.785503052556,
        147.54153169989314,
        593.3624161163616
    ]
}