{
    "Calculated Minimum Energy [norm, row]": [
        0.000611702970849801,
        -4.009210468144539
    ],
    "Corresponding loss function": 0.000628654604802127,
    "Solution for Minimum Energy": [
        1.0,
        1.0,
        1.0,
        1.0,
        1.0,
        1.0,
        1.0,
        1.0,
        1.0,
        1.0,
        -1.0,
        1.0,
        1.0,
        -1.0,
        1.0,
        1.0,
        1.0,
        1.0,
        1.0,
        1.0,
        1.0,
        1.0,
        1.0,
        1.0,
        1.0,
        1.0,
        1.0,
        1.0,
        1.0,
        1.0,
        1.0,
        1.0,
        1.0,
        1.0,
        1.0,
        1.0,
        1.0,
        1.0,
        1.0,
        1.0,
        1.0,
        1.0,
        1.0,
        1.0,
        1.0,
        1.0,
        1.0,
        1.0,
        -1.0,
        1.0,
        1.0,
        1.0,
        1.0,
        1.0,
        1.0,
        1.0,
        1.0,
        1.0,
        1.0,
        1.0
    ],
    "Corresponding exp value": [
        0.23910524755893653,
        0.27205425017312834,
        0.03552791975679557,
        0.19763544386748183,
        0.08792211742433362,
        0.1579100600359684,
        0.19977186656217982,
        0.12725445406093136,
        0.2076874651900274,
        0.2040302629470048,
        -0.17583028681200968,
        0.2536846873532838,
        0.08743891334883341,
        -0.1613574528967331,
        0.21422754770485575,
        0.1660157715738866,
        0.20206320403871783,
        0.18579090897029937,
        0.09851329105821163,
        -0.025778537595429033,
        0.1344432216911962,
        0.13231735508923145,
        0.07369246392715605,
        0.2550496375018428,
        0.2268031336806513,
        0.23357021909259632,
        0.2139324873498148,
        0.11675882865279497,
        0.3697922444585237,
        0.15828838737509449,
        0.3205838943412902,
        0.16198051033123964,
        0.13207238367518015,
        0.1084364460457574,
        0.1404249304889224,
        0.19647090494654643,
        0.13116821651110966,
        0.11261650446157372,
        0.13721682309026104,
        0.186393510894953,
        0.1641258533100124,
        0.14299834544704287,
        0.15778772026201113,
        0.14868501600198042,
        0.27714081965364057,
        0.16166070160017304,
        0.11288683669715963,
        0.16836717575722876,
        -0.09045430243194433,
        0.04324998331027071,
        0.24156034674845098,
        0.1469871649948977,
        0.10394489911825898,
        0.2488106608894771,
        0.1042845615876444,
        0.1185432875287272,
        0.10810819236782272,
        0.23331404105335304,
        0.16532876459731555,
        0.05143392335398323
    ],
    "Number for Minimum Energy": 281474976719872,
    "Elapsed Time [seconds]": 0.22751092910766602,
    "Elapsed Time [hours, minutes, seconds]": [
        0,
        0,
        0.23
    ],
    "Current function value": -4.0092071587295806,
    "Iterations": 98,
    "Function Evaluations, Estimation": [
        107,
        14659
    ],
    "Gradient Evaluations": 107,
    "Number of Parameters": 136,
    "Minimum Parameters": [
        3.7849278901924683,
        4.323045347539871,
        5.339531488324698,
        0.9155413352225331,
        3.716423011547894,
        2.622762574115312,
        3.7123230436417773,
        0.7989693779489049,
        0.46451776191156907,
        1.9717065078323077,
        1.5295742441605116,
        2.836883382431004,
        4.280446804096503,
        3.912270345588446,
        2.235870772561265,
        3.1151624607662662,
        1.2786695059952633,
        3.6179749401466226,
        2.0886387147718293,
        0.31552808529911175,
        2.713738448985275,
        2.845842068368796,
        1.2851584603966706,
        3.5366636373812512,
        3.335676221264361,
        4.208348130376524,
        3.78447192363626,
        4.443114312298088,
        1.6959526234790774,
        4.8962933075336545,
        3.4567113312576327,
        2.2693893395937264,
        3.9194773399754554,
        2.032564055311144,
        3.104657085828211,
        4.344408840920488,
        5.639298851353629,
        5.708375169571198,
        3.151542365505699,
        3.41474830574911,
        4.822000557666881,
        1.7963711595955956,
        5.675386353525028,
        2.945461139680304,
        0.43796025008352285,
        0.30423770217579493,
        4.994752697415407,
        0.3323318531106422,
        1.9904473290629587,
        1.9789345841814632,
        1.0697049514404062,
        1.527771865251205,
        4.54782091265945,
        -0.2565717984019765,
        4.954648622723072,
        5.2554638154517885,
        2.7521259170587586,
        1.0144864350207485,
        4.326502396854789,
        1.1718330215440118,
        2.183524489825916,
        6.367971225150943,
        6.082387294874618,
        4.921354309332736,
        1.6781082286336297,
        4.198001171189318,
        4.963456888984823,
        2.02543200956636,
        4.067352659977386,
        0.7443490643633465,
        1.0507640524774242,
        2.8856757040296093,
        0.9627057131018792,
        1.2941724337879124,
        5.541322212844654,
        6.021146217205241,
        3.19607322208064,
        5.672819911330652,
        6.579429861988264,
        0.8268667286935013,
        2.8318922186716224,
        2.3565145985245346,
        0.5411437899606799,
        4.089425074385852,
        2.783135036847965,
        3.3288809755459856,
        0.4645075020653026,
        1.2884301508068112,
        6.112934348479463,
        0.04286970222263893,
        1.4663470843098838,
        1.6737162665911216,
        2.8783822731640174,
        3.734088233450271,
        2.615734410187693,
        0.029219650943844207,
        1.3117560497117915,
        5.264206437931821,
        3.9087638794655515,
        3.822474809725058,
        4.1504091049844805,
        4.75470591402353,
        0.8717809663590789,
        2.5380680966416675,
        3.368075804858234,
        1.9915356313014478,
        5.3703781669379165,
        3.263705483629338,
        4.236263925445645,
        4.999310427692225,
        3.797641791713775,
        5.6593151904813155,
        3.751329826342215,
        5.134768932640935,
        1.7777454330342395,
        3.6545823091339416,
        3.2103605222027793,
        0.45315508472297067,
        2.2959784221041764,
        6.063666467151529,
        3.982692497951881,
        1.7967508982954155,
        2.7017537910903955,
        0.8781157219014682,
        0.057247752506824075,
        5.8621638751919,
        3.0453186494088955,
        2.245980446237619,
        3.653720483103785,
        -0.36757123939676895,
        2.0529207397232394,
        4.511855414272445,
        3.6715052825858154,
        5.827356038235499,
        4.301928624836745,
        1.0405526186722673
    ],
    "Cmin, Cmax, frob_norm, shift": [
        0.1009309530119395,
        2838.785503052556,
        147.54153169989314,
        593.3624161163616
    ]
}